seed,gate_mode,optimizer,step,S,lag,prefix,mean_probability,min_probability,mean_attention,min_attention,certified_probability_lower_bound,example_count,train_R
0,learned,sgd,0,0.0,1,0,0.5,0.5,1.0,1.0,,112,2
0,learned,sgd,0,0.0,1,16,0.5,0.5,0.6321205849979562,0.6321205849979562,,112,2
0,learned,sgd,0,0.0,1,64,0.5,0.5,0.6321205588285578,0.6321205588285577,,112,2
0,learned,sgd,0,0.0,2,0,0.5,0.5,0.2689414213690497,0.2689414213610862,,112,2
0,learned,sgd,0,0.0,2,16,0.5,0.5,0.2325441614757657,0.23254416146981183,,112,2
0,learned,sgd,0,0.0,2,64,0.5,0.5,0.23254415793412278,0.23254415792816893,,112,2
0,learned,sgd,0,0.0,3,0,0.5,0.5,0.09003057316998572,0.09003057316666072,,112,2
0,learned,sgd,0,0.0,3,16,0.5,0.5,0.08554821534770156,0.08554821534469942,,112,2
0,learned,sgd,0,0.0,3,64,0.5,0.5,0.08554821486839234,0.08554821486539019,,112,2
0,learned,sgd,0,0.0,4,0,0.5,0.5,0.03205860327993539,0.032058603278675366,,112,2
0,learned,sgd,0,0.0,4,16,0.5,0.5,0.03147142954385305,0.03147142954263874,,112,2
0,learned,sgd,0,0.0,4,64,0.5,0.5,0.0314714294789856,0.0314714294777713,,112,2
0,learned,sgd,0,0.0,5,0,0.5,0.5,0.011656230955984061,0.0116562309555162,,112,2
0,learned,sgd,0,0.0,5,16,0.5,0.5,0.01157769189837277,0.011577691897911182,,112,2
0,learned,sgd,0,0.0,5,64,0.5,0.5,0.011577691889593913,0.011577691889132331,,112,2
0,learned,sgd,0,0.0,6,0,0.5,0.5,0.004269778545261609,0.004269778545088934,,112,2
0,learned,sgd,0,0.0,6,16,0.5,0.5,0.004259194823586798,0.0042591948234149786,,112,2
0,learned,sgd,0,0.0,6,64,0.5,0.5,0.004259194822398709,0.004259194822226892,,112,2
0,learned,sgd,0,0.0,7,0,0.5,0.5,0.0015683003158789223,0.0015683003158153256,,112,2
0,learned,sgd,0,0.0,7,16,0.5,0.5,0.001566870211265096,0.0015668702112016156,,112,2
0,learned,sgd,0,0.0,7,64,0.5,0.5,0.001566870211104306,0.001566870211040825,,112,2
0,learned,sgd,0,0.0,8,0,0.5,0.5,0.0005766127696842267,0.0005766127696608212,,112,2
0,learned,sgd,0,0.0,8,16,0.5,0.5,0.0005764193376709881,0.0005764193376475979,,112,2
0,learned,sgd,0,0.0,8,64,0.5,0.5,0.0005764193376492274,0.0005764193376258372,,112,2
0,learned,sgd,0,0.0,9,0,0.5,0.5,0.00021207899644221169,0.00021207899643359976,,112,2
0,learned,sgd,0,0.0,9,16,0.5,0.5,0.00021205282381775504,0.0002120528238091451,,112,2
0,learned,sgd,0,0.0,9,64,0.5,0.5,0.0002120528238148101,0.00021205282380620046,,112,2
0,learned,sgd,0,0.0,10,0,0.5,0.5,7.80134161274313e-05,7.801341612426298e-05,,112,2
0,learned,sgd,0,0.0,10,16,0.5,0.5,7.800987432421721e-05,7.800987432104913e-05,,112,2
0,learned,sgd,0,0.0,10,64,0.5,0.5,7.800987432381864e-05,7.800987432065062e-05,,112,2
0,learned,sgd,0,0.0,11,0,0.5,0.5,2.8698708289339755e-05,2.8698708288174173e-05,,112,2
0,learned,sgd,0,0.0,11,16,0.5,0.5,2.869822897215476e-05,2.8698228970989198e-05,,112,2
0,learned,sgd,0,0.0,11,64,0.5,0.5,2.8698228972100827e-05,2.869822897093526e-05,,112,2
0,learned,sgd,0,0.0,12,0,0.5,0.5,1.0557553304715978e-05,1.0557553304287181e-05,,112,2
0,learned,sgd,0,0.0,12,16,0.5,0.5,1.0557488436873857e-05,1.055748843644506e-05,,112,2
0,learned,sgd,0,0.0,12,64,0.5,0.5,1.0557488436866557e-05,1.0557488436437765e-05,,112,2
0,learned,sgd,0,0.0,13,0,0.5,0.5,3.883891725203109e-06,3.8838917250453626e-06,,112,2
0,learned,sgd,0,0.0,13,16,0.5,0.5,3.883882946329418e-06,3.883882946171673e-06,,112,2
0,learned,sgd,0,0.0,13,64,0.5,0.5,3.883882946328426e-06,3.88388294617068e-06,,112,2
0,learned,sgd,0,0.0,14,0,0.5,0.5,1.4288018759603902e-06,1.4288018759023587e-06,,112,2
0,learned,sgd,0,0.0,14,16,0.5,0.5,1.4288006878707313e-06,1.4288006878127e-06,,112,2
0,learned,sgd,0,0.0,14,64,0.5,0.5,1.4288006878705968e-06,1.4288006878125653e-06,,112,2
0,learned,sgd,0,0.0,15,0,0.5,0.5,5.256265593895918e-07,5.256265593682431e-07,,112,2
0,learned,sgd,0,0.0,15,16,0.5,0.5,5.256263985992252e-07,5.256263985778766e-07,,112,2
0,learned,sgd,0,0.0,15,64,0.5,0.5,5.256263985992075e-07,5.256263985778588e-07,,112,2
0,learned,sgd,0,0.0,16,0,0.5,0.5,1.9336716754224223e-07,1.9336716753438852e-07,,112,2
0,learned,sgd,0,0.0,16,16,0.5,0.5,1.9336714578163672e-07,1.93367145773783e-07,,112,2
0,learned,sgd,0,0.0,16,64,0.5,0.5,1.9336714578163428e-07,1.933671457737806e-07,,112,2
0,learned,sgd,0,0.0,17,0,0.5,0.5,7.113580047604236e-08,7.113580047315297e-08,,112,2
0,learned,sgd,0,0.0,17,16,0.5,0.5,7.113579753106472e-08,7.113579752817534e-08,,112,2
0,learned,sgd,0,0.0,17,64,0.5,0.5,7.113579753106447e-08,7.113579752817508e-08,,112,2
0,learned,sgd,0,0.0,18,0,0.5,0.5,2.6169397841572313e-08,2.616939784050938e-08,,112,2
0,learned,sgd,0,0.0,18,16,0.5,0.5,2.616939744301294e-08,2.6169397441950013e-08,,112,2
0,learned,sgd,0,0.0,18,64,0.5,0.5,2.616939744301285e-08,2.616939744194992e-08,,112,2
0,learned,sgd,0,0.0,19,0,0.5,0.5,9.627183361068068e-09,9.627183360677038e-09,,112,2
0,learned,sgd,0,0.0,19,16,0.5,0.5,9.627183307128918e-09,9.62718330673789e-09,,112,2
0,learned,sgd,0,0.0,19,64,0.5,0.5,9.627183307128918e-09,9.62718330673789e-09,,112,2
0,learned,sgd,0,0.0,20,0,0.5,0.5,3.54164282238151e-09,3.5416428222376583e-09,,112,2
0,learned,sgd,0,0.0,20,16,0.5,0.5,3.541642815081642e-09,3.5416428149377907e-09,,112,2
0,learned,sgd,0,0.0,20,64,0.5,0.5,3.541642815081642e-09,3.5416428149377907e-09,,112,2
0,learned,sgd,0,0.0,21,0,0.5,0.5,1.3028975806290122e-09,1.302897580576092e-09,,112,2
0,learned,sgd,0,0.0,21,16,0.5,0.5,1.3028975796410827e-09,1.3028975795881626e-09,,112,2
0,learned,sgd,0,0.0,21,64,0.5,0.5,1.3028975796410827e-09,1.3028975795881626e-09,,112,2
0,learned,sgd,0,0.0,22,0,0.5,0.5,4.793092336356896e-10,4.793092336162214e-10,,112,2
0,learned,sgd,0,0.0,22,16,0.5,0.5,4.793092335019871e-10,4.793092334825188e-10,,112,2
0,learned,sgd,0,0.0,22,64,0.5,0.5,4.793092335019871e-10,4.793092334825188e-10,,112,2
0,learned,sgd,0,0.0,23,0,0.5,0.5,1.7632801298711732e-10,1.7632801297995536e-10,,112,2
0,learned,sgd,0,0.0,23,16,0.5,0.5,1.7632801296902313e-10,1.7632801296186117e-10,,112,2
0,learned,sgd,0,0.0,23,64,0.5,0.5,1.7632801296902313e-10,1.7632801296186117e-10,,112,2
0,learned,sgd,0,0.0,24,0,0.5,0.5,6.486745087636398e-11,6.486745087372924e-11,,112,2
0,learned,sgd,0,0.0,24,16,0.5,0.5,6.486745087391515e-11,6.486745087128042e-11,,112,2
0,learned,sgd,0,0.0,24,64,0.5,0.5,6.486745087391515e-11,6.486745087128042e-11,,112,2
0,learned,sgd,3,0.0,1,0,0.5498463585659299,0.5498463585659299,1.0,1.0,0.4815787725307199,112,2
0,learned,sgd,3,0.0,1,16,0.5132122811652983,0.5132122811652983,0.6321205851291972,0.6321205851291972,0.4815787725307199,112,2
0,learned,sgd,3,0.0,1,64,0.5132122785495329,0.5132122785495328,0.6321205589597989,0.6321205589597989,0.4815787725307199,112,2
0,learned,sgd,3,0.0,2,0,0.4769433440575546,0.4769404476754279,0.26932740365818353,0.26929838535601786,0.4670236494935451,112,2
0,learned,sgd,3,0.0,2,16,0.473302013617552,0.4732998505404201,0.23283268314445388,0.23281099593624197,0.4670236494935451,112,2
0,learned,sgd,3,0.0,2,64,0.4733020132634322,0.4732998501863665,0.2328326795940172,0.23281099238646666,0.4670236494935451,112,2
0,learned,sgd,3,0.0,3,0,0.4591005340164424,0.4590993294005496,0.09019178872922647,0.09017966445138452,0.4576192117727887,112,2
0,learned,sgd,3,0.0,3,16,0.4586536627095841,0.4586525754055845,0.08569376463096731,0.08568281945991413,0.4576192117727887,112,2
0,learned,sgd,3,0.0,3,64,0.4586536626618068,0.45865257535781945,0.08569376415002572,0.08568281897909537,0.4576192117727887,112,2
0,learned,sgd,3,0.0,4,0,0.4533364783885729,0.45333602271545664,0.032119704297406036,0.03211510867593111,0.45312139866805884,112,2
0,learned,sgd,3,0.0,4,16,0.45327803845012365,0.4532775993554762,0.03153031079249857,0.0315258822731207,0.45312139866805884,112,2
0,learned,sgd,3,0.0,4,64,0.4532780384436678,0.4532775993490222,0.03153031072738817,0.03152588220802857,0.45312139866805884,112,2
0,learned,sgd,3,0.0,5,0,0.4513104822126789,0.4513103131332046,0.011678919573246127,0.011677213017844228,0.451278756626043,112,2
0,learned,sgd,3,0.0,5,16,0.45130267063276097,0.4513025038288691,0.01160007550241662,0.01159839190978502,0.451278756626043,112,2
0,learned,sgd,3,0.0,5,64,0.4513026706318878,0.4513025038279963,0.011600075493603786,0.011598391900974751,0.451278756626043,112,2
0,learned,sgd,3,0.0,6,0,0.45057734657640613,0.4505772841910861,0.0042781522889964296,0.004277522437635047,0.4505722496064715,112,2
0,learned,sgd,3,0.0,6,16,0.4505762941727995,0.45057623209698394,0.004267527065352468,0.004266900338529619,0.4505722496064715,112,2
0,learned,sgd,3,0.0,6,64,0.45057629417268136,0.4505762320968658,0.004267527064159726,0.004266900337337226,0.4505722496064715,112,2
0,learned,sgd,3,0.0,7,0,0.45030926185593845,0.45030923888124536,0.0015713844363285812,0.0015711524555522022,0.450308284916654,112,2
0,learned,sgd,3,0.0,7,16,0.4503091196652437,0.4503090967325131,0.0015699487040452627,0.0015697171469606845,0.450308284916654,112,2
0,learned,sgd,3,0.0,7,64,0.45030911966522774,0.4503090967324971,0.00156994870388384,0.0015697171467993099,0.450308284916654,112,2
0,learned,sgd,3,0.0,8,0,0.4502108569574337,0.4502108485022389,0.0005777478367474503,0.0005776624593194281,0.4502106195377495,112,2
0,learned,sgd,3,0.0,8,16,0.4502108377257744,0.4502108292762624,0.0005775536425669369,0.0005774683225206139,0.4502106195377495,112,2
0,learned,sgd,3,0.0,8,64,0.45021083772577214,0.4502108292762602,0.0005775536425450907,0.0005774683224987741,0.4502106195377495,112,2
0,learned,sgd,3,0.0,9,0,0.45017468524690823,0.45017468213597367,0.0002124966293656319,0.00021246521584247308,0.45017461443421086,112,2
0,learned,sgd,3,0.0,9,16,0.4501746826447712,0.45017467953460594,0.00021247035356596378,0.00021243894781062438,0.45017461443421086,112,2
0,learned,sgd,3,0.0,9,64,0.45017468264477095,0.4501746795346056,0.0002124703535630072,0.0002124389478076687,0.45017461443421086,112,2
0,learned,sgd,3,0.0,10,0,0.4501613823975522,0.45016138125304345,7.816706347622098e-05,7.815550642131536e-05,0.4501613585850606,112,2
0,learned,sgd,3,0.0,10,16,0.4501613820454203,0.45016138090101576,7.816350770841405e-05,7.815195170487061e-05,0.4501613585850606,112,2
0,learned,sgd,3,0.0,10,64,0.4501613820454203,0.4501613809010157,7.816350770801391e-05,7.815195170447057e-05,0.4501613585850606,112,2
0,learned,sgd,3,0.0,11,0,0.45015648909113526,0.4501564886700859,2.875523317179564e-05,2.8750981478854625e-05,0.4501564806339488,112,2
0,learned,sgd,3,0.0,11,16,0.45015648904348077,0.45015648862244556,2.875475196464175e-05,2.8750500413992183e-05,0.4501564806339488,112,2
0,learned,sgd,3,0.0,11,64,0.45015648904348077,0.45015648862244556,2.87547519645876e-05,2.875050041393805e-05,0.4501564806339488,112,2
0,learned,sgd,3,0.0,12,0,0.4501546890171575,0.450154688862261,1.0578347804397815e-05,1.0576783681790892e-05,0.45015468594693353,112,2
0,learned,sgd,3,0.0,12,16,0.45015468901070815,0.4501546888558136,1.0578282680772908e-05,1.0576718577423288e-05,0.45015468594693353,112,2
0,learned,sgd,3,0.0,12,64,0.45015468901070815,0.4501546888558136,1.057828268076558e-05,1.057671857741598e-05,0.45015468594693353,112,2
0,learned,sgd,3,0.0,13,0,0.45015402681680766,0.45015402675982435,3.8915416145637685e-06,3.890966204364528e-06,0.45015402569288443,112,2
0,learned,sgd,3,0.0,13,16,0.45015402681593486,0.4501540267589517,3.8915328010734824e-06,3.890957393480451e-06,0.45015402569288443,112,2
0,learned,sgd,3,0.0,13,64,0.45015402681593486,0.4501540267589517,3.89153280107249e-06,3.890957393479456e-06,0.45015402569288443,112,2
0,learned,sgd,3,0.0,14,0,0.45015378320824734,0.45015378318728433,1.4316161154265405e-06,1.431404433620928e-06,0.4501537827955301,112,2
0,learned,sgd,3,0.0,14,16,0.4501537832081292,0.45015378318716626,1.4316149226520266e-06,1.431403241199125e-06,0.4501537827955301,112,2
0,learned,sgd,3,0.0,14,64,0.4501537832081292,0.45015378318716626,1.4316149226518921e-06,1.4314032411989902e-06,0.4501537827955301,112,2
0,learned,sgd,3,0.0,15,0,0.45015369358984697,0.45015369358213514,5.266618604435926e-07,5.265839870290656e-07,0.45015369343811845,112,2
0,learned,sgd,3,0.0,15,16,0.450153693589831,0.45015369358211915,5.266616990192001e-07,5.265838256524073e-07,0.45015369343811845,112,2
0,learned,sgd,3,0.0,15,64,0.450153693589831,0.45015369358211915,5.266616990191821e-07,5.265838256523896e-07,0.45015369343811845,112,2
0,learned,sgd,3,0.0,16,0,0.45015366062110435,0.4501536606182673,1.9374803350041432e-07,1.937193854681192e-07,0.45015366056530026,112,2
0,learned,sgd,3,0.0,16,16,0.4501536606211022,0.4501536606182651,1.9374801165400267e-07,1.9371936362816766e-07,0.45015366056530026,112,2
0,learned,sgd,3,0.0,16,64,0.4501536606211022,0.4501536606182651,1.9374801165400018e-07,1.9371936362816525e-07,0.45015366056530026,112,2
0,learned,sgd,3,0.0,17,0,0.4501536484925851,0.4501536484915414,7.127591321378988e-08,7.126537419112912e-08,0.4501536484720578,112,2
0,learned,sgd,3,0.0,17,16,0.45015364849258477,0.45015364849154105,7.127591025719981e-08,7.126537123541336e-08,0.4501536484720578,112,2
0,learned,sgd,3,0.0,17,64,0.45015364849258477,0.45015364849154105,7.127591025719945e-08,7.12653712354131e-08,0.4501536484720578,112,2
0,learned,sgd,3,0.0,18,0,0.45015364403075264,0.45015364403036867,2.6220942428872453e-08,2.621706533903206e-08,0.45015364402320124,112,2
0,learned,sgd,3,0.0,18,16,0.4501536440307526,0.45015364403036867,2.6220942028741507e-08,2.6217064939019468e-08,0.45015364402320124,112,2
0,learned,sgd,3,0.0,18,64,0.4501536440307526,0.45015364403036867,2.6220942028741454e-08,2.6217064939019375e-08,0.45015364402320124,112,2
0,learned,sgd,3,0.0,19,0,0.45015364238933625,0.450153642389195,9.646145551732293e-09,9.644719250078803e-09,0.4501536423865583,112,2
0,learned,sgd,3,0.0,19,16,0.45015364238933625,0.450153642389195,9.64614549758046e-09,9.644719195942995e-09,0.4501536423865583,112,2
0,learned,sgd,3,0.0,19,64,0.45015364238933625,0.450153642389195,9.646145497580453e-09,9.644719195942995e-09,0.4501536423865583,112,2
0,learned,sgd,3,0.0,20,0,0.45015364178549294,0.450153641785441,3.5486186212386212e-09,3.548093914182216e-09,0.450153641784471,112,2
0,learned,sgd,3,0.0,20,16,0.45015364178549294,0.450153641785441,3.548618613909967e-09,3.5480939068557274e-09,0.450153641784471,112,2
0,learned,sgd,3,0.0,20,64,0.45015364178549294,0.450153641785441,3.5486186139099664e-09,3.5480939068557274e-09,0.450153641784471,112,2
0,learned,sgd,3,0.0,21,0,0.4501536415633514,0.45015364156333226,1.305463833151028e-09,1.3052708042122196e-09,0.45015364156297544,112,2
0,learned,sgd,3,0.0,21,16,0.4501536415633514,0.45015364156333226,1.305463832159202e-09,1.3052708032206865e-09,0.45015364156297544,112,2
0,learned,sgd,3,0.0,21,64,0.4501536415633514,0.45015364156333226,1.3054638321592018e-09,1.3052708032206865e-09,0.45015364156297544,112,2
0,learned,sgd,3,0.0,22,0,0.45015364148163,0.45015364148162296,4.802533050083921e-10,4.801822936302538e-10,0.4501536414814918,112,2
0,learned,sgd,3,0.0,22,16,0.45015364148163,0.45015364148162296,4.802533048741631e-10,4.801822934960655e-10,0.4501536414814918,112,2
0,learned,sgd,3,0.0,22,64,0.45015364148163,0.45015364148162296,4.802533048741631e-10,4.801822934960655e-10,0.4501536414814918,112,2
0,learned,sgd,3,0.0,23,0,0.45015364145156644,0.4501536414515639,1.7667531737315033e-10,1.7664919374704997e-10,0.45015364145151554,112,2
0,learned,sgd,3,0.0,23,16,0.45015364145156644,0.4501536414515639,1.7667531735498426e-10,1.7664919372888958e-10,0.45015364145151554,112,2
0,learned,sgd,3,0.0,23,64,0.45015364145156644,0.4501536414515639,1.7667531735498426e-10,1.7664919372888958e-10,0.45015364145151554,112,2
0,learned,sgd,3,0.0,24,0,0.4501536414405067,0.4501536414405057,6.499521699663317e-11,6.498560665166498e-11,0.450153641440488,112,2
0,learned,sgd,3,0.0,24,16,0.4501536414405067,0.4501536414405057,6.499521699417463e-11,6.498560664920708e-11,0.450153641440488,112,2
0,learned,sgd,3,0.0,24,64,0.4501536414405067,0.4501536414405057,6.499521699417463e-11,6.498560664920708e-11,0.450153641440488,112,2
0,learned,sgd,1000,3776.230261264594,1,0,0.9982896480442109,0.9982896480442109,1.0,1.0,0.7091163119855318,112,2
0,learned,sgd,1000,3776.230261264594,1,16,0.8696719986209186,0.8696719986209186,0.6489997777116642,0.6489997777116642,0.7091163119855318,112,2
0,learned,sgd,1000,3776.230261264594,1,64,0.8696719811631625,0.8696719811631625,0.648999765620435,0.6489997656204349,0.7091163119855318,112,2
0,learned,sgd,1000,3776.230261264594,2,0,0.9837911978724371,0.976874769140161,0.8234836525563544,0.7938633890073394,0.4672349574149673,112,2
0,learned,sgd,1000,3776.230261264594,2,16,0.7081702334132427,0.6694633054437154,0.5697064891682181,0.5554027731841649,0.4672349574149673,112,2
0,learned,sgd,1000,3776.230261264594,2,64,0.7081702089365454,0.6694632804823328,0.5697064798498135,0.5554027643289838,0.4672349574149673,112,2
0,learned,sgd,1000,3776.230261264594,3,0,0.6470421457589351,0.5005543766201317,0.5485747756733341,0.5001740765836957,0.1281654917336427,112,2
0,learned,sgd,1000,3776.230261264594,3,16,0.2739298801414258,0.20515487600280394,0.4229236498772175,0.39367962897247194,0.1281654917336427,112,2
0,learned,sgd,1000,3776.230261264594,3,64,0.2739298671301204,0.20515486676100916,0.4229236447370975,0.3936796245234223,0.1281654917336427,112,2
0,learned,sgd,1000,3776.230261264594,4,0,0.05966748929162502,0.036710279921284596,0.2815225263167589,0.243513833917537,0.019505569903536822,112,2
0,learned,sgd,1000,3776.230261264594,4,16,0.037568298658083026,0.025874196206255685,0.2441949650433449,0.21517521233146772,0.019505569903536822,112,2
0,learned,sgd,1000,3776.230261264594,4,64,0.03756829785240217,0.02587419577950671,0.24419496332564755,0.21517521100234271,0.019505569903536822,112,2
0,learned,sgd,1000,3776.230261264594,5,0,0.007703620301782219,0.00600378031298641,0.11801684783589662,0.09891129707590006,0.004997203755699383,112,2
0,learned,sgd,1000,3776.230261264594,5,16,0.007028375922850742,0.005633782498658495,0.11089316808622345,0.0938887688649202,0.004997203755699383,112,2
0,learned,sgd,1000,3776.230261264594,5,64,0.007028375890748099,0.005633782480600072,0.11089316773106882,0.09388876861186884,0.004997203755699383,112,2
0,learned,sgd,1000,3776.230261264594,6,0,0.0030134282699333706,0.002728548736693373,0.04446308027653805,0.03674563176837699,0.0025845866046157904,112,2
0,learned,sgd,1000,3776.230261264594,6,16,0.0029730834927574703,0.002703841195560785,0.043410967769425025,0.03602960693275896,0.0025845866046157904,112,2
0,learned,sgd,1000,3776.230261264594,6,64,0.0029730834906817327,0.0027038411942807224,0.043410967714911854,0.03602960689549402,0.0025845866046157904,112,2
0,learned,sgd,1000,3776.230261264594,7,0,0.0020971008248034336,0.0020220780506852456,0.0160194790813712,0.013167670831973172,0.001987169322421517,112,2
0,learned,sgd,1000,3776.230261264594,7,16,0.002093392600363218,0.0020196859141027447,0.015880726720252085,0.013074560280984856,0.001987169322421517,112,2
0,learned,sgd,1000,3776.230261264594,7,64,0.0020933926001682904,0.002019685913976745,0.015880726712951633,0.013074560276077642,0.001987169322421517,112,2
0,learned,sgd,1000,3776.230261264594,8,0,0.001838394996270697,0.001814675689339228,0.005675569607451131,0.004656060496523678,0.0018040079093828614,112,2
0,learned,sgd,1000,3776.230261264594,8,16,0.0018379850275037203,0.0018144058467359856,0.005658051169381288,0.004644365291792363,0.0018040079093828614,112,2
0,learned,sgd,1000,3776.230261264594,8,64,0.0018379850274820304,0.0018144058467216995,0.00565805116845433,0.004644365291173158,0.0018040079093828614,112,2
0,learned,sgd,1000,3776.230261264594,9,0,0.0017543857390962692,0.001746363943486652,0.0019987059779832074,0.001638534658667007,0.0017428015502256565,112,2
0,learned,sgd,1000,3776.230261264594,9,16,0.0017543371485432796,0.0017463317264347557,0.0019965288766045277,0.0016370839192266773,0.0017428015502256565,112,2
0,learned,sgd,1000,3776.230261264594,9,64,0.0017543371485407033,0.0017463317264330466,0.001996528876489098,0.0016370839191497432,0.0017428015502256565,112,2
0,learned,sgd,1000,3776.230261264594,10,0,0.0017256974764433203,0.0017229184711310427,0.0007023605564897516,0.0005756522811951537,0.0017216899380089667,112,2
0,learned,sgd,1000,3776.230261264594,10,16,0.0017256915713514036,0.001722914545692615,0.0007020915142858083,0.0005754731182821585,0.0017216899380089667,112,2
0,learned,sgd,1000,3776.230261264594,10,64,0.0017256915713510898,0.0017229145456924071,0.0007020915142715335,0.0005754731182726515,0.0017216899380089667,112,2
0,learned,sgd,1000,3776.230261264594,11,0,0.0017157247144109124,0.0017147537649977959,0.0002466292005039233,0.0002021189981794272,0.0017143252200232846,112,2
0,learned,sgd,1000,3776.230261264594,11,16,0.0017157239903888813,0.0017147532832599973,0.0002465960185844196,0.000202096906453528,0.0017143252200232846,112,2
0,learned,sgd,1000,3776.230261264594,11,64,0.0017157239903888431,0.0017147532832599713,0.00024659601858265855,0.00020209690645235542,0.0017143252200232846,112,2
0,learned,sgd,1000,3776.230261264594,12,0,0.0017122361324224875,0.0017118958797371568,8.657929339590135e-05,7.09518165078136e-05,0.0017117457883318898,112,2
0,learned,sgd,1000,3776.230261264594,12,16,0.0017122360433727748,0.0017118958204676699,8.657520380329132e-05,7.094909397441564e-05,0.0017117457883318898,112,2
0,learned,sgd,1000,3776.230261264594,12,64,0.00171223604337277,0.0017118958204676669,8.657520380307425e-05,7.094909397427109e-05,0.0017117457883318898,112,2
0,learned,sgd,1000,3776.230261264594,13,0,0.0017110130974920229,0.0017108937365161666,3.0390878568631026e-05,2.490509007879454e-05,0.0017108410947613683,112,2
0,learned,sgd,1000,3776.230261264594,13,16,0.0017110130865275032,0.0017108937292176043,3.0390374659373355e-05,2.4904754624599378e-05,0.0017108410947613683,112,2
0,learned,sgd,1000,3776.230261264594,13,64,0.0017110130865275026,0.0017108937292176043,3.039037465934661e-05,2.4904754624581546e-05,0.0017108410947613683,112,2
0,learned,sgd,1000,3776.230261264594,14,0,0.0017105839914637545,0.0017105421040832147,1.066739355471956e-05,8.74181391986811e-06,0.001710523631785885,112,2
0,learned,sgd,1000,3776.230261264594,14,16,0.001710583990113194,0.0017105421031841748,1.0667331469628065e-05,8.741772590010811e-06,0.001710523631785885,112,2
0,learned,sgd,1000,3776.230261264594,14,64,0.001710583990113194,0.0017105421031841748,1.0667331469624772e-05,8.741772590008623e-06,0.001710523631785885,112,2
0,learned,sgd,1000,3776.230261264594,15,0,0.001710433397258644,0.0017104186958068683,3.7442808069712066e-06,3.068393699682552e-06,0.0017104122126385187,112,2
0,learned,sgd,1000,3776.230261264594,15,16,0.001710433397092266,0.0017104186956961125,3.7442731578909082e-06,3.0683886077307116e-06,0.0017104122126385187,112,2
0,learned,sgd,1000,3776.230261264594,15,64,0.001710433397092266,0.0017104186956961125,3.7442731578905025e-06,3.068388607730444e-06,0.0017104122126385187,112,2
0,learned,sgd,1000,3776.230261264594,16,0,0.0017103805413812626,0.0017103753812949638,1.3142462953073209e-06,1.0770087514633881e-06,0.0017103731057767925,112,2
0,learned,sgd,1000,3776.230261264594,16,16,0.0017103805413607647,0.0017103753812813195,1.3142453529263271e-06,1.0770081241261684e-06,0.0017103731057767925,112,2
0,learned,sgd,1000,3776.230261264594,16,64,0.0017103805413607647,0.0017103753812813195,1.314245352926277e-06,1.077008124126134e-06,0.0017103731057767925,112,2
0,learned,sgd,1000,3776.230261264594,17,0,0.0017103619892914915,0.0017103601781156043,4.613011093613438e-07,3.780305513397483e-07,0.001710359379417486,112,2
0,learned,sgd,1000,3776.230261264594,17,16,0.0017103619892889657,0.0017103601781139224,4.6130099325867463e-07,3.7803047405094964e-07,0.001710359379417486,112,2
0,learned,sgd,1000,3776.230261264594,17,64,0.0017103619892889657,0.0017103601781139224,4.6130099325866855e-07,3.7803047405094557e-07,0.001710359379417486,112,2
0,learned,sgd,1000,3776.230261264594,18,0,0.0017103554775449764,0.0017103548418237384,1.6191684083232272e-07,1.3268884010771684e-07,0.0017103545614816575,112,2
0,learned,sgd,1000,3776.230261264594,18,16,0.0017103554775446653,0.0017103548418235322,1.619168265283286e-07,1.3268883058564167e-07,0.0017103545614816575,112,2
0,learned,sgd,1000,3776.230261264594,18,64,0.0017103554775446653,0.0017103548418235322,1.6191682652832784e-07,1.3268883058564122e-07,0.0017103545614816575,112,2
0,learned,sgd,1000,3776.230261264594,19,0,0.001710353191925517,0.0017103529687874507,5.6832854420075286e-08,4.657381742512599e-08,0.001710352870387455,112,2
0,learned,sgd,1000,3776.230261264594,19,16,0.0017103531919254787,0.001710352968787425,5.683285265780612e-08,4.6573816251994914e-08,0.001710352870387455,112,2
0,learned,sgd,1000,3776.230261264594,19,64,0.0017103531919254787,0.001710352968787425,5.683285265780603e-08,4.6573816251994914e-08,0.001710352870387455,112,2
0,learned,sgd,1000,3776.230261264594,20,0,0.0017103523896731788,0.0017103523113516943,1.9948345879545455e-08,1.634742125693883e-08,0.00171035227681329,112,2
0,learned,sgd,1000,3776.230261264594,20,16,0.001710352389673174,0.0017103523113516912,1.9948345662431823e-08,1.6347421112407756e-08,0.00171035227681329,112,2
0,learned,sgd,1000,3776.230261264594,20,64,0.001710352389673174,0.0017103523113516912,1.9948345662431803e-08,1.63474211124077e-08,0.00171035227681329,112,2
0,learned,sgd,1000,3776.230261264594,21,0,0.0017103521080824972,0.0017103520805916402,7.001874160227028e-09,5.737948745019014e-09,0.001710352068468656,112,2
0,learned,sgd,1000,3776.230261264594,21,16,0.0017103521080824963,0.0017103520805916402,7.001874133478374e-09,5.737948727212606e-09,0.001710352068468656,112,2
0,learned,sgd,1000,3776.230261264594,21,64,0.0017103521080824963,0.0017103520805916402,7.0018741334783726e-09,5.737948727212606e-09,0.001710352068468656,112,2
0,learned,sgd,1000,3776.230261264594,22,0,0.0017103520092441112,0.0017103519995948142,2.457659481317909e-09,2.0140213608069688e-09,0.001710351995339645,112,2
0,learned,sgd,1000,3776.230261264594,22,16,0.0017103520092441112,0.0017103519995948142,2.457659478022444e-09,2.0140213586132e-09,0.001710351995339645,112,2
0,learned,sgd,1000,3776.230261264594,22,64,0.0017103520092441112,0.0017103519995948142,2.457659478022444e-09,2.0140213586132e-09,0.001710351995339645,112,2
0,learned,sgd,1000,3776.230261264594,23,0,0.0017103519745518161,0.0017103519711649108,8.626390551975396e-10,7.069219704830186e-10,0.001710351969671345,112,2
0,learned,sgd,1000,3776.230261264594,23,16,0.0017103519745518161,0.0017103519711649108,8.626390547915345e-10,7.069219702127444e-10,0.001710351969671345,112,2
0,learned,sgd,1000,3776.230261264594,23,64,0.0017103519745518161,0.0017103519711649108,8.626390547915345e-10,7.069219702127444e-10,0.001710351969671345,112,2
0,learned,sgd,1000,3776.230261264594,24,0,0.0017103519623748126,0.0017103519611860088,3.027865107108153e-10,2.4812977742546595e-10,0.0017103519606617656,112,2
0,learned,sgd,1000,3776.230261264594,24,16,0.0017103519623748126,0.0017103519611860088,3.0278651066079526e-10,2.4812977739216774e-10,0.0017103519606617656,112,2
0,learned,sgd,1000,3776.230261264594,24,64,0.0017103519623748126,0.0017103519611860088,3.0278651066079526e-10,2.4812977739216774e-10,0.0017103519606617656,112,2
0,learned,sgd,2000,6316.300135017985,1,0,0.9992103876130479,0.9992103876130479,1.0,1.0,0.8529484162559763,112,2
0,learned,sgd,2000,6316.300135017985,1,16,0.9348972969401641,0.934897296940164,0.6865045529837889,0.686504552983789,0.8529484162559763,112,2
0,learned,sgd,2000,6316.300135017985,1,64,0.9348972953113971,0.9348972953113971,0.6865045511106305,0.6865045511106306,0.8529484162559763,112,2
0,learned,sgd,2000,6316.300135017985,2,0,0.9942520479817419,0.9915416946581642,0.8619103029450687,0.8334728502032018,0.6642658811166514,112,2
0,learned,sgd,2000,6316.300135017985,2,16,0.8441024001454807,0.814796881676075,0.6184510682549185,0.6036993340059316,0.6642658811166514,112,2
0,learned,sgd,2000,6316.300135017985,2,64,0.844102397294769,0.8147968785532459,0.6184510667345481,0.6036993325573964,0.6642658811166514,112,2
0,learned,sgd,2000,6316.300135017985,3,0,0.7982043867747611,0.6533457764874836,0.5991363892913305,0.5443625133848007,0.1832078325822935,112,2
0,learned,sgd,2000,6316.300135017985,3,16,0.39674655731394687,0.28606658567643645,0.47027657015608565,0.4359833227365037,0.1832078325822935,112,2
0,learned,sgd,2000,6316.300135017985,3,64,0.3967465543323357,0.28606658347212094,0.470276569276038,0.435983321981016,0.1832078325822935,112,2
0,learned,sgd,2000,6316.300135017985,4,0,0.06018312802948162,0.030731725072249423,0.3043375131581878,0.2584236526942612,0.015511471523754596,112,2
0,learned,sgd,2000,6316.300135017985,4,16,0.035619332997789924,0.02102191542126868,0.26703890173855804,0.2311460301409498,0.015511471523754596,112,2
0,learned,sgd,2000,6316.300135017985,4,64,0.03561933285410757,0.021021915358833788,0.2670389014538834,0.23114602992859576,0.015511471523754596,112,2
0,learned,sgd,2000,6316.300135017985,5,0,0.004336745452503921,0.0031309180195062546,0.11856577670125056,0.09658762379241839,0.0026093809569486485,112,2
0,learned,sgd,2000,6316.300135017985,5,16,0.003964193837807378,0.002954152477777049,0.11242577369039788,0.09250738390427686,0.0026093809569486485,112,2
0,learned,sgd,2000,6316.300135017985,5,64,0.003964193834875772,0.002954152476345819,0.11242577363974736,0.09250738387026422,0.0026093809569486485,112,2
0,learned,sgd,2000,6316.300135017985,6,0,0.0014047443450130226,0.0012506371890154378,0.040240838734899025,0.03222149455605509,0.0011903415657877345,112,2
0,learned,sgd,2000,6316.300135017985,6,16,0.0013899414746330395,0.0012423272128506933,0.03950711735458296,0.031754259429576416,0.0011903415657877345,112,2
0,learned,sgd,2000,6316.300135017985,6,64,0.0013899414745072824,0.0012423272127796514,0.039507117348314545,0.031754259425568754,0.0011903415657877345,112,2
0,learned,sgd,2000,6316.300135017985,7,0,0.0009501339971997814,0.0009147841838915037,0.012951199787197169,0.010308525585247964,0.0009016022147604892,112,2
0,learned,sgd,2000,6316.300135017985,7,16,0.0009490858922705191,0.0009141537574386731,0.012874190770802357,0.01026022623304488,0.0009016022147604892,112,2
0,learned,sgd,2000,6316.300135017985,7,64,0.000949085892261457,0.0009141537574332132,0.012874190770136127,0.010260226232626467,0.0009016022147604892,112,2
0,learned,sgd,2000,6316.300135017985,8,0,0.0008371536488420968,0.0008271386644208033,0.004094331795828301,0.0032525950361172893,0.0008234689925949143,112,2
0,learned,sgd,2000,6316.300135017985,8,16,0.0008370611597972839,0.0008270817098309315,0.004086602052123527,0.0032477710814122576,0.0008234689925949143,112,2
0,learned,sgd,2000,6316.300135017985,8,64,0.0008370611597964805,0.0008270817098304361,0.004086602052056378,0.003247771081370334,0.0008234689925949143,112,2
0,learned,sgd,2000,6316.300135017985,9,0,0.0008042541797092674,0.00080121362553972,0.0012869522765445792,0.0010217471813202296,0.0008001059296102336,112,2
0,learned,sgd,2000,6316.300135017985,9,16,0.0008042453961652228,0.0008012081755915938,0.001286187523792602,0.0010212706712048492,0.0008001059296102336,112,2
0,learned,sgd,2000,6316.300135017985,9,64,0.0008042453961651467,0.0008012081755915469,0.0012861875237859498,0.0010212706712007036,0.0008001059296102336,112,2
0,learned,sgd,2000,6316.300135017985,10,0,0.0007941770915899448,0.0007932334588259507,0.00040378880202933284,0.00032051741234762066,0.0007928903185270353,112,2
0,learned,sgd,2000,6316.300135017985,10,16,0.0007941762376157576,0.000793232927690546,0.0004037134850731655,0.00032047050644360645,0.0007928903185270353,112,2
0,learned,sgd,2000,6316.300135017985,10,64,0.0007941762376157504,0.0007932329276905403,0.00040371348507251,0.0003204705064431984,0.0007928903185270353,112,2
0,learned,sgd,2000,6316.300135017985,11,0,0.0007910409120223335,0.0007907460224462773,0.00012661892359983528,0.00010050084744189815,0.0007906388516706693,112,2
0,learned,sgd,2000,6316.300135017985,11,16,0.000791040828378186,0.0007907459703841059,0.00012661151663143284,0.0001004962352503833,0.0007906388516706693,112,2
0,learned,sgd,2000,6316.300135017985,11,64,0.0007910408283781853,0.0007907459703841052,0.0001266115166313684,0.00010049623525034314,0.0007906388516706693,112,2
0,learned,sgd,2000,6316.300135017985,12,0,0.0007900599787522498,0.000789967623942282,3.9697697868937785e-05,3.150853395998392e-05,0.0007899340658377331,112,2
0,learned,sgd,2000,6316.300135017985,12,16,0.0007900599705404857,0.0007899676188298738,3.9696969766611795e-05,3.1508080605453095e-05,0.0007899340658377331,112,2
0,learned,sgd,2000,6316.300135017985,12,64,0.0007900599705404857,0.0007899676188298731,3.9696969766605446e-05,3.1508080605449125e-05,0.0007899340658377331,112,2
0,learned,sgd,2000,6316.300135017985,13,0,0.0007897526809436307,0.0007897237371412331,1.2445366228167958e-05,9.877976182009002e-06,0.0007897132207025334,112,2
0,learned,sgd,2000,6316.300135017985,13,16,0.0007897526801368523,0.0007897237366389186,1.24452946660901e-05,9.877931624407388e-06,0.0007897132207025334,112,2
0,learned,sgd,2000,6316.300135017985,13,64,0.0007897526801368523,0.0007897237366389186,1.2445294666089477e-05,9.877931624407002e-06,0.0007897132207025334,112,2
0,learned,sgd,2000,6316.300135017985,14,0,0.000789656366121428,0.0007896472932564677,3.901596986636327e-06,3.0967196621136586e-06,0.0007896439967814934,112,2
0,learned,sgd,2000,6316.300135017985,14,16,0.0007896563660421466,0.0007896472932071044,3.9015899534161315e-06,3.096715282951929e-06,0.0007896439967814934,112,2
0,learned,sgd,2000,6316.300135017985,14,64,0.0007896563660421466,0.0007896472932071044,3.9015899534160706e-06,3.096715282951891e-06,0.0007896439967814934,112,2
0,learned,sgd,2000,6316.300135017985,15,0,0.0007896261739897046,0.0007896233297748397,1.2231359762986927e-06,9.708093962182667e-07,0.0007896222963823502,112,2
0,learned,sgd,2000,6316.300135017985,15,16,0.0007896261739819131,0.0007896233297699883,1.2231352850736702e-06,9.708089658348131e-07,0.0007896222963823502,112,2
0,learned,sgd,2000,6316.300135017985,15,64,0.0007896261739819131,0.0007896233297699883,1.2231352850736643e-06,9.708089658348097e-07,0.0007896222963823502,112,2
0,learned,sgd,2000,6316.300135017985,16,0,0.0007896167091028187,0.0007896158174629539,3.834478644069726e-07,3.043445117926048e-07,0.000789615493502788,112,2
0,learned,sgd,2000,6316.300135017985,16,16,0.000789616709102053,0.0007896158174624774,3.834477964736593e-07,3.0434446949471467e-07,0.000789615493502788,112,2
0,learned,sgd,2000,6316.300135017985,16,64,0.000789616709102053,0.0007896158174624774,3.834477964736588e-07,3.043444694947142e-07,0.000789615493502788,112,2
0,learned,sgd,2000,6316.300135017985,17,0,0.0007896137419243959,0.0007896134624001966,1.2020919010399163e-07,9.541063745819317e-08,0.0007896133608405203,112,2
0,learned,sgd,2000,6316.300135017985,17,16,0.0007896137419243209,0.0007896134624001496,1.2020918342754244e-07,9.541063330117989e-08,0.0007896133608405203,112,2
0,learned,sgd,2000,6316.300135017985,17,64,0.0007896137419243209,0.0007896134624001496,1.2020918342754236e-07,9.541063330117989e-08,0.0007896133608405203,112,2
0,learned,sgd,2000,6316.300135017985,18,0,0.0007896128117294831,0.0007896127241000011,3.7685036933738444e-08,2.991080239928128e-08,0.0007896126922615407,112,2
0,learned,sgd,2000,6316.300135017985,18,16,0.0007896128117294756,0.0007896127240999968,3.768503627758091e-08,2.991080199073248e-08,0.0007896126922615407,112,2
0,learned,sgd,2000,6316.300135017985,18,64,0.0007896128117294756,0.0007896127240999968,3.7685036277580904e-08,2.991080199073248e-08,0.0007896126922615407,112,2
0,learned,sgd,2000,6316.300135017985,19,0,0.0007896125201178097,0.0007896124926463739,1.1814087857074116e-08,9.376900599790768e-09,0.0007896124826651653,112,2
0,learned,sgd,2000,6316.300135017985,19,16,0.0007896125201178091,0.0007896124926463732,1.1814087792587346e-08,9.376900559638809e-09,0.0007896124826651653,112,2
0,learned,sgd,2000,6316.300135017985,19,64,0.0007896125201178091,0.0007896124926463732,1.1814087792587346e-08,9.376900559638809e-09,0.0007896124826651653,112,2
0,learned,sgd,2000,6316.300135017985,20,0,0.0007896124286988969,0.0007896124200867273,3.703662804189825e-09,2.9396156799200166e-09,0.0007896124169576646,112,2
0,learned,sgd,2000,6316.300135017985,20,16,0.0007896124286988968,0.0007896124200867273,3.703662797852104e-09,2.939615675973908e-09,0.0007896124169576646,112,2
0,learned,sgd,2000,6316.300135017985,20,64,0.0007896124286988968,0.0007896124200867273,3.703662797852104e-09,2.939615675973908e-09,0.0007896124169576646,112,2
0,learned,sgd,2000,6316.300135017985,21,0,0.0007896124000394856,0.00078961239733961,1.161081436107586e-09,9.215561388289199e-10,0.0007896123963586624,112,2
0,learned,sgd,2000,6316.300135017985,21,16,0.0007896124000394856,0.00078961239733961,1.1610814354847185e-09,9.215561384410987e-10,0.0007896123963586624,112,2
0,learned,sgd,2000,6316.300135017985,21,64,0.0007896124000394856,0.00078961239733961,1.1610814354847185e-09,9.215561384410987e-10,0.0007896123963586624,112,2
0,learned,sgd,2000,6316.300135017985,22,0,0.0007896123910548909,0.0007896123902084922,3.639937462822145e-10,2.8890365558503683e-10,0.0007896123899009696,112,2
0,learned,sgd,2000,6316.300135017985,22,16,0.0007896123910548909,0.0007896123902084922,3.6399374622099984e-10,2.889036555469218e-10,0.0007896123899009696,112,2
0,learned,sgd,2000,6316.300135017985,22,64,0.0007896123910548909,0.0007896123902084922,3.6399374622099984e-10,2.889036555469218e-10,0.0007896123899009696,112,2
0,learned,sgd,2000,6316.300135017985,23,0,0.0007896123882382613,0.0007896123879729192,1.1411038291045191e-10,9.056998120973534e-11,0.0007896123878765125,112,2
0,learned,sgd,2000,6316.300135017985,23,16,0.0007896123882382613,0.0007896123879729192,1.1411038290443592e-10,9.056998120598963e-11,0.0007896123878765125,112,2
0,learned,sgd,2000,6316.300135017985,23,64,0.0007896123882382613,0.0007896123879729192,1.1411038290443592e-10,9.056998120598963e-11,0.0007896123878765125,112,2
0,learned,sgd,2000,6316.300135017985,24,0,0.0007896123873552608,0.0007896123872720771,3.5773085716082657e-11,2.8393276916852286e-11,0.0007896123872418547,112,2
0,learned,sgd,2000,6316.300135017985,24,16,0.0007896123873552608,0.0007896123872720771,3.577308571549142e-11,2.83932769164842e-11,0.0007896123872418547,112,2
0,learned,sgd,2000,6316.300135017985,24,64,0.0007896123873552608,0.0007896123872720771,3.577308571549142e-11,2.83932769164842e-11,0.0007896123872418547,112,2
0,learned,sgd,3000,8280.582358251637,1,0,0.9994302745523073,0.9994302745523073,1.0,1.0,0.8933040779232373,112,2
0,learned,sgd,3000,8280.582358251637,1,16,0.9522870849564884,0.9522870849564885,0.7003848834340581,0.7003848834340581,0.8933040779232373,112,2
0,learned,sgd,3000,8280.582358251637,1,64,0.9522870843557822,0.9522870843557824,0.7003848825491054,0.7003848825491054,0.8933040779232373,112,2
0,learned,sgd,3000,8280.582358251637,2,0,0.9962479605903575,0.9944344536630788,0.8748089607172379,0.8471035828149807,0.7383306889170891,112,2
0,learned,sgd,3000,8280.582358251637,2,16,0.8845479237034597,0.8604914331583746,0.6365543394634336,0.6217824463857413,0.7383306889170891,112,2
0,learned,sgd,3000,8280.582358251637,2,64,0.8845479225910233,0.8604914319075135,0.6365543387323529,0.6217824456882748,0.7383306889170891,112,2
0,learned,sgd,3000,8280.582358251637,3,0,0.8460946946726164,0.7130081502431723,0.6178395810071802,0.5609146649088866,0.21453303588236664,112,2
0,learned,sgd,3000,8280.582358251637,3,16,0.4579615102087787,0.32924558885553484,0.48852438270435783,0.45236817269020546,0.21453303588236664,112,2
0,learned,sgd,3000,8280.582358251637,3,64,0.45796150863252244,0.32924558763752093,0.488524382273293,0.4523681723210318,0.21453303588236664,112,2
0,learned,sgd,3000,8280.582358251637,4,0,0.06065704309153708,0.02843890621624425,0.3126813691017726,0.2636380772754398,0.014080923371652551,112,2
0,learned,sgd,3000,8280.582358251637,4,16,0.03507217869528444,0.019259021889852797,0.27561386151225503,0.23691825207749007,0.014080923371652551,112,2
0,learned,sgd,3000,8280.582358251637,4,64,0.035072178623344434,0.01925902186127886,0.2756138613745543,0.23691825197622876,0.014080923371652551,112,2
0,learned,sgd,3000,8280.582358251637,5,0,0.003374787355212099,0.002358606227988045,0.11821037932205335,0.09521444484109068,0.0019677152923220508,112,2
0,learned,sgd,3000,8280.582358251637,5,16,0.0030894944447853226,0.0022311724125996116,0.11246803842840983,0.09148800632219259,0.0019677152923220508,112,2
0,learned,sgd,3000,8280.582358251637,5,64,0.003089494443693337,0.0022311724120974096,0.11246803840538042,0.09148800630709265,0.0019677152923220508,112,2
0,learned,sgd,3000,8280.582358251637,6,0,0.0010133562201185462,0.0008969200061010814,0.03844314437755371,0.03039842998640198,0.0008553140488072261,112,2
0,learned,sgd,3000,8280.582358251637,6,16,0.0010037574282540415,0.0008917109719258492,0.03781389640876731,0.0300082022904051,0.0008553140488072261,112,2
0,learned,sgd,3000,8280.582358251637,6,64,0.0010037574282144338,0.0008917109719042271,0.03781389640615761,0.030008202288780577,0.0008553140488072261,112,2
0,learned,sgd,3000,8280.582358251637,7,0,0.0006798318491031541,0.0006544949079028889,0.0118211270483671,0.00929036325190187,0.0006457540342313144,112,2
0,learned,sgd,3000,8280.582358251637,7,16,0.000679218135622141,0.0006541356463788272,0.011760899282848184,0.009253586806067094,0.0006457540342313144,112,2
0,learned,sgd,3000,8280.582358251637,7,64,0.0006792181356195675,0.0006541356463773182,0.011760899282595503,0.009253586805912617,0.0006457540342313144,112,2
0,learned,sgd,3000,8280.582358251637,8,0,0.0006009279780641753,0.0005940516352504667,0.003569937184686988,0.002800348587959625,0.000591708449047512,112,2
0,learned,sgd,3000,8280.582358251637,8,16,0.0006008784407486572,0.0005940219169050232,0.0035644233017231874,0.0027969979215140806,0.000591708449047512,112,2
0,learned,sgd,3000,8280.582358251637,8,64,0.0006008784407484488,0.0005940219169048977,0.0035644233016999707,0.0027969979214999678,0.000591708449047512,112,2
0,learned,sgd,3000,8280.582358251637,9,0,0.0005789202105986,0.0005769206897780629,0.0010721605830373451,0.0008405481409263635,0.0005762419676564146,112,2
0,learned,sgd,3000,8280.582358251637,9,16,0.0005789159049111107,0.000576918087230482,0.0010716626633017544,0.0008402460094258206,0.0005762419676564146,112,2
0,learned,sgd,3000,8280.582358251637,9,64,0.0005789159049110925,0.0005769180872304707,0.0010716626632996556,0.000840246009424547,0.0005762419676564146,112,2
0,learned,sgd,3000,8280.582358251637,10,0,0.0005724666828887427,0.000571872958525024,0.0003214654606749503,0.000251977824160609,0.0005716716606653483,112,2
0,learned,sgd,3000,8280.582358251637,10,16,0.0005724663001053026,0.0005718727266286328,0.00032142068318971687,0.0002519506657225686,0.0005716716606653483,112,2
0,learned,sgd,3000,8280.582358251637,10,64,0.000572466300105301,0.0005718727266286317,0.0003214206831895281,0.0002519506657224541,0.0005716716606653483,112,2
0,learned,sgd,3000,8280.582358251637,11,0,0.0005705455419165102,0.0005703681320968114,9.633657292178818e-05,7.55086629484505e-05,0.0005703080039356435,112,2
0,learned,sgd,3000,8280.582358251637,11,16,0.0005705455076542794,0.0005703681113260645,9.633255113664924e-05,7.550622397827709e-05,0.0005703080039356435,112,2
0,learned,sgd,3000,8280.582358251637,11,64,0.0005705455076542792,0.0005703681113260645,9.633255113663228e-05,7.550622397826678e-05,0.0005703080039356435,112,2
0,learned,sgd,3000,8280.582358251637,12,0,0.0005699710508071167,0.00056991793907617,2.8865748871965164e-05,2.2624641094598837e-05,0.0005698999402361795,112,2
0,learned,sgd,3000,8280.582358251637,12,16,0.0005699710477341068,0.0005699179372128429,2.886538778172521e-05,2.2624422123826164e-05,0.0005698999402361795,112,2
0,learned,sgd,3000,8280.582358251637,12,64,0.0005699710477341068,0.0005699179372128429,2.886538778172369e-05,2.262442212382524e-05,0.0005698999402361795,112,2
0,learned,sgd,3000,8280.582358251637,13,0,0.0005697990242710863,0.0005697831150459186,8.648781298041027e-06,6.778783626212926e-06,0.0005697777237987992,112,2
0,learned,sgd,3000,8280.582358251637,13,16,0.0005697990239952969,0.0005697831148786827,8.648748881699355e-06,6.778763968669609e-06,0.0005697777237987992,112,2
0,learned,sgd,3000,8280.582358251637,13,64,0.0005697990239952969,0.0005697831148786827,8.64874888169922e-06,6.778763968669525e-06,0.0005697777237987992,112,2
0,learned,sgd,3000,8280.582358251637,14,0,0.0005697474914657943,0.0005697427251672023,2.5913205767117577e-06,2.0310349510976823e-06,0.0005697411100006728,112,2
0,learned,sgd,3000,8280.582358251637,14,16,0.0005697474914410388,0.0005697427251521903,2.5913176666803246e-06,2.031033186436331e-06,0.0005697411100006728,112,2
0,learned,sgd,3000,8280.582358251637,14,64,0.0005697474914410388,0.0005697427251521903,2.5913176666803123e-06,2.0310331864363236e-06,0.0005697411100006728,112,2
0,learned,sgd,3000,8280.582358251637,15,0,0.0005697320522612305,0.0005697306242371569,7.764001612102003e-07,6.08529574258897e-07,0.0005697301403207508,112,2
0,learned,sgd,3000,8280.582358251637,15,16,0.0005697320522590081,0.000569730624235809,7.76399899977829e-07,6.085294158461142e-07,0.0005697301403207508,112,2
0,learned,sgd,3000,8280.582358251637,15,64,0.0005697320522590081,0.000569730624235809,7.763998999778279e-07,6.085294158461142e-07,0.0005697301403207508,112,2
0,learned,sgd,3000,8280.582358251637,16,0,0.000569727426514219,0.0005697269986594052,2.3262134598431344e-07,1.8232473157518825e-07,0.0005697268536718023,112,2
0,learned,sgd,3000,8280.582358251637,16,16,0.0005697274265140199,0.0005697269986592843,2.326213225336574e-07,1.8232471735458278e-07,0.0005697268536718023,112,2
0,learned,sgd,3000,8280.582358251637,16,64,0.0005697274265140199,0.0005697269986592843,2.326213225336573e-07,1.8232471735458278e-07,0.0005697268536718023,112,2
0,learned,sgd,3000,8280.582358251637,17,0,0.0005697260405769554,0.0005697259123854345,6.96968827153732e-08,5.462725230257055e-08,0.000569725868945053,112,2
0,learned,sgd,3000,8280.582358251637,17,16,0.0005697260405769374,0.0005697259123854239,6.969688061022532e-08,5.462725102599758e-08,0.000569725868945053,112,2
0,learned,sgd,3000,8280.582358251637,17,64,0.0005697260405769374,0.0005697259123854239,6.969688061022529e-08,5.462725102599758e-08,0.000569725868945053,112,2
0,learned,sgd,3000,8280.582358251637,18,0,0.0005697256253297801,0.0005697255869216851,2.088224067173445e-08,1.6367151192540818e-08,0.0005697255739062986,112,2
0,learned,sgd,3000,8280.582358251637,18,16,0.0005697256253297786,0.0005697255869216842,2.0882240482756954e-08,1.6367151077943828e-08,0.0005697255739062986,112,2
0,learned,sgd,3000,8280.582358251637,18,64,0.0005697256253297786,0.0005697255869216842,2.0882240482756954e-08,1.6367151077943828e-08,0.0005697255739062986,112,2
0,learned,sgd,3000,8280.582358251637,19,0,0.0005697255009155011,0.0005697254894078574,6.256635078666096e-09,4.903845978766095e-09,0.0005697254855082514,112,2
0,learned,sgd,3000,8280.582358251637,19,16,0.0005697255009155009,0.0005697254894078574,6.256635061701736e-09,4.903845968478828e-09,0.0005697254855082514,112,2
0,learned,sgd,3000,8280.582358251637,19,64,0.0005697255009155009,0.0005697254894078574,6.256635061701736e-09,4.903845968478828e-09,0.0005697254855082514,112,2
0,learned,sgd,3000,8280.582358251637,20,0,0.0005697254636391069,0.0005697254601912432,1.8745824617667955e-09,1.4692663935460055e-09,0.0005697254590228621,112,2
0,learned,sgd,3000,8280.582358251637,20,16,0.0005697254636391069,0.0005697254601912432,1.874582460243918e-09,1.4692663926225247e-09,0.0005697254590228621,112,2
0,learned,sgd,3000,8280.582358251637,20,64,0.0005697254636391069,0.0005697254601912432,1.874582460243918e-09,1.4692663926225247e-09,0.0005697254590228621,112,2
0,learned,sgd,3000,8280.582358251637,21,0,0.0005697254524705361,0.0005697254514375038,5.616532451560782e-10,4.4021442348698506e-10,0.0005697254510874393,112,2
0,learned,sgd,3000,8280.582358251637,21,16,0.0005697254524705361,0.0005697254514375038,5.616532450193705e-10,4.402144234040845e-10,0.0005697254510874393,112,2
0,learned,sgd,3000,8280.582358251637,21,64,0.0005697254524705361,0.0005697254514375038,5.616532450193705e-10,4.402144234040845e-10,0.0005697254510874393,112,2
0,learned,sgd,3000,8280.582358251637,22,0,0.0005697254491242636,0.0005697254488147514,1.6827980307717118e-10,1.3189489623415865e-10,0.0005697254487098671,112,2
0,learned,sgd,3000,8280.582358251637,22,16,0.0005697254491242636,0.0005697254488147514,1.6827980306489907e-10,1.3189489622671705e-10,0.0005697254487098671,112,2
0,learned,sgd,3000,8280.582358251637,22,64,0.0005697254491242636,0.0005697254488147514,1.6827980306489907e-10,1.3189489622671705e-10,0.0005697254487098671,112,2
0,learned,sgd,3000,8280.582358251637,23,0,0.0005697254481216697,0.0005697254480289351,5.041917296924055e-11,3.951770482973979e-11,0.0005697254479975102,112,2
0,learned,sgd,3000,8280.582358251637,23,16,0.0005697254481216697,0.0005697254480289351,5.041917296813893e-11,3.951770482907179e-11,0.0005697254479975102,112,2
0,learned,sgd,3000,8280.582358251637,23,64,0.0005697254481216697,0.0005697254480289351,5.041917296813893e-11,3.951770482907179e-11,0.0005697254479975102,112,2
0,learned,sgd,3000,8280.582358251637,24,0,0.0005697254478212774,0.0005697254477934927,1.5106346431464142e-11,1.1840101774254705e-11,0.0005697254477840771,112,2
0,learned,sgd,3000,8280.582358251637,24,16,0.0005697254478212774,0.0005697254477934927,1.510634643136527e-11,1.1840101774194763e-11,0.0005697254477840771,112,2
0,learned,sgd,3000,8280.582358251637,24,64,0.0005697254478212774,0.0005697254477934927,1.510634643136527e-11,1.1840101774194763e-11,0.0005697254477840771,112,2
0,learned,sgd,4000,9904.240851134537,1,0,0.9995336827636454,0.9995336827636455,1.0,1.0,0.9129086926154281,112,2
0,learned,sgd,4000,9904.240851134537,1,16,0.9607062858124706,0.9607062858124706,0.7083787482696583,0.7083787482696583,0.9129086926154281,112,2
0,learned,sgd,4000,9904.240851134537,1,64,0.9607062854851744,0.9607062854851746,0.7083787477044722,0.7083787477044722,0.9129086926154281,112,2
0,learned,sgd,4000,9904.240851134537,2,0,0.9971019136824173,0.9956849026186511,0.8819228021672364,0.8547056520283015,0.7785216877638649,112,2
0,learned,sgd,4000,9904.240851134537,2,16,0.9047063034609322,0.883774667953916,0.6469897594578077,0.63224408315339,0.7785216877638649,112,2
0,learned,sgd,4000,9904.240851134537,2,64,0.9047063028389607,0.883774667244489,0.6469897589862867,0.6322440827031646,0.7785216877638649,112,2
0,learned,sgd,4000,9904.240851134537,3,0,0.8706916266939951,0.7468079936442775,0.6286132169737175,0.5705107496297378,0.2363949286442196,112,2
0,learned,sgd,4000,9904.240851134537,3,16,0.49713851613002474,0.35826736744930554,0.49922419999447054,0.4620026930720428,0.2363949286442196,112,2
0,learned,sgd,4000,9904.240851134537,3,64,0.4971385150707161,0.35826736660140246,0.4992241997134225,0.4620026928316345,0.2363949286442196,112,2
0,learned,sgd,4000,9904.240851134537,4,0,0.06101259249088414,0.027095619639239697,0.3174709498954846,0.26656905857260654,0.013265925383122297,112,2
0,learned,sgd,4000,9904.240851134537,4,16,0.03480120742250773,0.018247848833794003,0.2805896230664219,0.24020865604641822,0.013265925383122297,112,2
0,learned,sgd,4000,9904.240851134537,4,64,0.03480120737490964,0.018247848815933786,0.2805896229772973,0.24020865598142954,0.013265925383122297,112,2
0,learned,sgd,4000,9904.240851134537,5,0,0.0028872727957075994,0.0019781609592534,0.11786632904028257,0.09429836029601649,0.0016514556784494917,112,2
0,learned,sgd,4000,9904.240851134537,5,16,0.0026459439855776464,0.0018742603071507493,0.11235840253500311,0.09077447680026046,0.0016514556784494917,112,2
0,learned,sgd,4000,9904.240851134537,5,64,0.002645943984976982,0.0018742603068844083,0.11235840252064468,0.0907744767909796,0.0016514556784494917,112,2
0,learned,sgd,4000,9904.240851134537,6,0,0.0008285693463493162,0.0007309875819667724,0.037358462557244135,0.029321036331038806,0.0006978663009036535,112,2
0,learned,sgd,4000,9904.240851134537,6,16,0.0008212225351479103,0.0007270794736841063,0.03678557573534724,0.028971331670492765,0.0006978663009036535,112,2
0,learned,sgd,4000,9904.240851134537,6,64,0.000821222535128216,0.0007270794736735697,0.03678557573380419,0.0289713316695474,0.0006978663009036535,112,2
0,learned,sgd,4000,9904.240851134537,7,0,0.0005536065254368145,0.0005330168681463066,0.011178139209291976,0.008719069987047948,0.0005262196816460824,112,2
0,learned,sgd,4000,9904.240851134537,7,16,0.0005531642601626347,0.0005327620801412967,0.01112624973132627,0.008687885550537382,0.0005262196816460824,112,2
0,learned,sgd,4000,9904.240851134537,7,64,0.0005531642601614308,0.0005327620801406024,0.011126249731184973,0.008687885550452367,0.0005262196816460824,112,2
0,learned,sgd,4000,9904.240851134537,8,0,0.0004904132718855303,0.0004849657506975159,0.0032847320497883556,0.0025573566659492005,0.00048318448081396395,112,2
0,learned,sgd,4000,9904.240851134537,8,16,0.000490379415427535,0.00048494575179553937,0.003280235523029164,0.002554667118156221,0.00048318448081396395,112,2
0,learned,sgd,4000,9904.240851134537,8,64,0.0004903794154274425,0.0004849457517954847,0.0032802355230168788,0.00255466711814887,0.00048318448081396395,112,2
0,learned,sgd,4000,9904.240851134537,9,0,0.0004732331150011293,0.0004716893559682562,0.0009600407549075651,0.0007470382207489055,0.00047118604217435874,112,2
0,learned,sgd,4000,9904.240851134537,9,16,0.0004732303238122438,0.00047168769488424735,0.0009596562422850846,0.0007468085499665899,0.00047118604217435874,112,2
0,learned,sgd,4000,9904.240851134537,9,64,0.0004732303238122361,0.00047168769488424225,0.0009596562422840328,0.0007468085499659617,0.00047118604217435874,112,2
0,learned,sgd,4000,9904.240851134537,10,0,0.00046832472097241664,0.00046787828237059524,0.0002801510760535907,0.00021795949568278214,0.00046773285544165295,112,2
0,learned,sgd,4000,9904.240851134537,10,16,0.00046832448574992634,0.0004678781420791203,0.00028011832323075275,0.0002179399403024,0.00046773285544165295,112,2
0,learned,sgd,4000,9904.240851134537,10,64,0.00046832448574992563,0.00046787814207911976,0.0002801183232306632,0.0002179399403023466,0.00046773285544165295,112,2
0,learned,sgd,4000,9904.240851134537,11,0,0.0004669018705797068,0.00046677199739715406,8.17135658427268e-05,6.35707498018257e-05,0.0004667297020695743,112,2
0,learned,sgd,4000,9904.240851134537,11,16,0.0004669018506287187,0.00046677198549037214,8.171077913599841e-05,6.35690861710406e-05,0.0004667297020695743,112,2
0,learned,sgd,4000,9904.240851134537,11,64,0.00046690185062871865,0.00046677198549037214,8.171077913599078e-05,6.356908617103598e-05,0.0004667297020695743,112,2
0,learned,sgd,4000,9904.240851134537,12,0,0.00046648766092163087,0.00046644981413170803,2.3830735847257964e-05,1.8539358144008766e-05,0.00046643748961813227,112,2
0,learned,sgd,4000,9904.240851134537,12,16,0.00046648765922625314,0.00046644981311971524,2.3830498824982616e-05,1.8539216649456272e-05,0.00046643748961813227,112,2
0,learned,sgd,4000,9904.240851134537,12,64,0.00046648765922625314,0.00046644981311971524,2.3830498824981965e-05,1.8539216649455876e-05,0.00046643748961813227,112,2
0,learned,sgd,4000,9904.240851134537,13,0,0.0004663669300671596,0.0004663558954333079,6.9496615889114165e-06,5.4065368762188904e-06,0.00046635230216803914,112,2
0,learned,sgd,4000,9904.240851134537,13,16,0.0004663669299230122,0.0004663558953472601,6.949641431030622e-06,5.406524842745044e-06,0.00046635230216803914,112,2
0,learned,sgd,4000,9904.240851134537,13,64,0.0004663669299230122,0.0004663558953472601,6.949641431030566e-06,5.4065248427450145e-06,0.00046635230216803914,112,2
0,learned,sgd,4000,9904.240851134537,14,0,0.00046633172761140624,0.0004663285098727658,2.026678588057494e-06,1.5766666705382952e-06,0.00046632746207038466,112,2
0,learned,sgd,4000,9904.240851134537,14,16,0.00046633172759914836,0.0004663285098654481,2.026676873751755e-06,1.5766656471672177e-06,0.00046632746207038466,112,2
0,learned,sgd,4000,9904.240851134537,14,64,0.00046633172759914836,0.0004663285098654481,2.0266768737517505e-06,1.576665647167215e-06,0.00046632746207038466,112,2
0,learned,sgd,4000,9904.240851134537,15,0,0.00046632146227167337,0.0004663205239272931,5.910233619259511e-07,4.5978998652807355e-07,0.0004663202183718148,112,2
0,learned,sgd,4000,9904.240851134537,15,16,0.00046632146227063096,0.0004663205239266705,5.910232161358296e-07,4.597898994973524e-07,0.0004663202183718148,112,2
0,learned,sgd,4000,9904.240851134537,15,64,0.00046632146227063096,0.0004663205239266705,5.910232161358294e-07,4.597898994973524e-07,0.0004663202183718148,112,2
0,learned,sgd,4000,9904.240851134537,16,0,0.00046631846871824566,0.0004663181950784932,1.7235504217231972e-07,1.34084572281942e-07,0.0004663181059725296,112,2
0,learned,sgd,4000,9904.240851134537,16,16,0.0004663184687181571,0.00046631819507844067,1.7235502977388473e-07,1.3408456488058687e-07,0.0004663181059725296,112,2
0,learned,sgd,4000,9904.240851134537,16,64,0.0004663184687181571,0.00046631819507844067,1.723550297738847e-07,1.3408456488058687e-07,0.0004663181059725296,112,2
0,learned,sgd,4000,9904.240851134537,17,0,0.0004663175957376609,0.0004663175159386134,5.0262399125400067e-08,3.9101914336619086e-08,0.00046631748995346387,112,2
0,learned,sgd,4000,9904.240851134537,17,16,0.00046631759573765344,0.0004663175159386093,5.026239807100021e-08,3.910191370718583e-08,0.00046631748995346387,112,2
0,learned,sgd,4000,9904.240851134537,17,64,0.00046631759573765344,0.0004663175159386093,5.026239807100021e-08,3.910191370718583e-08,0.00046631748995346387,112,2
0,learned,sgd,4000,9904.240851134537,18,0,0.00046631734115824293,0.0004663173178871552,1.4657584277030823e-08,1.1402949519756857e-08,0.000466317310309337,112,2
0,learned,sgd,4000,9904.240851134537,18,16,0.0004663173411582423,0.00046631731788715464,1.4657584187361533e-08,1.140294946622799e-08,0.000466317310309337,112,2
0,learned,sgd,4000,9904.240851134537,18,64,0.0004663173411582423,0.00046631731788715464,1.4657584187361533e-08,1.140294946622799e-08,0.000466317310309337,112,2
0,learned,sgd,4000,9904.240851134537,19,0,0.0004663172669174975,0.00046631726013115463,4.274463125076312e-09,3.325342443796364e-09,0.000466317257921302,112,2
0,learned,sgd,4000,9904.240851134537,19,16,0.0004663172669174975,0.00046631726013115463,4.2744631174505714e-09,3.325342439244115e-09,0.000466317257921302,112,2
0,learned,sgd,4000,9904.240851134537,19,64,0.0004663172669174975,0.00046631726013115463,4.2744631174505714e-09,3.325342439244115e-09,0.000466317257921302,112,2
0,learned,sgd,4000,9904.240851134537,20,0,0.0004663172452673203,0.00046631724328827825,1.2465242930470607e-09,9.697405298959306e-10,0.00046631724264383845,112,2
0,learned,sgd,4000,9904.240851134537,20,16,0.0004663172452673203,0.00046631724328827825,1.2465242923985455e-09,9.697405295087923e-10,0.00046631724264383845,112,2
0,learned,sgd,4000,9904.240851134537,20,64,0.0004663172452673203,0.00046631724328827825,1.2465242923985455e-09,9.697405295087923e-10,0.00046631724264383845,112,2
0,learned,sgd,4000,9904.240851134537,21,0,0.0004663172389536687,0.00046631723837653824,3.635129756631418e-10,2.8279694791065784e-10,0.00046631723818860556,112,2
0,learned,sgd,4000,9904.240851134537,21,16,0.0004663172389536687,0.00046631723837653824,3.635129756079904e-10,2.827969478777349e-10,0.00046631723818860556,112,2
0,learned,sgd,4000,9904.240851134537,21,64,0.0004663172389536687,0.00046631723837653824,3.635129756079904e-10,2.827969478777349e-10,0.00046631723818860556,112,2
0,learned,sgd,4000,9904.240851134537,22,0,0.0004663172371124738,0.00046631723694416996,1.0600810921474918e-10,8.246960011042478e-11,0.00046631723688936517,112,2
0,learned,sgd,4000,9904.240851134537,22,16,0.0004663172371124738,0.00046631723694416996,1.0600810921005886e-10,8.246960010762496e-11,0.00046631723688936517,112,2
0,learned,sgd,4000,9904.240851134537,22,64,0.0004663172371124738,0.00046631723694416996,1.0600810921005886e-10,8.246960010762496e-11,0.00046631723688936517,112,2
0,learned,sgd,4000,9904.240851134537,23,0,0.0004663172365755421,0.00046631723652646096,3.091421756491338e-11,2.4049888061820096e-11,0.0004663172365104789,112,2
0,learned,sgd,4000,9904.240851134537,23,16,0.0004663172365755421,0.00046631723652646096,3.091421756451453e-11,2.4049888061581968e-11,0.0004663172365104789,112,2
0,learned,sgd,4000,9904.240851134537,23,64,0.0004663172365755421,0.00046631723652646096,3.091421756451453e-11,2.4049888061581968e-11,0.0004663172365104789,112,2
0,learned,sgd,4000,9904.240851134537,24,0,0.0004663172364189615,0.00046631723640464825,9.01524284020586e-12,7.013458474266374e-12,0.0004663172363999877,112,2
0,learned,sgd,4000,9904.240851134537,24,16,0.0004663172364189615,0.00046631723640464825,9.015242840171954e-12,7.01345847424614e-12,0.0004663172363999877,112,2
0,learned,sgd,4000,9904.240851134537,24,64,0.0004663172364189615,0.00046631723640464825,9.015242840171954e-12,7.01345847424614e-12,0.0004663172363999877,112,2
0,learned,sgd,5000,11299.626091843822,1,0,0.9995953259716971,0.9995953259716972,1.0,1.0,0.9247304330605377,112,2
0,learned,sgd,5000,11299.626091843822,1,16,0.9657946440709867,0.9657946440709867,0.7138094443235558,0.7138094443235556,0.9247304330605377,112,2
0,learned,sgd,5000,11299.626091843822,1,64,0.9657946438574392,0.9657946438574392,0.7138094439098205,0.7138094439098205,0.9247304330605377,112,2
0,learned,sgd,5000,11299.626091843822,2,0,0.9975822983774956,0.9963921676106384,0.8866268373841004,0.8597680850101442,0.8042851282637115,112,2
0,learned,sgd,5000,11299.626091843822,2,16,0.9170483383901777,0.898213547256709,0.6540821366994144,0.639370465667263,0.8042851282637115,112,2
0,learned,sgd,5000,11299.626091843822,2,64,0.917048337978314,0.8982135467825476,0.6540821363519849,0.6393704653353204,0.8042851282637115,112,2
0,learned,sgd,5000,11299.626091843822,3,0,0.8860442209148411,0.7692366627746022,0.6359357960948728,0.5770610802085127,0.2531221748834902,112,2
0,learned,sgd,5000,11299.626091843822,3,16,0.5252556016514938,0.3798853659346493,0.5065764400588731,0.4686358605311311,0.2531221748834902,112,2
0,learned,sgd,5000,11299.626091843822,3,64,0.5252556008544761,0.37988536527828204,0.5065764398502416,0.46863586035279914,0.2531221748834902,112,2
0,learned,sgd,5000,11299.626091843822,4,0,0.06129416855763359,0.026173988148439666,0.32072180015709195,0.2685320353683566,0.012715971829273304,112,2
0,learned,sgd,5000,11299.626091843822,4,16,0.034637150169470984,0.01756251377414368,0.2839885478257273,0.2424310255266063,0.012715971829273304,112,2
0,learned,sgd,5000,11299.626091843822,4,64,0.03463715013374802,0.017562513761278417,0.28398854775989657,0.24243102547888262,0.012715971829273304,112,2
0,learned,sgd,5000,11299.626091843822,5,0,0.002583048741495425,0.001745041844441062,0.117574758016012,0.09362450519871897,0.001457569866427371,112,2
0,learned,sgd,5000,11299.626091843822,5,16,0.002368987077847519,0.001655239641365576,0.11222772372019008,0.0902372464124099,0.001457569866427371,112,2
0,learned,sgd,5000,11299.626091843822,5,64,0.00236898707745248,0.001655239641194863,0.11222772370985824,0.09023724640579794,0.001457569866427371,112,2
0,learned,sgd,5000,11299.626091843822,6,0,0.0007182647355950982,0.000632312150146116,0.03660292342423784,0.028579601547430167,0.0006041306319203833,112,2
0,learned,sgd,5000,11299.626091843822,6,16,0.0007121875220375845,0.0006291236162334098,0.03606666546967661,0.028255831057080762,0.0006041306319203833,112,2
0,learned,sgd,5000,11299.626091843822,6,64,0.0007121875220255143,0.0006291236162270415,0.036066665468606644,0.028255831056432475,0.0006041306319203833,112,2
0,learned,sgd,5000,11299.626091843822,7,0,0.00047871211954783144,0.00046095571186861596,0.01074582198838585,0.00833819771345944,0.00045526498321744494,112,2
0,learned,sgd,5000,11299.626091843822,7,16,0.00047836118498806123,0.0004607557596217219,0.010699080202293296,0.00831041543043415,0.00045526498321744494,112,2
0,learned,sgd,5000,11299.626091843822,7,64,0.0004783611849873539,0.0004607557596213186,0.01069908020219905,0.008310415430378073,0.00045526498321744494,112,2
0,learned,sgd,5000,11299.626091843822,8,0,0.0004247436415618561,0.0004201277605785596,0.003098253012605883,0.002399662538954605,0.00041865987854954517,112,2
0,learned,sgd,5000,11299.626091843822,8,16,0.0004247177454216879,0.00042011262704519994,0.0030943543311020205,0.0023973560269726184,0.00041865987854954517,112,2
0,learned,sgd,5000,11299.626091843822,8,64,0.00042471774542163557,0.00042011262704516936,0.003094354331094135,0.0023973560269679515,0.00041865987854954517,112,2
0,learned,sgd,5000,11299.626091843822,9,0,0.00041032966154851364,0.0004090448021690367,0.0008885846779000757,0.0006878619941373521,0.0004086371638878585,112,2
0,learned,sgd,5000,11299.626091843822,9,16,0.0004103276036556992,0.0004090435906172173,0.0008882636786133431,0.0006876723428126644,0.0004086371638878585,112,2
0,learned,sgd,5000,11299.626091843822,9,64,0.00041032760365569503,0.00040904359061721507,0.0008882636786126933,0.0006876723428122798,0.0004086371638878585,112,2
0,learned,sgd,5000,11299.626091843822,10,0,0.00040628548309348654,0.0004059206850669356,0.0002544600981258369,0.0001969499896368975,0.00040580502687568334,112,2
0,learned,sgd,5000,11299.626091843822,10,16,0.00040628531599803356,0.0004059205864823521,0.00025443376713922187,0.00019693443891192935,0.00040580502687568334,112,2
0,learned,sgd,5000,11299.626091843822,10,64,0.0004062853159980333,0.00040592058648235177,0.0002544337671391686,0.0001969344389118979,0.00040580502687568334,112,2
0,learned,sgd,5000,11299.626091843822,11,0,0.0004051346290366197,0.0004050304651185139,7.283682790546843e-05,5.637263425271758e-05,0.0004049974466967897,112,2
0,learned,sgd,5000,11299.626091843822,11,16,0.00040513461538464166,0.00040503045705906824,7.283467033714957e-05,5.6371360163467084e-05,0.0004049974466967897,112,2
0,learned,sgd,5000,11299.626091843822,11,64,0.00040513461538464155,0.00040503045705906824,7.283467033714521e-05,5.637136016346448e-05,0.0004049974466967897,112,2
0,learned,sgd,5000,11299.626091843822,12,0,0.0004048058002253554,0.00040477600895075347,2.0846256885498035e-05,1.6133922334292478e-05,0.00040476656608628145,112,2
0,learned,sgd,5000,11299.626091843822,12,16,0.0004048057991079851,0.0004047760082909988,2.0846080148029747e-05,1.6133817970435054e-05,0.00040476656608628145,112,2
0,learned,sgd,5000,11299.626091843822,12,64,0.0004048057991079851,0.0004047760082909988,2.0846080148029394e-05,1.6133817970434824e-05,0.00040476656608628145,112,2
0,learned,sgd,5000,11299.626091843822,13,0,0.00040471173628032125,0.0004047032118917663,5.966087414335684e-06,4.617425906264621e-06,0.00040470050998136315,112,2
0,learned,sgd,5000,11299.626091843822,13,16,0.00040471173618882164,0.0004047032118377376,5.966072938137116e-06,4.617417358115804e-06,0.00040470050998136315,112,2
0,learned,sgd,5000,11299.626091843822,13,64,0.00040471173618882164,0.0004047032118377376,5.9660729381370874e-06,4.617417358115788e-06,0.00040470050998136315,112,2
0,learned,sgd,5000,11299.626091843822,14,0,0.0004046848196503459,0.0004046823801812972,1.7074448830348559e-06,1.3214677586783124e-06,0.0004046816069649544,112,2
0,learned,sgd,5000,11299.626091843822,14,16,0.000404684819642852,0.00040468238017687226,1.707443697349356e-06,1.3214670585366505e-06,0.0004046816069649544,112,2
0,learned,sgd,5000,11299.626091843822,14,64,0.000404684819642852,0.00040468238017687226,1.707443697349353e-06,1.3214670585366505e-06,0.0004046816069649544,112,2
0,learned,sgd,5000,11299.626091843822,15,0,0.0004046771166584676,0.0004046764185161481,4.886551745825788e-07,3.781919261365767e-07,0.00040467619723261037,112,2
0,learned,sgd,5000,11299.626091843822,15,16,0.00040467711665785367,0.00040467641851578553,4.886550774686869e-07,3.781918687913263e-07,0.00040467619723261037,112,2
0,learned,sgd,5000,11299.626091843822,15,64,0.00040467711665785367,0.00040467641851578553,4.886550774686867e-07,3.781918687913263e-07,0.00040467619723261037,112,2
0,learned,sgd,5000,11299.626091843822,16,0,0.00040467491215897053,0.000404674712358107,1.398485431647995e-07,1.0823498495907515e-07,0.0004046746490291492,112,2
0,learned,sgd,5000,11299.626091843822,16,16,0.00040467491215892017,0.00040467471235807725,1.3984853521067624e-07,1.0823498026220767e-07,0.0004046746490291492,112,2
0,learned,sgd,5000,11299.626091843822,16,64,0.00040467491215892017,0.00040467471235807725,1.3984853521067624e-07,1.082349802622073e-07,0.0004046746490291492,112,2
0,learned,sgd,5000,11299.626091843822,17,0,0.00040467428125400185,0.0004046742240729536,4.002333618747517e-08,3.09758327706143e-08,0.0004046742059488287,112,2
0,learned,sgd,5000,11299.626091843822,17,16,0.00040467428125399773,0.00040467422407295105,4.002333553599228e-08,3.097583238591716e-08,0.0004046742059488287,112,2
0,learned,sgd,5000,11299.626091843822,17,64,0.00040467428125399773,0.00040467422407295105,4.002333553599228e-08,3.097583238591716e-08,0.0004046742059488287,112,2
0,learned,sgd,5000,11299.626091843822,18,0,0.0004046741006951193,0.0004046740843304489,1.1454301155472737e-08,8.864990989180791e-09,0.00040467407914349774,112,2
0,learned,sgd,5000,11299.626091843822,18,16,0.000404674100695119,0.0004046740843304489,1.1454301102113006e-08,8.86499095767216e-09,0.00040467407914349774,112,2
0,learned,sgd,5000,11299.626091843822,18,64,0.000404674100695119,0.0004046740843304489,1.1454301102113006e-08,8.86499095767216e-09,0.00040467407914349774,112,2
0,learned,sgd,5000,11299.626091843822,19,0,0.00040467404902088544,0.00040467404433747195,3.2781128431415623e-09,2.5370767159332633e-09,0.0004046740428530154,112,2
0,learned,sgd,5000,11299.626091843822,19,16,0.0004046740490208854,0.00040467404433747195,3.278112838771131e-09,2.537076713352552e-09,0.0004046740428530154,112,2
0,learned,sgd,5000,11299.626091843822,19,64,0.0004046740490208854,0.00040467404433747195,3.278112838771131e-09,2.537076713352552e-09,0.0004046740428530154,112,2
0,learned,sgd,5000,11299.626091843822,20,0,0.0004046740342322088,0.0004046740328918601,9.381649396208486e-10,7.260873974053861e-10,0.00040467403246702293,112,2
0,learned,sgd,5000,11299.626091843822,20,16,0.0004046740342322088,0.0004046740328918601,9.38164939262888e-10,7.260873971940128e-10,0.00040467403246702293,112,2
0,learned,sgd,5000,11299.626091843822,20,64,0.0004046740342322088,0.0004046740328918601,9.38164939262888e-10,7.260873971940128e-10,0.00040467403246702293,112,2
0,learned,sgd,5000,11299.626091843822,21,0,0.00040467402999982933,0.00040467402961623416,2.6849394594769686e-10,2.0779935613418122e-10,0.00040467402949464966,112,2
0,learned,sgd,5000,11299.626091843822,21,16,0.00040467402999982933,0.00040467402961623416,2.6849394591837796e-10,2.0779935611686843e-10,0.00040467402949464966,112,2
0,learned,sgd,5000,11299.626091843822,21,64,0.00040467402999982933,0.00040467402961623416,2.6849394591837796e-10,2.0779935611686843e-10,0.00040467402949464966,112,2
0,learned,sgd,5000,11299.626091843822,22,0,0.0004046740287885624,0.0004046740286787809,7.684043171181172e-11,5.947021329546726e-11,0.0004046740286439849,112,2
0,learned,sgd,5000,11299.626091843822,22,16,0.0004046740287885624,0.0004046740286787809,7.684043170941028e-11,5.947021329404915e-11,0.0004046740286439849,112,2
0,learned,sgd,5000,11299.626091843822,22,64,0.0004046740287885624,0.0004046740286787809,7.684043170941028e-11,5.947021329404915e-11,0.0004046740286439849,112,2
0,learned,sgd,5000,11299.626091843822,23,0,0.00040467402844190914,0.00040467402841049097,2.1991005882975433e-11,1.701981341450667e-11,0.00040467402840053246,112,2
0,learned,sgd,5000,11299.626091843822,23,16,0.00040467402844190914,0.00040467402841049097,2.1991005882778722e-11,1.7019813414390515e-11,0.00040467402840053246,112,2
0,learned,sgd,5000,11299.626091843822,23,64,0.00040467402844190914,0.00040467402841049097,2.1991005882778722e-11,1.7019813414390515e-11,0.00040467402840053246,112,2
0,learned,sgd,5000,11299.626091843822,24,0,0.0004046740283427003,0.0004046740283337087,6.29361820272632e-12,4.870909865704035e-12,0.0004046740283308586,112,2
0,learned,sgd,5000,11299.626091843822,24,16,0.0004046740283427003,0.0004046740283337087,6.29361820271022e-12,4.870909865694534e-12,0.0004046740283308586,112,2
0,learned,sgd,5000,11299.626091843822,24,64,0.0004046740283427003,0.0004046740283337087,6.29361820271022e-12,4.870909865694534e-12,0.0004046740283308586,112,2
0,learned,sgd,6000,12529.964347562545,1,0,0.9996369299499437,0.9996369299499439,1.0,1.0,0.9327472526284694,112,2
0,learned,sgd,6000,12529.964347562545,1,16,0.9692569226955516,0.9692569226955516,0.7178424583935203,0.7178424583935202,0.9327472526284694,112,2
0,learned,sgd,6000,12529.964347562545,1,64,0.969256922541254,0.9692569225412541,0.7178424580666408,0.7178424580666409,0.9327472526284694,112,2
0,learned,sgd,6000,12529.964347562545,2,0,0.9978935110738533,0.9968519504380579,0.8900524651727958,0.8634733701495353,0.8224622209521256,112,2
0,learned,sgd,6000,12529.964347562545,2,16,0.9255049129971205,0.9081925247013651,0.659349790284652,0.6446719098573856,0.8224622209521256,112,2
0,learned,sgd,6000,12529.964347562545,2,64,0.925504912696662,0.9081925243531499,0.6593497900088456,0.6446719095937484,0.8224622209521256,112,2
0,learned,sgd,6000,12529.964347562545,3,0,0.8967080375111216,0.7855044911491786,0.6413739574227252,0.5819410967399833,0.26662488460101474,112,2
0,learned,sgd,6000,12529.964347562545,3,16,0.5468366860362491,0.3969771100044287,0.5120797506131778,0.4736081175862929,0.26662488460101474,112,2
0,learned,sgd,6000,12529.964347562545,3,64,0.5468366853963355,0.3969771094648533,0.5120797504466301,0.47360811744400516,0.26662488460101474,112,2
0,learned,sgd,6000,12529.964347562545,4,0,0.06152475330120983,0.02548451366532342,0.3231333971571938,0.26997375815956853,0.012309413364045564,112,2
0,learned,sgd,6000,12529.964347562545,4,16,0.034525812170629784,0.017054180547666324,0.28652172741232124,0.2440734671724636,0.012309413364045564,112,2
0,learned,sgd,6000,12529.964347562545,4,64,0.03452581214186443,0.01705418053763135,0.28652172735996473,0.2440734671346742,0.012309413364045564,112,2
0,learned,sgd,6000,12529.964347562545,5,0,0.002370939887235451,0.0015846593489524427,0.11732693744234089,0.09309652909227091,0.001324126795696733,112,2
0,learned,sgd,6000,12529.964347562545,5,16,0.0021757904547337146,0.0015043930773503906,0.11210014308939249,0.08981012245708847,0.001324126795696733,112,2
0,learned,sgd,6000,12529.964347562545,5,64,0.0021757904544463863,0.0015043930772286392,0.1121001430813368,0.08981012245197188,0.001324126795696733,112,2
0,learned,sgd,6000,12529.964347562545,6,0,0.0006437758542505229,0.0005658507314634319,0.03603235266098505,0.02802439922594427,0.0005409456713858055,112,2
0,learned,sgd,6000,12529.964347562545,6,16,0.0006385208538187972,0.0005631219410605604,0.03552241948124276,0.027719063664737687,0.0005409456713858055,112,2
0,learned,sgd,6000,12529.964347562545,6,64,0.0006385208538104747,0.000563121941056215,0.0355224194804316,0.027719063664250292,0.0005409456713858055,112,2
0,learned,sgd,6000,12529.964347562545,7,0,0.0004283368808864039,0.0004124914386063417,0.01042740788976787,0.008059356605801885,0.0004075229914267103,112,2
0,learned,sgd,6000,12529.964347562545,7,16,0.00042804275989557914,0.00041232524152949807,0.010384231900217426,0.008033906495667363,0.0004075229914267103,112,2
0,learned,sgd,6000,12529.964347562545,7,64,0.00042804275989510664,0.0004123252415292305,0.010384231900148042,0.008033906495626415,0.0004075229914267103,112,2
0,learned,sgd,6000,12529.964347562545,8,0,0.0003805210573072491,0.00037645620769755957,0.0029636171935119786,0.0022864143841509585,0.00037518991067753507,112,2
0,learned,sgd,6000,12529.964347562545,8,16,0.0003804999459964403,0.0003764439696654561,0.0029601182693328276,0.0022843614156764624,0.00037518991067753507,112,2
0,learned,sgd,6000,12529.964347562545,8,64,0.0003804999459964064,0.0003764439696654368,0.002960118269327187,0.0022843614156731525,0.00037518991067753507,112,2
0,learned,sgd,6000,12529.964347562545,9,0,0.00036792016980200757,0.00036680389807507163,0.0008379305152202916,0.0006461236700666911,0.0003664568258941647,112,2
0,learned,sgd,6000,12529.964347562545,9,16,0.00036791853805264954,0.0003668029451845356,0.0008376505485485342,0.0006459596173069933,0.0003664568258941647,112,2
0,learned,sgd,6000,12529.964347562545,9,64,0.00036791853805264693,0.000366802945184534,0.0008376505485480825,0.000645959617306729,0.0003664568258941647,112,2
0,learned,sgd,6000,12529.964347562545,10,0,0.0003644327365369911,0.00036412017627468317,0.00023656600164918834,0.00018238800669682754,0.0003640230486783286,112,2
0,learned,sgd,6000,12529.964347562545,10,16,0.0003644326077119137,0.0003641201008877803,0.00023654368092768585,0.00018237493223139493,0.0003640230486783286,112,2
0,learned,sgd,6000,12529.964347562545,10,64,0.0003644326077119135,0.0003641201008877803,0.0002365436809276498,0.0001823749322313739,0.0003640230486783286,112,2
0,learned,sgd,6000,12529.964347562545,11,0,0.0003634540811152964,0.0003633660804764501,6.67598435440632e-05,5.146847167166587e-05,0.0003633387387200301,112,2
0,learned,sgd,6000,12529.964347562545,11,16,0.0003634540708833855,0.00036336607448532687,6.675806581253609e-05,5.146743046658327e-05,0.0003633387387200301,112,2
0,learned,sgd,6000,12529.964347562545,11,64,0.00036345407088338546,0.00036336607448532687,6.675806581253321e-05,5.1467430466581624e-05,0.0003633387387200301,112,2
0,learned,sgd,6000,12529.964347562545,12,0,0.00036317837063023795,0.00036315355574205894,1.8837666258393927e-05,1.4522720688473632e-05,0.0003631458461106628,112,2
0,learned,sgd,6000,12529.964347562545,12,16,0.0003631783698161895,0.00036315355526532716,1.8837524712010345e-05,1.452263778819101e-05,0.0003631458461106628,112,2
0,learned,sgd,6000,12529.964347562545,12,64,0.0003631783698161895,0.00036315355526532716,1.883752471201012e-05,1.4522637788190881e-05,0.0003631458461106628,112,2
0,learned,sgd,6000,12529.964347562545,13,0,0.00036310061060316996,0.0003630936101015044,5.31525910583546e-06,4.097735237373984e-06,0.0003630914351728764,112,2
0,learned,sgd,6000,12529.964347562545,13,16,0.0003631006105383735,0.0003630936100635557,5.3152478365596345e-06,4.09772863728775e-06,0.0003630914351728764,112,2
0,learned,sgd,6000,12529.964347562545,13,64,0.0003631006105383735,0.0003630936100635557,5.315247836559616e-06,4.097728637287742e-06,0.0003630914351728764,112,2
0,learned,sgd,6000,12529.964347562545,14,0,0.00036307867271254037,0.00036307669756421667,1.4997459771197428e-06,1.156210091859198e-06,0.00036307608392370397,112,2
0,learned,sgd,6000,12529.964347562545,14,16,0.00036307867270738206,0.00036307669756119586,1.4997450799321508e-06,1.1562095664038268e-06,0.00036307608392370397,112,2
0,learned,sgd,6000,12529.964347562545,14,64,0.00036307867270738206,0.00036307669756119586,1.4997450799321496e-06,1.1562095664038268e-06,0.00036307608392370397,112,2
0,learned,sgd,6000,12529.964347562545,15,0,0.0003630724829851863,0.0003630719256898343,4.231650789349578e-07,3.262336514266406e-07,0.00036307175254908335,112,2
0,learned,sgd,6000,12529.964347562545,15,16,0.0003630724829847755,0.0003630719256895939,4.2316500750708897e-07,3.262336095935474e-07,0.00036307175254908335,112,2
0,learned,sgd,6000,12529.964347562545,15,64,0.0003630724829847755,0.0003630719256895939,4.231650075070889e-07,3.262336095935474e-07,0.00036307175254908335,112,2
0,learned,sgd,6000,12529.964347562545,16,0,0.0003630707365239628,0.00036307057927948463,1.1939925357435397e-07,9.204930540012472e-08,0.0003630705304267187,112,2
0,learned,sgd,6000,12529.964347562545,16,16,0.00036307073652393007,0.0003630705792794656,1.1939924788777165e-07,9.204930206966992e-08,0.0003630705304267187,112,2
0,learned,sgd,6000,12529.964347562545,16,64,0.00036307073652393007,0.0003630705792794656,1.1939924788777162e-07,9.204930206966992e-08,0.0003630705304267187,112,2
0,learned,sgd,6000,12529.964347562545,17,0,0.0003630702437481129,0.0003630701993804458,3.368940268924475e-08,2.5972407357957268e-08,0.0003630701855962854,112,2
0,learned,sgd,6000,12529.964347562545,17,16,0.0003630702437481103,0.0003630701993804445,3.368940223651947e-08,2.597240709281014e-08,0.0003630701855962854,112,2
0,learned,sgd,6000,12529.964347562545,17,64,0.0003630702437481103,0.0003630701993804445,3.368940223651947e-08,2.597240709281014e-08,0.0003630701855962854,112,2
0,learned,sgd,6000,12529.964347562545,18,0,0.0003630701047077983,0.0003630700921891303,9.505719274281741e-09,7.328310746356801e-09,0.0003630700882998269,112,2
0,learned,sgd,6000,12529.964347562545,18,16,0.00036307010470779805,0.0003630700921891303,9.505719238238976e-09,7.3283107252476725e-09,0.0003630700882998269,112,2
0,learned,sgd,6000,12529.964347562545,18,64,0.00036307010470779805,0.0003630700921891303,9.505719238238976e-09,7.3283107252476725e-09,0.0003630700882998269,112,2
0,learned,sgd,6000,12529.964347562545,19,0,0.00036307006547653354,0.0003630700619442972,2.682110402436347e-09,2.0677381569177396e-09,0.00036307006084690104,112,2
0,learned,sgd,6000,12529.964347562545,19,16,0.00036307006547653354,0.0003630700619442972,2.682110399566879e-09,2.0677381552371836e-09,0.00036307006084690104,112,2
0,learned,sgd,6000,12529.964347562545,19,64,0.00036307006547653354,0.0003630700619442972,2.682110399566879e-09,2.0677381552371836e-09,0.00036307006084690104,112,2
0,learned,sgd,6000,12529.964347562545,20,0,0.0003630700544071369,0.00036307005341048996,7.567776797541964e-10,5.834279165299265e-10,0.0003630700531008513,112,2
0,learned,sgd,6000,12529.964347562545,20,16,0.0003630700544071369,0.00036307005341048996,7.567776795257503e-10,5.834279163961323e-10,0.0003630700531008513,112,2
0,learned,sgd,6000,12529.964347562545,20,64,0.0003630700544071369,0.00036307005341048996,7.567776795257503e-10,5.834279163961323e-10,0.0003630700531008513,112,2
0,learned,sgd,6000,12529.964347562545,21,0,0.00036307005128382333,0.00036307005100261175,2.135305300216392e-10,1.646185868880468e-10,0.00036307005091524474,112,2
0,learned,sgd,6000,12529.964347562545,21,16,0.00036307005128382333,0.00036307005100261175,2.1353053000345166e-10,1.6461858687739507e-10,0.00036307005091524474,112,2
0,learned,sgd,6000,12529.964347562545,21,64,0.00036307005128382333,0.00036307005100261175,2.1353053000345166e-10,1.6461858687739507e-10,0.00036307005091524474,112,2
0,learned,sgd,6000,12529.964347562545,22,0,0.00036307005040255675,0.0003630700503232109,6.02492494875626e-11,4.6448375838022156e-11,0.00036307005029855954,112,2
0,learned,sgd,6000,12529.964347562545,22,16,0.00036307005040255675,0.0003630700503232109,6.024924948611459e-11,4.644837583717412e-11,0.00036307005029855954,112,2
0,learned,sgd,6000,12529.964347562545,22,64,0.00036307005040255675,0.0003630700503232109,6.024924948611459e-11,4.644837583717412e-11,0.00036307005029855954,112,2
0,learned,sgd,6000,12529.964347562545,23,0,0.00036307005015390073,0.0003630700501315125,1.6999780139451344e-11,1.3105759553663053e-11,0.0003630700501245574,112,2
0,learned,sgd,6000,12529.964347562545,23,16,0.00036307005015390073,0.0003630700501315125,1.6999780139336052e-11,1.3105759553595541e-11,0.0003630700501245574,112,2
0,learned,sgd,6000,12529.964347562545,23,64,0.00036307005015390073,0.0003630700501315125,1.6999780139336052e-11,1.3105759553595541e-11,0.0003630700501245574,112,2
0,learned,sgd,6000,12529.964347562545,24,0,0.00036307005008374065,0.00036307005007742344,4.796616177611705e-12,3.697888900863817e-12,0.0003630700500754613,112,2
0,learned,sgd,6000,12529.964347562545,24,16,0.00036307005008374065,0.00036307005007742344,4.7966161776025336e-12,3.697888900858443e-12,0.0003630700500754613,112,2
0,learned,sgd,6000,12529.964347562545,24,64,0.00036307005008374065,0.00036307005007742344,4.7966161776025336e-12,3.697888900858443e-12,0.0003630700500754613,112,2
0,learned,sgd,7000,13634.677401213725,1,0,0.999667248851723,0.999667248851723,1.0,1.0,0.9386001088215918,112,2
0,learned,sgd,7000,13634.677401213725,1,16,0.9717933281710851,0.9717933281710853,0.721009028724814,0.721009028724814,0.9386001088215918,112,2
0,learned,sgd,7000,13634.677401213725,1,64,0.9717933280521143,0.9717933280521143,0.7210090284538114,0.7210090284538114,0.9386001088215918,112,2
0,learned,sgd,7000,13634.677401213725,2,0,0.998113361635023,0.9971775514952895,0.8927028618489559,0.8663513473306541,0.8361123410468962,112,2
0,learned,sgd,7000,13634.677401213725,2,16,0.9317263187284544,0.9155806346836085,0.663486430533675,0.6488403008629059,0.8361123410468962,112,2
0,learned,sgd,7000,13634.677401213725,2,64,0.931726318495226,0.9155806344119343,0.6634864303041664,0.6488403006434397,0.8361123410468962,112,2
0,learned,sgd,7000,13634.677401213725,3,0,0.9046384312396523,0.7980079354443994,0.6456462854397439,0.5857846769948312,0.2779220030140714,112,2
0,learned,sgd,7000,13634.677401213725,3,16,0.5641589320894214,0.41103722260275144,0.5164284520170774,0.4775418979207779,0.2779220030140714,112,2
0,learned,sgd,7000,13634.677401213725,3,64,0.5641589315536456,0.41103722214183086,0.5164284518778747,0.4775418978018963,0.2779220030140714,112,2
0,learned,sgd,7000,13634.677401213725,4,0,0.061721271249305064,0.024940777176456447,0.32502785086247676,0.2710980566884599,0.011991505132154577,112,2
0,learned,sgd,7000,13634.677401213725,4,16,0.034445650010540445,0.016655697553345946,0.2885180882227291,0.24535979295706453,0.011991505132154577,112,2
0,learned,sgd,7000,13634.677401213725,4,64,0.03444564998632508,0.016655697545113875,0.28851808817909674,0.24535979292568122,0.011991505132154577,112,2
0,learned,sgd,7000,13634.677401213725,5,0,0.0022125252542849905,0.0014661045754617568,0.1171146264410124,0.09266632902740085,0.0012254503119932968,112,2
0,learned,sgd,7000,13634.677401213725,5,16,0.002031433118827269,0.0013927904258562009,0.11198252430981091,0.08945862975047687,0.0012254503119932968,112,2
0,learned,sgd,7000,13634.677401213725,5,64,0.002031433118604474,0.00139279042576327,0.11198252430320295,0.08945862974630495,0.0012254503119932968,112,2
0,learned,sgd,7000,13634.677401213725,6,0,0.0005894857854600204,0.0005175051033939831,0.035579296431417565,0.027586244517424075,0.0004949548248663684,112,2
0,learned,sgd,7000,13634.677401213725,6,16,0.0005848105711449097,0.000515097174527916,0.03508949321297948,0.027294888925134715,0.0004949548248663684,112,2
0,learned,sgd,7000,13634.677401213725,6,64,0.0005848105711387256,0.0005150971745247139,0.03508949321232881,0.027294888924746335,0.0004949548248663684,112,2
0,learned,sgd,7000,13634.677401213725,7,0,0.00039172475010999943,0.00037726977660774345,0.01017923635333355,0.007843003994562846,0.00037281415350485706,112,2
0,learned,sgd,7000,13634.677401213725,7,16,0.00039146947740385736,0.0003771264765812999,0.010138711319564135,0.007819273963231253,0.00037281415350485706,112,2
0,learned,sgd,7000,13634.677401213725,7,64,0.00039146947740351497,0.00037712647658110735,0.01013871131950976,0.007819273963199385,0.00037281415350485706,112,2
0,learned,sgd,7000,13634.677401213725,8,0,0.00034834862420285337,0.00034467929912394645,0.002860258962009751,0.0021998249516217883,0.00034355451046640096,112,2
0,learned,sgd,7000,13634.677401213725,8,16,0.0003483306996921789,0.0003446689748994896,0.002857049291836338,0.0021979540275020447,0.00034355451046640096,112,2
0,learned,sgd,7000,13634.677401213725,8,64,0.0003483306996921549,0.00034466897489947556,0.002857049291832018,0.0021979540274995263,0.00034355451046640096,112,2
0,learned,sgd,7000,13634.677401213725,9,0,0.0003370386661262179,0.00033604179843602593,0.0007995846864359235,0.0006146480328909675,0.00033573671985881427,112,2
0,learned,sgd,7000,13634.677401213725,9,16,0.00033703731092731725,0.00033604101213603727,0.000799333635633302,0.0006145018827765788,0.00033573671985881427,112,2
0,learned,sgd,7000,13634.677401213725,9,64,0.00033703731092731535,0.0003360410121360364,0.000799333635632964,0.0006145018827763819,0.00033573671985881427,112,2
0,learned,sgd,7000,13634.677401213725,10,0,0.00033394239687273644,0.00033366633841256163,0.00022320163457240677,0.000171552742979437,0.0003335818934298387,112,2
0,learned,sgd,7000,13634.677401213725,10,16,0.00033394229224424963,0.0003336662775814636,0.00022318206710492035,0.0001715413558056066,0.0003335818934298387,112,2
0,learned,sgd,7000,13634.677401213725,10,64,0.0003339422922442495,0.0003336662775814636,0.00022318206710489403,0.00017154135580559133,0.0003335818934298387,112,2
0,learned,sgd,7000,13634.677401213725,11,0,0.00033308311330414896,0.00033300625506324397,6.22809561089753e-05,4.786723398315738e-05,0.0003329827475444566,112,2
0,learned,sgd,7000,13634.677401213725,11,16,0.0003330831051787708,0.0003330062503364346,6.227943247602171e-05,4.786634740287848e-05,0.0003329827475444566,112,2
0,learned,sgd,7000,13634.677401213725,11,64,0.0003330831051787708,0.0003330062503364346,6.227943247601965e-05,4.78663474028773e-05,0.0003329827475444566,112,2
0,learned,sgd,7000,13634.677401213725,12,0,0.00033284373376963006,0.000332822303420912,1.737658080118789e-05,1.3354959534115154e-05,0.000332815749067962,112,2
0,learned,sgd,7000,13634.677401213725,12,16,0.0003328437331375843,0.00033282230305317043,1.7376462195144788e-05,1.3354890520885099e-05,0.000332815749067962,112,2
0,learned,sgd,7000,13634.677401213725,12,64,0.0003328437331375843,0.00033282230305317043,1.7376462195144632e-05,1.3354890520885004e-05,0.000332815749067962,112,2
0,learned,sgd,7000,13634.677401213725,13,0,0.0003327769764782694,0.0003327709985698291,4.847968034241514e-06,3.725946872440109e-06,0.0003327691702783068,112,2
0,learned,sgd,7000,13634.677401213725,13,16,0.0003327769764290822,0.0003327709985412095,4.847958802152248e-06,3.7259415006116467e-06,0.0003327691702783068,112,2
0,learned,sgd,7000,13634.677401213725,13,64,0.0003327769764290822,0.0003327709985412095,4.847958802152235e-06,3.72594150061164e-06,0.0003327691702783068,112,2
0,learned,sgd,7000,13634.677401213725,14,0,0.00033275835393178465,0.00033275668622443494,1.3525438945132538e-06,1.039508163858274e-06,0.0003327561761720276,112,2
0,learned,sgd,7000,13634.677401213725,14,16,0.00033275835392795633,0.00033275668622220723,1.352543175918757e-06,1.0395077457342899e-06,0.0003327561761720276,112,2
0,learned,sgd,7000,13634.677401213725,14,64,0.00033275835392795633,0.00033275668622220723,1.3525431759187565e-06,1.0395077457342899e-06,0.0003327561761720276,112,2
0,learned,sgd,7000,13634.677401213725,15,0,0.00033275315857562326,0.00033275269330617724,3.7734789188296414e-07,2.900135969618786e-07,0.00033275255100806135,112,2
0,learned,sgd,7000,13634.677401213725,15,16,0.0003327531585753254,0.0003327526933060041,3.7734783595034096e-07,2.900135644167411e-07,0.00033275255100806135,112,2
0,learned,sgd,7000,13634.677401213725,15,64,0.0003327531585753254,0.0003327526933060041,3.7734783595034096e-07,2.9001356441674063e-07,0.00033275255100806135,112,2
0,learned,sgd,7000,13634.677401213725,16,0,0.00033275170913109445,0.000332751579325575,1.0527668273097734e-07,8.091119108744033e-08,0.0003327515396258331,112,2
0,learned,sgd,7000,13634.677401213725,16,16,0.00033275170913107125,0.0003327515793255615,1.0527667837740503e-07,8.091118855425705e-08,0.0003327515396258331,112,2
0,learned,sgd,7000,13634.677401213725,16,64,0.00033275170913107125,0.0003327515793255615,1.0527667837740503e-07,8.091118855425705e-08,0.0003327515396258331,112,2
0,learned,sgd,7000,13634.677401213725,17,0,0.0003327513047501639,0.0003327512685356315,2.937124615728578e-08,2.2573493048771252e-08,0.0003327512574597731,112,2
0,learned,sgd,7000,13634.677401213725,17,16,0.0003327513047501621,0.00033275126853563036,2.937124581842123e-08,2.2573492851598443e-08,0.0003327512574597731,112,2
0,learned,sgd,7000,13634.677401213725,17,64,0.0003327513047501621,0.00033275126853563036,2.937124581842123e-08,2.2573492851598443e-08,0.0003327512574597731,112,2
0,learned,sgd,7000,13634.677401213725,18,0,0.0003327511919316135,0.0003327511818280887,8.194312669147759e-09,6.297800853254192e-09,0.0003327511787380256,112,2
0,learned,sgd,7000,13634.677401213725,18,16,0.0003327511919316134,0.0003327511818280887,8.194312642771907e-09,6.297800837907044e-09,0.0003327511787380256,112,2
0,learned,sgd,7000,13634.677401213725,18,64,0.0003327511919316134,0.0003327511818280887,8.194312642771907e-09,6.297800837907044e-09,0.0003327511787380256,112,2
0,learned,sgd,7000,13634.677401213725,19,0,0.00033275116045626264,0.00033275115763747073,2.2861392658111218e-09,1.7570295861561239e-09,0.0003327511567753709,112,2
0,learned,sgd,7000,13634.677401213725,19,16,0.00033275116045626264,0.00033275115763747073,2.2861392637581323e-09,1.7570295849615684e-09,0.0003327511567753709,112,2
0,learned,sgd,7000,13634.677401213725,19,64,0.00033275116045626264,0.00033275115763747073,2.2861392637581323e-09,1.7570295849615684e-09,0.0003327511567753709,112,2
0,learned,sgd,7000,13634.677401213725,20,0,0.0003327511516749244,0.0003327511508885069,6.378122158775922e-10,4.901953918610478e-10,0.0003327511506479889,112,2
0,learned,sgd,7000,13634.677401213725,20,16,0.0003327511516749244,0.0003327511508885069,6.378122157177961e-10,4.901953917680678e-10,0.0003327511506479889,112,2
0,learned,sgd,7000,13634.677401213725,20,64,0.0003327511516749244,0.0003327511508885069,6.378122157177961e-10,4.901953917680678e-10,0.0003327511506479889,112,2
0,learned,sgd,7000,13634.677401213725,21,0,0.0003327511492250104,0.0003327511490056071,1.7794384985103542e-10,1.3676008866823028e-10,0.00033275114893850465,112,2
0,learned,sgd,7000,13634.677401213725,21,16,0.0003327511492250104,0.0003327511490056071,1.7794384983859754e-10,1.367600886609928e-10,0.00033275114893850465,112,2
0,learned,sgd,7000,13634.677401213725,21,64,0.0003327511492250104,0.0003327511490056071,1.7794384983859754e-10,1.367600886609928e-10,0.00033275114893850465,112,2
0,learned,sgd,7000,13634.677401213725,22,0,0.0003327511485415065,0.00033275114848029463,4.9644727556783294e-11,3.815483000983018e-11,0.0003327511484615741,112,2
0,learned,sgd,7000,13634.677401213725,22,16,0.0003327511485415065,0.00033275114848029463,4.964472755581523e-11,3.815483000926696e-11,0.0003327511484615741,112,2
0,learned,sgd,7000,13634.677401213725,22,64,0.0003327511485415065,0.00033275114848029463,4.964472755581523e-11,3.815483000926696e-11,0.0003327511484615741,112,2
0,learned,sgd,7000,13634.677401213725,23,0,0.0003327511483508151,0.0003327511483337378,1.3850430773693383e-11,1.0644853093897577e-11,0.00033275114832851435,112,2
0,learned,sgd,7000,13634.677401213725,23,16,0.0003327511483508151,0.0003327511483337378,1.3850430773618017e-11,1.0644853093853709e-11,0.00033275114832851435,112,2
0,learned,sgd,7000,13634.677401213725,23,64,0.0003327511483508151,0.0003327511483337378,1.3850430773618017e-11,1.0644853093853709e-11,0.00033275114832851435,112,2
0,learned,sgd,7000,13634.677401213725,24,0,0.0003327511482976138,0.00033275114829284957,3.864145137923353e-12,2.9698179066543735e-12,0.00033275114829139246,112,2
0,learned,sgd,7000,13634.677401213725,24,16,0.0003327511482976138,0.00033275114829284957,3.8641451379174886e-12,2.969817906650966e-12,0.00033275114829139246,112,2
0,learned,sgd,7000,13634.677401213725,24,64,0.0003327511482976138,0.00033275114829284957,3.8641451379174886e-12,2.969817906650966e-12,0.00033275114829139246,112,2
0,learned,sgd,8000,14640.148099390584,1,0,0.9996905251904169,0.999690525190417,1.0,1.0,0.9430957384510631,112,2
0,learned,sgd,8000,14640.148099390584,1,16,0.9737479532142703,0.9737479532142702,0.7235930382044622,0.7235930382044623,0.9430957384510631,112,2
0,learned,sgd,8000,14640.148099390584,1,64,0.9737479531183534,0.9737479531183533,0.7235930379722814,0.7235930379722812,0.9430957384510631,112,2
0,learned,sgd,8000,14640.148099390584,2,0,0.9982779917662459,0.9974218166554515,0.8948395582707229,0.8686788114508894,0.846821891257526,112,2
0,learned,sgd,8000,14640.148099390584,2,16,0.9365334133122823,0.9213172953253285,0.6668620355651432,0.6522451957040543,0.846821891257526,112,2
0,learned,sgd,8000,14640.148099390584,2,64,0.9365334131233146,0.9213172951043209,0.6668620353679228,0.6522451955154029,0.846821891257526,112,2
0,learned,sgd,8000,14640.148099390584,3,0,0.9108179800983578,0.8080099656784561,0.6491328832569317,0.5889277995622185,0.28761469416063556,112,2
0,learned,sgd,8000,14640.148099390584,3,16,0.5785091170297915,0.4229300505378091,0.5199944742808412,0.4807707787737044,0.28761469416063556,112,2
0,learned,sgd,8000,14640.148099390584,3,64,0.578509116567962,0.42293005013354046,0.5199944741607885,0.4807707786712066,0.28761469416063556,112,2
0,learned,sgd,8000,14640.148099390584,4,0,0.06189120543647111,0.02449525633664007,0.32657323578730385,0.2720094275157301,0.011732865456591642,112,2
0,learned,sgd,8000,14640.148099390584,4,16,0.03438472043106324,0.016330805918175435,0.2901511061474474,0.24640644193849748,0.011732865456591642,112,2
0,learned,sgd,8000,14640.148099390584,4,64,0.034384720410051854,0.016330805911185742,0.29015110610990724,0.24640644191157335,0.011732865456591642,112,2
0,learned,sgd,8000,14640.148099390584,5,0,0.0020884693151164953,0.001374043977734614,0.11692913945714503,0.09230460221183544,0.00114880409682077,112,2
0,learned,sgd,8000,14640.148099390584,5,16,0.0019183419689286381,0.0013060675581107574,0.11187451184909812,0.08916082311692057,0.00114880409682077,112,2
0,learned,sgd,8000,14640.148099390584,5,64,0.0019183419687481436,0.0013060675580364473,0.11187451184348672,0.08916082311339538,0.00114880409682077,112,2
0,learned,sgd,8000,14640.148099390584,6,0,0.0005478060286056057,0.0004804461610583378,0.035206200134588125,0.027227218661486915,0.0004596834817341962,112,2
0,learned,sgd,8000,14640.148099390584,6,16,0.0005435641450617266,0.00047827605891000754,0.03473247597494584,0.02694695450036337,0.0004596834817341962,112,2
0,learned,sgd,8000,14640.148099390584,6,64,0.00054356414505689,0.00047827605890751984,0.0347324759744034,0.02694695450004137,0.0004596834817341962,112,2
0,learned,sgd,8000,14640.148099390584,7,0,0.0003636780558770843,0.00035028885424777097,0.00997792968238966,0.00766814772394938,0.0003462187404108392,112,2
0,learned,sgd,8000,14640.148099390584,7,16,0.00036345110839342535,0.000350162141679677,0.00993947434726737,0.007645751991279892,0.0003462187404108392,112,2
0,learned,sgd,8000,14640.148099390584,7,64,0.000363451108393163,0.00035016214167953025,0.009939474347222902,0.007645751991253968,0.0003462187404108392,112,2
0,learned,sgd,8000,14640.148099390584,8,0,0.0003236825297650595,0.0003203130684332423,0.0027774407643133526,0.0021306694196444693,0.00031929368250681496,112,2
0,learned,sgd,8000,14640.148099390584,8,16,0.0003236668800764059,0.0003203041019600916,0.002774452034278616,0.0021289366795900497,0.00031929368250681496,112,2
0,learned,sgd,8000,14640.148099390584,8,64,0.0003236668800763878,0.0003203041019600808,0.002774452034275151,0.0021289366795880405,0.00031929368250681496,112,2
0,learned,sgd,8000,14640.148099390584,9,0,0.00031334501660111076,0.0003124377039787275,0.0007692052562023163,0.0005897886846709511,0.00031216359300954854,112,2
0,learned,sgd,8000,14640.148099390584,9,16,0.0003133438547230421,0.00031243703342174957,0.0007689758257635746,0.0005896558383178532,0.00031216359300954854,112,2
0,learned,sgd,8000,14640.148099390584,9,64,0.00031334385472304077,0.0003124370334217491,0.0007689758257633083,0.0005896558383176993,0.00031216359300954854,112,2
0,learned,sgd,8000,14640.148099390584,10,0,0.00031054026065985497,0.0003102912826216071,0.00021272867912627488,0.00016308728217414523,0.00031021609273314564,112,2
0,learned,sgd,8000,14640.148099390584,10,16,0.00031054017259380854,0.00031029123169306044,0.0002127111273494229,0.00016307712278178474,0.00031021609273314564,112,2
0,learned,sgd,8000,14640.148099390584,10,64,0.00031054017259380843,0.00031029123169306044,0.00021271112734940254,0.00016307712278177286,0.00031021609273314564,112,2
0,learned,sgd,8000,14640.148099390584,11,0,0.00030976898004803153,0.0003097002984779227,5.8808479510165024e-05,4.5083473424881886e-05,0.0003096795593201961,112,2
0,learned,sgd,8000,14640.148099390584,11,16,0.00030976897333448466,0.0003097002945933105,5.880713805164745e-05,4.508269703144496e-05,0.0003096795593201961,112,2
0,learned,sgd,8000,14640.148099390584,11,64,0.00030976897333448466,0.0003097002945933105,5.880713805164589e-05,4.508269703144408e-05,0.0003096795593201961,112,2
0,learned,sgd,8000,14640.148099390584,12,0,0.0003095560953368714,0.0003095371217809353,1.6255744976730915e-05,1.2461768994985477e-05,0.000309531392679843,112,2
0,learned,sgd,8000,14640.148099390584,12,16,0.00030955609482426254,0.00030953712148428224,1.6255642477894165e-05,1.2461709673512933e-05,0.000309531392679843,112,2
0,learned,sgd,8000,14640.148099390584,12,64,0.00030955609482426254,0.00030953712148428224,1.6255642477894046e-05,1.2461709673512865e-05,0.000309531392679843,112,2
0,learned,sgd,8000,14640.148099390584,13,0,0.0003094972756208389,0.0003094920320004734,4.493252414389411e-06,3.444548977245147e-06,0.0003094904486926402,112,2
0,learned,sgd,8000,14640.148099390584,13,16,0.0003094972755816818,0.0003094920319778113,4.493244583177415e-06,3.4445444449440433e-06,0.0003094904486926402,112,2
0,learned,sgd,8000,14640.148099390584,13,64,0.0003094972755816818,0.0003094920319778113,4.493244583177406e-06,3.444544444944037e-06,0.0003094904486926402,112,2
0,learned,sgd,8000,14640.148099390584,14,0,0.00030948101920627504,0.00030947956989441316,1.2419701711870827e-06,9.52099554467677e-07,0.0003094791322766309,112,2
0,learned,sgd,8000,14640.148099390584,14,16,0.0003094810192032835,0.0003094795698926815,1.2419695728715498e-06,9.520992081942514e-07,0.0003094791322766309,112,2
0,learned,sgd,8000,14640.148099390584,14,64,0.0003094810192032835,0.0003094795698926815,1.2419695728715491e-06,9.520992081942514e-07,0.0003094791322766309,112,2
0,learned,sgd,8000,14640.148099390584,15,0,0.0003094765259549086,0.00030947612535970416,3.4328950156929766e-07,2.6316711623960615e-07,0.00030947600440059403,112,2
0,learned,sgd,8000,14640.148099390584,15,16,0.0003094765259546801,0.00030947612535957167,3.4328945585740993e-07,2.63167089783995e-07,0.00030947600440059403,112,2
0,learned,sgd,8000,14640.148099390584,15,64,0.0003094765259546801,0.00030947612535957167,3.432894558574098e-07,2.63167089783995e-07,0.00030947600440059403,112,2
0,learned,sgd,8000,14640.148099390584,16,0,0.00030947528399924716,0.00030947517327230143,9.488763111620155e-08,7.274123615780602e-08,0.00030947513983847535,112,2
0,learned,sgd,8000,14640.148099390584,16,16,0.0003094752839992297,0.00030947517327229156,9.488762762377431e-08,7.274123413657497e-08,0.00030947513983847535,112,2
0,learned,sgd,8000,14640.148099390584,16,64,0.0003094752839992297,0.00030947517327229156,9.488762762377431e-08,7.274123413657497e-08,0.00030947513983847535,112,2
0,learned,sgd,8000,14640.148099390584,17,0,0.00030947494071484257,0.0003094749101091714,2.6227603599759715e-08,2.010618509773564e-08,0.0003094749008678377,112,2
0,learned,sgd,8000,14640.148099390584,17,16,0.00030947494071484127,0.00030947491010917033,2.6227603332935406e-08,2.0106184943311917e-08,0.0003094749008678377,112,2
0,learned,sgd,8000,14640.148099390584,17,64,0.00030947494071484127,0.00030947491010917033,2.6227603332935406e-08,2.0106184943311917e-08,0.0003094749008678377,112,2
0,learned,sgd,8000,14640.148099390584,18,0,0.0003094748458287033,0.00030947483736908484,7.2494923658960356e-09,5.557489617020177e-09,0.00030947483481471655,112,2
0,learned,sgd,8000,14640.148099390584,18,16,0.00030947484582870326,0.00030947483736908484,7.249492345510442e-09,5.557489605222088e-09,0.00030947483481471655,112,2
0,learned,sgd,8000,14640.148099390584,18,64,0.00030947484582870326,0.00030947483736908484,7.249492345510442e-09,5.557489605222088e-09,0.00030947483481471655,112,2
0,learned,sgd,8000,14640.148099390584,19,0,0.00030947481960151845,0.00030947481726322136,2.0038101713090845e-09,1.5361288273619735e-09,0.000309474816557176,112,2
0,learned,sgd,8000,14640.148099390584,19,16,0.00030947481960151845,0.00030947481726322136,2.0038101697516085e-09,1.5361288264605925e-09,0.000309474816557176,112,2
0,learned,sgd,8000,14640.148099390584,19,64,0.00030947481960151845,0.00030947481726322136,2.0038101697516085e-09,1.5361288264605925e-09,0.000309474816557176,112,2
0,learned,sgd,8000,14640.148099390584,20,0,0.00030947481235214227,0.0003094748117058204,5.538670827117325e-10,4.2459670289904207e-10,0.00030947481151066456,112,2
0,learned,sgd,8000,14640.148099390584,20,16,0.00030947481235214227,0.0003094748117058204,5.538670825927401e-10,4.245967028301758e-10,0.00030947481151066456,112,2
0,learned,sgd,8000,14640.148099390584,20,64,0.00030947481235214227,0.0003094748117058204,5.538670825927401e-10,4.245967028301758e-10,0.00030947481151066456,112,2
0,learned,sgd,8000,14640.148099390584,21,0,0.0003094748103483643,0.00030947481016971643,1.530927177590936e-10,1.1736148476928653e-10,0.00030947481011577417,112,2
0,learned,sgd,8000,14640.148099390584,21,16,0.0003094748103483643,0.00030947481016971643,1.5309271775000254e-10,1.17361484764025e-10,0.00030947481011577417,112,2
0,learned,sgd,8000,14640.148099390584,21,64,0.0003094748103483643,0.00030947481016971643,1.5309271775000254e-10,1.17361484764025e-10,0.00030947481011577417,112,2
0,learned,sgd,8000,14640.148099390584,22,0,0.00030947480979450604,0.00030947480974512654,4.2315893028910676e-11,3.2439531466736726e-11,0.0003094748097302168,112,2
0,learned,sgd,8000,14640.148099390584,22,16,0.00030947480979450604,0.00030947480974512654,4.231589302821606e-11,3.243953146633474e-11,0.0003094748097302168,112,2
0,learned,sgd,8000,14640.148099390584,22,64,0.00030947480979450604,0.00030947480974512654,4.231589302821606e-11,3.243953146633474e-11,0.0003094748097302168,112,2
0,learned,sgd,8000,14640.148099390584,23,0,0.00030947480964141577,0.00030947480962776697,1.169640743795894e-11,8.96651234252161e-12,0.00030947480962364575,112,2
0,learned,sgd,8000,14640.148099390584,23,16,0.00030947480964141577,0.00030947480962776697,1.1696407437905894e-11,8.9665123424909e-12,0.00030947480962364575,112,2
0,learned,sgd,8000,14640.148099390584,23,64,0.00030947480964141577,0.00030947480962776697,1.1696407437905894e-11,8.9665123424909e-12,0.00030947480962364575,112,2
0,learned,sgd,8000,14640.148099390584,24,0,0.0003094748095991006,0.0003094748095953282,3.232968446591229e-12,2.478406436595603e-12,0.00030947480959418896,112,2
0,learned,sgd,8000,14640.148099390584,24,16,0.0003094748095991006,0.0003094748095953282,3.2329684465871695e-12,2.478406436593252e-12,0.00030947480959418896,112,2
0,learned,sgd,8000,14640.148099390584,24,64,0.0003094748095991006,0.0003094748095953282,3.2329684465871695e-12,2.478406436593252e-12,0.00030947480959418896,112,2
0,learned,sgd,9000,15564.976118559222,1,0,0.9997090812120266,0.9997090812120266,1.0,1.0,0.9466788036205356,112,2
0,learned,sgd,9000,15564.976118559222,1,16,0.975310534613216,0.9753105346132159,0.7257614866456149,0.725761486645615,0.9466788036205356,112,2
0,learned,sgd,9000,15564.976118559222,1,64,0.9753105345333424,0.9753105345333424,0.7257614864419212,0.7257614864419213,0.9466788036205356,112,2
0,learned,sgd,9000,15564.976118559222,2,0,0.9984065623504669,0.9976128534613578,0.8966147521113333,0.8706175690771221,0.8555011698079289,112,2
0,learned,sgd,9000,15564.976118559222,2,16,0.9403830991398774,0.9259296289219489,0.6696947920812782,0.6551049011064312,0.8555011698079289,112,2
0,learned,sgd,9000,15564.976118559222,2,64,0.9403830989819179,0.9259296287365938,0.6696947919078239,0.6551049009404681,0.8555011698079289,112,2
0,learned,sgd,9000,15564.976118559222,3,0,0.9158019877968037,0.8162534415885082,0.652059367244013,0.5915705819842753,0.2960910933146248,112,2
0,learned,sgd,9000,15564.976118559222,3,16,0.5906838352990421,0.4332038208055784,0.5229994135485326,0.4834938811217584,0.2960910933146248,112,2
0,learned,sgd,9000,15564.976118559222,3,64,0.590683834892378,0.43320382044411765,0.5229994134426245,0.4834938810313577,0.2960910933146248,112,2
0,learned,sgd,9000,15564.976118559222,4,0,0.06204107480375264,0.02412025703554625,0.32787019704984416,0.2727703511148134,0.011516409450234199,112,2
0,learned,sgd,9000,15564.976118559222,4,16,0.03433693204800921,0.016058417075420314,0.2915246212689831,0.2472829335193638,0.011516409450234199,112,2
0,learned,sgd,9000,15564.976118559222,4,64,0.03433693202937544,0.016058417069335876,0.29152462123593237,0.2472829334957167,0.011516409450234199,112,2
0,learned,sgd,9000,15564.976118559222,5,0,0.0019879378774491476,0.0012999660769885564,0.11676515454184778,0.09199378959944524,0.0010871141189646176,112,2
0,learned,sgd,9000,15564.976118559222,5,16,0.001826664393587727,0.0012362433057882696,0.11177564583575668,0.0889034125558517,0.0010871141189646176,112,2
0,learned,sgd,9000,15564.976118559222,5,64,0.0018266643934367836,0.0012362433057268136,0.11177564583087088,0.08890341255279516,0.0010871141189646176,112,2
0,learned,sgd,9000,15564.976118559222,6,0,0.0005145823795993469,0.0004509428319881502,0.03489088640290862,0.026925022082397002,0.0004315917129434294,112,2
0,learned,sgd,9000,15564.976118559222,6,16,0.0005106781761665207,0.0004489567880404085,0.03443041177467584,0.02665384655768541,0.0004315917129434294,112,2
0,learned,sgd,9000,15564.976118559222,6,64,0.0005106781761625947,0.0004489567880384005,0.03443041177421089,0.02665384655741067,0.0004315917129434294,112,2
0,learned,sgd,9000,15564.976118559222,7,0,0.00034136000147916686,0.0003288189757264494,0.009809894852383315,0.00752262937649153,0.0003250508130766485,112,2
0,learned,sgd,9000,15564.976118559222,7,16,0.0003411546780139723,0.000328704858747297,0.009773112960364571,0.007501306729470224,0.0003250508130766485,112,2
0,learned,sgd,9000,15564.976118559222,7,64,0.000341154678013763,0.0003287048587471802,0.009773112960327072,0.007501306729448463,0.0003250508130766485,112,2
0,learned,sgd,9000,15564.976118559222,8,0,0.00030404041736657543,0.00030090743868391303,0.0027090088973857796,0.002073680892239732,0.0002999699777043387,112,2
0,learned,sgd,9000,15564.976118559222,8,16,0.0003040264739506538,0.0003008994854244672,0.0027061955826601794,0.0020720572953383002,0.0002999699777043387,112,2
0,learned,sgd,9000,15564.976118559222,8,64,0.0003040264739506395,0.00030089948542445864,0.0027061955826573037,0.0020720572953366405,0.0002999699777043387,112,2
0,learned,sgd,9000,15564.976118559222,9,0,0.0002944657839484439,0.0002936284664611757,0.0007443380606788565,0.0005694921517150292,0.00029337822489883893,112,2
0,learned,sgd,9000,15564.976118559222,9,16,0.00029446476456821725,0.00029362788078547654,0.0007441254934530857,0.0005693696290122022,0.00029337822489883893,112,2
0,learned,sgd,9000,15564.976118559222,9,64,0.0002944647645682163,0.00029362788078547605,0.0007441254934528681,0.0005693696290120768,0.00029337822489883893,112,2
0,learned,sgd,9000,15564.976118559222,10,0,0.00029188768162134976,0.00029165967804693234,0.00020423348507229386,0.0001562376327335163,0.00029159155971411355,112,2
0,learned,sgd,9000,15564.976118559222,10,16,0.0002918876055514958,0.00029165963425437417,0.00020421747813136816,0.00015622840956402908,0.00029159155971411355,112,2
0,learned,sgd,9000,15564.976118559222,10,64,0.0002918876055514957,0.00029165963425437417,0.0002042174781313518,0.00015622840956401964,0.00029159155971411355,112,2
0,learned,sgd,9000,15564.976118559222,11,0,0.0002911842087787842,0.0002911218028599711,5.601676418222299e-05,4.285096241233094e-05,0.0002911031602098037,112,2
0,learned,sgd,9000,15564.976118559222,11,16,0.00029118420307002623,0.0002911217995717019,5.6015559929759356e-05,4.2850268589388115e-05,0.0002911031602098037,112,2
0,learned,sgd,9000,15564.976118559222,11,64,0.0002911842030700261,0.0002911217995717019,5.601555992975813e-05,4.285026858938735e-05,0.0002911031602098037,112,2
0,learned,sgd,9000,15564.976118559222,12,0,0.00029099155500217057,0.0002909744500192349,1.5362561688407228e-05,1.1751729200524592e-05,0.00029096934034284416,112,2
0,learned,sgd,9000,15564.976118559222,12,16,0.00029099155457308493,0.0002909744497720424,1.5362471111766453e-05,1.1751677016670654e-05,0.00029096934034284416,112,2
0,learned,sgd,9000,15564.976118559222,12,64,0.00029099155457308493,0.0002909744497720424,1.536247111176636e-05,1.1751677016670591e-05,0.00029096934034284416,112,2
0,learned,sgd,9000,15564.976118559222,13,0,0.0002909387418726182,0.00029093405171346805,4.213051775686743e-06,3.2228026922874803e-06,0.0002909326506581577,112,2
0,learned,sgd,9000,15564.976118559222,13,16,0.0002909387418403532,0.0002909340516948799,4.2130449635311505e-06,3.222798767632946e-06,0.0002909326506581577,112,2
0,learned,sgd,9000,15564.976118559222,13,64,0.0002909387418403532,0.0002909340516948799,4.213044963531144e-06,3.2227987676329396e-06,0.0002909326506581577,112,2
0,learned,sgd,9000,15564.976118559222,14,0,0.00029092425997893467,0.00029092297380824454,1.1553844930396197e-06,8.838185710531664e-07,0.00029092258960106783,112,2
0,learned,sgd,9000,15564.976118559222,14,16,0.0002909242599765082,0.00029092297380684646,1.1553839807157472e-06,8.838182758910408e-07,0.00029092258960106783,112,2
0,learned,sgd,9000,15564.976118559222,14,64,0.0002909242599765082,0.00029092297380684646,1.1553839807157465e-06,8.838182758910408e-07,0.00029092258960106783,112,2
0,learned,sgd,9000,15564.976118559222,15,0,0.00029092028859877505,0.0002909199358851164,3.16851184410684e-07,2.4237723792669334e-07,0.0002909198305219254,112,2
0,learned,sgd,9000,15564.976118559222,15,16,0.00029092028859859263,0.00029091993588501103,3.1685114588038784e-07,2.423772157284734e-07,0.0002909198305219254,112,2
0,learned,sgd,9000,15564.976118559222,15,64,0.00029092028859859263,0.00029091993588501103,3.168511458803878e-07,2.423772157284734e-07,0.0002909198305219254,112,2
0,learned,sgd,9000,15564.976118559222,16,0,0.00029091919950186934,0.0002909191027744915,8.689281726921965e-08,6.646918448563299e-08,0.000290919073879938,112,2
0,learned,sgd,9000,15564.976118559222,16,16,0.0002909191995018556,0.00029091910277448375,8.689281437147928e-08,6.646918281617597e-08,0.000290919073879938,112,2
0,learned,sgd,9000,15564.976118559222,16,64,0.0002909191995018556,0.00029091910277448375,8.689281437147925e-08,6.646918281617597e-08,0.000290919073879938,112,2
0,learned,sgd,9000,15564.976118559222,17,0,0.0002909189008301911,0.00029091887430384046,2.3829358508602733e-08,1.822841118076262e-08,0.00029091886637984805,112,2
0,learned,sgd,9000,15564.976118559222,17,16,0.00029091890083018994,0.0002909188743038399,2.382935829067303e-08,1.8228411055208153e-08,0.00029091886637984805,112,2
0,learned,sgd,9000,15564.976118559222,17,64,0.00029091890083018994,0.0002909188743038399,2.382935829067303e-08,1.8228411055208153e-08,0.00029091886637984805,112,2
0,learned,sgd,9000,15564.976118559222,18,0,0.00029091881892296187,0.0002909188116484165,6.534927966380376e-09,4.998932449159781e-09,0.0002909188094753531,112,2
0,learned,sgd,9000,15564.976118559222,18,16,0.00029091881892296176,0.0002909188116484165,6.534927949990587e-09,4.998932439717228e-09,0.0002909188094753531,112,2
0,learned,sgd,9000,15564.976118559222,18,64,0.00029091881892296176,0.0002909188116484165,6.534927949990587e-09,4.998932439717228e-09,0.0002909188094753531,112,2
0,learned,sgd,9000,15564.976118559222,19,0,0.00029091879646084875,0.0002909187944658884,1.7921289399773987e-09,1.3708998089293757e-09,0.0002909187938699509,112,2
0,learned,sgd,9000,15564.976118559222,19,16,0.00029091879646084864,0.0002909187944658884,1.7921289387447759e-09,1.3708998082192351e-09,0.0002909187938699509,112,2
0,learned,sgd,9000,15564.976118559222,19,64,0.00029091879646084864,0.0002909187944658884,1.7921289387447759e-09,1.3708998082192351e-09,0.0002909187938699509,112,2
0,learned,sgd,9000,15564.976118559222,20,0,0.00029091879030087247,0.00029091878975377744,4.914707772256361e-10,3.759535261909087e-10,0.0002909187895903487,112,2
0,learned,sgd,9000,15564.976118559222,20,16,0.00029091879030087247,0.00029091878975377744,4.914707771329343e-10,3.7595352613750116e-10,0.0002909187895903487,112,2
0,learned,sgd,9000,15564.976118559222,20,64,0.00029091879030087247,0.00029091878975377744,4.914707771329343e-10,3.7595352613750116e-10,0.0002909187895903487,112,2
0,learned,sgd,9000,15564.976118559222,21,0,0.0002909187886115698,0.000290918788461535,1.3478021545035665e-10,1.0310093621606535e-10,0.0002909187884167167,112,2
0,learned,sgd,9000,15564.976118559222,21,16,0.0002909187886115698,0.000290918788461535,1.34780215443385e-10,1.03100936212049e-10,0.0002909187884167167,112,2
0,learned,sgd,9000,15564.976118559222,21,64,0.0002909187886115698,0.000290918788461535,1.34780215443385e-10,1.03100936212049e-10,0.0002909187884167167,112,2
0,learned,sgd,9000,15564.976118559222,22,0,0.0002909187881482979,0.0002909187881071528,3.6961925945660465e-11,2.8274247496336998e-11,0.00029091878809486176,112,2
0,learned,sgd,9000,15564.976118559222,22,16,0.0002909187881482979,0.0002909187881071528,3.696192594513616e-11,2.827424749603494e-11,0.00029091878809486176,112,2
0,learned,sgd,9000,15564.976118559222,22,64,0.0002909187881482979,0.0002909187881071528,3.696192594513616e-11,2.827424749603494e-11,0.00029091878809486176,112,2
0,learned,sgd,9000,15564.976118559222,23,0,0.00029091878802125094,0.0002909187880099673,1.0136383629846222e-11,7.753887605518879e-12,0.00029091878800659686,112,2
0,learned,sgd,9000,15564.976118559222,23,16,0.00029091878802125094,0.0002909187880099673,1.0136383629806776e-11,7.753887605496152e-12,0.00029091878800659686,112,2
0,learned,sgd,9000,15564.976118559222,23,64,0.00029091878802125094,0.0002909187880099673,1.0136383629806776e-11,7.753887605496152e-12,0.00029091878800659686,112,2
0,learned,sgd,9000,15564.976118559222,24,0,0.0002909187879864098,0.00029091878798331514,2.779786779523363e-12,2.1264146112452024e-12,0.0002909187879823909,112,2
0,learned,sgd,9000,15564.976118559222,24,16,0.0002909187879864098,0.00029091878798331514,2.7797867795203986e-12,2.126414611243495e-12,0.0002909187879823909,112,2
0,learned,sgd,9000,15564.976118559222,24,64,0.0002909187879864098,0.00029091878798331514,2.7797867795203986e-12,2.126414611243495e-12,0.0002909187879823909,112,2
0,learned,sgd,10000,16422.80840538935,1,0,0.9997243019308398,0.9997243019308398,1.0,1.0,0.949615822384286,112,2
0,learned,sgd,10000,16422.80840538935,1,16,0.9765949357872196,0.9765949357872196,0.7276203083301739,0.727620308330174,0.949615822384286,112,2
0,learned,sgd,10000,16422.80840538935,1,64,0.97659493571906,0.97659493571906,0.7276203081482562,0.7276203081482562,0.949615822384286,112,2
0,learned,sgd,10000,16422.80840538935,2,0,0.9985102028450328,0.9977670275736016,0.8981238064780316,0.8722693639762651,0.8627126944843327,112,2
0,learned,sgd,10000,16422.80840538935,2,16,0.9435512796816642,0.9297379440172123,0.6721231990908133,0.6575581616295126,0.8627126944843327,112,2
0,learned,sgd,10000,16422.80840538935,2,64,0.9435512795464647,0.9297379438581223,0.6721231989355732,0.6575581614809417,0.8627126944843327,112,2
0,learned,sgd,10000,16422.80840538935,3,0,0.9199291288740709,0.8232059051880176,0.6545691559303022,0.5938405335844691,0.3036153486782276,112,2
0,learned,sgd,10000,16422.80840538935,3,16,0.6012064963729642,0.4422260911141888,0.5255848286196064,0.4858385520808322,0.3036153486782276,112,2
0,learned,sgd,10000,16422.80840538935,3,64,0.6012064960090138,0.4422260907862597,0.5255848285245702,0.4858385519997269,0.3036153486782276,112,2
0,learned,sgd,10000,16422.80840538935,4,0,0.06217562094947714,0.023798179191332813,0.3289828124001625,0.2734204079400717,0.0113313529953259,112,2
0,learned,sgd,10000,16422.80840538935,4,16,0.03429870577839511,0.015825198193456572,0.29270489783213977,0.2480334272260455,0.0113313529953259,112,2
0,learned,sgd,10000,16422.80840538935,4,64,0.034298705761596174,0.0158251981880598,0.2927048978025328,0.24803342720490643,0.0113313529953259,112,2
0,learned,sgd,10000,16422.80840538935,5,0,0.0019043317151718243,0.0012387300010704811,0.11661885051243584,0.09172233426129676,0.0010361065170866215,112,2
0,learned,sgd,10000,16422.80840538935,5,16,0.0017503971218758936,0.0011784936579574592,0.11168519784316078,0.08867753528879926,0.0010361065170866215,112,2
0,learned,sgd,10000,16422.80840538935,5,64,0.0017503971217465995,0.001178493657905322,0.11168519783882587,0.08867753528609722,0.0010361065170866215,112,2
0,learned,sgd,10000,16422.80840538935,6,0,0.00048733591165493317,0.0004267725475477313,0.03461913434739742,0.026665435670236114,0.0004085696871090164,112,2
0,learned,sgd,10000,16422.80840538935,6,16,0.0004837032627104894,0.00042493365671331893,0.034169837140003274,0.026401891365490697,0.0004085696871090164,112,2
0,learned,sgd,10000,16422.80840538935,6,64,0.0004837032627072122,0.00042493365671165105,0.034169837139596294,0.026401891365251184,0.0004085696871090164,112,2
0,learned,sgd,10000,16422.80840538935,7,0,0.00032308242300728787,0.0003112358711326004,0.00966656090221203,0.0073988131013419944,0.00030771164815155197,112,2
0,learned,sgd,10000,16422.80840538935,7,16,0.00032289418804136796,0.0003111316627283776,0.00963116821087289,0.007378377245748242,0.00030771164815155197,112,2
0,learned,sgd,10000,16422.80840538935,7,64,0.00032289418804119584,0.000311131662728282,0.009631168210840525,0.007378377245729534,0.00030771164815155197,112,2
0,learned,sgd,10000,16422.80840538935,8,0,0.0002879439966923923,0.0002850031555318243,0.0026511346184459913,0.0020255938859497146,0.0002841314465201778,112,2
0,learned,sgd,10000,16422.80840538935,8,16,0.00028793138154649053,0.00028499598759691047,0.0026484646846960573,0.002024059108249631,0.0002841314465201778,112,2
0,learned,sgd,10000,16422.80840538935,8,64,0.000287931381546479,0.0002849959875969039,0.0026484646846936096,0.0020240591082482224,0.0002841314465201778,112,2
0,learned,sgd,10000,16422.80840538935,9,0,0.00027898645495139785,0.00027820557336668276,0.0007234745575287483,0.0005525003391503357,0.00027797435260934743,112,2
0,learned,sgd,10000,16422.80840538935,9,16,0.00027898554486251604,0.00027820505251036846,0.0007232755669398033,0.0005523860920473493,0.00027797435260934743,112,2
0,learned,sgd,10000,16422.80840538935,9,64,0.0002789855448625153,0.00027820505251036797,0.0007232755669396209,0.0005523860920472444,0.00027797435260934743,112,2
0,learned,sgd,10000,16422.80840538935,10,0,0.0002765902966633306,0.000276379073909534,0.00019716087218107895,0.0001505470781575337,0.0002763165486984107,112,2
0,learned,sgd,10000,16422.80840538935,10,16,0.00027659022965760197,0.0002763790354854666,0.00019714609053328157,0.0001505385943638276,0.0002763165486984107,112,2
0,learned,sgd,10000,16422.80840538935,10,64,0.00027659022965760186,0.0002763790354854666,0.00019714609053326804,0.00015053859436381983,0.0002763165486984107,112,2
0,learned,sgd,10000,16422.80840538935,11,0,0.00027594083769739763,0.00027588341381121244,5.3710122907086316e-05,4.101021296606635e-05,0.00027586641681283765,112,2
0,learned,sgd,10000,16422.80840538935,11,16,0.0002759408327365488,0.00027588341096490874,5.370902587411188e-05,4.100958339132763e-05,0.00027586641681283765,112,2
0,learned,sgd,10000,16422.80840538935,11,64,0.0002759408327365488,0.00027588341096490874,5.370902587411088e-05,4.100958339132704e-05,0.00027586641681283765,112,2
0,learned,sgd,10000,16422.80840538935,12,0,0.0002757641753930026,0.0002757485423636566,1.4630103650652999e-05,1.1170664241133891e-05,0.00027574391521662076,112,2
0,learned,sgd,10000,16422.80840538935,12,16,0.00027576417502516267,0.0002757485421525766,1.4630022253488002e-05,1.1170617529388774e-05,0.00027574391521662076,112,2
0,learned,sgd,10000,16422.80840538935,12,64,0.00027576417502516267,0.0002757485421525766,1.4630022253487927e-05,1.1170617529388735e-05,0.00027574391521662076,112,2
0,learned,sgd,10000,16422.80840538935,13,0,0.0002757160737472128,0.0002757118162261247,3.984984444730964e-06,3.042685459930156e-06,0.0002757105560699335,112,2
0,learned,sgd,10000,16422.80840538935,13,16,0.00027571607371992677,0.00027571181621046645,3.984978405666527e-06,3.0426819942894526e-06,0.0002757105560699335,112,2
0,learned,sgd,10000,16422.80840538935,13,64,0.00027571607371992677,0.00027571181621046645,3.984978405666521e-06,3.0426819942894526e-06,0.0002757105560699335,112,2
0,learned,sgd,10000,16422.80840538935,14,0,0.0002757029731396044,0.00027570181352173153,1.0854319007355519e-06,8.287674622874218e-07,0.0002757014702944781,112,2
0,learned,sgd,10000,16422.80840538935,14,16,0.0002757029731375801,0.0002757018135205697,1.085431452690082e-06,8.287672051678358e-07,0.0002757014702944781,112,2
0,learned,sgd,10000,16422.80840538935,14,64,0.0002757029731375801,0.0002757018135205697,1.0854314526900815e-06,8.287672051678358e-07,0.0002757014702944781,112,2
0,learned,sgd,10000,16422.80840538935,15,0,0.0002756994048968685,0.0002756990890438043,2.9564983409162637e-07,2.2573955466459966e-07,0.00027569899555668733,112,2
0,learned,sgd,10000,16422.80840538935,15,16,0.00027569940489671833,0.0002756990890437181,2.956498008507589e-07,2.2573953558869215e-07,0.00027569899555668733,112,2
0,learned,sgd,10000,16422.80840538935,15,64,0.00027569940489671833,0.0002756990890437181,2.9564980085075877e-07,2.2573953558869215e-07,0.00027569899555668733,112,2
0,learned,sgd,10000,16422.80840538935,16,0,0.0002756984329871878,0.00027569834695547173,8.052902758008412e-08,6.148687988441708e-08,0.0002756983214915551,112,2
0,learned,sgd,10000,16422.80840538935,16,16,0.00027569843298717666,0.0002756983469554658,8.052902511391975e-08,6.148687846916178e-08,0.0002756983214915551,112,2
0,learned,sgd,10000,16422.80840538935,16,64,0.00027569843298717666,0.0002756983469554658,8.052902511391975e-08,6.148687846916178e-08,0.0002756983214915551,112,2
0,learned,sgd,10000,16422.80840538935,17,0,0.00027569816825926096,0.0002756981448259866,2.1934472969292033e-08,1.6747778104076458e-08,0.0002756981378901385,112,2
0,learned,sgd,10000,16422.80840538935,17,16,0.0002756981682592601,0.00027569814482598606,2.1934472786325558e-08,1.6747777999077655e-08,0.0002756981378901385,112,2
0,learned,sgd,10000,16422.80840538935,17,64,0.0002756981682592601,0.00027569814482598606,2.1934472786325558e-08,1.6747777999077655e-08,0.0002756981378901385,112,2
0,learned,sgd,10000,16422.80840538935,18,0,0.00027569809615278924,0.0002756980897700427,5.974505081186113e-09,4.561754691734096e-09,0.00027569808788085895,112,2
0,learned,sgd,10000,16422.80840538935,18,16,0.00027569809615278913,0.0002756980897700427,5.9745050676117026e-09,4.561754683944162e-09,0.00027569808788085895,112,2
0,learned,sgd,10000,16422.80840538935,18,64,0.00027569809615278913,0.0002756980897700427,5.9745050676117026e-09,4.561754683944162e-09,0.00027569808788085895,112,2
0,learned,sgd,10000,16422.80840538935,19,0,0.00027569807651245366,0.0002756980747739231,1.6273338598709774e-09,1.2425293411360803e-09,0.0002756980742593477,112,2
0,learned,sgd,10000,16422.80840538935,19,16,0.00027569807651245366,0.0002756980747739231,1.6273338588638821e-09,1.2425293405581403e-09,0.0002756980742593477,112,2
0,learned,sgd,10000,16422.80840538935,19,64,0.00027569807651245366,0.0002756980747739231,1.6273338588638821e-09,1.2425293405581403e-09,0.0002756980742593477,112,2
0,learned,sgd,10000,16422.80840538935,20,0,0.0002756980711628253,0.00027569807068928505,4.432526958028001e-10,3.384397593446125e-10,0.00027569807054912487,112,2
0,learned,sgd,10000,16422.80840538935,20,16,0.0002756980711628253,0.00027569807068928505,4.432526957280832e-10,3.384397593017344e-10,0.00027569807054912487,112,2
0,learned,sgd,10000,16422.80840538935,20,64,0.0002756980711628253,0.00027569807068928505,4.432526957280832e-10,3.384397593017344e-10,0.00027569807054912487,112,2
0,learned,sgd,10000,16422.80840538935,21,0,0.0002756980697056952,0.00027569806957671234,1.2073303273315044e-10,9.21841173821213e-11,0.0002756980695385355,112,2
0,learned,sgd,10000,16422.80840538935,21,16,0.0002756980697056952,0.00027569806957671234,1.207330327276073e-10,9.218411737894026e-11,0.0002756980695385355,112,2
0,learned,sgd,10000,16422.80840538935,21,64,0.0002756980697056952,0.00027569806957671234,1.207330327276073e-10,9.218411737894026e-11,0.0002756980695385355,112,2
0,learned,sgd,10000,16422.80840538935,22,0,0.0002756980693088025,0.00027569806927367003,3.2885226254995936e-11,2.5109081487759072e-11,0.0002756980692632719,112,2
0,learned,sgd,10000,16422.80840538935,22,16,0.0002756980693088025,0.00027569806927367003,3.288522625458467e-11,2.510908148752303e-11,0.0002756980692632719,112,2
0,learned,sgd,10000,16422.80840538935,22,64,0.0002756980693088025,0.00027569806927367003,3.288522625458467e-11,2.510908148752303e-11,0.0002756980692632719,112,2
0,learned,sgd,10000,16422.80840538935,23,0,0.0002756980692006971,0.00027569806919112787,8.957267794019438e-12,6.839203878434247e-12,0.0002756980691882955,112,2
0,learned,sgd,10000,16422.80840538935,23,16,0.0002756980692006971,0.00027569806919112787,8.957267793988927e-12,6.839203878416728e-12,0.0002756980691882955,112,2
0,learned,sgd,10000,16422.80840538935,23,64,0.0002756980692006971,0.00027569806919112787,8.957267793988927e-12,6.839203878416728e-12,0.0002756980691882955,112,2
0,learned,sgd,10000,16422.80840538935,24,0,0.0002756980691712513,0.00027569806916864477,2.4397778415840527e-12,1.862860244927934e-12,0.00027569806916787315,112,2
0,learned,sgd,10000,16422.80840538935,24,16,0.0002756980691712513,0.00027569806916864477,2.4397778415817897e-12,1.8628602449266365e-12,0.00027569806916787315,112,2
0,learned,sgd,10000,16422.80840538935,24,64,0.0002756980691712513,0.00027569806916864477,2.4397778415817897e-12,1.8628602449266365e-12,0.00027569806916787315,112,2
0,learned,sgd,11000,17223.98011750906,1,0,0.9997370680029568,0.9997370680029568,1.0,1.0,0.9520770439591144,112,2
0,learned,sgd,11000,17223.98011750906,1,16,0.9776740261372227,0.9776740261372227,0.7292408165436051,0.7292408165436051,0.9520770439591144,112,2
0,learned,sgd,11000,17223.98011750906,1,64,0.9776740260779404,0.9776740260779405,0.7292408163788703,0.7292408163788703,0.9520770439591144,112,2
0,learned,sgd,11000,17223.98011750906,2,0,0.9985958287867985,0.99789452626464,0.899429695964239,0.873701558087186,0.8688242970455042,112,2
0,learned,sgd,11000,17223.98011750906,2,16,0.9462151564208406,0.9329489809532573,0.6742402416892884,0.659698182113453,0.8688242970455042,112,2
0,learned,sgd,11000,17223.98011750906,2,64,0.9462151563029642,0.9329489808142202,0.6742402415484526,0.6596981819786393,0.8688242970455042,112,2
0,learned,sgd,11000,17223.98011750906,3,0,0.9234175611268477,0.8291758127360732,0.6567576402732482,0.5958225062643552,0.31037350062368163,112,2
0,learned,sgd,11000,17223.98011750906,3,16,0.6104360300017976,0.4502526557930478,0.5278457367806946,0.4878902470659334,0.31037350062368163,112,2
0,learned,sgd,11000,17223.98011750906,3,64,0.6104360296718985,0.4502526554921346,0.5278457366942783,0.487890246992196,0.31037350062368163,112,2
0,learned,sgd,11000,17223.98011750906,4,0,0.06229731466753584,0.023516847374032954,0.329953053597731,0.27398512451965634,0.011170373433965096,112,2
0,learned,sgd,11000,17223.98011750906,4,16,0.034267363680669405,0.015622049372616045,0.29373574378615963,0.2486867901611028,0.011170373433965096,112,2
0,learned,sgd,11000,17223.98011750906,4,64,0.0342673636653305,0.015622049367758881,0.2937357437592783,0.24868679014194486,0.011170373433965096,112,2
0,learned,sgd,11000,17223.98011750906,5,0,0.0018333601943406966,0.0011870224964418928,0.11648678359657852,0.09148175683352361,0.0009930274074252815,112,2
0,learned,sgd,11000,17223.98011750906,5,16,0.0016856374720873456,0.0011297082719217623,0.1116018606286803,0.08847654641767079,0.0009930274074252815,112,2
0,learned,sgd,11000,17223.98011750906,5,64,0.0016856374719745114,0.001129708271876648,0.11160186062477755,0.08847654641524585,0.0009930274074252815,112,2
0,learned,sgd,11000,17223.98011750906,6,0,0.00046448792829102036,0.000406522357011296,0.03438108680504501,0.02643870624089378,0.0003892756529426302,112,2
0,learned,sgd,11000,17223.98011750906,6,16,0.0004610791406393909,0.0004048041603664793,0.03394139973794106,0.026181696132636895,0.0003892756529426302,112,2
0,learned,sgd,11000,17223.98011750906,6,64,0.0004610791406365949,0.0004048041603650626,0.03394139973757899,0.026181696132424548,0.0003892756529426302,112,2
0,learned,sgd,11000,17223.98011750906,7,0,0.0003077734925809303,0.00029650845041764444,0.009542133477082533,0.007291564751711319,0.00029318614288494424,112,2
0,learned,sgd,11000,17223.98011750906,7,16,0.0003075991328655041,0.00029641225569876356,0.009507918547638347,0.0072718777520788475,0.00029318614288494424,112,2
0,learned,sgd,11000,17223.98011750906,7,64,0.00030759913286535927,0.0002964122556986835,0.009507918547609906,0.007271877752062473,0.00029318614288494424,112,2
0,learned,sgd,11000,17223.98011750906,8,0,0.0002744543532971671,0.0002716733204817975,0.0026012686465742515,0.001984243030367094,0.0002708557255484919,112,2
0,learned,sgd,11000,17223.98011750906,8,16,0.00027444280265958866,0.00027166677954841437,0.0025987186415888743,0.001982782259445804,0.0002708557255484919,112,2
0,learned,sgd,11000,17223.98011750906,8,64,0.000274442802659579,0.0002716667795484091,0.0025987186415867484,0.001982782259444588,0.0002708557255484919,112,2
0,learned,sgd,11000,17223.98011750906,9,0,0.0002660081195407135,0.00026527386655911326,0.0007056226283870972,0.0005379887331291835,0.000265058202811086,112,2
0,learned,sgd,11000,17223.98011750906,9,16,0.00026600729591495965,0.0002652733967898946,0.0007054348451892949,0.0005378812916826846,0.000265058202811086,112,2
0,learned,sgd,11000,17223.98011750906,9,64,0.00026600729591495906,0.00026527339678989413,0.000705434845189138,0.0005378812916825948,0.000265058202811086,112,2
0,learned,sgd,11000,17223.98011750906,10,0,0.0002637617177220437,0.00026356426656477106,0.00019114972488656096,0.00014571949293984323,0.0002635062862623572,112,2
0,learned,sgd,11000,17223.98011750906,10,16,0.00026376165779452403,0.0002635642323171898,0.00019113594163365245,0.00014571160934978282,0.0002635062862623572,112,2
0,learned,sgd,11000,17223.98011750906,10,64,0.000263761657794524,0.0002635642323171898,0.00019113594163364093,0.0001457116093497761,0.0002635062862623572,112,2
0,learned,sgd,11000,17223.98011750906,11,0,0.0002631564199606742,0.0002631030571764427,5.176257982799085e-05,3.945885912063147e-05,0.0002630873886138102,112,2
0,learned,sgd,11000,17223.98011750906,11,16,0.0002631564155763101,0.0002631030546695233,5.1761569037144066e-05,3.945828103135549e-05,0.0002630873886138102,112,2
0,learned,sgd,11000,17223.98011750906,11,64,0.0002631564155763101,0.0002631030546695233,5.176156903714321e-05,3.9458281031355e-05,0.0002630873886138102,112,2
0,learned,sgd,11000,17223.98011750906,12,0,0.00026299274464500715,0.0002629783034262886,1.401570978690518e-05,1.0684139428306057e-05,0.000262974063226143,112,2
0,learned,sgd,11000,17223.98011750906,12,16,0.0002629927443237647,0.00026297830324258054,1.401563567867103e-05,1.0684097045510614e-05,0.000262974063226143,112,2
0,learned,sgd,11000,17223.98011750906,12,64,0.0002629927443237647,0.00026297830324258054,1.4015635678670965e-05,1.0684097045510575e-05,0.000262974063226143,112,2
0,learned,sgd,11000,17223.98011750906,13,0,0.00026294844377081273,0.00026294453420922247,3.7949199647176155e-06,2.8928501994610584e-06,0.0002629433862978501,112,2
0,learned,sgd,11000,17223.98011750906,13,16,0.0002629484437472658,0.00026294453419575624,3.79491453167195e-06,2.8928470923008176e-06,0.0002629433862978501,112,2
0,learned,sgd,11000,17223.98011750906,13,64,0.0002629484437472658,0.00026294453419575624,3.7949145316719463e-06,2.892847092300813e-06,0.0002629433862978501,112,2
0,learned,sgd,11000,17223.98011750906,14,0,0.0002629364500545203,0.0002629353915437408,1.027512204557119e-06,7.832673220842974e-07,0.00026293508074805234,112,2
0,learned,sgd,11000,17223.98011750906,14,16,0.0002629364500527942,0.0002629353915427537,1.0275118062550248e-06,7.832670942956281e-07,0.00026293508074805234,112,2
0,learned,sgd,11000,17223.98011750906,14,64,0.0002629364500527942,0.0002629353915427537,1.0275118062550246e-06,7.832670942956281e-07,0.00026293508074805234,112,2
0,learned,sgd,11000,17223.98011750906,15,0,0.0002629332027301547,0.00026293291613149365,2.782085689576522e-07,2.120769353235612e-07,0.0002629328319815761,112,2
0,learned,sgd,11000,17223.98011750906,15,16,0.00026293320273002805,0.0002629329161314213,2.7820853975786054e-07,2.1207691862423059e-07,0.0002629328319815761,112,2
0,learned,sgd,11000,17223.98011750906,15,64,0.00026293320273002805,0.0002629329161314213,2.782085397578605e-07,2.1207691862423059e-07,0.0002629328319815761,112,2
0,learned,sgd,11000,17223.98011750906,16,0,0.0002629323234934526,0.00026293224589444246,7.532753991076412e-08,5.7421786277323875e-08,0.0002629322231101431,112,2
0,learned,sgd,11000,17223.98011750906,16,16,0.00026293232349344336,0.0002629322458944368,7.532753777011072e-08,5.7421785053086675e-08,0.0002629322231101431,112,2
0,learned,sgd,11000,17223.98011750906,16,64,0.00026293232349344336,0.0002629322458944368,7.532753777011072e-08,5.7421785053086675e-08,0.0002629322231101431,112,2
0,learned,sgd,11000,17223.98011750906,17,0,0.00026293208543249486,0.00026293206442186537,2.0395624303002173e-08,1.5547476590635078e-08,0.0002629320582528121,112,2
0,learned,sgd,11000,17223.98011750906,17,16,0.0002629320854324942,0.00026293206442186537,2.039562414606971e-08,1.5547476500885578e-08,0.0002629320582528121,112,2
0,learned,sgd,11000,17223.98011750906,17,64,0.0002629320854324942,0.00026293206442186537,2.039562414606971e-08,1.5547476500885578e-08,0.0002629320582528121,112,2
0,learned,sgd,11000,17223.98011750906,18,0,0.0002629320209753376,0.0002629320152865178,5.522302665821434e-09,4.209622114217054e-09,0.0002629320136161903,112,2
0,learned,sgd,11000,17223.98011750906,18,16,0.0002629320209753375,0.0002629320152865178,5.522302654316631e-09,4.209622107637465e-09,0.0002629320136161903,112,2
0,learned,sgd,11000,17223.98011750906,18,64,0.0002629320209753375,0.0002629320152865178,5.522302654316631e-09,4.209622107637465e-09,0.0002629320136161903,112,2
0,learned,sgd,11000,17223.98011750906,19,0,0.0002629320035229728,0.0002629320019826728,1.4952141673785778e-09,1.1397938503101586e-09,0.00026293200153041605,112,2
0,learned,sgd,11000,17223.98011750906,19,16,0.0002629320035229728,0.0002629320019826728,1.4952141665351547e-09,1.1397938498278069e-09,0.00026293200153041605,112,2
0,learned,sgd,11000,17223.98011750906,19,64,0.0002629320035229728,0.0002629320019826728,1.4952141665351547e-09,1.1397938498278069e-09,0.00026293200153041605,112,2
0,learned,sgd,11000,17223.98011750906,20,0,0.0002629319987975849,0.00026293199838053465,4.048429677286498e-10,3.086096526491163e-10,0.000262931998258082,112,2
0,learned,sgd,11000,17223.98011750906,20,16,0.0002629319987975849,0.00026293199838053465,4.0484296766681773e-10,3.0860965261375515e-10,0.000262931998258082,112,2
0,learned,sgd,11000,17223.98011750906,20,64,0.0002629319987975849,0.00026293199838053465,4.0484296766681773e-10,3.0860965261375515e-10,0.000262931998258082,112,2
0,learned,sgd,11000,17223.98011750906,21,0,0.00026293199751814273,0.00026293199740522253,1.096149514685229e-10,8.355889762667137e-11,0.0002629319973720676,112,2
0,learned,sgd,11000,17223.98011750906,21,16,0.00026293199751814273,0.00026293199740522253,1.0961495146399e-10,8.355889762407888e-11,0.0002629319973720676,112,2
0,learned,sgd,11000,17223.98011750906,21,64,0.00026293199751814273,0.00026293199740522253,1.0961495146399e-10,8.355889762407888e-11,0.0002629319973720676,112,2
0,learned,sgd,11000,17223.98011750906,22,0,0.00026293199717172203,0.0002629319971411479,2.9679254774600564e-11,2.262433890698374e-11,0.00026293199713217055,112,2
0,learned,sgd,11000,17223.98011750906,22,16,0.00026293199717172203,0.0002629319971411479,2.96792547742683e-11,2.2624338906793724e-11,0.00026293199713217055,112,2
0,learned,sgd,11000,17223.98011750906,22,64,0.00026293199717172203,0.0002629319971411479,2.96792547742683e-11,2.2624338906793724e-11,0.00026293199713217055,112,2
0,learned,sgd,11000,17223.98011750906,23,0,0.0002629319970779254,0.0002629319970696471,8.035930793424002e-12,6.125747532518345e-12,0.00026293199706721665,112,2
0,learned,sgd,11000,17223.98011750906,23,16,0.0002629319970779254,0.0002629319970696471,8.035930793399632e-12,6.125747532504417e-12,0.00026293199706721665,112,2
0,learned,sgd,11000,17223.98011750906,23,64,0.0002629319970779254,0.0002629319970696471,8.035930793399632e-12,6.125747532504417e-12,0.00026293199706721665,112,2
0,learned,sgd,11000,17223.98011750906,24,0,0.00026293199705252913,0.0002629319970502878,2.175802061275809e-12,1.6586024009808244e-12,0.00026293199704962943,112,2
0,learned,sgd,11000,17223.98011750906,24,16,0.00026293199705252913,0.0002629319970502878,2.175802061274019e-12,1.6586024009797993e-12,0.00026293199704962943,112,2
0,learned,sgd,11000,17223.98011750906,24,64,0.00026293199705252913,0.0002629319970502878,2.175802061274019e-12,1.6586024009797993e-12,0.00026293199704962943,112,2
0,learned,sgd,12000,17976.52238260868,1,0,0.9997479686701869,0.9997479686701869,1.0,1.0,0.954176469311531,112,2
0,learned,sgd,12000,17976.52238260868,1,16,0.9785966629311977,0.978596662931198,0.7306727477879293,0.7306727477879292,0.954176469311531,112,2
0,learned,sgd,12000,17976.52238260868,1,64,0.9785966628788463,0.9785966628788462,0.7306727476370991,0.7306727476370991,0.954176469311531,112,2
0,learned,sgd,12000,17976.52238260868,2,0,0.9986679841379844,0.9980020549921935,0.9005762955558732,0.8749612200396014,0.8740875113946961,112,2
0,learned,sgd,12000,17976.52238260868,2,16,0.9484940783234423,0.9357026038546309,0.6761109861200394,0.6615902648491099,0.8740875113946961,112,2
0,learned,sgd,12000,17976.52238260868,2,64,0.9484940782191372,0.9357026037313458,0.6761109859908824,0.6615902647254523,0.8740875113946961,112,2
0,learned,sgd,12000,17976.52238260868,3,0,0.9264160373406389,0.8343786491817367,0.6586922665968541,0.5975766777709288,0.316503426725893,112,2
0,learned,sgd,12000,17976.52238260868,3,16,0.6186303653010086,0.4574707837323563,0.5298492598562062,0.4897094504938042,0.316503426725893,112,2
0,learned,sgd,12000,17976.52238260868,3,64,0.6186303649988931,0.4574707834537023,0.5298492597767943,0.4897094504260527,0.316503426725893,112,2
0,learned,sgd,12000,17976.52238260868,4,0,0.062408737653751926,0.023267949182339775,0.33081106902418156,0.2744829513895713,0.01102843861467749,112,2
0,learned,sgd,12000,17976.52238260868,4,16,0.03424139621004584,0.015442729850033927,0.29464847292247615,0.2492637204604557,0.01102843861467749,112,2
0,learned,sgd,12000,17976.52238260868,4,64,0.034241396195897125,0.015442729845611245,0.2946484728978063,0.24926372044290232,0.01102843861467749,112,2
0,learned,sgd,12000,17976.52238260868,5,0,0.0017721213847189771,0.0011426133030043657,0.11636678053296537,0.09126628763118291,0.000956021806774913,112,2
0,learned,sgd,12000,17976.52238260868,5,16,0.0016297441097507823,0.001087791950933062,0.11152492139629867,0.08829593185402074,0.000956021806774913,112,2
0,learned,sgd,12000,17976.52238260868,5,64,0.001629744109650832,0.001087791950893402,0.11152492139274381,0.0882959318518182,0.000956021806774913,112,2
0,learned,sgd,12000,17976.52238260868,6,0,0.00044498321116806505,0.00038924868813832814,0.034169945003773086,0.026238098789752536,0.0003728131513467081,112,2
0,learned,sgd,12000,17976.52238260868,6,16,0.00044176263855923235,0.00038763151608483593,0.033738643909727785,0.025986770105295015,0.0003728131513467081,112,2
0,learned,sgd,12000,17976.52238260868,6,64,0.0004417626385568051,0.0003876315160836108,0.03373864390940145,0.025986770105104234,0.0003728131513467081,112,2
0,learned,sgd,12000,17976.52238260868,7,0,0.00029471752305540097,0.0002839481932751479,0.009432625631654784,0.007197355152927325,0.0002807962842838399,112,2
0,learned,sgd,12000,17976.52238260868,7,16,0.00029455467471237184,0.0002838586239352597,0.009399425867127487,0.007178311396492883,0.0002807962842838399,112,2
0,learned,sgd,12000,17976.52238260868,7,64,0.00029455467471224754,0.00028385862393519106,0.009399425867102133,0.007178311396478325,0.0002807962842838399,112,2
0,learned,sgd,12000,17976.52238260868,8,0,0.00026294401993539083,0.0002602984150823262,0.0025576675742503027,0.0019481497098388144,0.00025952625734167227,112,2
0,learned,sgd,12000,17976.52238260868,8,16,0.0002629333423407357,0.000260292386666545,0.002555219721807114,0.0019467517641607553,0.00025952625734167227,112,2
0,learned,sgd,12000,17976.52238260868,8,64,0.0002629333423407276,0.00026029238666654033,0.00255521972180524,0.0019467517641596854,0.00025952625734167227,112,2
0,learned,sgd,12000,17976.52238260868,9,0,0.00025492965289763286,0.0002542346836022414,0.0006901084708269351,0.0005253983219616066,0.000254032010710125,112,2
0,learned,sgd,12000,17976.52238260868,9,16,0.00025492889937908333,0.0002542342551187168,0.0006899301237754594,0.0005252965915843742,0.000254032010710125,112,2
0,learned,sgd,12000,17976.52238260868,9,64,0.0002549288993790828,0.00025423425511871635,0.0006899301237753227,0.0005252965915842964,0.000254032010710125,112,2
0,learned,sgd,12000,17976.52238260868,10,0,0.00025280900075560115,0.0002526230831379868,0.00018595655017963856,0.00014155556812980294,0.0002525688763036323,112,2
0,learned,sgd,12000,17976.52238260868,10,16,0.0002528089465018654,0.0002526230522271054,0.00018594359795256574,0.00014154818248112686,0.0002525688763036323,112,2
0,learned,sgd,12000,17976.52238260868,10,64,0.0002528089465018654,0.0002526230522271054,0.00018594359795255582,0.0001415481824811213,0.0002525688763036323,112,2
0,learned,sgd,12000,17976.52238260868,11,0,0.0002522405661025778,0.00025219058422908173,5.008981040512593e-05,3.812850828106926e-05,0.0002521760122049935,112,2
0,learned,sgd,12000,17976.52238260868,11,16,0.00025224056217503405,0.0002521905819902078,5.0088870585313873e-05,3.812797242159204e-05,0.0002521760122049935,112,2
0,learned,sgd,12000,17976.52238260868,11,64,0.00025224056217503405,0.0002521905819902078,5.008887058531317e-05,3.812797242159163e-05,0.0002521760122049935,112,2
0,learned,sgd,12000,17976.52238260868,12,0,0.0002520876675041169,0.0002520742126037759,1.3491033004519392e-05,1.026931740896217e-05,0.0002520702899427446,112,2
0,learned,sgd,12000,17976.52238260868,12,16,0.0002520876672193775,0.00025207421244143887,1.3490964826750565e-05,1.0269278536781773e-05,0.0002520702899427446,112,2
0,learned,sgd,12000,17976.52238260868,12,64,0.0002520876672193775,0.00025207421244143887,1.3490964826750511e-05,1.0269278536781736e-05,0.0002520702899427446,112,2
0,learned,sgd,12000,17976.52238260868,13,0,0.0002520465019757596,0.00025204287868160833,3.6335378149350826e-06,2.765826702308199e-06,0.0002520418223458336,112,2
0,learned,sgd,12000,17976.52238260868,13,16,0.00025204650195510836,0.0002520428786698341,3.63353286939747e-06,2.7658238825823973e-06,0.0002520418223458336,112,2
0,learned,sgd,12000,17976.52238260868,13,64,0.00025204650195510836,0.0002520428786698341,3.633532869397466e-06,2.765823882582392e-06,0.0002520418223458336,112,2
0,learned,sgd,12000,17976.52238260868,14,0,0.0002520354160091761,0.00025203444019192956,9.786132922953282e-07,7.449139324042217e-07,0.00025203415570234354,112,2
0,learned,sgd,12000,17976.52238260868,14,16,0.0002520354160076782,0.0002520344401910751,9.786129335577789e-07,7.44913727868359e-07,0.00025203415570234354,112,2
0,learned,sgd,12000,17976.52238260868,14,64,0.0002520354160076782,0.0002520344401910751,9.786129335577784e-07,7.44913727868359e-07,0.00025203415570234354,112,2
0,learned,sgd,12000,17976.52238260868,15,0,0.00025203243033111494,0.00025203216751944744,2.6356741311215405e-07,2.006257261111041e-07,0.00025203209089940537,112,2
0,learned,sgd,12000,17976.52238260868,15,16,0.00025203243033100625,0.00025203216751938564,2.635673870903039e-07,2.0062571127463346e-07,0.00025203209089940537,112,2
0,learned,sgd,12000,17976.52238260868,15,64,0.00025203243033100625,0.00025203216751938564,2.635673870903039e-07,2.0062571127463346e-07,0.00025203209089940537,112,2
0,learned,sgd,12000,17976.52238260868,16,0,0.0002520316262120762,0.0002520315554299142,7.098590053074623e-08,5.4033983070778567e-08,0.0002520315347941036,112,2
0,learned,sgd,12000,17976.52238260868,16,16,0.00025203162621206826,0.0002520315554299097,7.098589864319403e-08,5.403398199458248e-08,0.0002520315347941036,112,2
0,learned,sgd,12000,17976.52238260868,16,64,0.00025203162621206826,0.0002520315554299097,7.098589864319403e-08,5.403398199458248e-08,0.0002520315347941036,112,2
0,learned,sgd,12000,17976.52238260868,17,0,0.0002520314096412988,0.0002520313905777468,1.9118438514450063e-08,1.4552824738992563e-08,0.0002520313850199645,112,2
0,learned,sgd,12000,17976.52238260868,17,16,0.0002520314096412982,0.0002520313905777463,1.911843837753236e-08,1.4552824660928355e-08,0.0002520313850199645,112,2
0,learned,sgd,12000,17976.52238260868,17,64,0.0002520314096412982,0.0002520313905777463,1.911843837753236e-08,1.4552824660928355e-08,0.0002520313850199645,112,2
0,learned,sgd,12000,17976.52238260868,18,0,0.00025203135131291485,0.00025203134617858184,5.1491165847817415e-09,3.919472340554884e-09,0.00025203134468172007,112,2
0,learned,sgd,12000,17976.52238260868,18,16,0.00025203135131291485,0.00025203134617858184,5.149116574850119e-09,3.919472334892338e-09,0.00025203134468172007,112,2
0,learned,sgd,12000,17976.52238260868,18,64,0.00025203135131291485,0.00025203134617858184,5.149116574850119e-09,3.919472334892338e-09,0.00025203134468172007,112,2
0,learned,sgd,12000,17976.52238260868,19,0,0.0002520313356034936,0.0002520313342206777,1.3867974269687674e-09,1.0556207190580336e-09,0.0002520313338175323,112,2
0,learned,sgd,12000,17976.52238260868,19,16,0.0002520313356034936,0.0002520313342206777,1.3867974262483556e-09,1.0556207186472876e-09,0.0002520313338175323,112,2
0,learned,sgd,12000,17976.52238260868,19,64,0.0002520313356034936,0.0002520313342206777,1.3867974262483556e-09,1.0556207186472876e-09,0.0002520313338175323,112,2
0,learned,sgd,12000,17976.52238260868,20,0,0.0002520313313725185,0.0002520313310000884,3.7350234095889003e-10,2.843074280089966e-10,0.00025203133089151016,112,2
0,learned,sgd,12000,17976.52238260868,20,16,0.0002520313313725185,0.0002520313310000884,3.73502340906633e-10,2.8430742797920175e-10,0.00025203133089151016,112,2
0,learned,sgd,12000,17976.52238260868,20,64,0.0002520313313725185,0.0002520313310000884,3.73502340906633e-10,2.8430742797920175e-10,0.00025203133089151016,112,2
0,learned,sgd,12000,17976.52238260868,21,0,0.0002520313302330017,0.00025203133013269603,1.0059435926836813e-10,7.657173842709554e-11,0.0002520313301034531,112,2
0,learned,sgd,12000,17976.52238260868,21,16,0.0002520313302330017,0.00025203133013269603,1.0059435926457756e-10,7.657173842493419e-11,0.0002520313301034531,112,2
0,learned,sgd,12000,17976.52238260868,21,64,0.0002520313302330017,0.00025203133013269603,1.0059435926457756e-10,7.657173842493419e-11,0.0002520313301034531,112,2
0,learned,sgd,12000,17976.52238260868,22,0,0.0002520313299260987,0.00025203132989908364,2.7092802386899966e-11,2.062285592031345e-11,0.00025203132989120794,112,2
0,learned,sgd,12000,17976.52238260868,22,16,0.0002520313299260987,0.00025203132989908364,2.7092802386625048e-11,2.062285592015673e-11,0.00025203132989120794,112,2
0,learned,sgd,12000,17976.52238260868,22,64,0.0002520313299260987,0.00025203132989908364,2.7092802386625048e-11,2.062285592015673e-11,0.00025203132989120794,112,2
0,learned,sgd,12000,17976.52238260868,23,0,0.0002520313298434414,0.0002520313298361653,7.296830025815839e-12,5.554297120973312e-12,0.0002520313298340442,112,2
0,learned,sgd,12000,17976.52238260868,23,16,0.0002520313298434414,0.0002520313298361653,7.296830025795882e-12,5.554297120961925e-12,0.0002520313298340442,112,2
0,learned,sgd,12000,17976.52238260868,23,64,0.0002520313298434414,0.0002520313298361653,7.296830025795882e-12,5.554297120961925e-12,0.0002520313298340442,112,2
0,learned,sgd,12000,17976.52238260868,24,0,0.00025203132982117943,0.00025203132981921973,1.965235181822322e-12,1.4959235824046627e-12,0.00025203132981864863,112,2
0,learned,sgd,12000,17976.52238260868,24,16,0.00025203132982117943,0.00025203132981921973,1.9652351818208734e-12,1.4959235824038388e-12,0.00025203132981864863,112,2
0,learned,sgd,12000,17976.52238260868,24,64,0.00025203132982117943,0.00025203132981921973,1.9652351818208734e-12,1.4959235824038388e-12,0.00025203132981864863,112,2
0,learned,adam,0,0.0,1,0,0.5,0.5,1.0,1.0,,112,2
0,learned,adam,0,0.0,1,16,0.5,0.5,0.6321205849979562,0.6321205849979562,,112,2
0,learned,adam,0,0.0,1,64,0.5,0.5,0.6321205588285578,0.6321205588285577,,112,2
0,learned,adam,0,0.0,2,0,0.5,0.5,0.2689414213690497,0.2689414213610862,,112,2
0,learned,adam,0,0.0,2,16,0.5,0.5,0.2325441614757657,0.23254416146981183,,112,2
0,learned,adam,0,0.0,2,64,0.5,0.5,0.23254415793412278,0.23254415792816893,,112,2
0,learned,adam,0,0.0,3,0,0.5,0.5,0.09003057316998572,0.09003057316666072,,112,2
0,learned,adam,0,0.0,3,16,0.5,0.5,0.08554821534770156,0.08554821534469942,,112,2
0,learned,adam,0,0.0,3,64,0.5,0.5,0.08554821486839234,0.08554821486539019,,112,2
0,learned,adam,0,0.0,4,0,0.5,0.5,0.03205860327993539,0.032058603278675366,,112,2
0,learned,adam,0,0.0,4,16,0.5,0.5,0.03147142954385305,0.03147142954263874,,112,2
0,learned,adam,0,0.0,4,64,0.5,0.5,0.0314714294789856,0.0314714294777713,,112,2
0,learned,adam,0,0.0,5,0,0.5,0.5,0.011656230955984061,0.0116562309555162,,112,2
0,learned,adam,0,0.0,5,16,0.5,0.5,0.01157769189837277,0.011577691897911182,,112,2
0,learned,adam,0,0.0,5,64,0.5,0.5,0.011577691889593913,0.011577691889132331,,112,2
0,learned,adam,0,0.0,6,0,0.5,0.5,0.004269778545261609,0.004269778545088934,,112,2
0,learned,adam,0,0.0,6,16,0.5,0.5,0.004259194823586798,0.0042591948234149786,,112,2
0,learned,adam,0,0.0,6,64,0.5,0.5,0.004259194822398709,0.004259194822226892,,112,2
0,learned,adam,0,0.0,7,0,0.5,0.5,0.0015683003158789223,0.0015683003158153256,,112,2
0,learned,adam,0,0.0,7,16,0.5,0.5,0.001566870211265096,0.0015668702112016156,,112,2
0,learned,adam,0,0.0,7,64,0.5,0.5,0.001566870211104306,0.001566870211040825,,112,2
0,learned,adam,0,0.0,8,0,0.5,0.5,0.0005766127696842267,0.0005766127696608212,,112,2
0,learned,adam,0,0.0,8,16,0.5,0.5,0.0005764193376709881,0.0005764193376475979,,112,2
0,learned,adam,0,0.0,8,64,0.5,0.5,0.0005764193376492274,0.0005764193376258372,,112,2
0,learned,adam,0,0.0,9,0,0.5,0.5,0.00021207899644221169,0.00021207899643359976,,112,2
0,learned,adam,0,0.0,9,16,0.5,0.5,0.00021205282381775504,0.0002120528238091451,,112,2
0,learned,adam,0,0.0,9,64,0.5,0.5,0.0002120528238148101,0.00021205282380620046,,112,2
0,learned,adam,0,0.0,10,0,0.5,0.5,7.80134161274313e-05,7.801341612426298e-05,,112,2
0,learned,adam,0,0.0,10,16,0.5,0.5,7.800987432421721e-05,7.800987432104913e-05,,112,2
0,learned,adam,0,0.0,10,64,0.5,0.5,7.800987432381864e-05,7.800987432065062e-05,,112,2
0,learned,adam,0,0.0,11,0,0.5,0.5,2.8698708289339755e-05,2.8698708288174173e-05,,112,2
0,learned,adam,0,0.0,11,16,0.5,0.5,2.869822897215476e-05,2.8698228970989198e-05,,112,2
0,learned,adam,0,0.0,11,64,0.5,0.5,2.8698228972100827e-05,2.869822897093526e-05,,112,2
0,learned,adam,0,0.0,12,0,0.5,0.5,1.0557553304715978e-05,1.0557553304287181e-05,,112,2
0,learned,adam,0,0.0,12,16,0.5,0.5,1.0557488436873857e-05,1.055748843644506e-05,,112,2
0,learned,adam,0,0.0,12,64,0.5,0.5,1.0557488436866557e-05,1.0557488436437765e-05,,112,2
0,learned,adam,0,0.0,13,0,0.5,0.5,3.883891725203109e-06,3.8838917250453626e-06,,112,2
0,learned,adam,0,0.0,13,16,0.5,0.5,3.883882946329418e-06,3.883882946171673e-06,,112,2
0,learned,adam,0,0.0,13,64,0.5,0.5,3.883882946328426e-06,3.88388294617068e-06,,112,2
0,learned,adam,0,0.0,14,0,0.5,0.5,1.4288018759603902e-06,1.4288018759023587e-06,,112,2
0,learned,adam,0,0.0,14,16,0.5,0.5,1.4288006878707313e-06,1.4288006878127e-06,,112,2
0,learned,adam,0,0.0,14,64,0.5,0.5,1.4288006878705968e-06,1.4288006878125653e-06,,112,2
0,learned,adam,0,0.0,15,0,0.5,0.5,5.256265593895918e-07,5.256265593682431e-07,,112,2
0,learned,adam,0,0.0,15,16,0.5,0.5,5.256263985992252e-07,5.256263985778766e-07,,112,2
0,learned,adam,0,0.0,15,64,0.5,0.5,5.256263985992075e-07,5.256263985778588e-07,,112,2
0,learned,adam,0,0.0,16,0,0.5,0.5,1.9336716754224223e-07,1.9336716753438852e-07,,112,2
0,learned,adam,0,0.0,16,16,0.5,0.5,1.9336714578163672e-07,1.93367145773783e-07,,112,2
0,learned,adam,0,0.0,16,64,0.5,0.5,1.9336714578163428e-07,1.933671457737806e-07,,112,2
0,learned,adam,0,0.0,17,0,0.5,0.5,7.113580047604236e-08,7.113580047315297e-08,,112,2
0,learned,adam,0,0.0,17,16,0.5,0.5,7.113579753106472e-08,7.113579752817534e-08,,112,2
0,learned,adam,0,0.0,17,64,0.5,0.5,7.113579753106447e-08,7.113579752817508e-08,,112,2
0,learned,adam,0,0.0,18,0,0.5,0.5,2.6169397841572313e-08,2.616939784050938e-08,,112,2
0,learned,adam,0,0.0,18,16,0.5,0.5,2.616939744301294e-08,2.6169397441950013e-08,,112,2
0,learned,adam,0,0.0,18,64,0.5,0.5,2.616939744301285e-08,2.616939744194992e-08,,112,2
0,learned,adam,0,0.0,19,0,0.5,0.5,9.627183361068068e-09,9.627183360677038e-09,,112,2
0,learned,adam,0,0.0,19,16,0.5,0.5,9.627183307128918e-09,9.62718330673789e-09,,112,2
0,learned,adam,0,0.0,19,64,0.5,0.5,9.627183307128918e-09,9.62718330673789e-09,,112,2
0,learned,adam,0,0.0,20,0,0.5,0.5,3.54164282238151e-09,3.5416428222376583e-09,,112,2
0,learned,adam,0,0.0,20,16,0.5,0.5,3.541642815081642e-09,3.5416428149377907e-09,,112,2
0,learned,adam,0,0.0,20,64,0.5,0.5,3.541642815081642e-09,3.5416428149377907e-09,,112,2
0,learned,adam,0,0.0,21,0,0.5,0.5,1.3028975806290122e-09,1.302897580576092e-09,,112,2
0,learned,adam,0,0.0,21,16,0.5,0.5,1.3028975796410827e-09,1.3028975795881626e-09,,112,2
0,learned,adam,0,0.0,21,64,0.5,0.5,1.3028975796410827e-09,1.3028975795881626e-09,,112,2
0,learned,adam,0,0.0,22,0,0.5,0.5,4.793092336356896e-10,4.793092336162214e-10,,112,2
0,learned,adam,0,0.0,22,16,0.5,0.5,4.793092335019871e-10,4.793092334825188e-10,,112,2
0,learned,adam,0,0.0,22,64,0.5,0.5,4.793092335019871e-10,4.793092334825188e-10,,112,2
0,learned,adam,0,0.0,23,0,0.5,0.5,1.7632801298711732e-10,1.7632801297995536e-10,,112,2
0,learned,adam,0,0.0,23,16,0.5,0.5,1.7632801296902313e-10,1.7632801296186117e-10,,112,2
0,learned,adam,0,0.0,23,64,0.5,0.5,1.7632801296902313e-10,1.7632801296186117e-10,,112,2
0,learned,adam,0,0.0,24,0,0.5,0.5,6.486745087636398e-11,6.486745087372924e-11,,112,2
0,learned,adam,0,0.0,24,16,0.5,0.5,6.486745087391515e-11,6.486745087128042e-11,,112,2
0,learned,adam,0,0.0,24,64,0.5,0.5,6.486745087391515e-11,6.486745087128042e-11,,112,2
0,learned,adam,3,0.0,1,0,0.5037495757493988,0.5037495757493988,1.0,1.0,0.49861725484916614,112,2
0,learned,adam,3,0.0,1,16,0.5009908369921782,0.5009908369921782,0.6321242429977705,0.6321242429977705,0.49861725484916614,112,2
0,learned,adam,3,0.0,1,64,0.500990836795959,0.500990836795959,0.6321242168326439,0.6321242168326439,0.49861725484916614,112,2
0,learned,adam,3,0.0,2,0,0.4982686984921792,0.4982686257676846,0.2691370854171125,0.2691273877862214,0.49752324658338215,112,2
0,learned,adam,3,0.0,2,16,0.49799538194908916,0.4979953275874946,0.23269093000550198,0.23268368099214423,0.49752324658338215,112,2
0,learned,adam,3,0.0,2,64,0.49799538192250087,0.49799532756090786,0.23269092646000702,0.23268367744687024,0.49752324658338215,112,2
0,learned,adam,3,0.0,3,0,0.4969261665583546,0.4969261361840779,0.090111688762866,0.09010763832391196,0.49681449999427063,112,2
0,learned,adam,3,0.0,3,16,0.49689249474906355,0.49689246732638725,0.08562151881690798,0.08561786197366154,0.49681449999427063,112,2
0,learned,adam,3,0.0,3,64,0.4968924947454637,0.4968924673227878,0.08562151833686091,0.0856178614936555,0.49681449999427063,112,2
0,learned,adam,3,0.0,4,0,0.4964910569812563,0.4964910454695809,0.03208908405947218,0.03208754894891341,0.4964748302695992,112,2
0,learned,adam,3,0.0,4,16,0.49648664557909,0.49648663448561486,0.03150081257098326,0.031499333228302846,0.4964748302695992,112,2
0,learned,adam,3,0.0,4,64,0.49648664557860284,0.49648663448512775,0.03150081250600598,0.03149933316333167,0.4964748302695992,112,2
0,learned,adam,3,0.0,5,0,0.49633791701426333,0.49633791273969685,0.01166744399590419,0.011666873969339622,0.4963355269320974,112,2
0,learned,adam,3,0.0,5,16,0.49633732693790467,0.4963373227208008,0.011588755499340865,0.011588193135559784,0.4963355269320974,112,2
0,learned,adam,3,0.0,5,64,0.4963373269378387,0.4963373227207348,0.011588755490546762,0.011588193126766531,0.4963355269320974,112,2
0,learned,adam,3,0.0,6,0,0.49628247351060073,0.49628247193299396,0.004273876354609828,0.004273665975548145,0.4962820911865236,112,2
0,learned,adam,3,0.0,6,16,0.4962823939935931,0.49628239242380473,0.004263272499889127,0.004263063163452237,0.4962820911865236,112,2
0,learned,adam,3,0.0,6,64,0.4962823939935842,0.49628239242379585,0.00426327249869897,0.004263063162262198,0.4962820911865236,112,2
0,learned,adam,3,0.0,7,0,0.49626219593646453,0.4962621953554247,0.0015697942825566977,0.0015697167989295977,0.4962621231996908,112,2
0,learned,adam,3,0.0,7,16,0.49626218519202847,0.4962621846120487,0.0015683614757645917,0.0015682841335146892,0.4962621231996908,112,2
0,learned,adam,3,0.0,7,64,0.4962621851920272,0.4962621846120476,0.0015683614756035237,0.0015682841333536368,0.4962621231996908,112,2
0,learned,adam,3,0.0,8,0,0.4962547522757617,0.49625475206192027,0.0005771569160120829,0.0005771283995336284,0.4962547347418059,112,2
0,learned,adam,3,0.0,8,16,0.4962547508225243,0.49625475060882646,0.0005769631218537611,0.0005769346245219442,0.4962547347418059,112,2
0,learned,adam,3,0.0,8,64,0.49625475082252407,0.49625475060882623,0.0005769631218319634,0.0005769346245001482,0.4962547347418059,112,2
0,learned,adam,3,0.0,9,0,0.49625201608912867,0.4962520160104494,0.0002122771053595725,0.00021226661320068399,0.49625201088882237,112,2
0,learned,adam,3,0.0,9,16,0.4962520158924999,0.49625201581383993,0.0002122508842305404,0.00021224039466349697,0.49625201088882237,112,2
0,learned,adam,3,0.0,9,64,0.4962520158924998,0.4962520158138398,0.0002122508842275904,0.00021224039466054742,0.49625201088882237,112,2
0,learned,adam,3,0.0,10,0,0.49625100980383635,0.4962510097748905,7.808552533247427e-05,7.808166529997601e-05,0.4962510080600209,112,2
0,learned,adam,3,0.0,10,16,0.4962510097772281,0.49625100974828484,7.808197703468922e-05,7.807811735298594e-05,0.4962510080600209,112,2
0,learned,adam,3,0.0,10,64,0.4962510097772281,0.49625100974828484,7.808197703429002e-05,7.80781173525868e-05,0.4962510080600209,112,2
0,learned,adam,3,0.0,11,0,0.49625063965528426,0.49625063964463556,2.8724950909094326e-05,2.8723530866673506e-05,0.4962506390366863,112,2
0,learned,adam,3,0.0,11,16,0.4962506396516835,0.4962506396410351,2.8724470722476295e-05,2.8723050727531184e-05,0.4962506390366863,112,2
0,learned,adam,3,0.0,11,64,0.4962506396516835,0.4962506396410351,2.872447072242227e-05,2.8723050727477153e-05,0.4962506390366863,112,2
0,learned,adam,3,0.0,12,0,0.49625050349193245,0.4962505034880151,1.0567102454464189e-05,1.056658005119485e-05,0.4962505032674658,112,2
0,learned,adam,3,0.0,12,16,0.4962505034914452,0.4962505034875278,1.0567037470247527e-05,1.056651507340328e-05,0.4962505032674658,112,2
0,learned,adam,3,0.0,12,64,0.4962505034914452,0.4962505034875278,1.0567037470240217e-05,1.056651507339596e-05,0.4962505032674658,112,2
0,learned,adam,3,0.0,13,0,0.49625045340145496,0.49625045340001384,3.887366021141816e-06,3.8871738410816854e-06,0.49625045331929873,112,2
0,learned,adam,3,0.0,13,16,0.49625045340138907,0.4962504533999479,3.8873572266933455e-06,3.887165047502738e-06,0.49625045331929873,112,2
0,learned,adam,3,0.0,13,64,0.49625045340138907,0.4962504533999479,3.887357226692356e-06,3.887165047501752e-06,0.49625045331929873,112,2
0,learned,adam,3,0.0,14,0,0.496250434974479,0.49625043497394894,1.4300657800203117e-06,1.4299950815559792e-06,0.49625043494431265,112,2
0,learned,adam,3,0.0,14,16,0.49625043497447013,0.49625043497394006,1.430064589846499e-06,1.4299938914998427e-06,0.49625043494431265,112,2
0,learned,adam,3,0.0,14,64,0.49625043497447013,0.49625043497394006,1.4300645898463653e-06,1.4299938914997105e-06,0.49625043494431265,112,2
0,learned,adam,3,0.0,15,0,0.496250428195654,0.4962504281954591,5.260862928002078e-07,5.260602845372315e-07,0.4962504281845642,112,2
0,learned,adam,3,0.0,15,16,0.4962504281956529,0.4962504281954579,5.260861317309852e-07,5.260601234839344e-07,0.4962504281845642,112,2
0,learned,adam,3,0.0,15,64,0.4962504281956529,0.4962504281954579,5.260861317309671e-07,5.260601234839158e-07,0.4962504281845642,112,2
0,learned,adam,3,0.0,16,0,0.4962504257018904,0.4962504257018186,1.9353436962496087e-07,1.9352480181349076e-07,0.4962504256978117,112,2
0,learned,adam,3,0.0,16,16,0.4962504257018902,0.4962504257018185,1.9353434782704967e-07,1.935247800177346e-07,0.4962504256978117,112,2
0,learned,adam,3,0.0,16,64,0.4962504257018902,0.4962504257018185,1.9353434782704726e-07,1.935247800177322e-07,0.4962504256978117,112,2
0,learned,adam,3,0.0,17,0,0.4962504247844953,0.49625042478446896,7.119660274057021e-08,7.119308297424838e-08,0.49625042478299497,112,2
0,learned,adam,3,0.0,17,16,0.4962504247844953,0.49625042478446885,7.119659979060259e-08,7.119308002457259e-08,0.49625042478299497,112,2
0,learned,adam,3,0.0,17,64,0.4962504247844953,0.49625042478446885,7.119659979060226e-08,7.119308002457208e-08,0.49625042478299497,112,2
0,learned,adam,3,0.0,18,0,0.49625042444700795,0.49625042444699824,2.6191505307934416e-08,2.6190210471117415e-08,0.496250424446456,112,2
0,learned,adam,3,0.0,18,16,0.49625042444700795,0.49625042444699824,2.619150490870767e-08,2.619021007193011e-08,0.496250424446456,112,2
0,learned,adam,3,0.0,18,64,0.49625042444700795,0.49625042444699824,2.6191504908707618e-08,2.619021007193011e-08,0.496250424446456,112,2
0,learned,adam,3,0.0,19,0,0.49625042432285443,0.4962504243228509,9.635220434906262e-09,9.63474409579476e-09,0.4962504243226514,112,2
0,learned,adam,3,0.0,19,16,0.49625042432285443,0.4962504243228509,9.635220380877873e-09,9.634744041771729e-09,0.4962504243226514,112,2
0,learned,adam,3,0.0,19,64,0.49625042432285443,0.4962504243228509,9.635220380877868e-09,9.634744041771696e-09,0.4962504243226514,112,2
0,learned,adam,3,0.0,20,0,0.4962504242771814,0.4962504242771801,3.5445642509518807e-09,3.54438901732773e-09,0.4962504242771068,112,2
0,learned,adam,3,0.0,20,16,0.4962504242771814,0.4962504242771801,3.544564243640079e-09,3.5443890100166486e-09,0.4962504242771068,112,2
0,learned,adam,3,0.0,20,64,0.4962504242771814,0.4962504242771801,3.5445642436400772e-09,3.5443890100166486e-09,0.4962504242771068,112,2
0,learned,adam,3,0.0,21,0,0.49625042426037946,0.496250424260379,1.303959348110306e-09,1.3038948839035215e-09,0.496250424260352,112,2
0,learned,adam,3,0.0,21,16,0.49625042426037946,0.496250424260379,1.3039593471207807e-09,1.3038948829140946e-09,0.496250424260352,112,2
0,learned,adam,3,0.0,21,64,0.49625042426037946,0.496250424260379,1.3039593471207804e-09,1.3038948829140946e-09,0.496250424260352,112,2
0,learned,adam,3,0.0,22,0,0.49625042425419835,0.4962504242541982,4.796950661749997e-10,4.796713513544345e-10,0.49625042425418825,112,2
0,learned,adam,3,0.0,22,16,0.49625042425419835,0.4962504242541982,4.796950660410842e-10,4.796713512205321e-10,0.49625042425418825,112,2
0,learned,adam,3,0.0,22,64,0.49625042425419835,0.4962504242541982,4.796950660410842e-10,4.796713512205321e-10,0.49625042425418825,112,2
0,learned,adam,3,0.0,23,0,0.49625042425192456,0.49625042425192445,1.7646819811958823e-10,1.7645947401139896e-10,0.49625042425192084,112,2
0,learned,adam,3,0.0,23,16,0.49625042425192456,0.49625042425192445,1.7646819810146543e-10,1.7645947399327815e-10,0.49625042425192084,112,2
0,learned,adam,3,0.0,23,64,0.49625042425192456,0.49625042425192445,1.7646819810146543e-10,1.7645947399327815e-10,0.49625042425192084,112,2
0,learned,adam,3,0.0,24,0,0.49625042425108795,0.496250424251088,6.491837658317325e-11,6.491516719504057e-11,0.4962504242510866,112,2
0,learned,adam,3,0.0,24,16,0.49625042425108795,0.496250424251088,6.49183765807205e-11,6.491516719258811e-11,0.4962504242510866,112,2
0,learned,adam,3,0.0,24,64,0.49625042425108795,0.496250424251088,6.49183765807205e-11,6.491516719258811e-11,0.4962504242510866,112,2
0,learned,adam,1000,11.328690783793768,1,0,0.7483529533824173,0.7483529533824173,1.0,1.0,0.5208824324071388,112,2
0,learned,adam,1000,11.328690783793768,1,16,0.5792708492140942,0.5792708492140942,0.646709037411418,0.6467090374114179,0.5208824324071388,112,2
0,learned,adam,1000,11.328690783793768,1,64,0.579270842065147,0.5792708420651471,0.646709023953986,0.6467090239539861,0.5208824324071388,112,2
0,learned,adam,1000,11.328690783793768,2,0,0.5841037475009456,0.5741247832307536,0.6558420827228064,0.6370377293348624,0.4521813488461091,112,2
0,learned,adam,1000,11.328690783793768,2,16,0.4906412273308681,0.485061141681561,0.4828228801875814,0.47257724669492096,0.4521813488461091,112,2
0,learned,adam,1000,11.328690783793768,2,64,0.49064122324438053,0.48506113776921084,0.48282287268550533,0.47257723950887576,0.4521813488461091,112,2
0,learned,adam,1000,11.328690783793768,3,0,0.4096712142331977,0.400124126583307,0.33237484785686305,0.31421802583686065,0.36578881925932527,112,2
0,learned,adam,1000,11.328690783793768,3,16,0.3830197365913682,0.3762983660017343,0.2812621501720859,0.268183221907701,0.36578881925932527,112,2
0,learned,adam,1000,11.328690783793768,3,64,0.38301973527909283,0.37629836481784146,0.28126214762481044,0.2681832195934656,0.36578881925932527,112,2
0,learned,adam,1000,11.328690783793768,4,0,0.3127300903126625,0.30820978800655574,0.138749725497383,0.12907550583685765,0.3022639496491703,112,2
0,learned,adam,1000,11.328690783793768,4,16,0.3081606248183606,0.30427263144896755,0.1289597000346338,0.12057353835362843,0.3022639496491703,112,2
0,learned,adam,1000,11.328690783793768,4,64,0.3081606245692562,0.3042726312331206,0.12895969949874067,0.12057353788584121,0.3022639496491703,112,2
0,learned,adam,1000,11.328690783793768,5,0,0.27375312143801095,0.2720220961238377,0.052382530454460126,0.04838285224897594,0.2711909293391213,112,2
0,learned,adam,1000,11.328690783793768,5,16,0.27312072633963935,0.27148466145533445,0.05092245126717147,0.04713697075647755,0.2711909293391213,112,2
0,learned,adam,1000,11.328690783793768,5,64,0.2731207263034575,0.2714846614245134,0.05092245118357351,0.04713697068498386,0.2711909293391213,112,2
0,learned,adam,1000,11.328690783793768,6,0,0.2595121354467202,0.25888562356954764,0.018966216213816,0.01746970587218556,0.25877780261299765,112,2
0,learned,adam,1000,11.328690783793768,6,16,0.2594304961001721,0.2588165644830899,0.018771305589233764,0.017304559235686665,0.25877780261299765,112,2
0,learned,adam,1000,11.328690783793768,6,64,0.2594304960954135,0.2588165644790611,0.018771305577871624,0.017304559226051373,0.25877780261299765,112,2
0,learned,adam,1000,11.328690783793768,7,0,0.2544320496956037,0.25420895049462683,0.006759956973527403,0.006220291300112204,0.2541953118937494,112,2
0,learned,adam,1000,11.328690783793768,7,16,0.25442174257891553,0.2542002454600338,0.006735029731216759,0.006199225799868626,0.2541953118937494,112,2
0,learned,adam,1000,11.328690783793768,7,64,0.2544217425783107,0.25420024545952274,0.0067350297297539535,0.006199225798632052,0.2541953118937494,112,2
0,learned,adam,1000,11.328690783793768,8,0,0.25263172823201285,0.25255269515837525,0.0023957307942507862,0.002203678333008016,0.2525509848489866,112,2
0,learned,adam,1000,11.328690783793768,8,16,0.2526304366228342,0.25255160491092565,0.002392592392154632,0.0022010286282171114,0.2525509848489866,112,2
0,learned,adam,1000,11.328690783793768,8,64,0.2526304366227582,0.2525516049108615,0.002392592391970021,0.002201028628061231,0.2525509848489866,112,2
0,learned,adam,1000,11.328690783793768,9,0,0.25199502008082325,0.25196707192404694,0.0008473300539957358,0.0007793045982662627,0.25196685808931957,112,2
0,learned,adam,1000,11.328690783793768,9,16,0.2519948586437113,0.2519669356813372,0.000846937129065567,0.0007789729687142736,0.25196685808931957,112,2
0,learned,adam,1000,11.328690783793768,9,64,0.2519948586437018,0.2519669356813292,0.000846937129042434,0.0007789729686947485,0.25196685808931957,112,2
0,learned,adam,1000,11.328690783793768,10,0,0.25176999422446955,0.2517601170979964,0.0002994715625708389,0.00027541688340286107,0.25176009038880764,112,2
0,learned,adam,1000,11.328690783793768,10,16,0.2517699740648413,0.25176010008570643,0.0002994224664506079,0.0002753754510707613,0.25176009038880764,112,2
0,learned,adam,1000,11.328690783793768,10,64,0.25176997406484014,0.2517601000857055,0.0002994224664477166,0.0002753754510683211,0.25176009038880764,112,2
0,learned,adam,1000,11.328690783793768,11,0,0.2516904843584557,0.2516869944480335,0.00010581527426568218,9.731423758761691e-05,0.25168699111224513,112,2
0,learned,adam,1000,11.328690783793768,11,16,0.25169048184180365,0.25168699232433445,0.00010580914400052422,9.730906445895772e-05,0.25168699111224513,112,2
0,learned,adam,1000,11.328690783793768,11,64,0.2516904818418035,0.25168699232433434,0.00010580914400016316,9.7309064458653e-05,0.25168699111224513,112,2
0,learned,adam,1000,11.328690783793768,12,0,0.2516623929616849,0.2516611599565766,3.738541335284109e-05,3.4381732267405995e-05,0.2516611595396937,112,2
0,learned,adam,1000,11.328690783793768,12,16,0.2516623926475509,0.2516611596914942,3.7384648102810094e-05,3.438108650768997e-05,0.2516611595396937,112,2
0,learned,adam,1000,11.328690783793768,12,64,0.2516623926475509,0.25166115969149416,3.738464810276502e-05,3.438108650765192e-05,0.2516611595396937,112,2
0,learned,adam,1000,11.328690783793768,13,0,0.25165246836521005,0.25165203274923625,1.3208157827128333e-05,1.2146941771251504e-05,0.2516520326970259,112,2
0,learned,adam,1000,11.328690783793768,13,16,0.2516524683260007,0.2516520327161495,1.3208062308232688e-05,1.2146861167618786e-05,0.2516520326970259,112,2
0,learned,adam,1000,11.328690783793768,13,64,0.2516524683260007,0.2516520327161495,1.3208062308227062e-05,1.2146861167614038e-05,0.2516520326970259,112,2
0,learned,adam,1000,11.328690783793768,14,0,0.25164896207493204,0.25164880817494123,4.666351510502909e-06,4.2914281328598885e-06,0.25164880816836244,112,2
0,learned,adam,1000,11.328690783793768,14,16,0.2516489620700381,0.2516488081708115,4.666339588156197e-06,4.291418072204622e-06,0.25164880816836244,112,2
0,learned,adam,1000,11.328690783793768,14,64,0.2516489620700381,0.2516488081708115,4.666339588155495e-06,4.291418072204035e-06,0.25164880816836244,112,2
0,learned,adam,1000,11.328690783793768,15,0,0.25164772333173346,0.2516476689601559,1.6485834419535725e-06,1.5161257317189375e-06,0.25164766895931284,112,2
0,learned,adam,1000,11.328690783793768,15,16,0.2516477233311227,0.25164766895964047,1.648581953862749e-06,1.5161244759964395e-06,0.25164766895931284,112,2
0,learned,adam,1000,11.328690783793768,15,64,0.2516477233311227,0.25164766895964047,1.6485819538626612e-06,1.5161244759963641e-06,0.25164766895931284,112,2
0,learned,adam,1000,11.328690783793768,16,0,0.2516472856946298,0.25164726648562963,5.82430097920912e-07,5.356339012845452e-07,0.25164726648551666,112,2
0,learned,adam,1000,11.328690783793768,16,16,0.2516472856945536,0.2516472664855653,5.824299121851865e-07,5.35633744551857e-07,0.25164726648551666,112,2
0,learned,adam,1000,11.328690783793768,16,64,0.2516472856945536,0.2516472664855653,5.824299121851756e-07,5.356337445518475e-07,0.25164726648551666,112,2
0,learned,adam,1000,11.328690783793768,17,0,0.25164713108135156,0.2516471242949836,2.0576735326812068e-07,1.8923466893573442e-07,0.2516471242949668,112,2
0,learned,adam,1000,11.328690783793768,17,16,0.25164713108134207,0.25164712429497554,2.0576733008558902e-07,1.8923464937320702e-07,0.2516471242949668,112,2
0,learned,adam,1000,11.328690783793768,17,64,0.25164713108134207,0.25164712429497554,2.0576733008558767e-07,1.89234649373206e-07,0.2516471242949668,112,2
0,learned,adam,1000,11.328690783793768,18,0,0.25164707645787077,0.251647074060308,7.269575600109151e-08,6.685490652512522e-08,0.25164707406030495,112,2
0,learned,adam,1000,11.328690783793768,18,16,0.2516470764578696,0.251647074060307,7.269575310757436e-08,6.685490408343727e-08,0.25164707406030495,112,2
0,learned,adam,1000,11.328690783793768,18,64,0.2516470764578696,0.251647074060307,7.269575310757416e-08,6.685490408343727e-08,0.25164707406030495,112,2
0,learned,adam,1000,11.328690783793768,19,0,0.2516470571598873,0.25164705631285,2.5682755456567865e-08,2.3619235883065808e-08,0.2516470563128493,112,2
0,learned,adam,1000,11.328690783793768,19,16,0.25164705715988717,0.2516470563128499,2.5682755095414864e-08,2.361923557830771e-08,0.2516470563128493,112,2
0,learned,adam,1000,11.328690783793768,19,64,0.25164705715988717,0.2516470563128499,2.568275509541484e-08,2.361923557830763e-08,0.2516470563128493,112,2
0,learned,adam,1000,11.328690783793768,20,0,0.25164705034208384,0.2516470500428332,9.073485850709026e-09,8.344462986376323e-09,0.25164705004283294,112,2
0,learned,adam,1000,11.328690783793768,20,16,0.2516470503420838,0.25164705004283316,9.073485805631908e-09,8.344462948338108e-09,0.25164705004283294,112,2
0,learned,adam,1000,11.328690783793768,20,64,0.2516470503420838,0.25164705004283316,9.073485805631904e-09,8.344462948338108e-09,0.25164705004283294,112,2
0,learned,adam,1000,11.328690783793768,21,0,0.25164704793341536,0.2516470478276928,3.2055806858050507e-09,2.9480234839938076e-09,0.25164704782769276,112,2
0,learned,adam,1000,11.328690783793768,21,16,0.25164704793341536,0.2516470478276928,3.205580680178774e-09,2.9480234792460837e-09,0.25164704782769276,112,2
0,learned,adam,1000,11.328690783793768,21,64,0.25164704793341536,0.2516470478276928,3.205580680178774e-09,2.9480234792460837e-09,0.25164704782769276,112,2
0,learned,adam,1000,11.328690783793768,22,0,0.2516470470824545,0.2516470470451037,1.132502730963364e-09,1.0415100954343455e-09,0.2516470470451037,112,2
0,learned,adam,1000,11.328690783793768,22,16,0.2516470470824545,0.2516470470451037,1.1325027302611229e-09,1.0415100948417605e-09,0.2516470470451037,112,2
0,learned,adam,1000,11.328690783793768,22,64,0.2516470470824545,0.2516470470451037,1.1325027302611229e-09,1.0415100948417605e-09,0.2516470470451037,112,2
0,learned,adam,1000,11.328690783793768,23,0,0.25164704678181776,0.2516470467686221,4.001029954066434e-10,3.679561183484747e-10,0.2516470467686221,112,2
0,learned,adam,1000,11.328690783793768,23,16,0.25164704678181776,0.2516470467686221,4.0010299531899367e-10,3.679561182745122e-10,0.2516470467686221,112,2
0,learned,adam,1000,11.328690783793768,23,64,0.25164704678181776,0.2516470467686221,4.0010299531899367e-10,3.679561182745122e-10,0.2516470467686221,112,2
0,learned,adam,1000,11.328690783793768,24,0,0.2516470466756055,0.25164704667094356,1.413527777923353e-10,1.299955762147406e-10,0.25164704667094356,112,2
0,learned,adam,1000,11.328690783793768,24,16,0.2516470466756055,0.25164704667094356,1.4135277778139526e-10,1.2999557620550893e-10,0.25164704667094356,112,2
0,learned,adam,1000,11.328690783793768,24,64,0.2516470466756055,0.25164704667094356,1.4135277778139526e-10,1.2999557620550893e-10,0.25164704667094356,112,2
0,learned,adam,2000,18.94890040505393,1,0,0.8520543238999574,0.8520543238999574,1.0,1.0,0.6748860996362983,112,2
0,learned,adam,2000,18.94890040505393,1,16,0.6997469385006826,0.6997469385006826,0.7416297165987523,0.7416297165987523,0.6748860996362983,112,2
0,learned,adam,2000,18.94890040505393,1,64,0.6997469384450914,0.6997469384450913,0.741629716523189,0.7416297165231891,0.6748860996362983,112,2
0,learned,adam,2000,18.94890040505393,2,0,0.7827177341460775,0.7712447078834448,0.866101241726547,0.8470839936023636,0.6103980649635077,112,2
0,learned,adam,2000,18.94890040505393,2,16,0.640802389409485,0.631689640792212,0.6653275093206874,0.6540640470930204,0.6103980649635077,112,2
0,learned,adam,2000,18.94890040505393,2,64,0.6408023893604761,0.6316896407443312,0.6653275092598678,0.6540640470342475,0.6103980649635077,112,2
0,learned,adam,2000,18.94890040505393,3,0,0.5617772165863166,0.5281046029145122,0.5710408833304789,0.5321386512160687,0.44471718584663417,112,2
0,learned,adam,2000,18.94890040505393,3,16,0.47918287658925557,0.45539926290267524,0.47619044240612524,0.44891538888209553,0.44471718584663417,112,2
0,learned,adam,2000,18.94890040505393,3,64,0.4791828765620195,0.4553992628786314,0.47619044237494046,0.44891538885440924,0.44471718584663417,112,2
0,learned,adam,2000,18.94890040505393,4,0,0.29188630311317915,0.2715381190822418,0.2466982308219679,0.21817744037809125,0.2592751156356659,112,2
0,learned,adam,2000,18.94890040505393,4,16,0.2778706463387482,0.26099573813230076,0.22709629862959227,0.20276543327204147,0.2592751156356659,112,2
0,learned,adam,2000,18.94890040505393,4,64,0.2778706463337387,0.260995738128486,0.2270962986224789,0.20276543326639307,0.2592751156356659,112,2
0,learned,adam,2000,18.94890040505393,5,0,0.18537330146526615,0.17973589548857055,0.0771880675546867,0.06644579885611503,0.1788252475688142,112,2
0,learned,adam,2000,18.94890040505393,5,16,0.18429719395364924,0.17896112049284632,0.07515308974506754,0.06494247753087,0.1788252475688142,112,2
0,learned,adam,2000,18.94890040505393,5,64,0.1842971939532371,0.1789611204925482,0.07515308974428635,0.06494247753029059,0.1788252475688142,112,2
0,learned,adam,2000,18.94890040505393,6,0,0.15750340620314365,0.15606796293741956,0.021095292596505655,0.017998787175984455,0.15600697645054426,112,2
0,learned,adam,2000,18.94890040505393,6,16,0.15743128058880182,0.15601624304870823,0.02094016492154771,0.017886629964669238,0.15600697645054426,112,2
0,learned,adam,2000,18.94890040505393,6,64,0.15743128058877362,0.15601624304868797,0.020940164921486988,0.017886629964625287,0.15600697645054426,112,2
0,learned,adam,2000,18.94890040505393,7,0,0.15040482503020408,0.15003645781912894,0.005533042184279384,0.0047092596464378775,0.15003239283418796,112,2
0,learned,adam,2000,18.94890040505393,7,16,0.15040002128524238,0.1500330134508289,0.005522308609829439,0.004701546194428302,0.15003239283418796,112,2
0,learned,adam,2000,18.94890040505393,7,64,0.15040002128524055,0.15003301345082753,0.005522308609825214,0.004701546194425263,0.15003239283418796,112,2
0,learned,adam,2000,18.94890040505393,8,0,0.14858031051350112,0.14848532298494715,0.001435197397139491,0.0012207280483311819,0.14848505177151466,112,2
0,learned,adam,2000,18.94890040505393,8,16,0.14857999010856407,0.14848509323690298,0.0014344741270202704,0.0012202091185114434,0.14848505177151466,112,2
0,learned,adam,2000,18.94890040505393,8,64,0.14857999010856396,0.1484850932369029,0.0014344741270199853,0.0012202091185112387,0.14848505177151466,112,2
0,learned,adam,2000,18.94890040505393,9,0,0.14810959673009433,0.1480850676516451,0.0003711896491831289,0.0003156676618348363,0.14808504954731513,112,2
0,learned,adam,2000,18.94890040505393,9,16,0.14810957534642183,0.1480850523180796,0.00037114124969657984,0.00031563295077557013,0.14808504954731513,112,2
0,learned,adam,2000,18.94890040505393,9,64,0.14810957534642183,0.1480850523180796,0.00037114124969656064,0.0003156329507755561,0.14808504954731513,112,2
0,learned,adam,2000,18.94890040505393,10,0,0.1479880249639741,0.14798168824467087,9.592959357831926e-05,8.157704008618598e-05,0.147981687035569,112,2
0,learned,adam,2000,18.94890040505393,10,16,0.147988023536591,0.1479816872211335,9.592636063041856e-05,8.157472173628779e-05,0.147981687035569,112,2
0,learned,adam,2000,18.94890040505393,10,64,0.147988023536591,0.1479816872211335,9.592636063041726e-05,8.157472173628677e-05,0.147981687035569,112,2
0,learned,adam,2000,18.94890040505393,11,0,0.14795661756374937,0.14795498040167843,2.4787040328273966e-05,2.1078278007600424e-05,0.14795498032081195,112,2
0,learned,adam,2000,18.94890040505393,11,16,0.14795661746846564,0.147954980333353,2.47868244771399e-05,2.1078123224869257e-05,0.14795498032081195,112,2
0,learned,adam,2000,18.94890040505393,11,64,0.14795661746846564,0.147954980333353,2.4786824477139822e-05,2.107812322486918e-05,0.14795498032081195,112,2
0,learned,adam,2000,18.94890040505393,12,0,0.1479485030341463,0.14794808004398435,6.4043470644139055e-06,5.446080444545302e-06,0.14794808003854643,112,2
0,learned,adam,2000,18.94890040505393,12,16,0.14794850302778564,0.14794808003942328,6.404332654623116e-06,5.446070111633605e-06,0.14794808003854643,112,2
0,learned,adam,2000,18.94890040505393,12,64,0.14794850302778564,0.14794808003942328,6.40433265462311e-06,5.446070111633594e-06,0.14794808003854643,112,2
0,learned,adam,2000,18.94890040505393,13,0,0.14794640649480856,0.14794629720697858,1.6547004718543832e-06,1.40711067415761e-06,0.14794629720660535,112,2
0,learned,adam,2000,18.94890040505393,13,16,0.1479464064943839,0.1479462972066741,1.6546995099154423e-06,1.4071099843757957e-06,0.14794629720660535,112,2
0,learned,adam,2000,18.94890040505393,13,64,0.1479464064943839,0.1479462972066741,1.654699509915442e-06,1.4071099843757957e-06,0.14794629720660535,112,2
0,learned,adam,2000,18.94890040505393,14,0,0.14794586481227853,0.14794583657556817,4.275259310054727e-07,3.635559392961033e-07,0.1479458365755406,112,2
0,learned,adam,2000,18.94890040505393,14,16,0.1479458648122502,0.14794583657554783,4.27525866790863e-07,3.63555893249471e-07,0.1479458365755406,112,2
0,learned,adam,2000,18.94890040505393,14,64,0.1479458648122502,0.14794583657554783,4.27525866790863e-07,3.63555893249471e-07,0.1479458365755406,112,2
0,learned,adam,2000,18.94890040505393,15,0,0.14794572485767202,0.1479457175621463,1.1046002943352976e-07,9.393207482916949e-08,0.14794571756214378,112,2
0,learned,adam,2000,18.94890040505393,15,16,0.1479457248576701,0.14794571756214492,1.1046002514686742e-07,9.39320717553153e-08,0.14794571756214378,112,2
0,learned,adam,2000,18.94890040505393,15,64,0.1479457248576701,0.14794571756214492,1.1046002514686742e-07,9.39320717553153e-08,0.14794571756214378,112,2
0,learned,adam,2000,18.94890040505393,16,0,0.1479456886975648,0.14794568681261783,2.8539591350290437e-08,2.4269258385516372e-08,0.1479456868126175,112,2
0,learned,adam,2000,18.94890040505393,16,16,0.1479456886975647,0.14794568681261772,2.853959106413341e-08,2.4269258180320655e-08,0.1479456868126175,112,2
0,learned,adam,2000,18.94890040505393,16,64,0.1479456886975647,0.14794568681261772,2.853959106413341e-08,2.4269258180320655e-08,0.1479456868126175,112,2
0,learned,adam,2000,18.94890040505393,17,0,0.1479456793548679,0.14794567886785365,7.37378245653079e-09,6.270455274600752e-09,0.14794567886785356,112,2
0,learned,adam,2000,18.94890040505393,17,16,0.1479456793548679,0.14794567886785365,7.373782437428308e-09,6.2704552609028555e-09,0.14794567886785356,112,2
0,learned,adam,2000,18.94890040505393,17,64,0.1479456793548679,0.14794567886785365,7.373782437428308e-09,6.2704552609028555e-09,0.14794567886785356,112,2
0,learned,adam,2000,18.94890040505393,18,0,0.14794567694099273,0.14794567681516269,1.9051662735396552e-09,1.620099313887488e-09,0.14794567681516269,112,2
0,learned,adam,2000,18.94890040505393,18,16,0.14794567694099273,0.14794567681516269,1.9051662722644633e-09,1.620099312973078e-09,0.14794567681516269,112,2
0,learned,adam,2000,18.94890040505393,18,64,0.14794567694099273,0.14794567681516269,1.9051662722644633e-09,1.620099312973078e-09,0.14794567681516269,112,2
0,learned,adam,2000,18.94890040505393,19,0,0.14794567631731909,0.14794567628480834,4.922383508290756e-10,4.1858551946100156e-10,0.14794567628480834,112,2
0,learned,adam,2000,18.94890040505393,19,16,0.14794567631731909,0.14794567628480834,4.922383507439498e-10,4.1858551939996e-10,0.14794567628480834,112,2
0,learned,adam,2000,18.94890040505393,19,64,0.14794567631731909,0.14794567628480834,4.922383507439498e-10,4.1858551939996e-10,0.14794567628480834,112,2
0,learned,adam,2000,18.94890040505393,20,0,0.14794567615618037,0.14794567614778054,1.2717976228620382e-10,1.0815005935388958e-10,0.14794567614778054,112,2
0,learned,adam,2000,18.94890040505393,20,16,0.14794567615618037,0.14794567614778054,1.271797622805211e-10,1.0815005934981447e-10,0.14794567614778054,112,2
0,learned,adam,2000,18.94890040505393,20,64,0.14794567615618037,0.14794567614778054,1.271797622805211e-10,1.0815005934981447e-10,0.14794567614778054,112,2
0,learned,adam,2000,18.94890040505393,21,0,0.14794567611454687,0.14794567611237663,3.2859471237359556e-11,2.794276149539856e-11,0.14794567611237663,112,2
0,learned,adam,2000,18.94890040505393,21,16,0.14794567611454687,0.14794567611237663,3.2859471236980236e-11,2.7942761495126556e-11,0.14794567611237663,112,2
0,learned,adam,2000,18.94890040505393,21,64,0.14794567611454687,0.14794567611237663,3.2859471236980236e-11,2.7942761495126556e-11,0.14794567611237663,112,2
0,learned,adam,2000,18.94890040505393,22,0,0.14794567610379003,0.14794567610322928,8.489910898692289e-12,7.219579208831253e-12,0.14794567610322928,112,2
0,learned,adam,2000,18.94890040505393,22,16,0.14794567610379003,0.14794567610322928,8.48991089866697e-12,7.219579208813092e-12,0.14794567610322928,112,2
0,learned,adam,2000,18.94890040505393,22,64,0.14794567610379003,0.14794567610322928,8.48991089866697e-12,7.219579208813092e-12,0.14794567610322928,112,2
0,learned,adam,2000,18.94890040505393,23,0,0.14794567610101078,0.14794567610086592,2.1935406856011834e-12,1.8653247267783812e-12,0.14794567610086592,112,2
0,learned,adam,2000,18.94890040505393,23,16,0.14794567610101078,0.14794567610086592,2.193540685599495e-12,1.8653247267771687e-12,0.14794567610086592,112,2
0,learned,adam,2000,18.94890040505393,23,64,0.14794567610101078,0.14794567610086592,2.193540685599495e-12,1.8653247267771687e-12,0.14794567610086592,112,2
0,learned,adam,2000,18.94890040505393,24,0,0.1479456761002927,0.14794567610025527,5.667457287575762e-13,4.819444784346599e-13,0.14794567610025527,112,2
0,learned,adam,2000,18.94890040505393,24,16,0.1479456761002927,0.14794567610025527,5.667457287574625e-13,4.819444784345776e-13,0.14794567610025527,112,2
0,learned,adam,2000,18.94890040505393,24,64,0.1479456761002927,0.14794567610025527,5.667457287574625e-13,4.819444784345776e-13,0.14794567610025527,112,2
0,learned,adam,3000,24.84174707475492,1,0,0.8987766149273158,0.8987766149273156,1.0,1.0,0.7712581112195365,112,2
0,learned,adam,3000,24.84174707475492,1,16,0.7830976276164253,0.7830976276164254,0.7939522932376206,0.7939522932376205,0.7712581112195365,112,2
0,learned,adam,3000,24.84174707475492,1,64,0.7830976276151445,0.7830976276151445,0.7939522932358936,0.7939522932358937,0.7712581112195365,112,2
0,learned,adam,3000,24.84174707475492,2,0,0.8651487137338071,0.8575668471260128,0.9256864690021748,0.9110506181048434,0.7261898920310452,112,2
0,learned,adam,3000,24.84174707475492,2,16,0.7457145926022811,0.7377596731308823,0.7463713825112647,0.7368353095924033,0.7261898920310452,112,2
0,learned,adam,3000,24.84174707475492,2,64,0.7457145926010175,0.7377596731296255,0.7463713825097384,0.736835309590916,0.7261898920310452,112,2
0,learned,adam,3000,24.84174707475492,3,0,0.6874705150280496,0.6446201401147807,0.68100342866096,0.6363448922855227,0.5421500682171968,112,2
0,learned,adam,3000,24.84174707475492,3,16,0.5848870309680309,0.5502198728689486,0.5786258171037826,0.5461507247125772,0.5421500682171968,112,2
0,learned,adam,3000,24.84174707475492,3,64,0.5848870309670595,0.5502198728680653,0.5786258171028644,0.5461507247117602,0.5421500682171968,112,2
0,learned,adam,3000,24.84174707475492,4,0,0.29433292022527374,0.25816884085244113,0.2992601791595494,0.25832174802758734,0.24363801801705817,112,2
0,learned,adam,3000,24.84174707475492,4,16,0.27496282036124425,0.24482787494587938,0.2775715271985388,0.24209189459244437,0.24363801801705817,112,2
0,learned,adam,3000,24.84174707475492,4,64,0.27496282036105857,0.24482787494574976,0.2775715271983265,0.24209189459228384,0.24363801801705817,112,2
0,learned,adam,3000,24.84174707475492,5,0,0.1380889379860532,0.13088417394473675,0.08058069962687085,0.06652480823382889,0.1302707399657424,112,2
0,learned,adam,3000,24.84174707475492,5,16,0.1372187432597851,0.1303242812684032,0.07891172733121277,0.06539577506572525,0.1302707399657424,112,2
0,learned,adam,3000,24.84174707475492,5,64,0.1372187432597761,0.1303242812683974,0.07891172733119554,0.06539577506571355,0.1302707399657424,112,2
0,learned,adam,3000,24.84174707475492,6,0,0.10849123236965753,0.10711160081600825,0.01772845911845016,0.014451221944608579,0.10708685675129904,112,2
0,learned,adam,3000,24.84174707475492,6,16,0.10845642896699285,0.10708904938283338,0.017646191920400983,0.01439722654155951,0.10708685675129904,112,2
0,learned,adam,3000,24.84174707475492,6,64,0.10845642896699248,0.10708904938283316,0.01764619192040012,0.014397226541558941,0.10708685675129904,112,2
0,learned,adam,3000,24.84174707475492,7,0,0.10270504465853494,0.10242617640225188,0.0037046873567879893,0.0030113162766673388,0.10242514010900795,112,2
0,learned,adam,3000,24.84174707475492,7,16,0.10270359225647709,0.10242523223240828,0.0037010800623450625,0.003008964766548682,0.10242514010900795,112,2
0,learned,adam,3000,24.84174707475492,7,64,0.10270359225647706,0.10242523223240828,0.003701080062345025,0.003008964766548658,0.10242514010900795,112,2
0,learned,adam,3000,24.84174707475492,8,0,0.10152798763468573,0.10147076490010462,0.0007655788996116308,0.0006219240592235808,0.10147072103026358,112,2
0,learned,adam,3000,24.84174707475492,8,16,0.10152792620436833,0.10147072493554969,0.0007654247168519004,0.0006218236952140467,0.10147072103026358,112,2
0,learned,adam,3000,24.84174707475492,8,64,0.10152792620436833,0.10147072493554969,0.0007654247168518987,0.0006218236952140455,0.10147072103026358,112,2
0,learned,adam,3000,24.84174707475492,9,0,0.10128611829447297,0.10127433783175241,0.0001578410722311469,0.00012820772828741578,0.10127433596970774,112,2
0,learned,adam,3000,24.84174707475492,9,16,0.1012861156884627,0.10127433613609624,0.00015783451721055705,0.0001282034626165968,0.10127433596970774,112,2
0,learned,adam,3000,24.84174707475492,9,64,0.1012861156884627,0.10127433613609624,0.00015783451721055691,0.0001282034626165968,0.10127433596970774,112,2
0,learned,adam,3000,24.84174707475492,10,0,0.10123630985812834,0.10123388295236044,3.252683979677368e-05,2.6419529527787018e-05,0.10123388287317855,112,2
0,learned,adam,3000,24.84174707475492,10,16,0.10123630974750646,0.10123388288037957,3.252656141944331e-05,2.641934838520277e-05,0.10123388287317855,112,2
0,learned,adam,3000,24.84174707475492,10,64,0.10123630974750646,0.10123388288037957,3.25265614194433e-05,2.641934838520277e-05,0.10123388287317855,112,2
0,learned,adam,3000,24.84174707475492,11,0,0.10122604814196064,0.10122554810192017,6.702252670359228e-06,5.443794767877665e-06,0.10122554809853021,112,2
0,learned,adam,3000,24.84174707475492,11,16,0.10122604813726428,0.10122554809886425,6.702240850969935e-06,5.44378707699382e-06,0.10122554809853021,112,2
0,learned,adam,3000,24.84174707475492,11,64,0.10122604813726428,0.10122554809886425,6.702240850969933e-06,5.44378707699382e-06,0.10122554809853021,112,2
0,learned,adam,3000,24.84174707475492,12,0,0.1012239337897461,0.10122383075842063,1.380991092169759e-06,1.1216861532298895e-06,0.10122383075827088,112,2
0,learned,adam,3000,24.84174707475492,12,16,0.10122393378954671,0.10122383075829092,1.3809905903637206e-06,1.1216858267052411e-06,0.10122383075827088,112,2
0,learned,adam,3000,24.84174707475492,12,64,0.10122393378954671,0.10122383075829092,1.3809905903637206e-06,1.1216858267052411e-06,0.10122383075827088,112,2
0,learned,adam,3000,24.84174707475492,13,0,0.10122349813448077,0.10122347690514548,2.8455035750134045e-07,2.3112106019516785e-07,0.10122347690513792,112,2
0,learned,adam,3000,24.84174707475492,13,16,0.1012234981344723,0.10122347690513997,2.84550336196782e-07,2.3112104633232224e-07,0.10122347690513792,112,2
0,learned,adam,3000,24.84174707475492,13,64,0.1012234981344723,0.10122347690513997,2.84550336196782e-07,2.3112104633232224e-07,0.10122347690513792,112,2
0,learned,adam,3000,24.84174707475492,14,0,0.10122340836880414,0.1012234039945497,5.8630961779003034e-08,4.762197295527305e-08,0.10122340399454909,112,2
0,learned,adam,3000,24.84174707475492,14,16,0.10122340836880375,0.10122340399454946,5.863096087450359e-08,4.7621972366716706e-08,0.10122340399454909,112,2
0,learned,adam,3000,24.84174707475492,14,64,0.10122340836880375,0.10122340399454946,5.863096087450359e-08,4.7621972366716706e-08,0.10122340399454909,112,2
0,learned,adam,3000,24.84174707475492,15,0,0.1012233898727962,0.10122338897149114,1.2080775778524514e-08,9.812398680618473e-09,0.10122338897149111,112,2
0,learned,adam,3000,24.84174707475492,15,16,0.10122338987279618,0.10122338897149114,1.2080775740123377e-08,9.812398655630924e-09,0.10122338897149111,112,2
0,learned,adam,3000,24.84174707475492,15,64,0.10122338987279618,0.10122338897149114,1.2080775740123377e-08,9.812398655630924e-09,0.10122338897149111,112,2
0,learned,adam,3000,24.84174707475492,16,0,0.10122338606173632,0.10122338587602449,2.4892161688115027e-09,2.021822261348627e-09,0.10122338587602449,112,2
0,learned,adam,3000,24.84174707475492,16,16,0.10122338606173632,0.10122338587602449,2.489216167181161e-09,2.021822260287769e-09,0.10122338587602449,112,2
0,learned,adam,3000,24.84174707475492,16,64,0.10122338606173632,0.10122338587602449,2.489216167181161e-09,2.021822260287769e-09,0.10122338587602449,112,2
0,learned,adam,3000,24.84174707475492,17,0,0.10122338527647622,0.10122338523821067,5.128972842305891e-10,4.165918410872868e-10,0.10122338523821067,112,2
0,learned,adam,3000,24.84174707475492,17,16,0.10122338527647622,0.10122338523821067,5.128972841613726e-10,4.16591841042248e-10,0.10122338523821067,112,2
0,learned,adam,3000,24.84174707475492,17,64,0.10122338527647622,0.10122338523821067,5.128972841613726e-10,4.16591841042248e-10,0.10122338523821067,112,2
0,learned,adam,3000,24.84174707475492,18,0,0.10122338511467513,0.10122338510679062,1.0568130926399716e-10,8.583779354034431e-11,0.10122338510679062,112,2
0,learned,adam,3000,24.84174707475492,18,16,0.10122338511467513,0.10122338510679062,1.0568130926105853e-10,8.583779353843221e-11,0.10122338510679062,112,2
0,learned,adam,3000,24.84174707475492,18,64,0.10122338511467513,0.10122338510679062,1.0568130926105853e-10,8.583779353843221e-11,0.10122338510679062,112,2
0,learned,adam,3000,24.84174707475492,19,0,0.10122338508133641,0.10122338507971182,2.1775391423489745e-11,1.7686680513853594e-11,0.10122338507971182,112,2
0,learned,adam,3000,24.84174707475492,19,16,0.10122338508133641,0.10122338507971182,2.1775391423364977e-11,1.768668051377241e-11,0.10122338507971182,112,2
0,learned,adam,3000,24.84174707475492,19,64,0.10122338508133641,0.10122338507971182,2.1775391423364977e-11,1.768668051377241e-11,0.10122338507971182,112,2
0,learned,adam,3000,24.84174707475492,20,0,0.10122338507446704,0.1012233850741323,4.486769466777904e-12,3.64429996019882e-12,0.1012233850741323,112,2
0,learned,adam,3000,24.84174707475492,20,16,0.10122338507446704,0.1012233850741323,4.486769466772605e-12,3.644299960195376e-12,0.1012233850741323,112,2
0,learned,adam,3000,24.84174707475492,20,64,0.10122338507446704,0.1012233850741323,4.486769466772605e-12,3.644299960195376e-12,0.1012233850741323,112,2
0,learned,adam,3000,24.84174707475492,21,0,0.10122338507305162,0.10122338507298266,9.244885594120694e-13,7.508996495616077e-13,0.10122338507298266,112,2
0,learned,adam,3000,24.84174707475492,21,16,0.10122338507305162,0.10122338507298266,9.244885594118456e-13,7.508996495614635e-13,0.10122338507298266,112,2
0,learned,adam,3000,24.84174707475492,21,64,0.10122338507305162,0.10122338507298266,9.244885594118456e-13,7.508996495614635e-13,0.10122338507298266,112,2
0,learned,adam,3000,24.84174707475492,22,0,0.10122338507275999,0.10122338507274575,1.904887475966483e-13,1.547211508022304e-13,0.10122338507274575,112,2
0,learned,adam,3000,24.84174707475492,22,16,0.10122338507275999,0.10122338507274575,1.904887475966386e-13,1.547211508022238e-13,0.10122338507274575,112,2
0,learned,adam,3000,24.84174707475492,22,64,0.10122338507275999,0.10122338507274575,1.904887475966386e-13,1.547211508022238e-13,0.10122338507274575,112,2
0,learned,adam,3000,24.84174707475492,23,0,0.10122338507269989,0.10122338507269694,3.924976960666181e-14,3.187993831070674e-14,0.10122338507269694,112,2
0,learned,adam,3000,24.84174707475492,23,16,0.10122338507269989,0.10122338507269694,3.9249769606661413e-14,3.1879938310706515e-14,0.10122338507269694,112,2
0,learned,adam,3000,24.84174707475492,23,64,0.10122338507269989,0.10122338507269694,3.9249769606661413e-14,3.1879938310706515e-14,0.10122338507269694,112,2
0,learned,adam,3000,24.84174707475492,24,0,0.10122338507268751,0.10122338507268687,8.087325018472499e-15,6.56878818070254e-15,0.10122338507268687,112,2
0,learned,adam,3000,24.84174707475492,24,16,0.10122338507268751,0.10122338507268687,8.087325018472499e-15,6.56878818070254e-15,0.10122338507268687,112,2
0,learned,adam,3000,24.84174707475492,24,64,0.10122338507268751,0.10122338507268687,8.087325018472499e-15,6.56878818070254e-15,0.10122338507268687,112,2
0,learned,adam,4000,29.71272255340369,1,0,0.9254042502593113,0.9254042502593113,1.0,1.0,0.8308731395318388,112,2
0,learned,adam,4000,29.71272255340369,1,16,0.8371953143357036,0.8371953143357036,0.8251410797852559,0.8251410797852557,0.8308731395318388,112,2
0,learned,adam,4000,29.71272255340369,1,64,0.837195314335628,0.837195314335628,0.8251410797851457,0.8251410797851455,0.8308731395318388,112,2
0,learned,adam,4000,29.71272255340369,2,0,0.9067256081805561,0.9017810108055749,0.9516533569014783,0.9402387982453541,0.8004579981160468,112,2
0,learned,adam,4000,29.71272255340369,2,16,0.8130810229951188,0.8069669022368654,0.7919389178620448,0.7840225194638774,0.8004579981160468,112,2
0,learned,adam,4000,29.71272255340369,2,64,0.8130810229950409,0.8069669022367874,0.7919389178619433,0.784022519463778,0.8004579981160468,112,2
0,learned,adam,4000,29.71272255340369,3,0,0.7747973450678819,0.7332190432617423,0.746181583935614,0.7007461236731755,0.6294031994583836,112,2
0,learned,adam,4000,29.71272255340369,3,16,0.6736688462064951,0.6352263936197778,0.6442176691524041,0.6101414106767471,0.6294031994583836,112,2
0,learned,adam,4000,29.71272255340369,3,64,0.6736688462064209,0.6352263936197076,0.644217669152337,0.6101414106766869,0.6294031994583836,112,2
0,learned,adam,4000,29.71272255340369,4,0,0.30473879595440884,0.2532046495590989,0.33537523226949606,0.28524028318906747,0.23715006529415703,112,2
0,learned,adam,4000,29.71272255340369,4,16,0.28124484916687326,0.23803588806095843,0.31297015168673703,0.2689813300686595,0.23715006529415703,112,2
0,learned,adam,4000,29.71272255340369,4,64,0.28124484916685694,0.23803588806094775,0.31297015168672104,0.2689813300686478,0.23715006529415703,112,2
0,learned,adam,4000,29.71272255340369,5,0,0.1082521149703684,0.10056261286764664,0.08109338408847712,0.064960112440839,0.10013642352432305,112,2
0,learned,adam,4000,29.71272255340369,5,16,0.10757141353102606,0.10016150302805897,0.07970289901133272,0.06407801732653681,0.10013642352432305,112,2
0,learned,adam,4000,29.71272255340369,5,64,0.10757141353102558,0.10016150302805871,0.07970289901133167,0.06407801732653616,0.10013642352432305,112,2
0,learned,adam,4000,29.71272255340369,6,0,0.08005984805190411,0.07887389288789569,0.015203388160040203,0.011993038516557862,0.07886206401284995,112,2
0,learned,adam,4000,29.71272255340369,6,16,0.08004137334471066,0.07886276913977872,0.015153692924408876,0.011962635569436608,0.07886206401284995,112,2
0,learned,adam,4000,29.71272255340369,6,64,0.08004137334471063,0.07886276913977872,0.01515369292440884,0.01196263556943659,0.07886206401284995,112,2
0,learned,adam,4000,29.71272255340369,7,0,0.07553733922940362,0.07533536392969223,0.002692481734494876,0.002117764779564775,0.07533500946289182,112,2
0,learned,adam,4000,29.71272255340369,7,16,0.07553678906613626,0.0753350306464174,0.002690918077509745,0.0021168147870900644,0.07533500946289182,112,2
0,learned,adam,4000,29.71272255340369,7,64,0.07553678906613626,0.0753350306464174,0.0026909180775097443,0.0021168147870900644,0.07533500946289182,112,2
0,learned,adam,4000,29.71272255340369,8,0,0.07475996669762788,0.07472481717689783,0.00047186104524465277,0.0003709495492129802,0.07472480637664315,112,2
0,learned,adam,4000,29.71272255340369,8,16,0.07475994995660397,0.07472480702372017,0.0004718129929645906,0.0003709203913869674,0.07472480637664315,112,2
0,learned,adam,4000,29.71272255340369,8,64,0.07475994995660397,0.07472480702372017,0.00047181299296459054,0.0003709203913869674,0.07472480637664315,112,2
0,learned,adam,4000,29.71272255340369,9,0,0.0746244514185238,0.07461831035098561,8.254150586640662e-05,6.488343002423136e-05,0.07461831002071215,112,2
0,learned,adam,4000,29.71272255340369,9,16,0.07462445090708877,0.07461831004074501,8.254003533485412e-05,6.4882537908469e-05,0.07461831002071215,112,2
0,learned,adam,4000,29.71272255340369,9,64,0.07462445090708877,0.07461831004074501,8.254003533485412e-05,6.4882537908469e-05,0.07461831002071215,112,2
0,learned,adam,4000,29.71272255340369,10,0,0.0746007680837417,0.07459969442052357,1.443410949143604e-05,1.1346045776514669e-05,0.07459969441038103,112,2
0,learned,adam,4000,29.71272255340369,10,16,0.07460076806810656,0.07459969441103885,1.443406452202187e-05,1.1346018496311417e-05,0.07459969441038103,112,2
0,learned,adam,4000,29.71272255340369,10,64,0.07460076806810656,0.07459969441103885,1.443406452202187e-05,1.1346018496311417e-05,0.07459969441038103,112,2
0,learned,adam,4000,29.71272255340369,11,0,0.07459662723046426,0.07459643949568076,2.5239630999143996e-06,1.983975637166686e-06,0.07459643949536274,112,2
0,learned,adam,4000,29.71272255340369,11,16,0.07459662722998621,0.07459643949539078,2.523961724908433e-06,1.9839748030398946e-06,0.07459643949536274,112,2
0,learned,adam,4000,29.71272255340369,11,64,0.07459662722998621,0.07459643949539078,2.523961724908433e-06,1.9839748030398946e-06,0.07459643949536274,112,2
0,learned,adam,4000,29.71272255340369,12,0,0.07459590317722815,0.07459587035027361,4.4133838876780014e-07,3.4691639792098564e-07,0.07459587035026251,112,2
0,learned,adam,4000,29.71272255340369,12,16,0.07459590317721353,0.07459587035026474,4.4133834672591056e-07,3.4691637241693223e-07,0.07459587035026251,112,2
0,learned,adam,4000,29.71272255340369,12,64,0.07459590317721353,0.07459587035026474,4.4133834672591056e-07,3.4691637241693223e-07,0.07459587035026251,112,2
0,learned,adam,4000,29.71272255340369,13,0,0.07459577657042485,0.07459577083034354,7.717198243631739e-08,6.066144387604295e-08,0.07459577083034295,112,2
0,learned,adam,4000,29.71272255340369,13,16,0.07459577657042439,0.07459577083034326,7.71719811508586e-08,6.066144309623968e-08,0.07459577083034295,112,2
0,learned,adam,4000,29.71272255340369,13,64,0.07459577657042439,0.07459577083034326,7.71719811508586e-08,6.066144309623968e-08,0.07459577083034295,112,2
0,learned,adam,4000,29.71272255340369,14,0,0.07459575443210706,0.07459575342840279,1.3494210385771313e-08,1.0607195098622838e-08,0.07459575342840269,112,2
0,learned,adam,4000,29.71272255340369,14,16,0.07459575443210704,0.07459575342840274,1.3494210346467558e-08,1.0607195074779852e-08,0.07459575342840269,112,2
0,learned,adam,4000,29.71272255340369,14,64,0.07459575443210704,0.07459575342840274,1.3494210346467558e-08,1.0607195074779852e-08,0.07459575342840269,112,2
0,learned,adam,4000,29.71272255340369,15,0,0.07459575056102505,0.0745957503855184,2.3595830836901275e-09,1.8547626974685053e-09,0.0745957503855184,112,2
0,learned,adam,4000,29.71272255340369,15,16,0.07459575056102505,0.0745957503855184,2.359583082488395e-09,1.8547626967394955e-09,0.0745957503855184,112,2
0,learned,adam,4000,29.71272255340369,15,64,0.07459575056102505,0.0745957503855184,2.359583082488395e-09,1.8547626967394955e-09,0.0745957503855184,112,2
0,learned,adam,4000,29.71272255340369,16,0,0.07459574988413184,0.07459574985344294,4.1259415098100053e-10,3.2432180302380456e-10,0.07459574985344294,112,2
0,learned,adam,4000,29.71272255340369,16,16,0.07459574988413184,0.07459574985344294,4.1259415094425624e-10,3.2432180300151365e-10,0.07459574985344294,112,2
0,learned,adam,4000,29.71272255340369,16,64,0.07459574988413184,0.07459574985344294,4.1259415094425624e-10,3.2432180300151365e-10,0.07459574985344294,112,2
0,learned,adam,4000,29.71272255340369,17,0,0.07459574976577102,0.0745957497604048,7.21457677522595e-11,5.671056029384921e-11,0.0745957497604048,112,2
0,learned,adam,4000,29.71272255340369,17,16,0.07459574976577102,0.0745957497604048,7.214576775113613e-11,5.671056029316781e-11,0.0745957497604048,112,2
0,learned,adam,4000,29.71272255340369,17,64,0.07459574976577102,0.0745957497604048,7.214576775113613e-11,5.671056029316781e-11,0.0745957497604048,112,2
0,learned,adam,4000,29.71272255340369,18,0,0.07459574974507457,0.07459574974413627,1.2615331047988782e-11,9.916347338219652e-12,0.07459574974413627,112,2
0,learned,adam,4000,29.71272255340369,18,16,0.07459574974507457,0.07459574974413627,1.2615331047954418e-11,9.916347338198796e-12,0.07459574974413627,112,2
0,learned,adam,4000,29.71272255340369,18,64,0.07459574974507457,0.07459574974413627,1.2615331047954418e-11,9.916347338198796e-12,0.07459574974413627,112,2
0,learned,adam,4000,29.71272255340369,19,0,0.07459574974145562,0.07459574974129154,2.2059031652273897e-12,1.7339617880505295e-12,0.07459574974129154,112,2
0,learned,adam,4000,29.71272255340369,19,16,0.07459574974145562,0.07459574974129154,2.2059031652263396e-12,1.733961788049895e-12,0.07459574974129154,112,2
0,learned,adam,4000,29.71272255340369,19,64,0.07459574974145562,0.07459574974129154,2.2059031652263396e-12,1.733961788049895e-12,0.07459574974129154,112,2
0,learned,adam,4000,29.71272255340369,20,0,0.07459574974082282,0.07459574974079414,3.857218455709002e-13,3.031986859527631e-13,0.07459574974079414,112,2
0,learned,adam,4000,29.71272255340369,20,16,0.07459574974082282,0.07459574974079414,3.857218455708674e-13,3.031986859527426e-13,0.07459574974079414,112,2
0,learned,adam,4000,29.71272255340369,20,64,0.07459574974082282,0.07459574974079414,3.857218455708674e-13,3.031986859527426e-13,0.07459574974079414,112,2
0,learned,adam,4000,29.71272255340369,21,0,0.07459574974071216,0.07459574974070714,6.744690541982974e-14,5.3016994836275746e-14,0.07459574974070714,112,2
0,learned,adam,4000,29.71272255340369,21,16,0.07459574974071216,0.07459574974070714,6.744690541982878e-14,5.301699483627517e-14,0.07459574974070714,112,2
0,learned,adam,4000,29.71272255340369,21,64,0.07459574974071216,0.07459574974070714,6.744690541982878e-14,5.301699483627517e-14,0.07459574974070714,112,2
0,learned,adam,4000,29.71272255340369,22,0,0.07459574974069282,0.07459574974069193,1.1793693053545537e-14,9.270494470108119e-15,0.07459574974069193,112,2
0,learned,adam,4000,29.71272255340369,22,16,0.07459574974069282,0.07459574974069193,1.1793693053545522e-14,9.270494470108119e-15,0.07459574974069193,112,2
0,learned,adam,4000,29.71272255340369,22,64,0.07459574974069282,0.07459574974069193,1.1793693053545522e-14,9.270494470108119e-15,0.07459574974069193,112,2
0,learned,adam,4000,29.71272255340369,23,0,0.07459574974068943,0.07459574974068928,2.0622324326884292e-15,1.6210286529009014e-15,0.07459574974068928,112,2
0,learned,adam,4000,29.71272255340369,23,16,0.07459574974068943,0.07459574974068928,2.0622324326884292e-15,1.6210286529009014e-15,0.07459574974068928,112,2
0,learned,adam,4000,29.71272255340369,23,64,0.07459574974068943,0.07459574974068928,2.0622324326884292e-15,1.6210286529009014e-15,0.07459574974068928,112,2
0,learned,adam,4000,29.71272255340369,24,0,0.07459574974068883,0.0745957497406888,3.6059973641195273e-16,2.8345131988359274e-16,0.0745957497406888,112,2
0,learned,adam,4000,29.71272255340369,24,16,0.07459574974068883,0.0745957497406888,3.6059973641195273e-16,2.8345131988359274e-16,0.0745957497406888,112,2
0,learned,adam,4000,29.71272255340369,24,64,0.07459574974068883,0.0745957497406888,3.6059973641195273e-16,2.8345131988359274e-16,0.0745957497406888,112,2
0,learned,adam,5000,33.89887827553162,1,0,0.9427945612278076,0.9427945612278077,1.0,1.0,0.8711231898054871,112,2
0,learned,adam,5000,33.89887827553162,1,16,0.8747245637735201,0.8747245637735203,0.8467623025347715,0.8467623025347715,0.8711231898054871,112,2
0,learned,adam,5000,33.89887827553162,1,64,0.8747245637735129,0.874724563773513,0.8467623025347597,0.8467623025347596,0.8711231898054871,112,2
0,learned,adam,5000,33.89887827553162,2,0,0.9316112188222017,0.9283151820502423,0.9660630398746398,0.9569789549934203,0.8505897227473762,112,2
0,learned,adam,5000,33.89887827553162,2,16,0.8588979017690982,0.8543795166355406,0.8222996401122626,0.8157112355813008,0.8505897227473762,112,2
0,learned,adam,5000,33.89887827553162,2,64,0.8588979017690905,0.8543795166355326,0.8222996401122514,0.8157112355812894,0.8505897227473762,112,2
0,learned,adam,5000,33.89887827553162,3,0,0.835862874138925,0.7998613355701257,0.7914964949385342,0.7472036646078087,0.7041159244226071,112,2
0,learned,adam,5000,33.89887827553162,3,16,0.7455424272142884,0.7081927651410338,0.6922617584654246,0.6582012483113463,0.7041159244226071,112,2
0,learned,adam,5000,33.89887827553162,3,64,0.7455424272142798,0.7081927651410255,0.6922617584654164,0.658201248311339,0.7041159244226071,112,2
0,learned,adam,5000,33.89887827553162,4,0,0.32098677784976315,0.2536485575400786,0.3651858623985095,0.30742860323429283,0.23614907208006294,112,2
0,learned,adam,5000,33.89887827553162,4,16,0.2936511640341468,0.2368456715332837,0.3423749389208456,0.2912262218593083,0.23614907208006294,112,2
0,learned,adam,5000,33.89887827553162,4,64,0.29365116403414454,0.23684567153328226,0.34237493892084364,0.2912262218593069,0.23614907208006294,112,2
0,learned,adam,5000,33.89887827553162,5,0,0.08744857128369368,0.0797110758160063,0.0812514301814489,0.06350731108518894,0.0794017857454352,112,2
0,learned,adam,5000,33.89887827553162,5,16,0.08690617219316855,0.07941491846832938,0.08005231150180665,0.06278572402891612,0.0794017857454352,112,2
0,learned,adam,5000,33.89887827553162,5,64,0.08690617219316851,0.0794149184683293,0.08005231150180654,0.06278572402891605,0.0794017857454352,112,2
0,learned,adam,5000,33.89887827553162,6,0,0.06139129772711938,0.06039314019195693,0.013384842008659775,0.0102800315474306,0.06038679724073272,112,2
0,learned,adam,5000,33.89887827553162,6,16,0.06138059126971294,0.060387069639703334,0.013351785335596321,0.010260942432137361,0.06038679724073272,112,2
0,learned,adam,5000,33.89887827553162,6,64,0.06138059126971294,0.060387069639703334,0.013351785335596318,0.010260942432137361,0.06038679724073272,112,2
0,learned,adam,5000,33.89887827553162,7,0,0.057835933681815596,0.057687633530184926,0.0020749611879097344,0.0015890077394380105,0.057687488102467946,112,2
0,learned,adam,5000,33.89887827553162,7,16,0.05783569030519447,0.05768749436281588,0.0020741646307408166,0.001588550934006365,0.057687488102467946,112,2
0,learned,adam,5000,33.89887827553162,7,64,0.05783569030519447,0.05768749436281588,0.0020741646307408166,0.001588550934006365,0.057687488102467946,112,2
0,learned,adam,5000,33.89887827553162,8,0,0.057301796500956514,0.0572791812668473,0.00031853119767520904,0.0002438212827132017,0.057279177863941474,112,2
0,learned,adam,5000,33.89887827553162,8,16,0.05730179081524634,0.057279178011201956,0.0003185124182433161,0.00024381052479684038,0.057279177863941474,112,2
0,learned,adam,5000,33.89887827553162,8,64,0.05730179081524634,0.057279178011201956,0.0003185124182433161,0.00024381052479684038,0.057279177863941474,112,2
0,learned,adam,5000,33.89887827553162,9,0,0.057220198350131875,0.057216735427400585,4.8824374869134566e-05,3.7370264602616425e-05,0.05721673534742231,112,2
0,learned,adam,5000,33.89887827553162,9,16,0.057220198216726484,0.05721673535099632,4.8823933624161085e-05,3.737001187452869e-05,0.05721673534742231,112,2
0,learned,adam,5000,33.89887827553162,9,64,0.057220198216726484,0.05721673535099632,4.8823933624161085e-05,3.737001187452869e-05,0.05721673534742231,112,2
0,learned,adam,5000,33.89887827553162,10,0,0.05720770035365309,0.057207169764023916,7.482049251007929e-06,5.726713041674676e-06,0.05720716976212796,112,2
0,learned,adam,5000,33.89887827553162,10,16,0.057207700350520876,0.057207169762229955,7.482038888812264e-06,5.7267071067597825e-06,0.05720716976212796,112,2
0,learned,adam,5000,33.89887827553162,10,64,0.057207700350520876,0.057207169762229955,7.482038888812264e-06,5.7267071067597825e-06,0.05720716976212796,112,2
0,learned,adam,5000,33.89887827553162,11,0,0.057205785328386986,0.057205704023478736,1.146539384134932e-06,8.775525413275622e-07,0.057205704023431427,112,2
0,learned,adam,5000,33.89887827553162,11,16,0.057205785328313434,0.0572057040234366,1.1465391408085074e-06,8.775524019636625e-07,0.057205704023431427,112,2
0,learned,adam,5000,33.89887827553162,11,64,0.057205785328313434,0.0572057040234366,1.1465391408085074e-06,8.775524019636625e-07,0.057205704023431427,112,2
0,learned,adam,5000,33.89887827553162,12,0,0.05720549187758716,0.057205479418643686,1.7569322868275164e-07,1.3447422994976672e-07,0.05720547941864215,112,2
0,learned,adam,5000,33.89887827553162,12,16,0.05720549187758543,0.0572054794186427,1.7569322296899854e-07,1.3447422667724725e-07,0.05720547941864215,112,2
0,learned,adam,5000,33.89887827553162,12,64,0.05720549187758543,0.0572054794186427,1.7569322296899854e-07,1.3447422667724725e-07,0.05720547941864215,112,2
0,learned,adam,5000,33.89887827553162,13,0,0.05720544690993888,0.05720544500075986,2.6922829895436712e-08,2.0606523693242006e-08,0.057205445000759754,112,2
0,learned,adam,5000,33.89887827553162,13,16,0.05720544690993884,0.05720544500075984,2.692282976126748e-08,2.0606523616397368e-08,0.057205445000759754,112,2
0,learned,adam,5000,33.89887827553162,13,64,0.05720544690993884,0.05720544500075984,2.692282976126748e-08,2.0606523616397368e-08,0.057205445000759754,112,2
0,learned,adam,5000,33.89887827553162,14,0,0.0572054400192018,0.0572054397266436,4.1255925580395834e-09,3.157696298165167e-09,0.0572054397266436,112,2
0,learned,adam,5000,33.89887827553162,14,16,0.0572054400192018,0.0572054397266436,4.125592554889056e-09,3.1576962963607226e-09,0.0572054397266436,112,2
0,learned,adam,5000,33.89887827553162,14,64,0.0572054400192018,0.0572054397266436,4.125592554889056e-09,3.1576962963607226e-09,0.0572054397266436,112,2
0,learned,adam,5000,33.89887827553162,15,0,0.05720543896328117,0.057205438918450216,6.321963065189187e-10,4.838781113086207e-10,0.057205438918450216,112,2
0,learned,adam,5000,33.89887827553162,15,16,0.05720543896328117,0.057205438918450216,6.32196306444939e-10,4.838781112662487e-10,0.057205438918450216,112,2
0,learned,adam,5000,33.89887827553162,15,64,0.05720543896328117,0.057205438918450216,6.32196306444939e-10,4.838781112662487e-10,0.057205438918450216,112,2
0,learned,adam,5000,33.89887827553162,16,0,0.057205438801474315,0.05720543879460452,9.687630640970978e-11,7.414836766089592e-11,0.05720543879460452,112,2
0,learned,adam,5000,33.89887827553162,16,16,0.057205438801474315,0.05720543879460452,9.68763064079725e-11,7.414836765990095e-11,0.05720543879460452,112,2
0,learned,adam,5000,33.89887827553162,16,64,0.057205438801474315,0.05720543879460452,9.68763064079725e-11,7.414836765990095e-11,0.05720543879460452,112,2
0,learned,adam,5000,33.89887827553162,17,0,0.0572054387766794,0.05720543877562669,1.4845102134399048e-11,1.136232513186939e-11,0.05720543877562669,112,2
0,learned,adam,5000,33.89887827553162,17,16,0.0572054387766794,0.05720543877562669,1.484510213435826e-11,1.1362325131846019e-11,0.05720543877562669,112,2
0,learned,adam,5000,33.89887827553162,17,64,0.0572054387766794,0.05720543877562669,1.484510213435826e-11,1.1362325131846019e-11,0.05720543877562669,112,2
0,learned,adam,5000,33.89887827553162,18,0,0.05720543877287988,0.057205438772718574,2.274829269740711e-12,1.7411365410757188e-12,0.057205438772718574,112,2
0,learned,adam,5000,33.89887827553162,18,16,0.05720543877287988,0.057205438772718574,2.2748292697397528e-12,1.7411365410751687e-12,0.057205438772718574,112,2
0,learned,adam,5000,33.89887827553162,18,64,0.05720543877287988,0.057205438772718574,2.2748292697397528e-12,1.7411365410751687e-12,0.057205438772718574,112,2
0,learned,adam,5000,33.89887827553162,19,0,0.05720543877229767,0.05720543877227294,3.4858959942228336e-13,2.668077545274263e-13,0.05720543877227294,112,2
0,learned,adam,5000,33.89887827553162,19,16,0.05720543877229767,0.05720543877227294,3.485895994222604e-13,2.66807754527413e-13,0.05720543877227294,112,2
0,learned,adam,5000,33.89887827553162,19,64,0.05720543877229767,0.05720543877227294,3.485895994222604e-13,2.66807754527413e-13,0.05720543877227294,112,2
0,learned,adam,5000,33.89887827553162,20,0,0.05720543877220844,0.05720543877220466,5.3417067575817253e-14,4.088500596966305e-14,0.05720543877220466,112,2
0,learned,adam,5000,33.89887827553162,20,16,0.05720543877220844,0.05720543877220466,5.34170675758168e-14,4.0885005969662763e-14,0.05720543877220466,112,2
0,learned,adam,5000,33.89887827553162,20,64,0.05720543877220844,0.05720543877220466,5.34170675758168e-14,4.0885005969662763e-14,0.05720543877220466,112,2
0,learned,adam,5000,33.89887827553162,21,0,0.057205438772194764,0.057205438772194195,8.185508440663778e-15,6.265124175644005e-15,0.057205438772194195,112,2
0,learned,adam,5000,33.89887827553162,21,16,0.057205438772194764,0.057205438772194195,8.185508440663778e-15,6.265124175644005e-15,0.057205438772194195,112,2
0,learned,adam,5000,33.89887827553162,21,64,0.057205438772194764,0.057205438772194195,8.185508440663778e-15,6.265124175644005e-15,0.057205438772194195,112,2
0,learned,adam,5000,33.89887827553162,22,0,0.05720543877219269,0.057205438772192585,1.2543284660296101e-15,9.600532030095001e-16,0.057205438772192585,112,2
0,learned,adam,5000,33.89887827553162,22,16,0.05720543877219269,0.057205438772192585,1.2543284660296101e-15,9.600532030095001e-16,0.057205438772192585,112,2
0,learned,adam,5000,33.89887827553162,22,64,0.05720543877219269,0.057205438772192585,1.2543284660296101e-15,9.600532030095001e-16,0.057205438772192585,112,2
0,learned,adam,5000,33.89887827553162,23,0,0.057205438772192356,0.05720543877219234,1.922104059994851e-16,1.4711634227330524e-16,0.05720543877219234,112,2
0,learned,adam,5000,33.89887827553162,23,16,0.057205438772192356,0.05720543877219234,1.922104059994851e-16,1.4711634227330524e-16,0.05720543877219234,112,2
0,learned,adam,5000,33.89887827553162,23,64,0.057205438772192356,0.05720543877219234,1.922104059994851e-16,1.4711634227330524e-16,0.05720543877219234,112,2
0,learned,adam,5000,33.89887827553162,24,0,0.0572054387721923,0.0572054387721923,2.945388004422019e-17,2.2543769549469557e-17,0.0572054387721923,112,2
0,learned,adam,5000,33.89887827553162,24,16,0.0572054387721923,0.0572054387721923,2.945388004422019e-17,2.2543769549469557e-17,0.0572054387721923,112,2
0,learned,adam,5000,33.89887827553162,24,64,0.0572054387721923,0.0572054387721923,2.945388004422019e-17,2.2543769549469557e-17,0.0572054387721923,112,2
0,learned,adam,6000,37.589893042687706,1,0,0.9550426955493858,0.9550426955493858,1.0,1.0,0.8998869645304922,112,2
0,learned,adam,6000,37.589893042687706,1,16,0.9020152420660911,0.9020152420660911,0.8631852741969376,0.8631852741969375,0.8998869645304922,112,2
0,learned,adam,6000,37.589893042687706,1,64,0.9020152420660902,0.9020152420660901,0.8631852741969358,0.8631852741969357,0.8998869645304922,112,2
0,learned,adam,6000,37.589893042687706,2,0,0.9480538804180819,0.9458172981503413,0.9751957667286432,0.9678742912914483,0.8859808236252464,112,2
0,learned,adam,6000,37.589893042687706,2,16,0.8915190190888668,0.8882383491323279,0.8446395522741513,0.8391430960158559,0.8859808236252464,112,2
0,learned,adam,6000,37.589893042687706,2,64,0.8915190190888657,0.8882383491323269,0.8446395522741496,0.8391430960158544,0.8859808236252464,112,2
0,learned,adam,6000,37.589893042687706,3,0,0.8792984105581992,0.8500193148971372,0.826043400813022,0.7838233408002703,0.7666986701551745,112,2
0,learned,adam,6000,37.589893042687706,3,16,0.802903160718986,0.7694727373829235,0.7303577631589958,0.6972054176090751,0.7666986701551745,112,2
0,learned,adam,6000,37.589893042687706,3,64,0.8029031607189847,0.7694727373829223,0.7303577631589945,0.6972054176090738,0.7666986701551745,112,2
0,learned,adam,6000,37.589893042687706,4,0,0.3431777078181071,0.25894688921602943,0.39248219733529843,0.32797208888201096,0.2398273745022855,112,2
0,learned,adam,6000,37.589893042687706,4,16,0.3119197371050175,0.2403967011932591,0.3693070171126739,0.31176542385224204,0.2398273745022855,112,2
0,learned,adam,6000,37.589893042687706,4,64,0.31191973710501714,0.24039670119325884,0.36930701711267355,0.3117654238522418,0.2398273745022855,112,2
0,learned,adam,6000,37.589893042687706,5,0,0.07211912099124097,0.064508523646697,0.0816486847502776,0.06246118805475721,0.06427564672373491,112,2
0,learned,adam,6000,37.589893042687706,5,16,0.07167601335895564,0.06428304287867835,0.08058280391868543,0.061848878702710774,0.06427564672373491,112,2
0,learned,adam,6000,37.589893042687706,5,64,0.07167601335895564,0.06428304287867835,0.08058280391868543,0.061848878702710774,0.06427564672373491,112,2
0,learned,adam,6000,37.589893042687706,6,0,0.048226808242945195,0.047387430573627466,0.01203627003887219,0.009029901369822643,0.04738375190840273,112,2
0,learned,adam,6000,37.589893042687706,6,16,0.04822018687940273,0.04738386994161588,0.012012752049642498,0.009016995903533125,0.04738375190840273,112,2
0,learned,adam,6000,37.589893042687706,6,64,0.04822018687940273,0.04738386994161588,0.012012752049642497,0.009016995903533125,0.04738375190840273,112,2
0,learned,adam,6000,37.589893042687706,7,0,0.04539618038397882,0.04528518311675462,0.0016644229857473744,0.0012450771503676973,0.04528511604240357,112,2
0,learned,adam,6000,37.589893042687706,7,16,0.045396060928023174,0.045285118200332965,0.0016639722177378032,0.0012448314896872069,0.04528511604240357,112,2
0,learned,adam,6000,37.589893042687706,7,64,0.045396060928023174,0.045285118200332965,0.0016639722177378032,0.0012448314896872069,0.04528511604240357,112,2
0,learned,adam,6000,37.589893042687706,8,0,0.04501719119458133,0.04500207703011025,0.00022805274972586406,0.0001705271958335791,0.04500207577874882,112,2
0,learned,adam,6000,37.589893042687706,8,16,0.04501718897009001,0.04500207581943183,0.0002280442845377317,0.00017052258685823837,0.04500207577874882,112,2
0,learned,adam,6000,37.589893042687706,8,64,0.04501718897009001,0.04500207581943183,0.0002280442845377317,0.00017052258685823837,0.04500207577874882,112,2
0,learned,adam,6000,37.589893042687706,9,0,0.044965494882778775,0.04496342838817138,3.12072591213593e-05,2.333404816198183e-05,0.04496342836470088,112,2
0,learned,adam,6000,37.589893042687706,9,16,0.04496549484116964,0.04496342836552096,3.1207100596826775e-05,2.333396186265751e-05,0.04496342836470088,112,2
0,learned,adam,6000,37.589893042687706,9,64,0.04496549484116964,0.04496342836552096,3.1207100596826775e-05,2.333396186265751e-05,0.04496342836470088,112,2
0,learned,adam,6000,37.589893042687706,10,0,0.04495842496700876,0.04495814226530381,4.2697302661422146e-06,3.1925053650553322e-06,0.04495814226485645,112,2
0,learned,adam,6000,37.589893042687706,10,16,0.04495842496622999,0.04495814226487986,4.269727298655792e-06,3.1925037496114586e-06,0.04495814226485645,112,2
0,learned,adam,6000,37.589893042687706,10,64,0.04495842496622999,0.04495814226487986,4.269727298655792e-06,3.1925037496114586e-06,0.04495814226485645,112,2
0,learned,adam,6000,37.589893042687706,11,0,0.044957457752721565,0.04495741907543679,5.841641781973819e-07,4.3678294346559623e-07,0.04495741907542731,112,2
0,learned,adam,6000,37.589893042687706,11,16,0.044957457752706986,0.044957419075428856,5.841641226507069e-07,4.3678291322710346e-07,0.04495741907542731,112,2
0,learned,adam,6000,37.589893042687706,11,64,0.044957457752706986,0.044957419075428856,5.841641226507069e-07,4.3678291322710346e-07,0.04495741907542731,112,2
0,learned,adam,6000,37.589893042687706,12,0,0.04495732542458047,0.04495732013296718,7.992230309275309e-08,5.97583610575425e-08,0.04495732013296686,112,2
0,learned,adam,6000,37.589893042687706,12,16,0.0449573254245802,0.044957320132967035,7.99223020530143e-08,5.975836049152981e-08,0.04495732013296686,112,2
0,learned,adam,6000,37.589893042687706,12,64,0.0449573254245802,0.044957320132967035,7.99223020530143e-08,5.975836049152981e-08,0.04495732013296686,112,2
0,learned,adam,6000,37.589893042687706,13,0,0.044957307320161156,0.044957306596190696,1.0934548754914938e-08,8.175824202039288e-09,0.044957306596190655,112,2
0,learned,adam,6000,37.589893042687706,13,16,0.044957307320161156,0.044957306596190696,1.0934548735452807e-08,8.175824191444483e-09,0.044957306596190655,112,2
0,learned,adam,6000,37.589893042687706,13,64,0.044957307320161156,0.044957306596190696,1.0934548735452807e-08,8.175824191444483e-09,0.044957306596190655,112,2
0,learned,adam,6000,37.589893042687706,14,0,0.044957304843210345,0.044957304744160535,1.4960073041293798e-09,1.118573154268576e-09,0.044957304744160514,112,2
0,learned,adam,6000,37.589893042687706,14,16,0.044957304843210345,0.044957304744160535,1.4960073037650853e-09,1.118573154070263e-09,0.044957304744160514,112,2
0,learned,adam,6000,37.589893042687706,14,64,0.044957304843210345,0.044957304744160535,1.4960073037650853e-09,1.118573154070263e-09,0.044957304744160514,112,2
0,learned,adam,6000,37.589893042687706,15,0,0.04495730450432701,0.044957304490775535,2.0467582938423677e-10,1.5303727953890975e-10,0.044957304490775535,112,2
0,learned,adam,6000,37.589893042687706,15,16,0.04495730450432701,0.044957304490775535,2.0467582937741793e-10,1.5303727953519794e-10,0.044957304490775535,112,2
0,learned,adam,6000,37.589893042687706,15,64,0.04495730450432701,0.044957304490775535,2.0467582937741793e-10,1.5303727953519794e-10,0.044957304490775535,112,2
0,learned,adam,6000,37.589893042687706,16,0,0.04495730445796277,0.04495730445610873,2.800266748078036e-11,2.0937753440514165e-11,0.04495730445610873,112,2
0,learned,adam,6000,37.589893042687706,16,16,0.04495730445796277,0.04495730445610873,2.8002667480652765e-11,2.093775344044469e-11,0.04495730445610873,112,2
0,learned,adam,6000,37.589893042687706,16,64,0.04495730445796277,0.04495730445610873,2.8002667480652765e-11,2.093775344044469e-11,0.04495730445610873,112,2
0,learned,adam,6000,37.589893042687706,17,0,0.04495730445161946,0.0449573044513658,3.8311772732321065e-12,2.864592995947625e-12,0.0449573044513658,112,2
0,learned,adam,6000,37.589893042687706,17,16,0.04495730445161946,0.0449573044513658,3.83117727322972e-12,2.8645929959463224e-12,0.0449573044513658,112,2
0,learned,adam,6000,37.589893042687706,17,64,0.04495730445161946,0.0449573044513658,3.83117727322972e-12,2.8645929959463224e-12,0.0449573044513658,112,2
0,learned,adam,6000,37.589893042687706,18,0,0.0449573044507516,0.044957304450716905,5.24161468141954e-13,3.919185052789143e-13,0.044957304450716905,112,2
0,learned,adam,6000,37.589893042687706,18,16,0.0449573044507516,0.044957304450716905,5.2416146814191e-13,3.9191850527889057e-13,0.044957304450716905,112,2
0,learned,adam,6000,37.589893042687706,18,64,0.0449573044507516,0.044957304450716905,5.2416146814191e-13,3.9191850527889057e-13,0.044957304450716905,112,2
0,learned,adam,6000,37.589893042687706,19,0,0.044957304450632875,0.04495730445062812,7.171300754040625e-14,5.362022283689951e-14,0.04495730445062812,112,2
0,learned,adam,6000,37.589893042687706,19,16,0.044957304450632875,0.04495730445062812,7.171300754040553e-14,5.3620222836899133e-14,0.04495730445062812,112,2
0,learned,adam,6000,37.589893042687706,19,64,0.044957304450632875,0.04495730445062812,7.171300754040553e-14,5.3620222836899133e-14,0.04495730445062812,112,2
0,learned,adam,6000,37.589893042687706,20,0,0.04495730445061663,0.04495730445061598,9.81139546315444e-15,7.336036084929993e-15,0.04495730445061598,112,2
0,learned,adam,6000,37.589893042687706,20,16,0.04495730445061663,0.04495730445061598,9.81139546315444e-15,7.336036084929993e-15,0.04495730445061598,112,2
0,learned,adam,6000,37.589893042687706,20,64,0.04495730445061663,0.04495730445061598,9.81139546315444e-15,7.336036084929993e-15,0.04495730445061598,112,2
0,learned,adam,6000,37.589893042687706,21,0,0.04495730445061441,0.04495730445061432,1.3423433800369183e-15,1.0036777654410906e-15,0.04495730445061432,112,2
0,learned,adam,6000,37.589893042687706,21,16,0.04495730445061441,0.04495730445061432,1.3423433800369183e-15,1.0036777654410906e-15,0.04495730445061432,112,2
0,learned,adam,6000,37.589893042687706,21,64,0.04495730445061441,0.04495730445061432,1.3423433800369183e-15,1.0036777654410906e-15,0.04495730445061432,112,2
0,learned,adam,6000,37.589893042687706,22,0,0.04495730445061409,0.04495730445061409,1.8365234147330876e-16,1.373178982734545e-16,0.04495730445061409,112,2
0,learned,adam,6000,37.589893042687706,22,16,0.04495730445061409,0.04495730445061409,1.8365234147330876e-16,1.373178982734545e-16,0.04495730445061409,112,2
0,learned,adam,6000,37.589893042687706,22,64,0.04495730445061409,0.04495730445061409,1.8365234147330876e-16,1.373178982734545e-16,0.04495730445061409,112,2
0,learned,adam,6000,37.589893042687706,23,0,0.04495730445061406,0.044957304450614057,2.5126344741761523e-17,1.878711060013579e-17,0.044957304450614057,112,2
0,learned,adam,6000,37.589893042687706,23,16,0.04495730445061406,0.044957304450614057,2.5126344741761523e-17,1.878711060013579e-17,0.044957304450614057,112,2
0,learned,adam,6000,37.589893042687706,23,64,0.04495730445061406,0.044957304450614057,2.5126344741761523e-17,1.878711060013579e-17,0.044957304450614057,112,2
0,learned,adam,6000,37.589893042687706,24,0,0.04495730445061406,0.044957304450614057,3.4376539662773757e-18,2.570353385389426e-18,0.044957304450614057,112,2
0,learned,adam,6000,37.589893042687706,24,16,0.04495730445061406,0.044957304450614057,3.4376539662773757e-18,2.570353385389426e-18,0.044957304450614057,112,2
0,learned,adam,6000,37.589893042687706,24,64,0.04495730445061406,0.044957304450614057,3.4376539662773757e-18,2.570353385389426e-18,0.044957304450614057,112,2
0,learned,adam,7000,40.904032203641215,1,0,0.9640615789736086,0.9640615789736084,1.0,1.0,0.9211634023614506,112,2
0,learned,adam,7000,40.904032203641215,1,16,0.9224489793045761,0.922448979304576,0.8763809495350576,0.8763809495350574,0.9211634023614506,112,2
0,learned,adam,7000,40.904032203641215,1,64,0.922448979304576,0.9224489793045758,0.876380949535057,0.876380949535057,0.9211634023614506,112,2
0,learned,adam,7000,40.904032203641215,2,0,0.9595792111858373,0.9580430453546896,0.9814524555583773,0.9755119088584759,0.9117273996410242,112,2
0,learned,adam,7000,40.904032203641215,2,16,0.9154492545805315,0.9130921715884546,0.8621020299562031,0.8575159205103617,0.9117273996410242,112,2
0,learned,adam,7000,40.904032203641215,2,64,0.9154492545805314,0.9130921715884543,0.8621020299562028,0.8575159205103616,0.9117273996410242,112,2
0,learned,adam,7000,40.904032203641215,3,0,0.9105435728968528,0.8876701532044874,0.8538446459140285,0.814220398709378,0.8180132729436563,112,2
0,learned,adam,7000,40.904032203641215,3,16,0.848087010729912,0.8198509538243418,0.7620189924505905,0.7303401637909636,0.8180132729436563,112,2
0,learned,adam,7000,40.904032203641215,3,64,0.8480870107299119,0.8198509538243416,0.7620189924505902,0.7303401637909633,0.8180132729436563,112,2
0,learned,adam,7000,40.904032203641215,4,0,0.3719497051660638,0.26937559490422736,0.41904130749592633,0.3483297023294162,0.24830400918864667,112,2
0,learned,adam,7000,40.904032203641215,4,16,0.33655911500055397,0.2487830495650218,0.39545250272216986,0.33201637726619737,0.24830400918864667,112,2
0,learned,adam,7000,40.904032203641215,4,64,0.3365591150005539,0.2487830495650217,0.39545250272216986,0.33201637726619737,0.24830400918864667,112,2
0,learned,adam,7000,40.904032203641215,5,0,0.060469197372495335,0.05303919358577293,0.08249689759072996,0.06188485275176242,0.05285813125619849,112,2
0,learned,adam,7000,40.904032203641215,5,16,0.06009759394320359,0.052862520026270544,0.08152413715067877,0.06134931932285595,0.05285813125619849,112,2
0,learned,adam,7000,40.904032203641215,5,64,0.06009759394320359,0.052862520026270544,0.08152413715067877,0.06134931932285595,0.05285813125619849,112,2
0,learned,adam,7000,40.904032203641215,6,0,0.03853793141749757,0.03782795171193952,0.011014707774217801,0.008087200615696262,0.03782568995744711,112,2
0,learned,adam,7000,40.904032203641215,6,16,0.03853362261638421,0.037825745297907304,0.010997104411654527,0.008077985649024321,0.03782568995744711,112,2
0,learned,adam,7000,40.904032203641215,6,64,0.03853362261638421,0.037825745297907304,0.010997104411654527,0.008077985649024321,0.03782568995744711,112,2
0,learned,adam,7000,40.904032203641215,7,0,0.036253249820685673,0.03616861856133912,0.0013752758782135607,0.0010068427596186423,0.03616858494712355,112,2
0,learned,adam,7000,40.904032203641215,7,16,0.03625318657699262,0.03616858577244682,0.0013750008776184787,0.0010066997865946917,0.03616858494712355,112,2
0,learned,adam,7000,40.904032203641215,7,64,0.03625318657699262,0.03616858577244682,0.0013750008776184787,0.0010066997865946917,0.03616858494712355,112,2
0,learned,adam,7000,40.904032203641215,8,0,0.03597724055160878,0.03596682622753915,0.000170221293298467,0.00012457447844449853,0.035966825715397915,112,2
0,learned,adam,7000,40.904032203641215,8,16,0.03597723959004231,0.03596682572822148,0.00017021707929158308,0.00012457228945842404,0.035966825715397915,112,2
0,learned,adam,7000,40.904032203641215,8,64,0.03597723959004231,0.03596682572822148,0.00017021707929158308,0.00012457228945842404,0.035966825715397915,112,2
0,learned,adam,7000,40.904032203641215,9,0,0.03594321834224818,0.03594193166209426,2.10458236474366e-05,1.540145423275601e-05,0.03594193165423992,112,2
0,learned,adam,7000,40.904032203641215,9,16,0.03594321832756309,0.03594193165446716,2.1045759228525653e-05,1.54014207735993e-05,0.03594193165423992,112,2
0,learned,adam,7000,40.904032203641215,9,64,0.03594321832756309,0.03594193165446716,2.1045759228525653e-05,1.54014207735993e-05,0.03594193165423992,112,2
0,learned,adam,7000,40.904032203641215,10,0,0.03593901404284169,0.035938854995797756,2.6017140888599738e-06,1.9039387555281138e-06,0.03593885499567385,112,2
0,learned,adam,7000,40.904032203641215,10,16,0.03593901404261729,0.03593885499568119,2.6017131043901706e-06,1.9039382442016058e-06,0.03593885499567385,112,2
0,learned,adam,7000,40.904032203641215,10,64,0.03593901404261729,0.03593885499568119,2.6017131043901706e-06,1.9039382442016058e-06,0.03593885499567385,112,2
0,learned,adam,7000,40.904032203641215,11,0,0.03593849433416785,0.035938474673093454,3.216221794637307e-07,2.3536349243299138e-07,0.03593847467309108,112,2
0,learned,adam,7000,40.904032203641215,11,16,0.03593849433416441,0.03593847467309168,3.2162216441931054e-07,2.3536348461904098e-07,0.03593847467309108,112,2
0,learned,adam,7000,40.904032203641215,11,64,0.03593849433416441,0.03593847467309168,3.2162216441931054e-07,2.3536348461904098e-07,0.03593847467309108,112,2
0,learned,adam,7000,40.904032203641215,12,0,0.0359384300886239,0.03593842765814313,3.975863995950745e-08,2.9095417428884542e-08,0.03593842765814306,112,2
0,learned,adam,7000,40.904032203641215,12,16,0.03593843008862384,0.035938427658143125,3.9758639729603456e-08,2.90954173094743e-08,0.03593842765814306,112,2
0,learned,adam,7000,40.904032203641215,12,64,0.03593843008862384,0.035938427658143125,3.9758639729603456e-08,2.90954173094743e-08,0.03593842765814306,112,2
0,learned,adam,7000,40.904032203641215,13,0,0.03593842214665609,0.0359384218462024,4.914925495704387e-09,3.5967479668273987e-09,0.03593842184620239,112,2
0,learned,adam,7000,40.904032203641215,13,16,0.03593842214665608,0.0359384218462024,4.914925492191071e-09,3.5967479650026056e-09,0.03593842184620239,112,2
0,learned,adam,7000,40.904032203641215,13,64,0.03593842214665608,0.0359384218462024,4.914925492191071e-09,3.5967479650026056e-09,0.03593842184620239,112,2
0,learned,adam,7000,40.904032203641215,14,0,0.03593842116487765,0.03593842112773585,6.075784255765133e-10,4.4462656981747057e-10,0.03593842112773585,112,2
0,learned,adam,7000,40.904032203641215,14,16,0.03593842116487765,0.03593842112773585,6.075784255228248e-10,4.4462656978958533e-10,0.03593842112773585,112,2
0,learned,adam,7000,40.904032203641215,14,64,0.03593842116487765,0.03593842112773585,6.075784255228248e-10,4.4462656978958533e-10,0.03593842112773585,112,2
0,learned,adam,7000,40.904032203641215,15,0,0.03593842104351113,0.03593842103891969,7.510826809388629e-11,5.496431439366248e-11,0.03593842103891969,112,2
0,learned,adam,7000,40.904032203641215,15,16,0.03593842104351113,0.03593842103891969,7.510826809306574e-11,5.4964314393236195e-11,0.03593842103891969,112,2
0,learned,adam,7000,40.904032203641215,15,64,0.03593842104351113,0.03593842103891969,7.510826809306574e-11,5.4964314393236195e-11,0.03593842103891969,112,2
0,learned,adam,7000,40.904032203641215,16,0,0.03593842102850792,0.03593842102794033,9.284812784461128e-12,6.7946363551272606e-12,0.03593842102794033,112,2
0,learned,adam,7000,40.904032203641215,16,16,0.03593842102850792,0.03593842102794033,9.284812784448588e-12,6.794636355120743e-12,0.03593842102794033,112,2
0,learned,adam,7000,40.904032203641215,16,64,0.03593842102850792,0.03593842102794033,9.284812784448588e-12,6.794636355120743e-12,0.03593842102794033,112,2
0,learned,adam,7000,40.904032203641215,17,0,0.03593842102665323,0.035938421026583074,1.1477797401694516e-12,8.399464944803958e-13,0.035938421026583074,112,2
0,learned,adam,7000,40.904032203641215,17,16,0.03593842102665323,0.035938421026583074,1.1477797401692604e-12,8.399464944802975e-13,0.035938421026583074,112,2
0,learned,adam,7000,40.904032203641215,17,64,0.03593842102665323,0.035938421026583074,1.1477797401692604e-12,8.399464944802975e-13,0.035938421026583074,112,2
0,learned,adam,7000,40.904032203641215,18,0,0.03593842102642396,0.035938421026415285,1.418874416227936e-13,1.0383338808910036e-13,0.035938421026415285,112,2
0,learned,adam,7000,40.904032203641215,18,16,0.03593842102642396,0.035938421026415285,1.4188744162279083e-13,1.0383338808909885e-13,0.035938421026415285,112,2
0,learned,adam,7000,40.904032203641215,18,64,0.03593842102642396,0.035938421026415285,1.4188744162279083e-13,1.0383338808909885e-13,0.035938421026415285,112,2
0,learned,adam,7000,40.904032203641215,19,0,0.03593842102639561,0.035938421026394544,1.7539990806312006e-14,1.2835784842133661e-14,0.035938421026394544,112,2
0,learned,adam,7000,40.904032203641215,19,16,0.03593842102639561,0.035938421026394544,1.7539990806311946e-14,1.2835784842133614e-14,0.035938421026394544,112,2
0,learned,adam,7000,40.904032203641215,19,64,0.03593842102639561,0.035938421026394544,1.7539990806311946e-14,1.2835784842133614e-14,0.035938421026394544,112,2
0,learned,adam,7000,40.904032203641215,20,0,0.035938421026392116,0.035938421026391984,2.1682770086401524e-15,1.5867475341568876e-15,0.03593842102639199,112,2
0,learned,adam,7000,40.904032203641215,20,16,0.035938421026392116,0.035938421026391984,2.1682770086401524e-15,1.5867475341568876e-15,0.03593842102639199,112,2
0,learned,adam,7000,40.904032203641215,20,64,0.035938421026392116,0.035938421026391984,2.1682770086401524e-15,1.5867475341568876e-15,0.03593842102639199,112,2
0,learned,adam,7000,40.904032203641215,21,0,0.03593842102639168,0.035938421026391665,2.6804034495306184e-16,1.961522235000635e-16,0.035938421026391665,112,2
0,learned,adam,7000,40.904032203641215,21,16,0.03593842102639168,0.035938421026391665,2.6804034495306184e-16,1.961522235000635e-16,0.035938421026391665,112,2
0,learned,adam,7000,40.904032203641215,21,64,0.03593842102639168,0.035938421026391665,2.6804034495306184e-16,1.961522235000635e-16,0.035938421026391665,112,2
0,learned,adam,7000,40.904032203641215,22,0,0.035938421026391616,0.035938421026391616,3.3134892929393374e-17,2.4248151615665194e-17,0.035938421026391616,112,2
0,learned,adam,7000,40.904032203641215,22,16,0.035938421026391616,0.035938421026391616,3.3134892929393374e-17,2.4248151615665194e-17,0.035938421026391616,112,2
0,learned,adam,7000,40.904032203641215,22,64,0.035938421026391616,0.035938421026391616,3.3134892929393374e-17,2.4248151615665194e-17,0.035938421026391616,112,2
0,learned,adam,7000,40.904032203641215,23,0,0.035938421026391616,0.035938421026391616,4.096104001189172e-18,2.9975334782585114e-18,0.035938421026391616,112,2
0,learned,adam,7000,40.904032203641215,23,16,0.035938421026391616,0.035938421026391616,4.096104001189172e-18,2.9975334782585114e-18,0.035938421026391616,112,2
0,learned,adam,7000,40.904032203641215,23,64,0.035938421026391616,0.035938421026391616,4.096104001189172e-18,2.9975334782585114e-18,0.035938421026391616,112,2
0,learned,adam,7000,40.904032203641215,24,0,0.035938421026391616,0.035938421026391616,5.063564872326569e-19,3.7055224231919333e-19,0.035938421026391616,112,2
0,learned,adam,7000,40.904032203641215,24,16,0.035938421026391616,0.035938421026391616,5.063564872326569e-19,3.7055224231919333e-19,0.035938421026391616,112,2
0,learned,adam,7000,40.904032203641215,24,64,0.035938421026391616,0.035938421026391616,5.063564872326569e-19,3.7055224231919333e-19,0.035938421026391616,112,2
0,learned,adam,8000,43.92044429817172,1,0,0.9708925357154888,0.9708925357154887,1.0,1.0,0.9372463348635899,112,2
0,learned,adam,8000,43.92044429817172,1,16,0.9380337060867553,0.9380337060867554,0.8873715373726015,0.8873715373726017,0.9372463348635899,112,2
0,learned,adam,8000,43.92044429817172,1,64,0.9380337060867553,0.9380337060867554,0.8873715373726014,0.8873715373726014,0.9372463348635899,112,2
0,learned,adam,8000,43.92044429817172,2,0,0.9679694926306637,0.9669057548077522,0.9859469214964385,0.9811133210917959,0.9308381965397343,112,2
0,learned,adam,8000,43.92044429817172,2,16,0.9333528040964032,0.9316715936888535,0.8762876819735643,0.8724679303204099,0.9308381965397343,112,2
0,learned,adam,8000,43.92044429817172,2,64,0.9333528040964032,0.9316715936888535,0.8762876819735642,0.8724679303204097,0.9308381965397343,112,2
0,learned,adam,8000,43.92044429817172,3,0,0.9331670407181567,0.9157869589637089,0.8769350954303682,0.840217207902703,0.8591951471763505,112,2
0,learned,adam,8000,43.92044429817172,3,16,0.8832177104218052,0.8603839391744155,0.789071588103425,0.7592483370833227,0.8591951471763505,112,2
0,learned,adam,8000,43.92044429817172,3,64,0.8832177104218051,0.8603839391744155,0.7890715881034248,0.7592483370833227,0.8591951471763505,112,2
0,learned,adam,8000,43.92044429817172,4,0,0.40798710079871164,0.2856357914883221,0.445808976763351,0.3693159986123724,0.2621543964841752,112,2
0,learned,adam,8000,43.92044429817172,4,16,0.36828888873368637,0.26256682663044767,0.42172241650625103,0.35277947946280475,0.2621543964841752,112,2
0,learned,adam,8000,43.92044429817172,4,64,0.3682888887336863,0.26256682663044767,0.4217224165062509,0.3527794794628047,0.2621543964841752,112,2
0,learned,adam,8000,43.92044429817172,5,0,0.0514628222001481,0.044203645166747275,0.08390789502272543,0.06179871584150212,0.044058614197736184,112,2
0,learned,adam,8000,43.92044429817172,5,16,0.05114258875089201,0.044061328011325535,0.08299862395939828,0.0613177564951878,0.044058614197736184,112,2
0,learned,adam,8000,43.92044429817172,5,64,0.05114258875089201,0.044061328011325535,0.08299862395939828,0.0613177564951878,0.044058614197736184,112,2
0,learned,adam,8000,43.92044429817172,6,0,0.03120897847072763,0.030603088943864733,0.010235252902336308,0.007363087914908807,0.030601630854190983,112,2
0,learned,adam,8000,43.92044429817172,6,16,0.031206051553525984,0.030601658380283437,0.01022151766294623,0.007356213164223321,0.030601630854190983,112,2
0,learned,adam,8000,43.92044429817172,6,64,0.031206051553525984,0.030601658380283437,0.01022151766294623,0.007356213164223321,0.030601630854190983,112,2
0,learned,adam,8000,43.92044429817172,7,0,0.02933906419570372,0.029273390336012436,0.0011636991574402195,0.0008347339263228091,0.029273372369105616,112,2
0,learned,adam,8000,43.92044429817172,7,16,0.029339028640450078,0.029273372709931515,0.0011635212667445627,0.0008346454977162414,0.029273372369105616,112,2
0,learned,adam,8000,43.92044429817172,7,64,0.029339028640450078,0.029273372709931515,0.0011635212667445627,0.0008346454977162414,0.029273372369105616,112,2
0,learned,adam,8000,43.92044429817172,8,0,0.029133484813294624,0.029126120385943772,0.00013120566322006325,9.408431860445002e-05,0.0291261201586303,112,2
0,learned,adam,8000,43.92044429817172,8,16,0.02913348436450296,0.029126120163094835,0.00013120340132679635,9.408319510733053e-05,0.0291261201586303,112,2
0,learned,adam,8000,43.92044429817172,8,64,0.02913348436450296,0.029126120163094835,0.00013120340132679635,9.408319510733053e-05,0.0291261201586303,112,2
0,learned,adam,8000,43.92044429817172,9,0,0.029110394122636576,0.02910956508812051,1.4779270454541534e-05,1.0597454757641624e-05,0.02910956508522064,112,2
0,learned,adam,8000,43.92044429817172,9,16,0.029110394116946766,0.029109565085294702,1.477924175442409e-05,1.059744050336377e-05,0.02910956508522064,112,2
0,learned,adam,8000,43.92044429817172,9,64,0.029110394116946766,0.029109565085294702,1.477924175442409e-05,1.059744050336377e-05,0.02910956508522064,112,2
0,learned,adam,8000,43.92044429817172,10,0,0.02910779425734975,0.029107700889662268,1.6645890714492887e-06,1.1935862340333887e-06,0.029107700889623528,112,2
0,learned,adam,8000,43.92044429817172,10,16,0.029107794257277584,0.029107700889626425,1.6645887073725193e-06,1.193586053211834e-06,0.029107700889623528,112,2
0,learned,adam,8000,43.92044429817172,10,64,0.029107794257277584,0.029107700889626425,1.6645887073725193e-06,1.193586053211834e-06,0.029107700889623528,112,2
0,learned,adam,8000,43.92044429817172,11,0,0.029107501448713817,0.029107490932920622,1.8748039422338216e-07,1.3443192458868929e-07,0.029107490932919908,112,2
0,learned,adam,8000,43.92044429817172,11,16,0.029107501448712898,0.02910749093292017,1.8748038960499055e-07,1.3443192229493166e-07,0.029107490932919908,112,2
0,learned,adam,8000,43.92044429817172,11,64,0.029107501448712898,0.02910749093292017,1.8748038960499055e-07,1.3443192229493166e-07,0.029107490932919908,112,2
0,learned,adam,8000,43.92044429817172,12,0,0.02910746847025662,0.029107467285879835,2.1115632204656283e-08,1.5140862796223e-08,0.029107467285879797,112,2
0,learned,adam,8000,43.92044429817172,12,16,0.029107468470256612,0.029107467285879835,2.1115632146071156e-08,1.5140862767126293e-08,0.029107467285879797,112,2
0,learned,adam,8000,43.92044429817172,12,64,0.029107468470256612,0.029107467285879835,2.1115632146071156e-08,1.5140862767126293e-08,0.029107467285879797,112,2
0,learned,adam,8000,43.92044429817172,13,0,0.02910746475594533,0.029107464622550806,2.3782212386695137e-09,1.7052921224465589e-09,0.029107464622550806,112,2
0,learned,adam,8000,43.92044429817172,13,16,0.02910746475594533,0.029107464622550806,2.3782212379263507e-09,1.7052921220774622e-09,0.029107464622550806,112,2
0,learned,adam,8000,43.92044429817172,13,64,0.02910746475594533,0.029107464622550806,2.3782212379263507e-09,1.7052921220774622e-09,0.029107464622550806,112,2
0,learned,adam,8000,43.92044429817172,14,0,0.029107464337608174,0.029107464322584157,2.67855402483371e-10,1.9206443037169704e-10,0.029107464322584157,112,2
0,learned,adam,8000,43.92044429817172,14,16,0.029107464337608174,0.029107464322584157,2.6785540247394426e-10,1.9206443036701545e-10,0.029107464322584157,112,2
0,learned,adam,8000,43.92044429817172,14,64,0.029107464337608174,0.029107464322584157,2.6785540247394426e-10,1.9206443036701545e-10,0.029107464322584157,112,2
0,learned,adam,8000,43.92044429817172,15,0,0.02910746429049151,0.029107464288799376,3.0168142195555815e-11,2.1631921521848992e-11,0.029107464288799376,112,2
0,learned,adam,8000,43.92044429817172,15,16,0.02910746429049151,0.029107464288799376,3.0168142195436203e-11,2.1631921521789583e-11,0.029107464288799376,112,2
0,learned,adam,8000,43.92044429817172,15,64,0.02910746429049151,0.029107464288799376,3.0168142195436203e-11,2.1631921521789583e-11,0.029107464288799376,112,2
0,learned,adam,8000,43.92044429817172,16,0,0.029107464285184827,0.029107464284994253,3.397791475904224e-12,2.4363700647290515e-12,0.029107464284994253,112,2
0,learned,adam,8000,43.92044429817172,16,16,0.029107464285184827,0.029107464284994253,3.3977914759027047e-12,2.4363700647282982e-12,0.029107464284994253,112,2
0,learned,adam,8000,43.92044429817172,16,64,0.029107464285184827,0.029107464284994253,3.3977914759027047e-12,2.4363700647282982e-12,0.029107464284994253,112,2
0,learned,adam,8000,43.92044429817172,17,0,0.02910746428458715,0.02910746428456568,3.826880302607641e-13,2.7440461478243997e-13,0.02910746428456568,112,2
0,learned,adam,8000,43.92044429817172,17,16,0.02910746428458715,0.02910746428456568,3.8268803026074417e-13,2.744046147824302e-13,0.02910746428456568,112,2
0,learned,adam,8000,43.92044429817172,17,64,0.02910746428458715,0.02910746428456568,3.8268803026074417e-13,2.744046147824302e-13,0.02910746428456568,112,2
0,learned,adam,8000,43.92044429817172,18,0,0.02910746428451983,0.029107464284517413,4.31015645141921e-14,3.0905769900817044e-14,0.029107464284517413,112,2
0,learned,adam,8000,43.92044429817172,18,16,0.02910746428451983,0.029107464284517413,4.310156451419181e-14,3.090576990081694e-14,0.029107464284517413,112,2
0,learned,adam,8000,43.92044429817172,18,64,0.02910746428451983,0.029107464284517413,4.310156451419181e-14,3.090576990081694e-14,0.029107464284517413,112,2
0,learned,adam,8000,43.92044429817172,19,0,0.02910746428451225,0.029107464284511976,4.854462948069304e-15,3.4808693502452606e-15,0.029107464284511976,112,2
0,learned,adam,8000,43.92044429817172,19,16,0.02910746428451225,0.029107464284511976,4.854462948069304e-15,3.4808693502452606e-15,0.029107464284511976,112,2
0,learned,adam,8000,43.92044429817172,19,64,0.02910746428451225,0.029107464284511976,4.854462948069304e-15,3.4808693502452606e-15,0.029107464284511976,112,2
0,learned,adam,8000,43.92044429817172,20,0,0.029107464284511393,0.029107464284511362,5.467506987227152e-16,3.9204496352495534e-16,0.029107464284511362,112,2
0,learned,adam,8000,43.92044429817172,20,16,0.029107464284511393,0.029107464284511362,5.467506987227152e-16,3.9204496352495534e-16,0.029107464284511362,112,2
0,learned,adam,8000,43.92044429817172,20,64,0.029107464284511393,0.029107464284511362,5.467506987227152e-16,3.9204496352495534e-16,0.029107464284511362,112,2
0,learned,adam,8000,43.92044429817172,21,0,0.0291074642845113,0.029107464284511282,6.157969063759564e-17,4.4155421522630444e-17,0.029107464284511282,112,2
0,learned,adam,8000,43.92044429817172,21,16,0.0291074642845113,0.029107464284511282,6.157969063759564e-17,4.4155421522630444e-17,0.029107464284511282,112,2
0,learned,adam,8000,43.92044429817172,21,64,0.0291074642845113,0.029107464284511282,6.157969063759564e-17,4.4155421522630444e-17,0.029107464284511282,112,2
0,learned,adam,8000,43.92044429817172,22,0,0.02910746428451128,0.029107464284511282,6.935625885583183e-18,4.973157242758596e-18,0.029107464284511282,112,2
0,learned,adam,8000,43.92044429817172,22,16,0.02910746428451128,0.029107464284511282,6.935625885583183e-18,4.973157242758596e-18,0.029107464284511282,112,2
0,learned,adam,8000,43.92044429817172,22,64,0.02910746428451128,0.029107464284511282,6.935625885583183e-18,4.973157242758596e-18,0.029107464284511282,112,2
0,learned,adam,8000,43.92044429817172,23,0,0.02910746428451128,0.029107464284511282,7.811488808520263e-19,5.60119054656215e-19,0.029107464284511282,112,2
0,learned,adam,8000,43.92044429817172,23,16,0.02910746428451128,0.029107464284511282,7.811488808520263e-19,5.60119054656215e-19,0.029107464284511282,112,2
0,learned,adam,8000,43.92044429817172,23,64,0.02910746428451128,0.029107464284511282,7.811488808520263e-19,5.60119054656215e-19,0.029107464284511282,112,2
0,learned,adam,8000,43.92044429817172,24,0,0.02910746428451128,0.029107464284511282,8.797959753347637e-20,6.308534801424112e-20,0.029107464284511282,112,2
0,learned,adam,8000,43.92044429817172,24,16,0.02910746428451128,0.029107464284511282,8.797959753347637e-20,6.308534801424112e-20,0.029107464284511282,112,2
0,learned,adam,8000,43.92044429817172,24,64,0.02910746428451128,0.029107464284511282,8.797959753347637e-20,6.308534801424112e-20,0.029107464284511282,112,2
0,learned,adam,9000,46.69492835567756,1,0,0.9761681803264501,0.9761681803264501,1.0,1.0,0.9495841307469751,112,2
0,learned,adam,9000,46.69492835567756,1,16,0.9500709308378943,0.9500709308378945,0.8967465872405026,0.8967465872405026,0.9495841307469751,112,2
0,learned,adam,9000,46.69492835567756,1,64,0.9500709308378943,0.9500709308378945,0.8967465872405026,0.8967465872405026,0.9495841307469751,112,2
0,learned,adam,9000,46.69492835567756,2,0,0.974240447093896,0.9734996631918834,0.9892716066171742,0.9853373896660521,0.9452308231253085,112,2
0,learned,adam,9000,46.69492835567756,2,16,0.9469363209779412,0.9457435541549579,0.8881094163501692,0.8849377057851587,0.9452308231253085,112,2
0,learned,adam,9000,46.69492835567756,2,64,0.9469363209779412,0.9457435541549579,0.8881094163501692,0.8849377057851585,0.9452308231253085,112,2
0,learned,adam,9000,46.69492835567756,3,0,0.9496203684643447,0.9366697009594915,0.8964517715436148,0.8628127504099555,0.891599854924953,112,2
0,learned,adam,9000,46.69492835567756,3,16,0.9102174597428032,0.8923539403062576,0.8125526822245602,0.7848417128015687,0.891599854924953,112,2
0,learned,adam,9000,46.69492835567756,3,64,0.9102174597428032,0.8923539403062574,0.8125526822245602,0.7848417128015687,0.891599854924953,112,2
0,learned,adam,9000,46.69492835567756,4,0,0.45169590612284205,0.3086987587235229,0.4733004943739532,0.39142287168480383,0.28224881859377265,112,2
0,learned,adam,9000,46.69492835567756,4,16,0.4077205489760055,0.28261028887650985,0.44862163651124737,0.3745425006978642,0.28224881859377265,112,2
0,learned,adam,9000,46.69492835567756,4,64,0.4077205489760055,0.2826102888765098,0.4486216365112473,0.3745425006978642,0.28224881859377265,112,2
0,learned,adam,9000,46.69492835567756,5,0,0.04443859934085854,0.03730394625642693,0.08596220130927747,0.06221690628098105,0.037184381085725464,112,2
0,learned,adam,9000,46.69492835567756,5,16,0.04415468314382233,0.03718611923861784,0.08509304916925861,0.061774367432451904,0.037184381085725464,112,2
0,learned,adam,9000,46.69492835567756,5,64,0.04415468314382233,0.03718611923861784,0.08509304916925861,0.061774367432451904,0.037184381085725464,112,2
0,learned,adam,9000,46.69492835567756,6,0,0.025558249340661338,0.02503566952212476,0.009644729833707238,0.00680301691560946,0.025034690118410353,112,2
0,learned,adam,9000,46.69492835567756,6,16,0.02555618343237931,0.025034704477903725,0.009633618774773275,0.0067976921839290935,0.025034690118410353,112,2
0,learned,adam,9000,46.69492835567756,6,64,0.02555618343237931,0.025034704477903725,0.009633618774773275,0.0067976921839290935,0.025034690118410353,112,2
0,learned,adam,9000,46.69492835567756,7,0,0.024006043088815748,0.023954206898016805,0.0010048708506198057,0.0007067388446202975,0.023954196765002458,112,2
0,learned,adam,9000,46.69492835567756,7,16,0.024006022055306008,0.02395419691460757,0.0010047500188347738,0.0007066813380764387,0.023954196765002458,112,2
0,learned,adam,9000,46.69492835567756,7,64,0.024006022055306008,0.02395419691460757,0.0010047500188347738,0.0007066813380764387,0.023954196765002458,112,2
0,learned,adam,9000,46.69492835567756,8,0,0.02384976612106963,0.023844436261384185,0.00010385350630612061,7.301939552946144e-05,0.023844436153594665,112,2
0,learned,adam,9000,46.69492835567756,8,16,0.02384976589790674,0.023844436155282256,0.00010385221542793795,7.30187816155171e-05,0.023844436153594665,112,2
0,learned,adam,9000,46.69492835567756,8,64,0.02384976589790674,0.023844436155282256,0.00010385221542793795,7.30187816155171e-05,0.023844436153594665,112,2
0,learned,adam,9000,46.69492835567756,9,0,0.023833672250465503,0.023833122162872523,1.0724265933377501e-05,7.539994658160629e-06,0.023833122161713655,112,2
0,learned,adam,9000,46.69492835567756,9,16,0.02383367224808749,0.023833122161741705,1.0724252168048798e-05,7.539988112154899e-06,0.023833122161713655,112,2
0,learned,adam,9000,46.69492835567756,9,64,0.02383367224808749,0.023833122161741705,1.0724252168048798e-05,7.539988112154899e-06,0.023833122161713655,112,2
0,learned,adam,9000,46.69492835567756,10,0,0.023832010953587928,0.023831954157710243,1.1073281137132299e-06,7.785354356637047e-07,0.023831954157696844,112,2
0,learned,adam,9000,46.69492835567756,10,16,0.023832010953562577,0.023831954157698187,1.1073279669541549e-06,7.785353658739923e-07,0.023831954157696844,112,2
0,learned,adam,9000,46.69492835567756,10,64,0.023832010953562577,0.023831954157698187,1.1073279669541549e-06,7.785353658739923e-07,0.023831954157696844,112,2
0,learned,adam,9000,46.69492835567756,11,0,0.023831839423814886,0.023831833559473804,1.1433552466576344e-07,8.038649671207193e-08,0.023831833559473544,112,2
0,learned,adam,9000,46.69492835567756,11,16,0.023831839423814612,0.02383183355947367,1.1433552310112224e-07,8.038649596802412e-08,0.023831833559473544,112,2
0,learned,adam,9000,46.69492835567756,11,64,0.023831839423814612,0.02383183355947367,1.1433552310112224e-07,8.038649596802412e-08,0.023831833559473544,112,2
0,learned,adam,9000,46.69492835567756,12,0,0.023831821712831595,0.023831821107318647,1.1805534378143015e-08,8.300180722605813e-09,0.023831821107318636,112,2
0,learned,adam,9000,46.69492835567756,12,16,0.023831821712831592,0.023831821107318647,1.1805534361461952e-08,8.30018071467332e-09,0.023831821107318636,112,2
0,learned,adam,9000,46.69492835567756,12,64,0.023831821712831592,0.023831821107318647,1.1805534361461952e-08,8.30018071467332e-09,0.023831821107318636,112,2
0,learned,adam,9000,46.69492835567756,13,0,0.023831819884112673,0.0238318198215914,1.2189617273914408e-09,8.570219924976613e-10,0.0238318198215914,112,2
0,learned,adam,9000,46.69492835567756,13,16,0.023831819884112673,0.0238318198215914,1.2189617272136007e-09,8.570219924130933e-10,0.0238318198215914,112,2
0,learned,adam,9000,46.69492835567756,13,64,0.023831819884112673,0.0238318198215914,1.2189617272136007e-09,8.570219924130933e-10,0.0238318198215914,112,2
0,learned,adam,9000,46.69492835567756,14,0,0.0238318196952912,0.02383181968883567,1.2586195851922476e-10,8.849044560321928e-11,0.02383181968883567,112,2
0,learned,adam,9000,46.69492835567756,14,16,0.0238318196952912,0.02383181968883567,1.258619585173289e-10,8.849044560231763e-11,0.02383181968883567,112,2
0,learned,adam,9000,46.69492835567756,14,64,0.0238318196952912,0.02383181968883567,1.258619585173289e-10,8.849044560231763e-11,0.02383181968883567,112,2
0,learned,adam,9000,46.69492835567756,15,0,0.02383181967579474,0.023831819675128183,1.2995676755227184e-11,9.136940505864864e-12,0.023831819675128183,112,2
0,learned,adam,9000,46.69492835567756,15,16,0.02383181967579474,0.023831819675128183,1.2995676755206957e-11,9.136940505855256e-12,0.023831819675128183,112,2
0,learned,adam,9000,46.69492835567756,15,64,0.02383181967579474,0.023831819675128183,1.2995676755206957e-11,9.136940505855256e-12,0.023831819675128183,112,2
0,learned,adam,9000,46.69492835567756,16,0,0.02383181967378167,0.023831819673712843,1.3418479761127143e-12,9.434202894187523e-13,0.023831819673712843,112,2
0,learned,adam,9000,46.69492835567756,16,16,0.02383181967378167,0.023831819673712843,1.3418479761124992e-12,9.434202894186483e-13,0.023831819673712843,112,2
0,learned,adam,9000,46.69492835567756,16,64,0.02383181967378167,0.023831819673712843,1.3418479761124992e-12,9.434202894186483e-13,0.023831819673712843,112,2
0,learned,adam,9000,46.69492835567756,17,0,0.02383181967357381,0.023831819673566706,1.3855038293823556e-13,9.741136454912131e-14,0.023831819673566706,112,2
0,learned,adam,9000,46.69492835567756,17,16,0.02383181967357381,0.023831819673566706,1.3855038293823306e-13,9.741136454911992e-14,0.023831819673566706,112,2
0,learned,adam,9000,46.69492835567756,17,64,0.02383181967357381,0.023831819673566706,1.3855038293823306e-13,9.741136454911992e-14,0.023831819673566706,112,2
0,learned,adam,9000,46.69492835567756,18,0,0.023831819673552353,0.023831819673551614,1.430579987750986e-14,1.00580558312571e-14,0.023831819673551614,112,2
0,learned,adam,9000,46.69492835567756,18,16,0.023831819673552353,0.023831819673551614,1.430579987750983e-14,1.00580558312571e-14,0.023831819673551614,112,2
0,learned,adam,9000,46.69492835567756,18,64,0.023831819673552353,0.023831819673551614,1.430579987750983e-14,1.00580558312571e-14,0.023831819673551614,112,2
0,learned,adam,9000,46.69492835567756,19,0,0.023831819673550133,0.023831819673550067,1.4771226596073119e-15,1.0385285903028683e-15,0.023831819673550067,112,2
0,learned,adam,9000,46.69492835567756,19,16,0.023831819673550133,0.023831819673550067,1.4771226596073119e-15,1.0385285903028683e-15,0.023831819673550067,112,2
0,learned,adam,9000,46.69492835567756,19,64,0.023831819673550133,0.023831819673550067,1.4771226596073119e-15,1.0385285903028683e-15,0.023831819673550067,112,2
0,learned,adam,9000,46.69492835567756,20,0,0.023831819673549907,0.0238318196735499,1.5251795566884054e-16,1.0723162119708114e-16,0.0238318196735499,112,2
0,learned,adam,9000,46.69492835567756,20,16,0.023831819673549907,0.0238318196735499,1.5251795566884054e-16,1.0723162119708114e-16,0.0238318196735499,112,2
0,learned,adam,9000,46.69492835567756,20,64,0.023831819673549907,0.0238318196735499,1.5251795566884054e-16,1.0723162119708114e-16,0.0238318196735499,112,2
0,learned,adam,9000,46.69492835567756,21,0,0.023831819673549883,0.02383181967354988,1.5747999429909517e-17,1.1072030844332288e-17,0.02383181967354988,112,2
0,learned,adam,9000,46.69492835567756,21,16,0.023831819673549883,0.02383181967354988,1.5747999429909517e-17,1.1072030844332288e-17,0.02383181967354988,112,2
0,learned,adam,9000,46.69492835567756,21,64,0.023831819673549883,0.02383181967354988,1.5747999429909517e-17,1.1072030844332288e-17,0.02383181967354988,112,2
0,learned,adam,9000,46.69492835567756,22,0,0.023831819673549883,0.02383181967354988,1.626034685272777e-18,1.143224970855728e-18,0.02383181967354988,112,2
0,learned,adam,9000,46.69492835567756,22,16,0.023831819673549883,0.02383181967354988,1.626034685272777e-18,1.143224970855728e-18,0.02383181967354988,112,2
0,learned,adam,9000,46.69492835567756,22,64,0.023831819673549883,0.02383181967354988,1.626034685272777e-18,1.143224970855728e-18,0.02383181967354988,112,2
0,learned,adam,9000,46.69492835567756,23,0,0.023831819673549883,0.02383181967354988,1.6789363051972944e-19,1.1804187979273085e-19,0.02383181967354988,112,2
0,learned,adam,9000,46.69492835567756,23,16,0.023831819673549883,0.02383181967354988,1.6789363051972944e-19,1.1804187979273085e-19,0.02383181967354988,112,2
0,learned,adam,9000,46.69492835567756,23,64,0.023831819673549883,0.02383181967354988,1.6789363051972944e-19,1.1804187979273085e-19,0.02383181967354988,112,2
0,learned,adam,9000,46.69492835567756,24,0,0.023831819673549883,0.02383181967354988,1.7335590331744173e-20,1.2188226937145811e-20,0.02383181967354988,112,2
0,learned,adam,9000,46.69492835567756,24,16,0.023831819673549883,0.02383181967354988,1.7335590331744173e-20,1.2188226937145811e-20,0.02383181967354988,112,2
0,learned,adam,9000,46.69492835567756,24,64,0.023831819673549883,0.02383181967354988,1.7335590331744173e-20,1.2188226937145811e-20,0.02383181967354988,112,2
0,learned,adam,10000,49.26842521616799,1,0,0.9803032101338742,0.9803032101338744,1.0,1.0,0.9591549689471903,112,2
0,learned,adam,10000,49.26842521616799,1,16,0.9594580479461249,0.9594580479461249,0.9048761630777004,0.9048761630777002,0.9591549689471903,112,2
0,learned,adam,10000,49.26842521616799,1,64,0.9594580479461249,0.9594580479461249,0.9048761630777004,0.9048761630777002,0.9591549689471903,112,2
0,learned,adam,10000,49.26842521616799,2,0,0.9790216438219753,0.9785036339800238,0.9917757506582904,0.9885773781195425,0.9561968025895446,112,2
0,learned,adam,10000,49.26842521616799,2,16,0.9573571426648987,0.9565141924825256,0.8981366740420837,0.8955131368147988,0.9561968025895446,112,2
0,learned,adam,10000,49.26842521616799,2,64,0.9573571426648987,0.9565141924825256,0.8981366740420837,0.8955131368147988,0.9561968025895446,112,2
0,learned,adam,10000,49.26842521616799,3,0,0.9616367032500734,0.9521157951576946,0.9130868914978133,0.8825940754678676,0.9166827940421307,112,2
0,learned,adam,10000,49.26842521616799,3,16,0.9307842524549217,0.917154030113594,0.8330994667708218,0.8076583514296626,0.9166827940421307,112,2
0,learned,adam,10000,49.26842521616799,3,64,0.9307842524549217,0.917154030113594,0.8330994667708218,0.8076583514296626,0.9166827940421307,112,2
0,learned,adam,10000,49.26842521616799,4,0,0.5028855003896238,0.3396801185481629,0.5017592785279837,0.4149410124106485,0.30965040950905376,112,2
0,learned,adam,10000,49.26842521616799,4,16,0.45504898833950397,0.3099711258071867,0.47639747339306077,0.39759776159611715,0.30965040950905376,112,2
0,learned,adam,10000,49.26842521616799,4,64,0.45504898833950397,0.3099711258071867,0.47639747339306077,0.39759776159611715,0.30965040950905376,112,2
0,learned,adam,10000,49.26842521616799,5,0,0.03894457443705893,0.03186497073252851,0.08872931682044106,0.0631546809392651,0.031763557875261236,112,2
0,learned,adam,10000,49.26842521616799,5,16,0.038685287475660544,0.03176470699385174,0.08788072299981346,0.06273815933723291,0.031763557875261236,112,2
0,learned,adam,10000,49.26842521616799,5,64,0.038685287475660544,0.03176470699385174,0.08788072299981346,0.06273815933723291,0.031763557875261236,112,2
0,learned,adam,10000,49.26842521616799,6,0,0.021137516326296006,0.020681511536754252,0.009207850207029309,0.006371167480931068,0.02068082879529545,112,2
0,learned,adam,10000,49.26842521616799,6,16,0.02113600556529825,0.02068083659649318,0.00919856420000115,0.006366903183591125,0.02068082879529545,112,2
0,learned,adam,10000,49.26842521616799,6,64,0.02113600556529825,0.02068083659649318,0.00919856420000115,0.006366903183591125,0.02068082879529545,112,2
0,learned,adam,10000,49.26842521616799,7,0,0.01983057727032658,0.019788980061127268,0.0008835609980275985,0.0006095598119063899,0.019788974071378633,112,2
0,learned,adam,10000,49.26842521616799,7,16,0.019830564251829847,0.019788974140516277,0.0008834753450545324,0.0006095207543528943,0.019788974071378633,112,2
0,learned,adam,10000,49.26842521616799,7,64,0.019830564251829847,0.019788974140516277,0.0008834753450545324,0.0006095207543528943,0.019788974071378633,112,2
0,learned,adam,10000,49.26842521616799,8,0,0.019709487002503363,0.019705546032835454,8.41178570029128e-05,5.801562931004393e-05,0.019705545978735365,112,2
0,learned,adam,10000,49.26842521616799,8,16,0.019709486885258837,0.01970554597942194,8.411708054349456e-05,5.8015275485807424e-05,0.019705545978735365,112,2
0,learned,adam,10000,49.26842521616799,8,64,0.019709486885258837,0.01970554597942194,8.411708054349456e-05,5.8015275485807424e-05,0.019705545978735365,112,2
0,learned,adam,10000,49.26842521616799,9,0,0.01969799740215197,0.019697622665853932,8.00224862611822e-06,5.518958638062156e-06,0.01969762266535858,112,2
0,learned,adam,10000,49.26842521616799,9,16,0.01969799740109155,0.019697622665370753,8.002241599062519e-06,5.518955436114421e-06,0.01969762266535858,112,2
0,learned,adam,10000,49.26842521616799,9,64,0.01969799740109155,0.019697622665370753,8.002241599062519e-06,5.518955436114421e-06,0.01969762266535858,112,2
0,learned,adam,10000,49.26842521616799,10,0,0.019696904729194258,0.019696869084141318,7.612103425151409e-07,5.24987140055564e-07,0.019696869084136266,112,2
0,learned,adam,10000,49.26842521616799,10,16,0.019696904729184665,0.019696869084136946,7.612102789294582e-07,5.249871110822932e-07,0.019696869084136266,112,2
0,learned,adam,10000,49.26842521616799,10,64,0.019696904729184665,0.019696869084136946,7.612102789294582e-07,5.249871110822932e-07,0.019696869084136266,112,2
0,learned,adam,10000,49.26842521616799,11,0,0.019696800792319752,0.01969679740163733,7.2409300507252e-08,4.993881479148561e-08,0.019696797401637225,112,2
0,learned,adam,10000,49.26842521616799,11,16,0.01969680079231966,0.019696797401637288,7.24092999318933e-08,4.993881452931955e-08,0.019696797401637225,112,2
0,learned,adam,10000,49.26842521616799,11,64,0.01969680079231966,0.019696797401637288,7.24092999318933e-08,4.993881452931955e-08,0.019696797401637225,112,2
0,learned,adam,10000,49.26842521616799,12,0,0.01969679090546689,0.019696790582932274,6.887850963835881e-09,4.750371888719363e-09,0.01969679058293227,112,2
0,learned,adam,10000,49.26842521616799,12,16,0.01969679090546689,0.019696790582932274,6.887850958629726e-09,4.750371886347139e-09,0.01969679058293227,112,2
0,learned,adam,10000,49.26842521616799,12,64,0.01969679090546689,0.019696790582932274,6.887850958629726e-09,4.750371886347139e-09,0.01969679058293227,112,2
0,learned,adam,10000,49.26842521616799,13,0,0.019696789964991707,0.019696789934310975,6.551988160884152e-10,4.51873602802835e-10,0.019696789934310975,112,2
0,learned,adam,10000,49.26842521616799,13,16,0.019696789964991707,0.019696789934310975,6.55198816041308e-10,4.518736027813711e-10,0.019696789934310975,112,2
0,learned,adam,10000,49.26842521616799,13,64,0.019696789964991707,0.019696789934310975,6.55198816041308e-10,4.518736027813711e-10,0.019696789934310975,112,2
0,learned,adam,10000,49.26842521616799,14,0,0.019696789875530103,0.019696789872611628,6.232502537181958e-11,4.298395092006331e-11,0.019696789872611628,112,2
0,learned,adam,10000,49.26842521616799,14,16,0.019696789875530103,0.019696789872611628,6.232502537139336e-11,4.2983950919869065e-11,0.019696789872611628,112,2
0,learned,adam,10000,49.26842521616799,14,64,0.019696789875530103,0.019696789872611628,6.232502537139336e-11,4.2983950919869065e-11,0.019696789872611628,112,2
0,learned,adam,10000,49.26842521616799,15,0,0.01969678986702017,0.019696789866742552,5.928595549995921e-12,4.0887983377551064e-12,0.019696789866742552,112,2
0,learned,adam,10000,49.26842521616799,15,16,0.01969678986702017,0.019696789866742552,5.928595549992058e-12,4.088798337753349e-12,0.019696789866742552,112,2
0,learned,adam,10000,49.26842521616799,15,64,0.01969678986702017,0.019696789866742552,5.928595549992058e-12,4.088798337753349e-12,0.019696789866742552,112,2
0,learned,adam,10000,49.26842521616799,16,0,0.019696789866210672,0.01969678986618427,5.63950756279239e-13,3.88942186290224e-13,0.01969678986618427,112,2
0,learned,adam,10000,49.26842521616799,16,16,0.019696789866210672,0.01969678986618427,5.639507562792037e-13,3.8894218629020737e-13,0.01969678986618427,112,2
0,learned,adam,10000,49.26842521616799,16,64,0.019696789866210672,0.01969678986618427,5.639507562792037e-13,3.8894218629020737e-13,0.01969678986618427,112,2
0,learned,adam,10000,49.26842521616799,17,0,0.019696789866133674,0.019696789866131156,5.364515977254223e-14,3.699767310088682e-14,0.019696789866131156,112,2
0,learned,adam,10000,49.26842521616799,17,16,0.019696789866133674,0.019696789866131156,5.364515977254188e-14,3.6997673100886685e-14,0.019696789866131156,112,2
0,learned,adam,10000,49.26842521616799,17,64,0.019696789866133674,0.019696789866131156,5.364515977254188e-14,3.6997673100886685e-14,0.019696789866131156,112,2
0,learned,adam,10000,49.26842521616799,18,0,0.019696789866126347,0.019696789866126108,5.102933429874289e-15,3.519360622553437e-15,0.019696789866126108,112,2
0,learned,adam,10000,49.26842521616799,18,16,0.019696789866126347,0.019696789866126108,5.102933429874289e-15,3.519360622553437e-15,0.019696789866126108,112,2
0,learned,adam,10000,49.26842521616799,18,64,0.019696789866126347,0.019696789866126108,5.102933429874289e-15,3.519360622553437e-15,0.019696789866126108,112,2
0,learned,adam,10000,49.26842521616799,19,0,0.019696789866125646,0.019696789866125625,4.854106074087151e-16,3.3477508593053696e-16,0.019696789866125625,112,2
0,learned,adam,10000,49.26842521616799,19,16,0.019696789866125646,0.019696789866125625,4.854106074087151e-16,3.3477508593053696e-16,0.019696789866125625,112,2
0,learned,adam,10000,49.26842521616799,19,64,0.019696789866125646,0.019696789866125625,4.854106074087151e-16,3.3477508593053696e-16,0.019696789866125625,112,2
0,learned,adam,10000,49.26842521616799,20,0,0.019696789866125577,0.019696789866125573,4.6174119459501016e-17,3.1845090679705235e-17,0.019696789866125573,112,2
0,learned,adam,10000,49.26842521616799,20,16,0.019696789866125577,0.019696789866125573,4.6174119459501016e-17,3.1845090679705235e-17,0.019696789866125573,112,2
0,learned,adam,10000,49.26842521616799,20,64,0.019696789866125577,0.019696789866125573,4.6174119459501016e-17,3.1845090679705235e-17,0.019696789866125573,112,2
0,learned,adam,10000,49.26842521616799,21,0,0.019696789866125577,0.019696789866125573,4.392259409496355e-18,3.0292272125921233e-18,0.019696789866125573,112,2
0,learned,adam,10000,49.26842521616799,21,16,0.019696789866125577,0.019696789866125573,4.392259409496355e-18,3.0292272125921233e-18,0.019696789866125573,112,2
0,learned,adam,10000,49.26842521616799,21,64,0.019696789866125577,0.019696789866125573,4.392259409496355e-18,3.0292272125921233e-18,0.019696789866125573,112,2
0,learned,adam,10000,49.26842521616799,22,0,0.019696789866125577,0.019696789866125573,4.1780856778937006e-19,2.8815171537120726e-19,0.019696789866125573,112,2
0,learned,adam,10000,49.26842521616799,22,16,0.019696789866125577,0.019696789866125573,4.1780856778937006e-19,2.8815171537120726e-19,0.019696789866125573,112,2
0,learned,adam,10000,49.26842521616799,22,64,0.019696789866125577,0.019696789866125573,4.1780856778937006e-19,2.8815171537120726e-19,0.019696789866125573,112,2
0,learned,adam,10000,49.26842521616799,23,0,0.019696789866125577,0.019696789866125573,3.974355406713558e-20,2.741009678185161e-20,0.019696789866125573,112,2
0,learned,adam,10000,49.26842521616799,23,16,0.019696789866125577,0.019696789866125573,3.974355406713558e-20,2.741009678185161e-20,0.019696789866125573,112,2
0,learned,adam,10000,49.26842521616799,23,64,0.019696789866125577,0.019696789866125573,3.974355406713558e-20,2.741009678185161e-20,0.019696789866125573,112,2
0,learned,adam,10000,49.26842521616799,24,0,0.019696789866125577,0.019696789866125573,3.780559355794802e-21,2.6073535763013002e-21,0.019696789866125573,112,2
0,learned,adam,10000,49.26842521616799,24,16,0.019696789866125577,0.019696789866125573,3.780559355794802e-21,2.6073535763013002e-21,0.019696789866125573,112,2
0,learned,adam,10000,49.26842521616799,24,64,0.019696789866125577,0.019696789866125573,3.780559355794802e-21,2.6073535763013002e-21,0.019696789866125573,112,2
0,learned,adam,11000,51.67194035252699,1,0,0.9835836132038105,0.9835836132038104,1.0,1.0,0.9666488274873946,112,2
0,learned,adam,11000,51.67194035252699,1,16,0.9668385966105209,0.9668385966105207,0.9120093674627673,0.9120093674627673,0.9666488274873946,112,2
0,learned,adam,11000,51.67194035252699,1,64,0.9668385966105209,0.9668385966105207,0.9120093674627673,0.9120093674627673,0.9666488274873946,112,2
0,learned,adam,11000,51.67194035252699,2,0,0.9827264602007632,0.9823630813841847,0.9936823346294735,0.9910875426772254,0.9646377700025873,112,2
0,learned,adam,11000,51.67194035252699,2,16,0.9654294289818601,0.9648353224114271,0.9067515381870699,0.9045905143187388,0.9646377700025873,112,2
0,learned,adam,11000,51.67194035252699,2,64,0.9654294289818601,0.9648353224114271,0.9067515381870699,0.9045905143187388,0.9646377700025873,112,2
0,learned,adam,11000,51.67194035252699,3,0,0.9704571607452132,0.9635190040269609,0.9273002450896538,0.8999343561281784,0.9358609196455996,112,2
0,learned,adam,11000,51.67194035252699,3,16,0.9463630900133845,0.9361523870249123,0.8511372860095824,0.8280393160015566,0.9358609196455996,112,2
0,learned,adam,11000,51.67194035252699,3,64,0.9463630900133845,0.9361523870249123,0.8511372860095824,0.8280393160015566,0.9358609196455996,112,2
0,learned,adam,11000,51.67194035252699,4,0,0.5604811433580431,0.3796422680816676,0.5312299195686395,0.44001024026789226,0.34547002836585594,112,2
0,learned,adam,11000,51.67194035252699,4,16,0.5097342578653608,0.3457560969250178,0.5051088135926876,0.4220915373404235,0.34547002836585594,112,2
0,learned,adam,11000,51.67194035252699,4,64,0.5097342578653608,0.3457560969250178,0.5051088135926876,0.4220915373404235,0.34547002836585594,112,2
0,learned,adam,11000,51.67194035252699,5,0,0.03465949711004918,0.02754847186931701,0.09227480700460725,0.06462978943685743,0.027459997454918228,112,2
0,learned,adam,11000,51.67194035252699,5,16,0.034415319044752826,0.02746077997438398,0.09142949299519744,0.06422928899815825,0.027459997454918228,112,2
0,learned,adam,11000,51.67194035252699,5,64,0.034415319044752826,0.02746077997438398,0.09142949299519744,0.06422928899815825,0.027459997454918228,112,2
0,learned,adam,11000,51.67194035252699,6,0,0.017637270964435386,0.017234486048533733,0.008900035199297543,0.006042680596515707,0.01723399351021862,112,2
0,learned,adam,11000,51.67194035252699,6,16,0.017636128782275644,0.017233997903324083,0.008892037842347465,0.006039159780754878,0.01723399351021862,112,2
0,learned,adam,11000,51.67194035252699,6,64,0.017636128782275644,0.017233997903324083,0.008892037842347465,0.006039159780754878,0.01723399351021862,112,2
0,learned,adam,11000,51.67194035252699,7,0,0.016521126800625043,0.016487203516920845,0.0007898340692676077,0.0005346431399370521,0.01648719982305047,112,2
0,learned,adam,11000,51.67194035252699,7,16,0.016521118403675542,0.01648719985648136,0.0007897709766480141,0.0005346155632089766,0.01648719982305047,112,2
0,learned,adam,11000,51.67194035252699,7,64,0.016521118403675542,0.01648719985648136,0.0007897709766480141,0.0005346155632089766,0.01648719982305047,112,2
0,learned,adam,11000,51.67194035252699,8,0,0.016425582351811865,0.016422609016386116,6.955049397335695e-05,4.7066517766501e-05,0.016422608987826656,112,2
0,learned,adam,11000,51.67194035252699,8,16,0.016425582287099182,0.01642260898812603,6.955000467515258e-05,4.706630403954285e-05,0.016422608987826656,112,2
0,learned,adam,11000,51.67194035252699,8,64,0.016425582287099182,0.01642260898812603,6.955000467515258e-05,4.706630403954285e-05,0.016422608987826656,112,2
0,learned,adam,11000,51.67194035252699,9,0,0.016417195759727037,0.01641693422373288,6.1201987407028234e-06,4.141590293556489e-06,0.016416934223508203,112,2
0,learned,adam,11000,51.67194035252699,9,16,0.016417195759226212,0.01641693422351414,6.12019495182955e-06,4.1415886386584715e-06,0.016416934223508203,112,2
0,learned,adam,11000,51.67194035252699,9,64,0.016417195759226212,0.01641693422351414,6.12019495182955e-06,4.1415886386584715e-06,0.016416934223508203,112,2
0,learned,adam,11000,51.67194035252699,10,0,0.01641645797617029,0.01641643496414692,5.385233081419937e-07,3.644225249313683e-07,0.01641643496414487,112,2
0,learned,adam,11000,51.67194035252699,10,16,0.016416457976166414,0.01641643496414523,5.385232788068274e-07,3.6442251211846516e-07,0.01641643496414487,112,2
0,learned,adam,11000,51.67194035252699,10,64,0.016416457976166414,0.01641643496414523,5.385232788068274e-07,3.6442251211846516e-07,0.01641643496414487,112,2
0,learned,adam,11000,51.67194035252699,11,0,0.01641639305935154,0.016416391034514418,4.738503090565771e-08,3.2065779127558486e-08,0.016416391034514376,112,2
0,learned,adam,11000,51.67194035252699,11,16,0.016416393059351508,0.016416391034514408,4.738503067853435e-08,3.206577902835649e-08,0.016416391034514376,112,2
0,learned,adam,11000,51.67194035252699,11,64,0.016416393059351508,0.016416391034514408,4.738503067853435e-08,3.206577902835649e-08,0.016416391034514376,112,2
0,learned,adam,11000,51.67194035252699,12,0,0.016416387347289063,0.016416387169122405,4.1694390309918e-09,2.821488270673909e-09,0.016416387169122405,112,2
0,learned,adam,11000,51.67194035252699,12,16,0.016416387347289063,0.016416387169122405,4.169439029233335e-09,2.8214882699058547e-09,0.016416387169122405,112,2
0,learned,adam,11000,51.67194035252699,12,64,0.016416387347289063,0.016416387169122405,4.169439029233335e-09,2.8214882699058547e-09,0.016416387169122405,112,2
0,learned,adam,11000,51.67194035252699,13,0,0.016416386844681146,0.01641638682900415,3.668715791242046e-10,2.482645382712682e-10,0.01641638682900415,112,2
0,learned,adam,11000,51.67194035252699,13,16,0.016416386844681146,0.01641638682900415,3.6687157911058925e-10,2.482645382653217e-10,0.01641638682900415,112,2
0,learned,adam,11000,51.67194035252699,13,64,0.016416386844681146,0.01641638682900415,3.6687157911058925e-10,2.482645382653217e-10,0.01641638682900415,112,2
0,learned,adam,11000,51.67194035252699,14,0,0.01641638680045636,0.016416386799076935,3.228126231838993e-11,2.1844953763994614e-11,0.016416386799076935,112,2
0,learned,adam,11000,51.67194035252699,14,16,0.01641638680045636,0.016416386799076935,3.228126231828447e-11,2.1844953763948515e-11,0.016416386799076935,112,2
0,learned,adam,11000,51.67194035252699,14,64,0.01641638680045636,0.016416386799076935,3.228126231828447e-11,2.1844953763948515e-11,0.016416386799076935,112,2
0,learned,adam,11000,51.67194035252699,15,0,0.016416386796564993,0.016416386796443607,2.840448690583101e-12,1.9221512994787564e-12,0.016416386796443607,112,2
0,learned,adam,11000,51.67194035252699,15,16,0.016416386796564993,0.016416386796443607,2.8404486905822855e-12,1.922151299478401e-12,0.016416386796443607,112,2
0,learned,adam,11000,51.67194035252699,15,64,0.016416386796564993,0.016416386796443607,2.8404486905822855e-12,1.922151299478401e-12,0.016416386796443607,112,2
0,learned,adam,11000,51.67194035252699,16,0,0.01641638679622259,0.01641638679621191,2.499328769746395e-13,1.691313086736955e-13,0.01641638679621191,112,2
0,learned,adam,11000,51.67194035252699,16,16,0.01641638679622259,0.01641638679621191,2.4993287697463276e-13,1.6913130867369251e-13,0.01641638679621191,112,2
0,learned,adam,11000,51.67194035252699,16,64,0.01641638679622259,0.01641638679621191,2.4993287697463276e-13,1.6913130867369251e-13,0.01641638679621191,112,2
0,learned,adam,11000,51.67194035252699,17,0,0.01641638679619246,0.016416386796191517,2.1991751936854224e-14,1.4881970832050772e-14,0.016416386796191517,112,2
0,learned,adam,11000,51.67194035252699,17,16,0.01641638679619246,0.016416386796191517,2.1991751936854155e-14,1.4881970832050772e-14,0.016416386796191517,112,2
0,learned,adam,11000,51.67194035252699,17,64,0.01641638679619246,0.016416386796191517,2.1991751936854155e-14,1.4881970832050772e-14,0.016416386796191517,112,2
0,learned,adam,11000,51.67194035252699,18,0,0.01641638679618981,0.016416386796189727,1.935068163525763e-15,1.3094740269128175e-15,0.016416386796189727,112,2
0,learned,adam,11000,51.67194035252699,18,16,0.01641638679618981,0.016416386796189727,1.935068163525763e-15,1.3094740269128175e-15,0.016416386796189727,112,2
0,learned,adam,11000,51.67194035252699,18,64,0.01641638679618981,0.016416386796189727,1.935068163525763e-15,1.3094740269128175e-15,0.016416386796189727,112,2
0,learned,adam,11000,51.67194035252699,19,0,0.016416386796189578,0.016416386796189567,1.7026787171129294e-16,1.1522144791913584e-16,0.016416386796189567,112,2
0,learned,adam,11000,51.67194035252699,19,16,0.016416386796189578,0.016416386796189567,1.7026787171129294e-16,1.1522144791913584e-16,0.016416386796189567,112,2
0,learned,adam,11000,51.67194035252699,19,64,0.016416386796189578,0.016416386796189567,1.7026787171129294e-16,1.1522144791913584e-16,0.016416386796189567,112,2
0,learned,adam,11000,51.67194035252699,20,0,0.016416386796189553,0.016416386796189553,1.498197773264511e-17,1.0138408084260617e-17,0.016416386796189553,112,2
0,learned,adam,11000,51.67194035252699,20,16,0.016416386796189553,0.016416386796189553,1.498197773264511e-17,1.0138408084260617e-17,0.016416386796189553,112,2
0,learned,adam,11000,51.67194035252699,20,64,0.016416386796189553,0.016416386796189553,1.498197773264511e-17,1.0138408084260617e-17,0.016416386796189553,112,2
0,learned,adam,11000,51.67194035252699,21,0,0.016416386796189553,0.016416386796189553,1.318273697354174e-18,8.920849402546824e-19,0.016416386796189553,112,2
0,learned,adam,11000,51.67194035252699,21,16,0.016416386796189553,0.016416386796189553,1.318273697354174e-18,8.920849402546824e-19,0.016416386796189553,112,2
0,learned,adam,11000,51.67194035252699,21,64,0.016416386796189553,0.016416386796189553,1.318273697354174e-18,8.920849402546824e-19,0.016416386796189553,112,2
0,learned,adam,11000,51.67194035252699,22,0,0.016416386796189553,0.016416386796189553,1.159957364873907e-19,7.849511816994926e-20,0.016416386796189553,112,2
0,learned,adam,11000,51.67194035252699,22,16,0.016416386796189553,0.016416386796189553,1.159957364873907e-19,7.849511816994926e-20,0.016416386796189553,112,2
0,learned,adam,11000,51.67194035252699,22,64,0.016416386796189553,0.016416386796189553,1.159957364873907e-19,7.849511816994926e-20,0.016416386796189553,112,2
0,learned,adam,11000,51.67194035252699,23,0,0.016416386796189553,0.016416386796189553,1.0206538225147709e-20,6.906835098858689e-21,0.016416386796189553,112,2
0,learned,adam,11000,51.67194035252699,23,16,0.016416386796189553,0.016416386796189553,1.0206538225147709e-20,6.906835098858689e-21,0.016416386796189553,112,2
0,learned,adam,11000,51.67194035252699,23,64,0.016416386796189553,0.016416386796189553,1.0206538225147709e-20,6.906835098858689e-21,0.016416386796189553,112,2
0,learned,adam,11000,51.67194035252699,24,0,0.016416386796189553,0.016416386796189553,8.980797544461887e-22,6.077367891789342e-22,0.016416386796189553,112,2
0,learned,adam,11000,51.67194035252699,24,16,0.016416386796189553,0.016416386796189553,8.980797544461887e-22,6.077367891789342e-22,0.016416386796189553,112,2
0,learned,adam,11000,51.67194035252699,24,64,0.016416386796189553,0.016416386796189553,8.980797544461887e-22,6.077367891789342e-22,0.016416386796189553,112,2
0,learned,adam,12000,53.929567147825715,1,0,0.986213339436298,0.986213339436298,1.0,1.0,0.9725657206865406,112,2
0,learned,adam,12000,53.929567147825715,1,16,0.9726851374943307,0.9726851374943306,0.9183239141745146,0.9183239141745145,0.9725657206865406,112,2
0,learned,adam,12000,53.929567147825715,1,64,0.9726851374943307,0.9726851374943306,0.9183239141745146,0.9183239141745145,0.9725657206865406,112,2
0,learned,adam,12000,53.929567147825715,2,0,0.9856372800410492,0.9853817139795362,0.9951428400059948,0.9930429814942258,0.9711974801615265,112,2
0,learned,adam,12000,53.929567147825715,2,16,0.9717390695481417,0.9713210853570222,0.9142260822522298,0.912453593952386,0.9711974801615265,112,2
0,learned,adam,12000,53.929567147825715,2,64,0.9717390695481417,0.9713210853570222,0.9142260822522298,0.912453593952386,0.9711974801615265,112,2
0,learned,adam,12000,53.929567147825715,3,0,0.9769734705159313,0.9719432504250943,0.9394269887477705,0.9150967282136974,0.9504078073677285,112,2
0,learned,adam,12000,53.929567147825715,3,16,0.9581373655380764,0.9505870122355323,0.8669774357103768,0.846223402106991,0.9504078073677285,112,2
0,learned,adam,12000,53.929567147825715,3,64,0.9581373655380764,0.9505870122355323,0.8669774357103768,0.846223402106991,0.9504078073677285,112,2
0,learned,adam,12000,53.929567147825715,4,0,0.6223778191531375,0.4292584013865328,0.5616007384318211,0.46664331707578904,0.39060791112405996,112,2
0,learned,adam,12000,53.929567147825715,4,16,0.5702534512891907,0.39086215536803887,0.5346664422873019,0.44804779327649713,0.39060791112405996,112,2
0,learned,adam,12000,53.929567147825715,4,64,0.5702534512891907,0.39086215536803887,0.5346664422873019,0.44804779327649713,0.39060791112405996,112,2
0,learned,adam,12000,53.929567147825715,5,0,0.03135135125560022,0.02410705856620507,0.09666335719456806,0.06666278342019216,0.024027692196861388,112,2
0,learned,adam,12000,53.929567147825715,5,16,0.031114027224276895,0.024028240301335026,0.09580529322224576,0.06626986845129172,0.024027692196861388,112,2
0,learned,adam,12000,53.929567147825715,5,64,0.031114027224276895,0.024028240301335026,0.09580529322224576,0.06626986845129172,0.024027692196861388,112,2
0,learned,adam,12000,53.929567147825715,6,0,0.0148367617431667,0.014476577898228586,0.008703571783941955,0.005799572383115934,0.01447621103376772,112,2
0,learned,adam,12000,53.929567147825715,6,16,0.014835870646280827,0.014476213589336975,0.008696489315374848,0.005796582411877417,0.01447621103376772,112,2
0,learned,adam,12000,53.929567147825715,6,64,0.014835870646280827,0.014476213589336975,0.008696489315374848,0.005796582411877417,0.01447621103376772,112,2
0,learned,adam,12000,53.929567147825715,7,0,0.013870168492911335,0.013842068620604902,0.0007169026908508707,0.00047622109060437625,0.013842066252395785,112,2
0,learned,adam,12000,53.929567147825715,7,16,0.013870162866477341,0.013842066269236935,0.0007168545566000985,0.0004762009209768043,0.013842066252395785,112,2
0,learned,adam,12000,53.929567147825715,7,64,0.013870162866477341,0.013842066269236935,0.0007168545566000985,0.0004762009209768043,0.013842066252395785,112,2
0,learned,adam,12000,53.929567147825715,8,0,0.013793466262924691,0.013791179839105404,5.859441485408455e-05,3.891288164891061e-05,0.013791179823322414,112,2
0,learned,adam,12000,53.929567147825715,8,16,0.013793466225561154,0.013791179823462046,5.859409326014074e-05,3.8912746974741064e-05,0.013791179823322414,112,2
0,learned,adam,12000,53.929567147825715,8,64,0.013793466225561154,0.013791179823462046,5.859409326014074e-05,3.8912746974741064e-05,0.013791179823322414,112,2
0,learned,adam,12000,53.929567147825715,9,0,0.013787216327264143,0.013787029638839633,4.786033573962166e-06,3.178365368213461e-06,0.013787029638732117,112,2
0,learned,adam,12000,53.929567147825715,9,16,0.01378721632701498,0.013787029638735303,4.78603142834646e-06,3.1783644697373368e-06,0.013787029638732117,112,2
0,learned,adam,12000,53.929567147825715,9,64,0.01378721632701498,0.013787029638735303,4.78603142834646e-06,3.1783644697373368e-06,0.013787029638732117,112,2
0,learned,adam,12000,53.929567147825715,10,0,0.013786705955632058,0.013786690708037305,3.9090629768743723e-07,2.5959719983107164e-07,0.013786690708036412,112,2
0,learned,adam,12000,53.929567147825715,10,16,0.013786705955630396,0.013786690708036616,3.9090628337392514e-07,2.5959719383731584e-07,0.013786690708036412,112,2
0,learned,adam,12000,53.929567147825715,10,64,0.013786705955630396,0.013786690708036616,3.9090628337392514e-07,2.5959719383731584e-07,0.013786690708036412,112,2
0,learned,adam,12000,53.929567147825715,11,0,0.013786664271132867,0.01378666302577158,3.1927708385758285e-08,2.12028882249568e-08,0.013786663025771556,112,2
0,learned,adam,12000,53.929567147825715,11,16,0.013786664271132858,0.01378666302577158,3.192770829027303e-08,2.120288818497251e-08,0.013786663025771556,112,2
0,learned,adam,12000,53.929567147825715,11,64,0.013786664271132858,0.01378666302577158,3.192770829027303e-08,2.120288818497251e-08,0.013786663025771556,112,2
0,learned,adam,12000,53.929567147825715,12,0,0.013786660866510524,0.013786660764794307,2.6077303308191653e-09,1.7317689521082135e-09,0.013786660764794307,112,2
0,learned,adam,12000,53.929567147825715,12,16,0.013786660866510524,0.013786660764794307,2.6077303301821845e-09,1.7317689518414792e-09,0.013786660764794307,112,2
0,learned,adam,12000,53.929567147825715,12,64,0.013786660866510524,0.013786660764794307,2.6077303301821845e-09,1.7317689518414792e-09,0.013786660764794307,112,2
0,learned,adam,12000,53.929567147825715,13,0,0.013786660588434326,0.013786660580126547,2.1298920684667413e-10,1.4144410978710319e-10,0.013786660580126547,112,2
0,learned,adam,12000,53.929567147825715,13,16,0.013786660588434326,0.013786660580126547,2.1298920684242493e-10,1.4144410978532382e-10,0.013786660580126547,112,2
0,learned,adam,12000,53.929567147825715,13,64,0.013786660588434326,0.013786660580126547,2.1298920684242493e-10,1.4144410978532382e-10,0.013786660580126547,112,2
0,learned,adam,12000,53.929567147825715,14,0,0.013786660565722152,0.013786660565043607,1.7396124741893145e-11,1.1552601251980538e-11,0.013786660565043607,112,2
0,learned,adam,12000,53.929567147825715,14,16,0.013786660565722152,0.013786660565043607,1.7396124741864814e-11,1.1552601251968674e-11,0.013786660565043607,112,2
0,learned,adam,12000,53.929567147825715,14,64,0.013786660565722152,0.013786660565043607,1.7396124741864814e-11,1.1552601251968674e-11,0.013786660565043607,112,2
0,learned,adam,12000,53.929567147825715,15,0,0.013786660563867112,0.01378666056381169,1.4208473774736144e-12,9.435712513743789e-13,0.01378666056381169,112,2
0,learned,adam,12000,53.929567147825715,15,16,0.013786660563867112,0.01378666056381169,1.4208473774734262e-12,9.435712513743017e-13,0.01378666056381169,112,2
0,learned,adam,12000,53.929567147825715,15,64,0.013786660563867112,0.01378666056381169,1.4208473774734262e-12,9.435712513743017e-13,0.01378666056381169,112,2
0,learned,adam,12000,53.929567147825715,16,0,0.013786660563715598,0.013786660563711072,1.1604925234761019e-13,7.706720650978117e-14,0.013786660563711072,112,2
0,learned,adam,12000,53.929567147825715,16,16,0.013786660563715598,0.013786660563711072,1.1604925234760885e-13,7.706720650978063e-14,0.013786660563711072,112,2
0,learned,adam,12000,53.929567147825715,16,64,0.013786660563715598,0.013786660563711072,1.1604925234760885e-13,7.706720650978063e-14,0.013786660563711072,112,2
0,learned,adam,12000,53.929567147825715,17,0,0.013786660563703224,0.013786660563702846,9.47844869472788e-15,6.2945477732237354e-15,0.013786660563702846,112,2
0,learned,adam,12000,53.929567147825715,17,16,0.013786660563703224,0.013786660563702846,9.47844869472788e-15,6.2945477732237354e-15,0.013786660563702846,112,2
0,learned,adam,12000,53.929567147825715,17,64,0.013786660563703224,0.013786660563702846,9.47844869472788e-15,6.2945477732237354e-15,0.013786660563702846,112,2
0,learned,adam,12000,53.929567147825715,18,0,0.01378666056370221,0.013786660563702181,7.741625890830614e-16,5.141140241584426e-16,0.013786660563702181,112,2
0,learned,adam,12000,53.929567147825715,18,16,0.01378666056370221,0.013786660563702181,7.741625890830614e-16,5.141140241584426e-16,0.013786660563702181,112,2
0,learned,adam,12000,53.929567147825715,18,64,0.01378666056370221,0.013786660563702181,7.741625890830614e-16,5.141140241584426e-16,0.013786660563702181,112,2
0,learned,adam,12000,53.929567147825715,19,0,0.013786660563702131,0.013786660563702122,6.323057006882812e-17,4.1990821161250627e-17,0.013786660563702122,112,2
0,learned,adam,12000,53.929567147825715,19,16,0.013786660563702131,0.013786660563702122,6.323057006882812e-17,4.1990821161250627e-17,0.013786660563702122,112,2
0,learned,adam,12000,53.929567147825715,19,64,0.013786660563702131,0.013786660563702122,6.323057006882812e-17,4.1990821161250627e-17,0.013786660563702122,112,2
0,learned,adam,12000,53.929567147825715,20,0,0.01378666056370212,0.013786660563702122,5.164425467735971e-18,3.4296459130489135e-18,0.013786660563702122,112,2
0,learned,adam,12000,53.929567147825715,20,16,0.01378666056370212,0.013786660563702122,5.164425467735971e-18,3.4296459130489135e-18,0.013786660563702122,112,2
0,learned,adam,12000,53.929567147825715,20,64,0.01378666056370212,0.013786660563702122,5.164425467735971e-18,3.4296459130489135e-18,0.013786660563702122,112,2
0,learned,adam,12000,53.929567147825715,21,0,0.01378666056370212,0.013786660563702122,4.2181005774212546e-19,2.8012005394520815e-19,0.013786660563702122,112,2
0,learned,adam,12000,53.929567147825715,21,16,0.01378666056370212,0.013786660563702122,4.2181005774212546e-19,2.8012005394520815e-19,0.013786660563702122,112,2
0,learned,adam,12000,53.929567147825715,21,64,0.01378666056370212,0.013786660563702122,4.2181005774212546e-19,2.8012005394520815e-19,0.013786660563702122,112,2
0,learned,adam,12000,53.929567147825715,22,0,0.01378666056370212,0.013786660563702122,3.445179447819902e-20,2.287910956746857e-20,0.013786660563702122,112,2
0,learned,adam,12000,53.929567147825715,22,16,0.01378666056370212,0.013786660563702122,3.445179447819902e-20,2.287910956746857e-20,0.013786660563702122,112,2
0,learned,adam,12000,53.929567147825715,22,64,0.01378666056370212,0.013786660563702122,3.445179447819902e-20,2.287910956746857e-20,0.013786660563702122,112,2
0,learned,adam,12000,53.929567147825715,23,0,0.01378666056370212,0.013786660563702122,2.8138877226433663e-21,1.868676116643246e-21,0.013786660563702122,112,2
0,learned,adam,12000,53.929567147825715,23,16,0.01378666056370212,0.013786660563702122,2.8138877226433663e-21,1.868676116643246e-21,0.013786660563702122,112,2
0,learned,adam,12000,53.929567147825715,23,64,0.01378666056370212,0.013786660563702122,2.8138877226433663e-21,1.868676116643246e-21,0.013786660563702122,112,2
0,learned,adam,12000,53.929567147825715,24,0,0.01378666056370212,0.013786660563702122,2.2982733513789907e-22,1.5262615088298847e-22,0.013786660563702122,112,2
0,learned,adam,12000,53.929567147825715,24,16,0.01378666056370212,0.013786660563702122,2.2982733513789907e-22,1.5262615088298847e-22,0.013786660563702122,112,2
0,learned,adam,12000,53.929567147825715,24,64,0.01378666056370212,0.013786660563702122,2.2982733513789907e-22,1.5262615088298847e-22,0.013786660563702122,112,2
0,retrieval_frozen,sgd,0,0.0,1,0,0.5,0.5,1.0,1.0,,112,2
0,retrieval_frozen,sgd,0,0.0,1,16,0.5,0.5,0.6321205849979562,0.6321205849979562,,112,2
0,retrieval_frozen,sgd,0,0.0,1,64,0.5,0.5,0.6321205588285578,0.6321205588285577,,112,2
0,retrieval_frozen,sgd,0,0.0,2,0,0.5,0.5,0.2689414213690497,0.2689414213610862,,112,2
0,retrieval_frozen,sgd,0,0.0,2,16,0.5,0.5,0.2325441614757657,0.23254416146981183,,112,2
0,retrieval_frozen,sgd,0,0.0,2,64,0.5,0.5,0.23254415793412278,0.23254415792816893,,112,2
0,retrieval_frozen,sgd,0,0.0,3,0,0.5,0.5,0.09003057316998572,0.09003057316666072,,112,2
0,retrieval_frozen,sgd,0,0.0,3,16,0.5,0.5,0.08554821534770156,0.08554821534469942,,112,2
0,retrieval_frozen,sgd,0,0.0,3,64,0.5,0.5,0.08554821486839234,0.08554821486539019,,112,2
0,retrieval_frozen,sgd,0,0.0,4,0,0.5,0.5,0.03205860327993539,0.032058603278675366,,112,2
0,retrieval_frozen,sgd,0,0.0,4,16,0.5,0.5,0.03147142954385305,0.03147142954263874,,112,2
0,retrieval_frozen,sgd,0,0.0,4,64,0.5,0.5,0.0314714294789856,0.0314714294777713,,112,2
0,retrieval_frozen,sgd,0,0.0,5,0,0.5,0.5,0.011656230955984061,0.0116562309555162,,112,2
0,retrieval_frozen,sgd,0,0.0,5,16,0.5,0.5,0.01157769189837277,0.011577691897911182,,112,2
0,retrieval_frozen,sgd,0,0.0,5,64,0.5,0.5,0.011577691889593913,0.011577691889132331,,112,2
0,retrieval_frozen,sgd,0,0.0,6,0,0.5,0.5,0.004269778545261609,0.004269778545088934,,112,2
0,retrieval_frozen,sgd,0,0.0,6,16,0.5,0.5,0.004259194823586798,0.0042591948234149786,,112,2
0,retrieval_frozen,sgd,0,0.0,6,64,0.5,0.5,0.004259194822398709,0.004259194822226892,,112,2
0,retrieval_frozen,sgd,0,0.0,7,0,0.5,0.5,0.0015683003158789223,0.0015683003158153256,,112,2
0,retrieval_frozen,sgd,0,0.0,7,16,0.5,0.5,0.001566870211265096,0.0015668702112016156,,112,2
0,retrieval_frozen,sgd,0,0.0,7,64,0.5,0.5,0.001566870211104306,0.001566870211040825,,112,2
0,retrieval_frozen,sgd,0,0.0,8,0,0.5,0.5,0.0005766127696842267,0.0005766127696608212,,112,2
0,retrieval_frozen,sgd,0,0.0,8,16,0.5,0.5,0.0005764193376709881,0.0005764193376475979,,112,2
0,retrieval_frozen,sgd,0,0.0,8,64,0.5,0.5,0.0005764193376492274,0.0005764193376258372,,112,2
0,retrieval_frozen,sgd,0,0.0,9,0,0.5,0.5,0.00021207899644221169,0.00021207899643359976,,112,2
0,retrieval_frozen,sgd,0,0.0,9,16,0.5,0.5,0.00021205282381775504,0.0002120528238091451,,112,2
0,retrieval_frozen,sgd,0,0.0,9,64,0.5,0.5,0.0002120528238148101,0.00021205282380620046,,112,2
0,retrieval_frozen,sgd,0,0.0,10,0,0.5,0.5,7.80134161274313e-05,7.801341612426298e-05,,112,2
0,retrieval_frozen,sgd,0,0.0,10,16,0.5,0.5,7.800987432421721e-05,7.800987432104913e-05,,112,2
0,retrieval_frozen,sgd,0,0.0,10,64,0.5,0.5,7.800987432381864e-05,7.800987432065062e-05,,112,2
0,retrieval_frozen,sgd,0,0.0,11,0,0.5,0.5,2.8698708289339755e-05,2.8698708288174173e-05,,112,2
0,retrieval_frozen,sgd,0,0.0,11,16,0.5,0.5,2.869822897215476e-05,2.8698228970989198e-05,,112,2
0,retrieval_frozen,sgd,0,0.0,11,64,0.5,0.5,2.8698228972100827e-05,2.869822897093526e-05,,112,2
0,retrieval_frozen,sgd,0,0.0,12,0,0.5,0.5,1.0557553304715978e-05,1.0557553304287181e-05,,112,2
0,retrieval_frozen,sgd,0,0.0,12,16,0.5,0.5,1.0557488436873857e-05,1.055748843644506e-05,,112,2
0,retrieval_frozen,sgd,0,0.0,12,64,0.5,0.5,1.0557488436866557e-05,1.0557488436437765e-05,,112,2
0,retrieval_frozen,sgd,0,0.0,13,0,0.5,0.5,3.883891725203109e-06,3.8838917250453626e-06,,112,2
0,retrieval_frozen,sgd,0,0.0,13,16,0.5,0.5,3.883882946329418e-06,3.883882946171673e-06,,112,2
0,retrieval_frozen,sgd,0,0.0,13,64,0.5,0.5,3.883882946328426e-06,3.88388294617068e-06,,112,2
0,retrieval_frozen,sgd,0,0.0,14,0,0.5,0.5,1.4288018759603902e-06,1.4288018759023587e-06,,112,2
0,retrieval_frozen,sgd,0,0.0,14,16,0.5,0.5,1.4288006878707313e-06,1.4288006878127e-06,,112,2
0,retrieval_frozen,sgd,0,0.0,14,64,0.5,0.5,1.4288006878705968e-06,1.4288006878125653e-06,,112,2
0,retrieval_frozen,sgd,0,0.0,15,0,0.5,0.5,5.256265593895918e-07,5.256265593682431e-07,,112,2
0,retrieval_frozen,sgd,0,0.0,15,16,0.5,0.5,5.256263985992252e-07,5.256263985778766e-07,,112,2
0,retrieval_frozen,sgd,0,0.0,15,64,0.5,0.5,5.256263985992075e-07,5.256263985778588e-07,,112,2
0,retrieval_frozen,sgd,0,0.0,16,0,0.5,0.5,1.9336716754224223e-07,1.9336716753438852e-07,,112,2
0,retrieval_frozen,sgd,0,0.0,16,16,0.5,0.5,1.9336714578163672e-07,1.93367145773783e-07,,112,2
0,retrieval_frozen,sgd,0,0.0,16,64,0.5,0.5,1.9336714578163428e-07,1.933671457737806e-07,,112,2
0,retrieval_frozen,sgd,0,0.0,17,0,0.5,0.5,7.113580047604236e-08,7.113580047315297e-08,,112,2
0,retrieval_frozen,sgd,0,0.0,17,16,0.5,0.5,7.113579753106472e-08,7.113579752817534e-08,,112,2
0,retrieval_frozen,sgd,0,0.0,17,64,0.5,0.5,7.113579753106447e-08,7.113579752817508e-08,,112,2
0,retrieval_frozen,sgd,0,0.0,18,0,0.5,0.5,2.6169397841572313e-08,2.616939784050938e-08,,112,2
0,retrieval_frozen,sgd,0,0.0,18,16,0.5,0.5,2.616939744301294e-08,2.6169397441950013e-08,,112,2
0,retrieval_frozen,sgd,0,0.0,18,64,0.5,0.5,2.616939744301285e-08,2.616939744194992e-08,,112,2
0,retrieval_frozen,sgd,0,0.0,19,0,0.5,0.5,9.627183361068068e-09,9.627183360677038e-09,,112,2
0,retrieval_frozen,sgd,0,0.0,19,16,0.5,0.5,9.627183307128918e-09,9.62718330673789e-09,,112,2
0,retrieval_frozen,sgd,0,0.0,19,64,0.5,0.5,9.627183307128918e-09,9.62718330673789e-09,,112,2
0,retrieval_frozen,sgd,0,0.0,20,0,0.5,0.5,3.54164282238151e-09,3.5416428222376583e-09,,112,2
0,retrieval_frozen,sgd,0,0.0,20,16,0.5,0.5,3.541642815081642e-09,3.5416428149377907e-09,,112,2
0,retrieval_frozen,sgd,0,0.0,20,64,0.5,0.5,3.541642815081642e-09,3.5416428149377907e-09,,112,2
0,retrieval_frozen,sgd,0,0.0,21,0,0.5,0.5,1.3028975806290122e-09,1.302897580576092e-09,,112,2
0,retrieval_frozen,sgd,0,0.0,21,16,0.5,0.5,1.3028975796410827e-09,1.3028975795881626e-09,,112,2
0,retrieval_frozen,sgd,0,0.0,21,64,0.5,0.5,1.3028975796410827e-09,1.3028975795881626e-09,,112,2
0,retrieval_frozen,sgd,0,0.0,22,0,0.5,0.5,4.793092336356896e-10,4.793092336162214e-10,,112,2
0,retrieval_frozen,sgd,0,0.0,22,16,0.5,0.5,4.793092335019871e-10,4.793092334825188e-10,,112,2
0,retrieval_frozen,sgd,0,0.0,22,64,0.5,0.5,4.793092335019871e-10,4.793092334825188e-10,,112,2
0,retrieval_frozen,sgd,0,0.0,23,0,0.5,0.5,1.7632801298711732e-10,1.7632801297995536e-10,,112,2
0,retrieval_frozen,sgd,0,0.0,23,16,0.5,0.5,1.7632801296902313e-10,1.7632801296186117e-10,,112,2
0,retrieval_frozen,sgd,0,0.0,23,64,0.5,0.5,1.7632801296902313e-10,1.7632801296186117e-10,,112,2
0,retrieval_frozen,sgd,0,0.0,24,0,0.5,0.5,6.486745087636398e-11,6.486745087372924e-11,,112,2
0,retrieval_frozen,sgd,0,0.0,24,16,0.5,0.5,6.486745087391515e-11,6.486745087128042e-11,,112,2
0,retrieval_frozen,sgd,0,0.0,24,64,0.5,0.5,6.486745087391515e-11,6.486745087128042e-11,,112,2
0,retrieval_frozen,sgd,3,0.0,1,0,0.5498463585659298,0.5498463585659298,1.0,1.0,0.4815787725241673,112,2
0,retrieval_frozen,sgd,3,0.0,1,16,0.5132122811521801,0.5132122811521801,0.6321205849979562,0.6321205849979562,0.4815787725241673,112,2
0,retrieval_frozen,sgd,3,0.0,1,64,0.5132122785364146,0.5132122785364146,0.6321205588285578,0.6321205588285577,0.4815787725241673,112,2
0,retrieval_frozen,sgd,3,0.0,2,0,0.47694334406456373,0.47694044768243654,0.26932740372840697,0.26929838542623535,0.46702364949444414,112,2
0,retrieval_frozen,sgd,3,0.0,2,16,0.4733020136210106,0.4732998505438788,0.23283268317913008,0.23281099597091864,0.46702364949444414,112,2
0,retrieval_frozen,sgd,3,0.0,2,64,0.47330201326689075,0.4732998501898251,0.23283267962869342,0.2328109924211433,0.46702364949444414,112,2
0,retrieval_frozen,sgd,3,0.0,3,0,0.45910053402147805,0.4590993294055846,0.09019178877990908,0.09017966450206051,0.45761921177593495,112,2
0,retrieval_frozen,sgd,3,0.0,3,16,0.4586536627138897,0.45865257540988963,0.08569376467430878,0.08568281950325084,0.45761921177593495,112,2
0,retrieval_frozen,sgd,3,0.0,3,64,0.45865366266611246,0.4586525753621246,0.08569376419336718,0.0856828190224321,0.45761921177593495,112,2
0,retrieval_frozen,sgd,3,0.0,4,0,0.4533364783914052,0.4533360227182885,0.032119704325969764,0.0321151087044907,0.45312139867046985,112,2
0,retrieval_frozen,sgd,3,0.0,4,16,0.45327803845282044,0.4532775993581727,0.0315303108196971,0.031525882300315465,0.45312139867046985,112,2
0,retrieval_frozen,sgd,3,0.0,4,64,0.45327803844636466,0.4532775993517187,0.0315303107545867,0.031525882235223346,0.45312139867046985,112,2
0,retrieval_frozen,sgd,3,0.0,5,0,0.4513104822141039,0.45131031313462944,0.011678919587629257,0.01167721303222522,0.4512787566273866,112,2
0,retrieval_frozen,sgd,3,0.0,5,16,0.45130267063416246,0.45130250383027054,0.011600075516562008,0.011598391923928333,0.4512787566273866,112,2
0,retrieval_frozen,sgd,3,0.0,5,64,0.4513026706332894,0.4513025038293976,0.011600075507749177,0.011598391915118056,0.4512787566273866,112,2
0,retrieval_frozen,sgd,3,0.0,6,0,0.4505773465770764,0.4505772841917562,0.004278152295762457,0.004277522444400054,0.4505722496071264,112,2
0,retrieval_frozen,sgd,3,0.0,6,16,0.4505762941734659,0.4505762320976502,0.004267527072078948,0.004266900345255092,0.4505722496071264,112,2
0,retrieval_frozen,sgd,3,0.0,6,64,0.45057629417334777,0.45057623209753206,0.004267527070886206,0.004266900344062699,0.4505722496071264,112,2
0,retrieval_frozen,sgd,3,0.0,7,0,0.45030926185623976,0.4503092388815465,0.0015713844393696022,0.001571152458592766,0.45030828491695224,112,2
0,retrieval_frozen,sgd,3,0.0,7,16,0.4503091196655444,0.4503090967328137,0.00156994870707992,0.0015697171499948865,0.45030828491695224,112,2
0,retrieval_frozen,sgd,3,0.0,7,64,0.45030911966552833,0.4503090967327977,0.0015699487069184973,0.0015697171498335117,0.45030828491695224,112,2
0,retrieval_frozen,sgd,3,0.0,8,0,0.4502108569575648,0.4502108485023701,0.0005777478380708867,0.0005776624606426655,0.4502106195378799,112,2
0,retrieval_frozen,sgd,3,0.0,8,16,0.45021083772590537,0.45021082927639333,0.0005775536438893741,0.0005774683238428521,0.4502106195378799,112,2
0,retrieval_frozen,sgd,3,0.0,8,64,0.45021083772590326,0.45021082927639117,0.0005775536438675278,0.0005774683238210124,0.4502106195378799,112,2
0,retrieval_frozen,sgd,3,0.0,9,0,0.4501746852469641,0.4501746821360295,0.00021249662992808323,0.00021246521640483977,0.4501746144342663,112,2
0,retrieval_frozen,sgd,3,0.0,9,16,0.4501746826448269,0.45017467953466167,0.00021247035412826117,0.0002124389483728374,0.4501746144342663,112,2
0,retrieval_frozen,sgd,3,0.0,9,64,0.45017468264482663,0.4501746795346614,0.0002124703541253046,0.00021243894836988172,0.4501746144342663,112,2
0,retrieval_frozen,sgd,3,0.0,10,0,0.45016138239757547,0.4501613812530668,7.816706371098721e-05,7.81555066560465e-05,0.4501613585850839,112,2
0,retrieval_frozen,sgd,3,0.0,10,16,0.45016138204544365,0.4501613809010391,7.816350794315693e-05,7.815195193957832e-05,0.4501613585850839,112,2
0,retrieval_frozen,sgd,3,0.0,10,64,0.45016138204544365,0.4501613809010391,7.816350794275679e-05,7.815195193917838e-05,0.4501613585850839,112,2
0,retrieval_frozen,sgd,3,0.0,11,0,0.45015648909114486,0.4501564886700955,2.8755233268414447e-05,2.8750981575458986e-05,0.45015648063395836,112,2
0,retrieval_frozen,sgd,3,0.0,11,16,0.4501564890434904,0.45015648862245516,2.8754752061257047e-05,2.875050051059304e-05,0.45015648063395836,112,2
0,retrieval_frozen,sgd,3,0.0,11,64,0.4501564890434904,0.45015648862245516,2.8754752061202894e-05,2.8750500510538906e-05,0.45015648063395836,112,2
0,retrieval_frozen,sgd,3,0.0,12,0,0.45015468901716144,0.450154688862265,1.0578347843714955e-05,1.0576783721102164e-05,0.45015468594693747,112,2
0,retrieval_frozen,sgd,3,0.0,12,16,0.45015468901071215,0.45015468885581755,1.0578282720089523e-05,1.0576718616734036e-05,0.45015468594693747,112,2
0,retrieval_frozen,sgd,3,0.0,12,64,0.45015468901071215,0.45015468885581755,1.0578282720082193e-05,1.0576718616726709e-05,0.45015468594693747,112,2
0,retrieval_frozen,sgd,3,0.0,13,0,0.4501540268168093,0.45015402675982596,3.891541630415925e-06,3.890966220214319e-06,0.45015402569288604,112,2
0,retrieval_frozen,sgd,3,0.0,13,16,0.4501540268159365,0.45015402675895344,3.891532816925561e-06,3.8909574093301655e-06,0.45015402569288604,112,2
0,retrieval_frozen,sgd,3,0.0,13,64,0.4501540268159365,0.45015402675895344,3.891532816924569e-06,3.89095740932917e-06,0.45015402569288604,112,2
0,retrieval_frozen,sgd,3,0.0,14,0,0.4501537832082481,0.45015378318728505,1.4316161217689335e-06,1.4314044399623754e-06,0.4501537827955308,112,2
0,retrieval_frozen,sgd,3,0.0,14,16,0.45015378320813,0.450153783187167,1.4316149289944083e-06,1.4314032475405622e-06,0.4501537827955308,112,2
0,retrieval_frozen,sgd,3,0.0,14,64,0.45015378320813,0.450153783187167,1.4316149289942743e-06,1.4314032475404273e-06,0.4501537827955308,112,2
0,retrieval_frozen,sgd,3,0.0,15,0,0.4501536935898473,0.4501536935821354,5.266618629647133e-07,5.265839895498103e-07,0.45015369343811873,112,2
0,retrieval_frozen,sgd,3,0.0,15,16,0.45015369358983126,0.4501536935821195,5.266617015403191e-07,5.265838281731512e-07,0.45015369343811873,112,2
0,retrieval_frozen,sgd,3,0.0,15,64,0.45015369358983126,0.4501536935821195,5.266617015403009e-07,5.265838281731324e-07,0.45015369343811873,112,2
0,retrieval_frozen,sgd,3,0.0,16,0,0.45015366062110446,0.45015366061826745,1.937480344970017e-07,1.9371938646455833e-07,0.45015366056530043,112,2
0,retrieval_frozen,sgd,3,0.0,16,16,0.45015366062110235,0.4501536606182653,1.937480126505898e-07,1.9371936462460634e-07,0.45015366056530043,112,2
0,retrieval_frozen,sgd,3,0.0,16,64,0.45015366062110235,0.4501536606182653,1.9374801265058736e-07,1.9371936462460393e-07,0.45015366056530043,112,2
0,retrieval_frozen,sgd,3,0.0,17,0,0.45015364849258516,0.4501536484915415,7.127591360584166e-08,7.126537458312248e-08,0.45015364847205785,112,2
0,retrieval_frozen,sgd,3,0.0,17,16,0.4501536484925848,0.4501536484915412,7.127591064925151e-08,7.12653716274067e-08,0.45015364847205785,112,2
0,retrieval_frozen,sgd,3,0.0,17,64,0.4501536484925848,0.4501536484915412,7.127591064925119e-08,7.12653716274062e-08,0.45015364847205785,112,2
0,retrieval_frozen,sgd,3,0.0,18,0,0.4501536440307527,0.4501536440303687,2.6220942582454522e-08,2.6217065492591286e-08,0.45015364402320135,112,2
0,retrieval_frozen,sgd,3,0.0,18,16,0.45015364403075264,0.45015364403036867,2.622094218232357e-08,2.6217065092578593e-08,0.45015364402320135,112,2
0,retrieval_frozen,sgd,3,0.0,18,64,0.45015364403075264,0.45015364403036867,2.6220942182323526e-08,2.6217065092578593e-08,0.45015364402320135,112,2
0,retrieval_frozen,sgd,3,0.0,19,0,0.45015364238933625,0.4501536423891951,9.64614561167327e-09,9.644719310010864e-09,0.45015364238655836,112,2
0,retrieval_frozen,sgd,3,0.0,19,16,0.45015364238933625,0.4501536423891951,9.646145557521438e-09,9.644719255875057e-09,0.45015364238655836,112,2
0,retrieval_frozen,sgd,3,0.0,19,64,0.45015364238933625,0.4501536423891951,9.64614555752143e-09,9.644719255875057e-09,0.45015364238655836,112,2
0,retrieval_frozen,sgd,3,0.0,20,0,0.45015364178549294,0.450153641785441,3.548618644555648e-09,3.5480939374957695e-09,0.45015364178447104,112,2
0,retrieval_frozen,sgd,3,0.0,20,16,0.45015364178549294,0.450153641785441,3.548618637226994e-09,3.548093930169281e-09,0.45015364178447104,112,2
0,retrieval_frozen,sgd,3,0.0,20,64,0.45015364178549294,0.450153641785441,3.548618637226994e-09,3.548093930169281e-09,0.45015364178447104,112,2
0,retrieval_frozen,sgd,3,0.0,21,0,0.45015364156335147,0.4501536415633323,1.3054638421946037e-09,1.305270813254451e-09,0.45015364156297544,112,2
0,retrieval_frozen,sgd,3,0.0,21,16,0.45015364156335147,0.4501536415633323,1.3054638412027778e-09,1.305270812262918e-09,0.45015364156297544,112,2
0,retrieval_frozen,sgd,3,0.0,21,64,0.45015364156335147,0.4501536415633323,1.3054638412027778e-09,1.305270812262918e-09,0.45015364156297544,112,2
0,retrieval_frozen,sgd,3,0.0,22,0,0.4501536414816302,0.4501536414816232,4.802533085066712e-10,4.80182297128013e-10,0.4501536414814918,112,2
0,retrieval_frozen,sgd,3,0.0,22,16,0.4501536414816302,0.4501536414816232,4.802533083724421e-10,4.801822969938246e-10,0.4501536414814918,112,2
0,retrieval_frozen,sgd,3,0.0,22,64,0.4501536414816302,0.4501536414816232,4.802533083724421e-10,4.801822969938246e-10,0.4501536414814918,112,2
0,retrieval_frozen,sgd,3,0.0,23,0,0.4501536414515666,0.45015364145156395,1.7667531872312344e-10,1.7664919509682254e-10,0.45015364145151565,112,2
0,retrieval_frozen,sgd,3,0.0,23,16,0.4501536414515666,0.45015364145156395,1.766753187049574e-10,1.7664919507866212e-10,0.45015364145151565,112,2
0,retrieval_frozen,sgd,3,0.0,23,64,0.4501536414515666,0.45015364145156395,1.766753187049574e-10,1.7664919507866212e-10,0.45015364145151565,112,2
0,retrieval_frozen,sgd,3,0.0,24,0,0.4501536414405068,0.4501536414405058,6.499521751644752e-11,6.498560717140211e-11,0.4501536414404881,112,2
0,retrieval_frozen,sgd,3,0.0,24,16,0.4501536414405068,0.4501536414405058,6.499521751398898e-11,6.498560716894421e-11,0.4501536414404881,112,2
0,retrieval_frozen,sgd,3,0.0,24,64,0.4501536414405068,0.4501536414405058,6.499521751398898e-11,6.498560716894421e-11,0.4501536414404881,112,2
0,retrieval_frozen,sgd,1000,3776.230261264594,1,0,0.9976087606463125,0.9976087606463125,1.0,1.0,0.6547544464015926,112,2
0,retrieval_frozen,sgd,1000,3776.230261264594,1,16,0.8312219275861049,0.8312219275861049,0.6321205849979562,0.6321205849979562,0.6547544464015926,112,2
0,retrieval_frozen,sgd,1000,3776.230261264594,1,64,0.8312218832834588,0.8312218832834587,0.6321205588285578,0.6321205588285577,0.6547544464015926,112,2
0,retrieval_frozen,sgd,1000,3776.230261264594,2,0,0.983422538352461,0.9771069473236025,0.8393600764570521,0.8110741607191434,0.44880997048915194,112,2
0,retrieval_frozen,sgd,1000,3776.230261264594,2,16,0.6834801127623162,0.6491537129758881,0.563871015695702,0.5509916548522709,0.44880997048915194,112,2
0,retrieval_frozen,sgd,1000,3776.230261264594,2,64,0.6834800584852351,0.6491536583307872,0.5638709948699357,0.550991634969179,0.44880997048915194,112,2
0,retrieval_frozen,sgd,1000,3776.230261264594,3,0,0.7321683424013832,0.6066783691371805,0.584863205068461,0.5359134463760936,0.15467084651320456,112,2
0,retrieval_frozen,sgd,1000,3776.230261264594,3,16,0.31751643758839376,0.24897667603781004,0.43620923007396695,0.40850514214605127,0.15467084651320456,112,2
0,retrieval_frozen,sgd,1000,3776.230261264594,3,64,0.3175164050332239,0.24897665137719646,0.436209217600889,0.4085051312168371,0.15467084651320456,112,2
0,retrieval_frozen,sgd,1000,3776.230261264594,4,0,0.10578530949650015,0.06481551270664047,0.32102415290275005,0.27880359609808636,0.029945948829204167,112,2
0,retrieval_frozen,sgd,1000,3776.230261264594,4,16,0.05968274139607944,0.04153168869214534,0.2703352098504073,0.23988115606869181,0.029945948829204167,112,2
0,retrieval_frozen,sgd,1000,3776.230261264594,4,64,0.059682738094518274,0.04153168688186283,0.2703352050495177,0.2398811523000388,0.029945948829204167,112,2
0,retrieval_frozen,sgd,1000,3776.230261264594,5,0,0.013623965378099666,0.010217273010177903,0.14430372422677865,0.12100204722113583,0.00795706070044731,112,2
0,retrieval_frozen,sgd,1000,3776.230261264594,5,16,0.01188366343794712,0.009290168033175079,0.1330591537745256,0.11304161539980793,0.00795706070044731,112,2
0,retrieval_frozen,sgd,1000,3776.230261264594,5,64,0.01188366326974111,0.009290167940226335,0.13305915260828044,0.11304161456291366,0.00795706070044731,112,2
0,retrieval_frozen,sgd,1000,3776.230261264594,6,0,0.00480215276299432,0.0042424709224395205,0.05781724634351212,0.04766609425243931,0.003922017600482361,112,2
0,retrieval_frozen,sgd,1000,3776.230261264594,6,16,0.004692853462409449,0.004177386362107246,0.0559206253059343,0.046379501220290886,0.003922017600482361,112,2
0,retrieval_frozen,sgd,1000,3776.230261264594,6,64,0.004692853450657867,0.004177386355035354,0.0559206250995521,0.046379501079411974,0.003922017600482361,112,2
0,retrieval_frozen,sgd,1000,3776.230261264594,7,0,0.003116684503038641,0.0029697925973331232,0.021991614430249717,0.018004363815896162,0.002892472349279755,112,2
0,retrieval_frozen,sgd,1000,3776.230261264594,7,16,0.0031061449986962003,0.0029631293598277723,0.021711306792280647,0.017817668165284777,0.002892472349279755,112,2
0,retrieval_frozen,sgd,1000,3776.230261264594,7,64,0.003106144997527458,0.0029631293590865297,0.021711306761141653,0.0178176681444928,0.002892472349279755,112,2
0,retrieval_frozen,sgd,1000,3776.230261264594,8,0,0.002639180466848664,0.0025917430389529343,0.008192597183980093,0.006689250979702227,0.0025676939155129656,112,2
0,retrieval_frozen,sgd,1000,3776.230261264594,8,16,0.0026379325706424634,0.002590933992860755,0.00815336989801987,0.006663310791958308,0.0025676939155129656,112,2
0,retrieval_frozen,sgd,1000,3776.230261264594,8,64,0.002637932570502744,0.0025909339927700768,0.008153369893626744,0.0066633107890504435,0.0025676939155129656,112,2
0,retrieval_frozen,sgd,1000,3776.230261264594,9,0,0.0024800230537054715,0.0024634026247910387,0.0030279810136681165,0.002469866609601203,0.0024551014221168657,112,2
0,retrieval_frozen,sgd,1000,3776.230261264594,9,16,0.002479862481198321,0.0024632975044878683,0.0030226055416354364,0.002466321507538424,0.0024551014221168657,112,2
0,retrieval_frozen,sgd,1000,3776.230261264594,9,64,0.0024798624811802846,0.0024632975044760544,0.003022605541031591,0.0024663215071400488,0.0024551014221168657,112,2
0,retrieval_frozen,sgd,1000,3776.230261264594,10,0,0.002423578817482945,0.0024175739443987646,0.0011158515950967565,0.0009098411900444457,0.002414591658580905,112,2
0,retrieval_frozen,sgd,1000,3776.230261264594,10,16,0.0024235574899286014,0.002417559931208797,0.0011151207423612368,0.0009093596783476363,0.002414591658580905,112,2
0,retrieval_frozen,sgd,1000,3776.230261264594,10,64,0.0024235574899262027,0.0024175599312072204,0.0011151207422790445,0.0009093596782934778,0.002414591658580905,112,2
0,retrieval_frozen,sgd,1000,3776.230261264594,11,0,0.0024030930858005154,0.002400898680440507,0.0004107592749595061,0.00033487837336459124,0.002399811128461088,112,2
0,retrieval_frozen,sgd,1000,3776.230261264594,11,16,0.0024030902193365048,0.002400896794501235,0.0004106601966098374,0.0003348131211696809,0.002399811128461088,112,2
0,retrieval_frozen,sgd,1000,3776.230261264594,11,64,0.002403090219336182,0.0024008967945010223,0.00041066019659869026,0.00033481312116233943,0.002399811128461088,112,2
0,retrieval_frozen,sgd,1000,3776.230261264594,12,0,0.0023955942548901286,0.002394788955535812,0.00015114516663300174,0.00012321741816654743,0.0023943901569718823,112,2
0,retrieval_frozen,sgd,1000,3776.230261264594,12,16,0.002395593867944106,0.002394788700824976,0.0001511317494478537,0.0001232085829210576,0.0023943901569718823,112,2
0,retrieval_frozen,sgd,1000,3776.230261264594,12,64,0.0023955938679440622,0.002394788700824948,0.00015113174944634392,0.00012320858292006343,0.0023943901569718823,112,2
0,retrieval_frozen,sgd,1000,3776.230261264594,13,0,0.0023928406423082346,0.002392544656462884,5.560797480959056e-05,4.5332207419450145e-05,0.002392398120896891,112,2
0,retrieval_frozen,sgd,1000,3776.230261264594,13,16,0.0023928405899898966,0.0023925446220175485,5.5606158573116534e-05,4.5331011483748655e-05,0.002392398120896891,112,2
0,retrieval_frozen,sgd,1000,3776.230261264594,13,64,0.0023928405899898905,0.002392544622017544,5.560615857291214e-05,4.53310114836141e-05,0.002392398120896891,112,2
0,retrieval_frozen,sgd,1000,3776.230261264594,14,0,0.0023918283279745424,0.0023917194770149285,2.0457677050862888e-05,1.6677200279071627e-05,0.0023916655931578417,112,2
0,retrieval_frozen,sgd,1000,3776.230261264594,14,16,0.00239182832089647,0.002391719472354554,2.0457431229173085e-05,1.6677038416056025e-05,0.0023916655931578417,112,2
0,retrieval_frozen,sgd,1000,3776.230261264594,14,64,0.0023918283208964686,0.002391719472354552,2.045743122914542e-05,1.6677038416037807e-05,0.0023916655931578417,112,2
0,retrieval_frozen,sgd,1000,3776.230261264594,15,0,0.002391456010756935,0.0023914159716179107,7.5260462793592736e-06,6.135255034167393e-06,0.0023913961520431637,112,2
0,retrieval_frozen,sgd,1000,3776.230261264594,15,16,0.002391456009799144,0.0023914159709872637,7.52601300997499e-06,6.135233127856633e-06,0.0023913961520431637,112,2
0,retrieval_frozen,sgd,1000,3776.230261264594,15,64,0.002391456009799144,0.0023914159709872637,7.526013009971247e-06,6.135233127854171e-06,0.0023913961520431637,112,2
0,retrieval_frozen,sgd,1000,3776.230261264594,16,0,0.0023913190554119813,0.0023913043264977957,2.768689538561443e-06,2.2570417608073164e-06,0.0023912970357151935,112,2
0,retrieval_frozen,sgd,1000,3776.230261264594,16,16,0.0023913190552823644,0.002391304326412449,2.768685035988303e-06,2.2570387960839756e-06,0.0023912970357151935,112,2
0,retrieval_frozen,sgd,1000,3776.230261264594,16,64,0.0023913190552823644,0.002391304326412449,2.7686850359877957e-06,2.257038796083643e-06,0.0023912970357151935,112,2
0,retrieval_frozen,sgd,1000,3776.230261264594,17,0,0.0023912686740484904,0.0023912632556733486,1.018545562477972e-06,8.30320285806449e-07,0.002391260573602711,112,2
0,retrieval_frozen,sgd,1000,3776.230261264594,17,16,0.002391268674030949,0.002391263255661797,1.0185449531183919e-06,8.303198845734521e-07,0.002391260573602711,112,2
0,retrieval_frozen,sgd,1000,3776.230261264594,17,64,0.002391268674030949,0.002391263255661797,1.0185449531183233e-06,8.30319884573408e-07,0.002391260573602711,112,2
0,retrieval_frozen,sgd,1000,3776.230261264594,18,0,0.002391250140009664,0.0023912481467129676,3.7470218917412397e-07,3.054579013383057e-07,0.0023912471600422225,112,2
0,retrieval_frozen,sgd,1000,3776.230261264594,18,16,0.0023912501400072906,0.0023912481467114038,3.747021067061448e-07,3.05457847037259e-07,0.0023912471600422225,112,2
0,retrieval_frozen,sgd,1000,3776.230261264594,18,64,0.0023912501400072906,0.0023912481467114038,3.747021067061356e-07,3.0545784703725246e-07,0.0023912471600422225,112,2
0,retrieval_frozen,sgd,1000,3776.230261264594,19,0,0.0023912433217488124,0.002391242588457577,1.3784526130549995e-07,1.1237170080355998e-07,0.0023912422254827657,112,2
0,retrieval_frozen,sgd,1000,3776.230261264594,19,16,0.002391243321748491,0.002391242588457367,1.3784525014466625e-07,1.123716934547091e-07,0.0023912422254827657,112,2
0,retrieval_frozen,sgd,1000,3776.230261264594,19,64,0.002391243321748491,0.002391242588457367,1.3784525014466498e-07,1.123716934547083e-07,0.0023912422254827657,112,2
0,retrieval_frozen,sgd,1000,3776.230261264594,20,0,0.002391240813455015,0.0023912405436924684,5.071044166880431e-08,4.133924103369405e-08,0.00239124041016164,112,2
0,retrieval_frozen,sgd,1000,3776.230261264594,20,16,0.002391240813454972,0.002391240543692439,5.071044015834942e-08,4.133924003913511e-08,0.00239124041016164,112,2
0,retrieval_frozen,sgd,1000,3776.230261264594,20,64,0.002391240813454972,0.002391240543692439,5.071044015834922e-08,4.133924003913496e-08,0.00239124041016164,112,2
0,retrieval_frozen,sgd,1000,3776.230261264594,21,0,0.0023912398907058622,0.0023912397914657973,1.8655329480175116e-08,1.520785723348847e-08,0.0023912397423425697,112,2
0,retrieval_frozen,sgd,1000,3776.230261264594,21,16,0.0023912398907058566,0.002391239791465793,1.8655329275757253e-08,1.5207857098889565e-08,0.0023912397423425697,112,2
0,retrieval_frozen,sgd,1000,3776.230261264594,21,64,0.0023912398907058566,0.002391239791465793,1.865532927575723e-08,1.5207857098889565e-08,0.0023912397423425697,112,2
0,retrieval_frozen,sgd,1000,3776.230261264594,22,0,0.002391239551245496,0.002391239514737121,6.862912256778477e-09,5.594658066966836e-09,0.002391239496665698,112,2
0,retrieval_frozen,sgd,1000,3776.230261264594,22,16,0.002391239551245496,0.002391239514737121,6.862912229113528e-09,5.594658048750858e-09,0.002391239496665698,112,2
0,retrieval_frozen,sgd,1000,3776.230261264594,22,64,0.002391239551245496,0.002391239514737121,6.862912229113523e-09,5.594658048750858e-09,0.002391239496665698,112,2
0,retrieval_frozen,sgd,1000,3776.230261264594,23,0,0.002391239426365017,0.002391239412934338,2.5247243356769265e-09,2.058159689513607e-09,0.0023912394062862333,112,2
0,retrieval_frozen,sgd,1000,3776.230261264594,23,16,0.002391239426365017,0.002391239412934338,2.524724331932884e-09,2.058159687048341e-09,0.0023912394062862333,112,2
0,retrieval_frozen,sgd,1000,3776.230261264594,23,64,0.002391239426365017,0.002391239412934338,2.5247243319328837e-09,2.058159687048341e-09,0.0023912394062862333,112,2
0,retrieval_frozen,sgd,1000,3776.230261264594,24,0,0.0023912393804240576,0.0023912393754831856,9.287941790530963e-10,7.571546372714603e-10,0.0023912393730374866,112,2
0,retrieval_frozen,sgd,1000,3776.230261264594,24,16,0.0023912393804240576,0.0023912393754831856,9.287941785463951e-10,7.571546369378228e-10,0.0023912393730374866,112,2
0,retrieval_frozen,sgd,1000,3776.230261264594,24,64,0.0023912393804240576,0.0023912393754831856,9.287941785463951e-10,7.571546369378228e-10,0.0023912393730374866,112,2
0,retrieval_frozen,sgd,2000,6316.300135017985,1,0,0.9990929929714963,0.9990929929714965,1.0,1.0,0.7271057144238474,112,2
0,retrieval_frozen,sgd,2000,6316.300135017985,1,16,0.8642286131471631,0.8642286131471631,0.6321205849979562,0.6321205849979562,0.7271057144238474,112,2
0,retrieval_frozen,sgd,2000,6316.300135017985,1,64,0.8642285701306791,0.864228570130679,0.6321205588285578,0.6321205588285577,0.7271057144238474,112,2
0,retrieval_frozen,sgd,2000,6316.300135017985,2,0,0.9952137535248482,0.9932924701884134,0.8819064210044415,0.8567583683916349,0.5537575844458967,112,2
0,retrieval_frozen,sgd,2000,6316.300135017985,2,16,0.761006472021614,0.7319323945190664,0.5827679744567348,0.5717007418792223,0.5537575844458967,112,2
0,retrieval_frozen,sgd,2000,6316.300135017985,2,64,0.7610064154326762,0.7319323356820098,0.5827679522125081,0.5717007204734259,0.5537575844458967,112,2
0,retrieval_frozen,sgd,2000,6316.300135017985,3,0,0.9096034657537688,0.8368027394963401,0.6682060773820456,0.6166849663209016,0.2184545978924878,112,2
0,retrieval_frozen,sgd,2000,6316.300135017985,3,16,0.4343103828000815,0.34365971052762817,0.4809825835942622,0.4538131357482585,0.2184545978924878,112,2
0,retrieval_frozen,sgd,2000,6316.300135017985,3,64,0.4343103309461961,0.34365966790797686,0.4809825684324173,0.4538131222602446,0.2184545978924878,112,2
0,retrieval_frozen,sgd,2000,6316.300135017985,4,0,0.21189476527188597,0.10903832247619555,0.40346766463321593,0.3500523858831715,0.034414292078671034,112,2
0,retrieval_frozen,sgd,2000,6316.300135017985,4,16,0.08272652741897554,0.05066398735829716,0.3265304112995678,0.29080825572425467,0.034414292078671034,112,2
0,retrieval_frozen,sgd,2000,6316.300135017985,4,64,0.08272651985167985,0.05066398362638966,0.32653040429699776,0.29080825018556106,0.034414292078671034,112,2
0,retrieval_frozen,sgd,2000,6316.300135017985,5,0,0.01403578534604244,0.008576571810498663,0.19448864324220752,0.16092231045148409,0.005776909266686297,112,2
0,retrieval_frozen,sgd,2000,6316.300135017985,5,16,0.010556810026514584,0.0070815600644535195,0.17458956041859391,0.14714201548501998,0.005776909266686297,112,2
0,retrieval_frozen,sgd,2000,6316.300135017985,5,64,0.010556809723952888,0.0070815599247800185,0.1745895584097698,0.1471420140670492,0.005776909266686297,112,2
0,retrieval_frozen,sgd,2000,6316.300135017985,6,0,0.0028260678004423645,0.002257430666717987,0.0808045865379998,0.06518602843408687,0.002000641678976134,112,2
0,retrieval_frozen,sgd,2000,6316.300135017985,6,16,0.0026822011177426207,0.002183489643115561,0.07714194315436788,0.06280346918252674,0.002000641678976134,112,2
0,retrieval_frozen,sgd,2000,6316.300135017985,6,64,0.0026822011027132016,0.002183489635231185,0.07714194276104215,0.06280346892420487,0.002000641678976134,112,2
0,retrieval_frozen,sgd,2000,6316.300135017985,7,0,0.0014052984492883172,0.0012852297347368587,0.031214804374380473,0.02490709872068659,0.0012357915034459108,112,2
0,retrieval_frozen,sgd,2000,6316.300135017985,7,16,0.0013941708842793933,0.0012788463815069393,0.03065185124399154,0.024551220199320305,0.0012357915034459108,112,2
0,retrieval_frozen,sgd,2000,6316.300135017985,7,64,0.0013941708830551554,0.0012788463808006106,0.03065185118179407,0.02455122015984368,0.0012357915034459108,112,2
0,retrieval_frozen,sgd,2000,6316.300135017985,8,0,0.001068524999351273,0.0010330136935732597,0.01169896957012788,0.009294919675836278,0.001019056619175257,112,2
0,retrieval_frozen,sgd,2000,6316.300135017985,8,16,0.0010673246102935023,0.0010322909844963659,0.01161894632857391,0.009244910017971125,0.001019056619175257,112,2
0,retrieval_frozen,sgd,2000,6316.300135017985,8,64,0.001067324610159431,0.001032290984415502,0.011618946319630766,0.009244910012373559,0.001019056619175257,112,2
0,retrieval_frozen,sgd,2000,6316.300135017985,9,0,0.0009637447456211549,0.0009517125791466041,0.004333765524274172,0.0034376435127854823,0.0009470743717591568,112,2
0,retrieval_frozen,sgd,2000,6316.300135017985,9,16,0.000963595757842877,0.0009516211604756845,0.004322734360014597,0.0034307797978852584,0.0009470743717591568,112,2
0,retrieval_frozen,sgd,2000,6316.300135017985,9,64,0.0009635957578261553,0.0009516211604654175,0.004322734358776399,0.0034307797971143915,0.0009470743717591568,112,2
0,retrieval_frozen,sgd,2000,6316.300135017985,10,0,0.0009275293316894819,0.0009232360806282657,0.0015983964471495509,0.0012671240661877813,0.0009215934333122493,112,2
0,retrieval_frozen,sgd,2000,6316.300135017985,10,16,0.0009275098086803853,0.0009232240153679774,0.0015968933271260925,0.0012661903310846306,0.0009215934333122493,112,2
0,retrieval_frozen,sgd,2000,6316.300135017985,10,64,0.0009275098086781905,0.0009232240153666217,0.0015968933269571,0.0012661903309796301,0.0009215934333122493,112,2
0,retrieval_frozen,sgd,2000,6316.300135017985,11,0,0.0009145099601464446,0.0009129482647628048,0.0005885731209513596,0.0004664862002717431,0.0009123524131197174,112,2
0,retrieval_frozen,sgd,2000,6316.300135017985,11,16,0.000914507349331629,0.0009129466469860217,0.000588369183552381,0.00046635959107090436,0.0009123524131197174,112,2
0,retrieval_frozen,sgd,2000,6316.300135017985,11,64,0.0009145073493313351,0.0009129466469858393,0.000588369183529439,0.0004663595910566605,0.0009123524131197174,112,2
0,retrieval_frozen,sgd,2000,6316.300135017985,12,0,0.0009097608990428877,0.0009091887638120741,0.00021659928631756776,0.0001716563773920801,0.0009089706967073484,112,2
0,retrieval_frozen,sgd,2000,6316.300135017985,12,16,0.0009097605472578773,0.0009091885456168474,0.00021657166082174342,0.00017163923063259913,0.0009089706967073484,112,2
0,retrieval_frozen,sgd,2000,6316.300135017985,12,64,0.0009097605472578377,0.0009091885456168225,0.00021657166081863493,0.0001716392306306695,0.0009089706967073484,112,2
0,retrieval_frozen,sgd,2000,6316.300135017985,13,0,0.0009080192692349223,0.0009078091138282738,7.969262487800921e-05,6.315503854927254e-05,0.0009077290445412339,112,2
0,retrieval_frozen,sgd,2000,6316.300135017985,13,16,0.0009080192217030061,0.0009078090843358879,7.968888489939467e-05,6.315271738647715e-05,0.0009077290445412339,112,2
0,retrieval_frozen,sgd,2000,6316.300135017985,13,64,0.0009080192217030008,0.0009078090843358837,7.96888848989738e-05,6.3152717386216e-05,0.0009077290445412339,112,2
0,retrieval_frozen,sgd,2000,6316.300135017985,14,0,0.0009073792958778292,0.0009073020274804087,2.9318659034054047e-05,2.323427763374952e-05,0.0009072725923373917,112,2
0,retrieval_frozen,sgd,2000,6316.300135017985,14,16,0.0009073792894489149,0.0009073020234908959,2.9318152819521777e-05,2.3233963468582872e-05,0.0009072725923373917,112,2
0,retrieval_frozen,sgd,2000,6316.300135017985,14,64,0.0009073792894489141,0.0009073020234908951,2.9318152819464802e-05,2.3233963468547503e-05,0.0009072725923373917,112,2
0,retrieval_frozen,sgd,2000,6316.300135017985,15,0,0.0009071439624328627,0.0009071155428572454,1.0785918774821261e-05,8.547526399846548e-06,0.0009071047170739041,112,2
0,retrieval_frozen,sgd,2000,6316.300135017985,15,16,0.0009071439615629944,0.0009071155423174156,1.078585026297389e-05,8.547483880723831e-06,0.0009071047170739041,112,2
0,retrieval_frozen,sgd,2000,6316.300135017985,15,64,0.0009071439615629943,0.0009071155423174156,1.078585026296618e-05,8.547483880719049e-06,0.0009071047170739041,112,2
0,retrieval_frozen,sgd,2000,6316.300135017985,16,0,0.0009070574015719712,0.0009070469473899492,3.967943062584354e-06,3.144474572918098e-06,0.0009070429651857952,112,2
0,retrieval_frozen,sgd,2000,6316.300135017985,16,16,0.0009070574014542568,0.0009070469473168958,3.967933790356737e-06,3.1444688185063532e-06,0.0009070429651857952,112,2
0,retrieval_frozen,sgd,2000,6316.300135017985,16,64,0.0009070574014542568,0.0009070469473168958,3.967933790355693e-06,3.144468818505705e-06,0.0009070429651857952,112,2
0,retrieval_frozen,sgd,2000,6316.300135017985,17,0,0.0009070255594343516,0.0009070217136633758,1.4597280992832342e-06,1.1567896243876844e-06,0.000907020248743623,112,2
0,retrieval_frozen,sgd,2000,6316.300135017985,17,16,0.0009070255594184211,0.0009070217136534896,1.4597268444158493e-06,1.1567888456090446e-06,0.000907020248743623,112,2
0,retrieval_frozen,sgd,2000,6316.300135017985,17,64,0.0009070255594184211,0.0009070217136534896,1.4597268444157083e-06,1.1567888456089563e-06,0.000907020248743623,112,2
0,retrieval_frozen,sgd,2000,6316.300135017985,18,0,0.0009070138456133353,0.0009070124308478282,5.370044206563346e-07,4.255594014921528e-07,0.0009070118919409085,112,2
0,retrieval_frozen,sgd,2000,6316.300135017985,18,16,0.0009070138456111794,0.0009070124308464907,5.370042508281117e-07,4.255592960957408e-07,0.0009070118919409085,112,2
0,retrieval_frozen,sgd,2000,6316.300135017985,18,64,0.0009070138456111794,0.0009070124308464907,5.370042508280926e-07,4.2555929609572943e-07,0.0009070118919409085,112,2
0,retrieval_frozen,sgd,2000,6316.300135017985,19,0,0.0009070095363728031,0.000907009015911631,1.975529488690531e-07,1.5655459282453947e-07,0.0009070088176597938,112,2
0,retrieval_frozen,sgd,2000,6316.300135017985,19,16,0.0009070095363725111,0.0009070090159114497,1.9755292588528304e-07,1.5655457856067717e-07,0.0009070088176597938,112,2
0,retrieval_frozen,sgd,2000,6316.300135017985,19,64,0.0009070095363725111,0.0009070090159114497,1.975529258852805e-07,1.565545785606755e-07,0.0009070088176597938,112,2
0,retrieval_frozen,sgd,2000,6316.300135017985,20,0,0.0009070079510963238,0.0009070077596296255,7.267567691608081e-08,5.759322126634047e-08,0.0009070076866969773,112,2
0,retrieval_frozen,sgd,2000,6316.300135017985,20,16,0.0009070079510962841,0.0009070077596296012,7.267567380556478e-08,5.759321933593619e-08,0.0009070076866969773,112,2
0,retrieval_frozen,sgd,2000,6316.300135017985,20,64,0.0009070079510962841,0.0009070077596296012,7.267567380556445e-08,5.7593219335936e-08,0.0009070076866969773,112,2
0,retrieval_frozen,sgd,2000,6316.300135017985,21,0,0.0009070073679063103,0.0009070072974696844,2.67358885588779e-08,2.1187362751055312e-08,0.0009070072706392797,112,2
0,retrieval_frozen,sgd,2000,6316.300135017985,21,16,0.000907007367906305,0.0009070072974696813,2.6735888137915287e-08,2.1187362489803432e-08,0.0009070072706392797,112,2
0,retrieval_frozen,sgd,2000,6316.300135017985,21,64,0.000907007367906305,0.0009070072974696813,2.6735888137915237e-08,2.1187362489803432e-08,0.0009070072706392797,112,2
0,retrieval_frozen,sgd,2000,6316.300135017985,22,0,0.0009070071533627768,0.000907007127450595,9.83558389765855e-09,7.794395262992999e-09,0.0009070071175802439,112,2
0,retrieval_frozen,sgd,2000,6316.300135017985,22,16,0.0009070071533627761,0.000907007127450595,9.835583840687455e-09,7.794395227636391e-09,0.0009070071175802439,112,2
0,retrieval_frozen,sgd,2000,6316.300135017985,22,64,0.0009070071533627761,0.000907007127450595,9.835583840687449e-09,7.794395227636391e-09,0.0009070071175802439,112,2
0,retrieval_frozen,sgd,2000,6316.300135017985,23,0,0.0009070070744366328,0.0009070070649040742,3.618309128896091e-09,2.867397786372937e-09,0.0009070070612729756,112,2
0,retrieval_frozen,sgd,2000,6316.300135017985,23,16,0.0009070070744366326,0.0009070070649040742,3.6183091211858923e-09,2.86739778158794e-09,0.0009070070612729756,112,2
0,retrieval_frozen,sgd,2000,6316.300135017985,23,64,0.0009070070744366326,0.0009070070649040742,3.6183091211858907e-09,2.86739778158794e-09,0.0009070070612729756,112,2
0,retrieval_frozen,sgd,2000,6316.300135017985,24,0,0.0009070070454013287,0.0009070070418944965,1.331101543170012e-09,1.0548566969931406e-09,0.0009070070405586901,112,2
0,retrieval_frozen,sgd,2000,6316.300135017985,24,16,0.0009070070454013287,0.0009070070418944965,1.33110154212655e-09,1.0548566963455622e-09,0.0009070070405586901,112,2
0,retrieval_frozen,sgd,2000,6316.300135017985,24,64,0.0009070070454013287,0.0009070070418944965,1.3311015421265497e-09,1.0548566963455622e-09,0.0009070070405586901,112,2
0,retrieval_frozen,sgd,3000,8280.582358251637,1,0,0.9994001120042375,0.9994001120042375,1.0,1.0,0.7538971895754795,112,2
0,retrieval_frozen,sgd,3000,8280.582358251637,1,16,0.8765530010957939,0.8765530010957938,0.6321205849979562,0.6321205849979562,0.7538971895754795,112,2
0,retrieval_frozen,sgd,3000,8280.582358251637,1,64,0.8765529590832328,0.876552959083233,0.6321205588285578,0.6321205588285577,0.7538971895754795,112,2
0,retrieval_frozen,sgd,3000,8280.582358251637,2,0,0.9971004843528265,0.9959264605140906,0.8945215959807744,0.8706549580302901,0.5947156451306123,112,2
0,retrieval_frozen,sgd,3000,8280.582358251637,2,16,0.7871723344752046,0.760438706819594,0.5882530360671827,0.5778552252284734,0.5947156451306123,112,2
0,retrieval_frozen,sgd,3000,8280.582358251637,2,64,0.7871722782224422,0.7604386477125149,0.5882530134024927,0.5778552033593204,0.5947156451306123,112,2
0,retrieval_frozen,sgd,3000,8280.582358251637,3,0,0.9451619958105623,0.8946712567295677,0.695778656814425,0.6441980101548019,0.25018299734228194,112,2
0,retrieval_frozen,sgd,3000,8280.582358251637,3,16,0.48207403064059845,0.38538173162613637,0.4951186123236469,0.46853892704313516,0.25018299734228194,112,2
0,retrieval_frozen,sgd,3000,8280.582358251637,3,64,0.48207397159555615,0.3853816811008893,0.4951185962586777,0.46853891266557357,0.25018299734228194,112,2
0,retrieval_frozen,sgd,3000,8280.582358251637,4,0,0.2819438518430594,0.1395275386392681,0.4344756862276376,0.3773807942230422,0.03735856215694191,112,2
0,retrieval_frozen,sgd,3000,8280.582358251637,4,16,0.09548740192501015,0.05585811263732599,0.3465557886271758,0.30942317109887124,0.03735856215694191,112,2
0,retrieval_frozen,sgd,3000,8280.582358251637,4,64,0.09548739166094662,0.05585810773107583,0.3465557807404881,0.30942316482840915,0.03735856215694191,112,2
0,retrieval_frozen,sgd,3000,8280.582358251637,5,0,0.0149980282552294,0.008289438565934592,0.21528969047978921,0.17751813148887333,0.005205832674211844,112,2
0,retrieval_frozen,sgd,3000,8280.582358251637,5,16,0.010382692324895209,0.0064894682811749765,0.19116745766644502,0.16089576390851612,0.005205832674211844,112,2
0,retrieval_frozen,sgd,3000,8280.582358251637,5,64,0.010382691945191702,0.006489468118997202,0.19116745525788303,0.16089576221307347,0.005205832674211844,112,2
0,retrieval_frozen,sgd,3000,8280.582358251637,6,0,0.0023272079448886595,0.0017636503329187514,0.0908389112099267,0.07276481452545937,0.0015325364367489757,112,2
0,retrieval_frozen,sgd,3000,8280.582358251637,6,16,0.0021699194176554915,0.0016880972585285089,0.08623367998277935,0.06980860024593236,0.0015325364367489757,112,2
0,retrieval_frozen,sgd,3000,8280.582358251637,6,64,0.002169919401472285,0.0016880972505485218,0.08623367949104994,0.06980859992676994,0.0015325364367489757,112,2
0,retrieval_frozen,sgd,3000,8280.582358251637,7,0,0.0010145310008584363,0.0009077823969672167,0.035332088649048805,0.02794287538902212,0.0008679657028278864,112,2
0,retrieval_frozen,sgd,3000,8280.582358251637,7,16,0.0010036299233545764,0.0009017856068582722,0.03461197438756048,0.027495736944110696,0.0008679657028278864,112,2
0,retrieval_frozen,sgd,3000,8280.582358251637,7,64,0.0010036299221600168,0.0009017856061964171,0.034611974308192565,0.027495736894597084,0.0008679657028278864,112,2
0,retrieval_frozen,sgd,3000,8280.582358251637,8,0,0.0007305914050010733,0.000700402758929117,0.013278055466464215,0.010448210763155464,0.0006897030900050743,112,2
0,retrieval_frozen,sgd,3000,8280.582358251637,8,16,0.0007294702813708211,0.0006997473329139477,0.01317497153731567,0.01038506319617632,0.0006897030900050743,112,2
0,retrieval_frozen,sgd,3000,8280.582358251637,8,64,0.0007294702812457495,0.0006997473328406694,0.01317497152580625,0.010385063189112947,0.0006897030900050743,112,2
0,retrieval_frozen,sgd,3000,8280.582358251637,9,0,0.000645343305504751,0.0006352889067962405,0.004923774460112736,0.003867014682764793,0.0006318023797352753,112,2
0,retrieval_frozen,sgd,3000,8280.582358251637,9,16,0.0006452067352878657,0.0006352071215652271,0.004909526195571455,0.0038583314606744266,0.0006318023797352753,112,2
0,retrieval_frozen,sgd,3000,8280.582358251637,9,64,0.0006452067352725434,0.0006352071215560442,0.0049095261939727216,0.003858331459699453,0.0006318023797352753,112,2
0,retrieval_frozen,sgd,3000,8280.582358251637,10,0,0.0006162695272506914,0.000612704937085402,0.001816699152808734,0.0014257792235987349,0.0006114793358883234,112,2
0,retrieval_frozen,sgd,3000,8280.582358251637,10,16,0.0006162517570676531,0.0006126941982314693,0.0018147557197518809,0.0014245971353432738,0.0006114793358883234,112,2
0,retrieval_frozen,sgd,3000,8280.582358251637,10,64,0.0006162517570656555,0.000612694198230262,0.0018147557195334128,0.001424597135210358,0.0006114793358883234,112,2
0,retrieval_frozen,sgd,3000,8280.582358251637,11,0,0.0006058690671416246,0.0006045755035370193,0.000669052431653217,0.0005249470950253872,0.0006041321626591473,112,2
0,retrieval_frozen,sgd,3000,8280.582358251637,11,16,0.0006058666969379553,0.0006045740663344419,0.0006687886565337805,0.0005247867690216191,0.0006041321626591473,112,2
0,retrieval_frozen,sgd,3000,8280.582358251637,11,64,0.0006058666969376888,0.0006045740663342805,0.0006687886565041083,0.0005247867690035823,0.0006041321626591473,112,2
0,retrieval_frozen,sgd,3000,8280.582358251637,12,0,0.0006020822064905214,0.0006016087176391288,0.0002462290583178067,0.00019317580602678025,0.0006014466320173063,112,2
0,retrieval_frozen,sgd,3000,8280.582358251637,12,16,0.0006020818874338324,0.0006016085239338183,0.000246193322280477,0.000193154090908584,0.0006014466320173063,112,2
0,retrieval_frozen,sgd,3000,8280.582358251637,12,64,0.0006020818874337967,0.000601608523933797,0.00024619332227645603,0.0001931540909061405,0.0006014466320173063,112,2
0,retrieval_frozen,sgd,3000,8280.582358251637,13,0,0.0006006943766835575,0.0006005205119151681,9.059593595876729e-05,7.107333637043264e-05,0.000600461020237616,112,2
0,retrieval_frozen,sgd,3000,8280.582358251637,13,16,0.0006006943335890921,0.0006005204857396928,9.059109772014567e-05,7.107039668407996e-05,0.000600461020237616,112,2
0,retrieval_frozen,sgd,3000,8280.582358251637,13,64,0.0006006943335890874,0.0006005204857396897,9.059109771960125e-05,7.107039668374923e-05,0.000600461020237616,112,2
0,retrieval_frozen,sgd,3000,8280.582358251637,14,0,0.0006001845352846191,0.0006001206175479005,3.333018635363708e-05,2.61474924765054e-05,0.0006000987502054156,112,2
0,retrieval_frozen,sgd,3000,8280.582358251637,14,16,0.000600184529456653,0.0006001206140074096,3.3329531475012273e-05,2.6147094590157083e-05,0.0006000987502054156,112,2
0,retrieval_frozen,sgd,3000,8280.582358251637,14,64,0.0006001845294566523,0.0006001206140074091,3.332953147493858e-05,2.614709459011231e-05,0.0006000987502054156,112,2
0,retrieval_frozen,sgd,3000,8280.582358251637,15,0,0.0005999970714787664,0.0005999735633472697,1.226173450132455e-05,9.61927017167441e-06,0.0005999655212936557,112,2
0,retrieval_frozen,sgd,3000,8280.582358251637,15,16,0.0005999970706902477,0.0005999735628682146,1.2261645868448198e-05,9.61921632146854e-06,0.0005999655212936557,112,2
0,retrieval_frozen,sgd,3000,8280.582358251637,15,64,0.0005999970706902477,0.0005999735628682146,1.2261645868438223e-05,9.619216321462473e-06,0.0005999655212936557,112,2
0,retrieval_frozen,sgd,3000,8280.582358251637,16,0,0.0005999281204357599,0.0005999194730744584,4.510873082059758e-06,3.5387513932758232e-06,0.0005999165149054857,112,2
0,retrieval_frozen,sgd,3000,8280.582358251637,16,16,0.000599928120329056,0.000599919473009631,4.510861086670711e-06,3.538744105336196e-06,0.0005999165149054857,112,2
0,retrieval_frozen,sgd,3000,8280.582358251637,16,64,0.000599928120329056,0.000599919473009631,4.510861086669362e-06,3.538744105335379e-06,0.0005999165149054857,112,2
0,retrieval_frozen,sgd,3000,8280.582358251637,17,0,0.0005999027565287653,0.0005998995754501758,1.659461940947838e-06,1.3018365454500209e-06,0.0005998984872462619,112,2
0,retrieval_frozen,sgd,3000,8280.582358251637,17,16,0.0005999027565143252,0.0005998995754414023,1.659460317536832e-06,1.3018355591293314e-06,0.0005998984872462619,112,2
0,retrieval_frozen,sgd,3000,8280.582358251637,17,64,0.0005999027565143252,0.0005998995754414023,1.6594603175366493e-06,1.3018355591292205e-06,0.0005998984872462619,112,2
0,retrieval_frozen,sgd,3000,8280.582358251637,18,0,0.0005998934259075792,0.0005998922556687615,6.104825367467202e-07,4.78919260890076e-07,0.0005998918553470892,112,2
0,retrieval_frozen,sgd,3000,8280.582358251637,18,16,0.0005998934259056249,0.000599892255667574,6.104823170413527e-07,4.789191274058221e-07,0.0005998918553470892,112,2
0,retrieval_frozen,sgd,3000,8280.582358251637,18,64,0.0005998934259056249,0.000599892255667574,6.10482317041328e-07,4.789191274058067e-07,0.0005998918553470892,112,2
0,retrieval_frozen,sgd,3000,8280.582358251637,19,0,0.0005998899933961813,0.0005998895628913544,2.2458405637720557e-07,1.76184598790455e-07,0.0005998894156220772,112,2
0,retrieval_frozen,sgd,3000,8280.582358251637,19,16,0.0005998899933959169,0.0005998895628911937,2.2458402664328853e-07,1.761845807253126e-07,0.0005998894156220772,112,2
0,retrieval_frozen,sgd,3000,8280.582358251637,19,64,0.0005998899933959169,0.0005998895628911937,2.2458402664328527e-07,1.7618458072531074e-07,0.0005998894156220772,112,2
0,retrieval_frozen,sgd,3000,8280.582358251637,20,0,0.0005998887306501793,0.0005998885722765712,8.261986824190823e-08,6.481469834066408e-08,0.0005998885180993448,112,2
0,retrieval_frozen,sgd,3000,8280.582358251637,20,16,0.0005998887306501434,0.0005998885722765494,8.261986421785876e-08,6.481469589581222e-08,0.0005998885180993448,112,2
0,retrieval_frozen,sgd,3000,8280.582358251637,20,64,0.0005998887306501434,0.0005998885722765494,8.261986421785827e-08,6.481469589581198e-08,0.0005998885180993448,112,2
0,retrieval_frozen,sgd,3000,8280.582358251637,21,0,0.0005998882661124774,0.0005998882078501193,3.039415245879774e-08,2.3843995897743476e-08,0.0005998881879194465,112,2
0,retrieval_frozen,sgd,3000,8280.582358251637,21,16,0.0005998882661124727,0.000599888207850116,3.0394151914201786e-08,2.3843995566868763e-08,0.0005998881879194465,112,2
0,retrieval_frozen,sgd,3000,8280.582358251637,21,64,0.0005998882661124727,0.000599888207850116,3.039415191420172e-08,2.384399556686868e-08,0.0005998881879194465,112,2
0,retrieval_frozen,sgd,3000,8280.582358251637,22,0,0.0005998880952186875,0.0005998880737851689,1.1181384024466568e-08,8.7717160069407e-09,0.0005998880664530858,112,2
0,retrieval_frozen,sgd,3000,8280.582358251637,22,16,0.0005998880952186867,0.0005998880737851682,1.1181383950763523e-08,8.771715962161675e-09,0.0005998880664530858,112,2
0,retrieval_frozen,sgd,3000,8280.582358251637,22,64,0.0005998880952186867,0.0005998880737851682,1.1181383950763511e-08,8.771715962161675e-09,0.0005998880664530858,112,2
0,retrieval_frozen,sgd,3000,8280.582358251637,23,0,0.0005998880323503861,0.0005998880244654359,4.113401333923115e-09,3.226933999094351e-09,0.0005998880217681138,112,2
0,retrieval_frozen,sgd,3000,8280.582358251637,23,16,0.0005998880323503861,0.0005998880244654359,4.113401323948492e-09,3.2269339930341696e-09,0.0005998880217681138,112,2
0,retrieval_frozen,sgd,3000,8280.582358251637,23,64,0.0005998880323503861,0.0005998880244654359,4.11340132394849e-09,3.2269339930341696e-09,0.0005998880217681138,112,2
0,retrieval_frozen,sgd,3000,8280.582358251637,24,0,0.0005998880092224322,0.0005998880063217211,1.5132357877563916e-09,1.187122678496208e-09,0.0005998880053294318,112,2
0,retrieval_frozen,sgd,3000,8280.582358251637,24,16,0.0005998880092224322,0.0005998880063217211,1.513235786406473e-09,1.1871226776760504e-09,0.0005998880053294318,112,2
0,retrieval_frozen,sgd,3000,8280.582358251637,24,64,0.0005998880092224322,0.0005998880063217211,1.513235786406473e-09,1.1871226776760504e-09,0.0005998880053294318,112,2
0,retrieval_frozen,sgd,4000,9904.240851134537,1,0,0.9995356346676098,0.9995356346676098,1.0,1.0,0.7694116951179001,112,2
0,retrieval_frozen,sgd,4000,9904.240851134537,1,16,0.8836939479686288,0.8836939479686285,0.6321205849979562,0.6321205849979562,0.7694116951179001,112,2
0,retrieval_frozen,sgd,4000,9904.240851134537,1,64,0.8836939066856536,0.8836939066856535,0.6321205588285578,0.6321205588285577,0.7694116951179001,112,2
0,retrieval_frozen,sgd,4000,9904.240851134537,2,0,0.9978602840046873,0.9969910232147257,0.9011981225800031,0.8780856467603395,0.6188551271029685,112,2
0,retrieval_frozen,sgd,4000,9904.240851134537,2,16,0.8017648975855083,0.7764463875160551,0.5911346457938932,0.581119075971746,0.6188551271029685,112,2
0,retrieval_frozen,sgd,4000,9904.240851134537,2,64,0.8017648418304734,0.7764463285923118,0.5911346229067337,0.5811190538548519,0.6188551271029685,112,2
0,retrieval_frozen,sgd,4000,9904.240851134537,3,0,0.9598857914392828,0.9204804854057348,0.7109705957569755,0.6595500288740073,0.2710297503079051,112,2
0,retrieval_frozen,sgd,4000,9904.240851134537,3,16,0.5105665596500711,0.411191191488667,0.5027710471443573,0.47660765476495104,0.2710297503079051,112,2
0,retrieval_frozen,sgd,4000,9904.240851134537,3,64,0.5105664966615627,0.41119113620370945,0.5027710305796342,0.4766076398879325,0.2710297503079051,112,2
0,retrieval_frozen,sgd,4000,9904.240851134537,4,0,0.33255302884770127,0.16299541532729617,0.4524777582546161,0.3934045063255595,0.039499722522431925,112,2
0,retrieval_frozen,sgd,4000,9904.240851134537,4,16,0.10429256359196937,0.0594667921031809,0.35792060751682075,0.32011374866148745,0.039499722522431925,112,2
0,retrieval_frozen,sgd,4000,9904.240851134537,4,64,0.10429255135431134,0.05946678634183242,0.35792059910515367,0.32011374195025105,0.039499722522431925,112,2
0,retrieval_frozen,sgd,4000,9904.240851134537,5,0,0.015849473984348873,0.0082051485931999,0.22790595760231858,0.18761268713955168,0.004922883699755029,112,2
0,retrieval_frozen,sgd,4000,9904.240851134537,5,16,0.010361693636307937,0.006192412731985989,0.2010488508533485,0.16914444741458604,0.004922883699755029,112,2
0,retrieval_frozen,sgd,4000,9904.240851134537,5,64,0.010361693201479196,0.006192412554997691,0.20104884818934485,0.16914444554084582,0.004922883699755029,112,2
0,retrieval_frozen,sgd,4000,9904.240851134537,6,0,0.0020825070609210364,0.0015232187746672982,0.09707854859243002,0.07746359665986266,0.0013069676384104452,112,2
0,retrieval_frozen,sgd,4000,9904.240851134537,6,16,0.0019171542029621275,0.0014471743870705716,0.09183573455009371,0.07412202714928758,0.0013069676384104452,112,2
0,retrieval_frozen,sgd,4000,9904.240851134537,6,64,0.0019171541861252573,0.001447174379089645,0.09183573399226382,0.07412202678946495,0.0013069676384104452,112,2
0,retrieval_frozen,sgd,4000,9904.240851134537,7,0,0.0008325305079919509,0.0007339310878363811,0.0379210689106242,0.029840429978152512,0.0006992970867593511,112,2
0,retrieval_frozen,sgd,4000,9904.240851134537,7,16,0.0008218705618812618,0.0007282195431231225,0.037092416147920734,0.029331054184504924,0.0006992970867593511,112,2
0,retrieval_frozen,sgd,4000,9904.240851134537,7,64,0.000821870560716229,0.0007282195424938074,0.0370924160567297,0.029331054128160724,0.0006992970867593511,112,2
0,retrieval_frozen,sgd,4000,9904.240851134537,8,0,0.0005782368719920982,0.0005511745378399863,0.014275418491892043,0.011171384810712252,0.0005421697043018402,112,2
0,retrieval_frozen,sgd,4000,9904.240851134537,8,16,0.0005771750255285455,0.0005505647375493359,0.014156272009691686,0.011099223376290207,0.0005421697043018402,112,2
0,retrieval_frozen,sgd,4000,9904.240851134537,8,64,0.0005771750254101774,0.0005505647374811926,0.014156271996396833,0.011099223368221962,0.0005421697043018402,112,2
0,retrieval_frozen,sgd,4000,9904.240851134537,9,0,0.0005036994441218812,0.0004947894924239,0.005297057013948712,0.004136574676410586,0.0004918938947553466,112,2
0,retrieval_frozen,sgd,4000,9904.240851134537,9,16,0.00050357171349288,0.000494714089451107,0.005280560581384672,0.004126640244624801,0.0004918938947553466,112,2
0,retrieval_frozen,sgd,4000,9904.240851134537,9,64,0.0005035717134785531,0.0004947140894426428,0.005280560579534099,0.004126640243509512,0.0004918938947553466,112,2
0,retrieval_frozen,sgd,4000,9904.240851134537,10,0,0.0004785060199369393,0.0004753607538178818,0.001954899904063847,0.001525427343173281,0.0004743480089852836,112,2
0,retrieval_frozen,sgd,4000,9904.240851134537,10,16,0.00047848947874061656,0.0004753508867405119,0.0019526483954558505,0.0015240743262524485,0.0004743480089852836,112,2
0,retrieval_frozen,sgd,4000,9904.240851134537,10,64,0.0004784894787387573,0.0004753508867394024,0.0019526483952027726,0.0015240743261003221,0.0004743480089852836,112,2
0,retrieval_frozen,sgd,4000,9904.240851134537,11,0,0.0004695236002304945,0.0004683840254173302,0.0007200132133166379,0.0005616712107525179,0.00046801837113937716,112,2
0,retrieval_frozen,sgd,4000,9904.240851134537,11,16,0.0004695213978407387,0.000468382706556634,0.0007197075523370589,0.0005614876719291413,0.00046801837113937716,112,2
0,retrieval_frozen,sgd,4000,9904.240851134537,11,64,0.000469521397840491,0.0004683827065564855,0.000719707552302676,0.0005614876719084936,0.00046801837113937716,112,2
0,retrieval_frozen,sgd,4000,9904.240851134537,12,0,0.00046625706448668913,0.0004658401860922378,0.00026499270248580523,0.0002066947498927859,0.0004657065957770139,112,2
0,retrieval_frozen,sgd,4000,9904.240851134537,12,16,0.0004662567682127814,0.00046584000841994836,0.0002649512881950511,0.00020666988925842653,0.0004657065957770139,112,2
0,retrieval_frozen,sgd,4000,9904.240851134537,12,64,0.00046625676821274804,0.00046584000841992803,0.00026495128819039123,0.00020666988925562932,0.0004657065957770139,112,2
0,retrieval_frozen,sgd,4000,9904.240851134537,13,0,0.0004650604667424288,0.00046490742243787995,9.750089199914382e-05,7.604788271145044e-05,0.00046485840221852895,112,2
0,retrieval_frozen,sgd,4000,9904.240851134537,13,16,0.0004650604267347992,0.0004649073984330805,9.749528481284264e-05,7.604451712626376e-05,0.00046485840221852895,112,2
0,retrieval_frozen,sgd,4000,9904.240851134537,13,64,0.0004650604267347948,0.0004649073984330776,9.749528481221168e-05,7.604451712588502e-05,0.00046485840221852895,112,2
0,retrieval_frozen,sgd,4000,9904.240851134537,14,0,0.00046462095053290554,0.00046456469148645565,3.5870675165806605e-05,2.797768889937721e-05,0.00046454667483757426,112,2
0,retrieval_frozen,sgd,4000,9904.240851134537,14,16,0.0004646209451228717,0.000464564688239775,3.5869916197535826e-05,2.7977233363952108e-05,0.00046454667483757426,112,2
0,retrieval_frozen,sgd,4000,9904.240851134537,14,64,0.000464620945122871,0.00046456468823977457,3.58699161974504e-05,2.7977233363900818e-05,0.00046454667483757426,112,2
0,retrieval_frozen,sgd,4000,9904.240851134537,15,0,0.00046445935450671605,0.0004644386637508262,1.3196368365138101e-05,1.0292583883402157e-05,0.00046443203807969893,112,2
0,retrieval_frozen,sgd,4000,9904.240851134537,15,16,0.0004644593537747671,0.00046443866331153565,1.3196265644070164e-05,1.0292522230747305e-05,0.00046443203807969893,112,2
0,retrieval_frozen,sgd,4000,9904.240851134537,15,64,0.00046445935377476693,0.00046443866331153565,1.3196265644058603e-05,1.0292522230740376e-05,0.00046443203807969893,112,2
0,retrieval_frozen,sgd,4000,9904.240851134537,16,0,0.0004643999192259441,0.0004643923083057841,4.854711114320622e-06,3.786452652828469e-06,0.0004643898711665873,112,2
0,retrieval_frozen,sgd,4000,9904.240851134537,16,16,0.0004643999191268965,0.00046439230824633785,4.854697212242929e-06,3.7864443089175655e-06,0.0004643898711665873,112,2
0,retrieval_frozen,sgd,4000,9904.240851134537,16,64,0.0004643999191268965,0.00046439230824633785,4.8546972122413645e-06,3.78644430891663e-06,0.0004643898711665873,112,2
0,retrieval_frozen,sgd,4000,9904.240851134537,17,0,0.00046437805590968724,0.0004643752561146679,1.785953621528278e-06,1.3929611507173824e-06,0.0004643743595830773,112,2
0,retrieval_frozen,sgd,4000,9904.240851134537,17,16,0.00046437805589628325,0.00046437525610662316,1.785951740072075e-06,1.3929600214852952e-06,0.0004643743595830773,112,2
0,retrieval_frozen,sgd,4000,9904.240851134537,17,64,0.00046437805589628325,0.00046437525610662316,1.7859517400718631e-06,1.3929600214851665e-06,0.0004643743595830773,112,2
0,retrieval_frozen,sgd,4000,9904.240851134537,18,0,0.0004643700130753984,0.00046436898310272135,6.570163253108664e-07,5.124421844725723e-07,0.0004643686532928399,112,2
0,retrieval_frozen,sgd,4000,9904.240851134537,18,16,0.00046437001307358434,0.0004643689831016327,6.570160706827324e-07,5.124420316473024e-07,0.0004643686532928399,112,2
0,retrieval_frozen,sgd,4000,9904.240851134537,18,64,0.00046437001307358434,0.0004643689831016327,6.570160706827039e-07,5.124420316472852e-07,0.0004643686532928399,112,2
0,retrieval_frozen,sgd,4000,9904.240851134537,19,0,0.00046436705431317894,0.000464366675409348,2.4170289401618025e-07,1.8851700058994457e-07,0.00046436655407983894,112,2
0,retrieval_frozen,sgd,4000,9904.240851134537,19,16,0.00046436705431293347,0.0004643666754092008,2.417028595559734e-07,1.8851697990727708e-07,0.00046436655407983894,112,2
0,retrieval_frozen,sgd,4000,9904.240851134537,19,64,0.00046436705431293347,0.0004643666754092008,2.4170285955596955e-07,1.8851697990727477e-07,0.00046436655407983894,112,2
0,retrieval_frozen,sgd,4000,9904.240851134537,20,0,0.0004643659658496046,0.00046436582645893775,8.891753849393373e-08,6.935153642519177e-08,0.00046436578182440947,112,2
0,retrieval_frozen,sgd,4000,9904.240851134537,20,16,0.0004643659658495714,0.00046436582645891796,8.891753383025006e-08,6.935153362609627e-08,0.00046436578182440947,112,2
0,retrieval_frozen,sgd,4000,9904.240851134537,20,64,0.0004643659658495714,0.00046436582645891796,8.891753383024956e-08,6.935153362609602e-08,0.00046436578182440947,112,2
0,retrieval_frozen,sgd,4000,9904.240851134537,21,0,0.00046436556542680396,0.0004643655141478788,3.2710936119173625e-08,2.5513005492601867e-08,0.0004643654977277675,112,2
0,retrieval_frozen,sgd,4000,9904.240851134537,21,16,0.00046436556542679946,0.00046436551414787624,3.271093548801258e-08,2.551300511378545e-08,0.0004643654977277675,112,2
0,retrieval_frozen,sgd,4000,9904.240851134537,21,64,0.00046436556542679946,0.00046436551414787624,3.271093548801253e-08,2.551300511378545e-08,0.0004643654977277675,112,2
0,retrieval_frozen,sgd,4000,9904.240851134537,22,0,0.00046436541811956507,0.0004643653992551074,1.203368113623986e-08,9.385710342363487e-09,0.00046436539321448815,112,2
0,retrieval_frozen,sgd,4000,9904.240851134537,22,16,0.0004643654181195645,0.000464365399255107,1.2033681050821498e-08,9.385710291096249e-09,0.00046436539321448815,112,2
0,retrieval_frozen,sgd,4000,9904.240851134537,22,64,0.0004643654181195645,0.000464365399255107,1.2033681050821487e-08,9.385710291096249e-09,0.00046436539321448815,112,2
0,retrieval_frozen,sgd,4000,9904.240851134537,23,0,0.00046436536392827077,0.0004643653569884253,4.426943923645205e-09,3.4528098945763928e-09,0.00046436535476620627,112,2
0,retrieval_frozen,sgd,4000,9904.240851134537,23,16,0.00046436536392827077,0.0004643653569884253,4.426943912085087e-09,3.4528098876381304e-09,0.00046436535476620627,112,2
0,retrieval_frozen,sgd,4000,9904.240851134537,23,64,0.00046436536392827077,0.0004643653569884253,4.4269439120850864e-09,3.4528098876381304e-09,0.00046436535476620627,112,2
0,retrieval_frozen,sgd,4000,9904.240851134537,24,0,0.00046436534399240916,0.00046436534143938263,1.6285816610599926e-09,1.2702177770364542e-09,0.00046436534062187397,112,2
0,retrieval_frozen,sgd,4000,9904.240851134537,24,16,0.00046436534399240916,0.00046436534143938263,1.628581659495501e-09,1.2702177760974612e-09,0.00046436534062187397,112,2
0,retrieval_frozen,sgd,4000,9904.240851134537,24,64,0.00046436534399240916,0.00046436534143938263,1.6285816594955008e-09,1.2702177760974612e-09,0.00046436534062187397,112,2
0,retrieval_frozen,sgd,5000,11299.626091843822,1,0,0.9996130862256656,0.9996130862256655,1.0,1.0,0.7799820257602669,112,2
0,retrieval_frozen,sgd,5000,11299.626091843822,1,16,0.8885606276826616,0.8885606276826618,0.6321205849979562,0.6321205849979562,0.7799820257602669,112,2
0,retrieval_frozen,sgd,5000,11299.626091843822,1,64,0.8885605869632069,0.8885605869632069,0.6321205588285578,0.6321205588285577,0.7799820257602669,112,2
0,retrieval_frozen,sgd,5000,11299.626091843822,2,0,0.9982722636414554,0.9975691836222774,0.905512014213367,0.8829167814915936,0.635465667134594,112,2
0,retrieval_frozen,sgd,5000,11299.626091843822,2,16,0.8114921687619646,0.7871582590378247,0.5929887491477892,0.5832310973196744,0.635465667134594,112,2
0,retrieval_frozen,sgd,5000,11299.626091843822,2,64,0.8114921134761033,0.7871582003866732,0.5929887261169128,0.5832310750417246,0.635465667134594,112,2
0,retrieval_frozen,sgd,5000,11299.626091843822,3,0,0.9679078205809395,0.9351089266731876,0.7210183406411834,0.6697836030502633,0.28639035709766564,112,2
0,retrieval_frozen,sgd,5000,11299.626091843822,3,16,0.5302901524309205,0.4294804663871292,0.507780233294587,0.4819286001383574,0.28639035709766564,112,2
0,retrieval_frozen,sgd,5000,11299.626091843822,3,64,0.5302900868982718,0.42948040781977204,0.5077802163986025,0.48192858492730445,0.28639035709766564,112,2
0,retrieval_frozen,sgd,5000,11299.626091843822,4,0,0.3714245878320343,0.18212325680142727,0.4647659391342958,0.40441371266941056,0.04117847358494649,112,2
0,retrieval_frozen,sgd,5000,11299.626091843822,4,16,0.1109926357279208,0.06222486648992758,0.3655712099232421,0.3273652462607672,0.04117847358494649,112,2
0,retrieval_frozen,sgd,5000,11299.626091843822,4,64,0.11099262193483643,0.062224860054104304,0.3655712011487039,0.32736523924202926,0.04117847358494649,112,2
0,retrieval_frozen,sgd,5000,11299.626091843822,5,0,0.016587642139395134,0.008184812907822735,0.23675823920449438,0.1947114523220342,0.004748481167854445,112,2
0,retrieval_frozen,sgd,5000,11299.626091843822,5,16,0.010382899505780493,0.0060077427366743265,0.20790577569593957,0.1748930106087209,0.004748481167854445,112,2
0,retrieval_frozen,sgd,5000,11299.626091843822,5,64,0.010382899027837303,0.006007742548692646,0.20790577284714754,0.1748930086054541,0.004748481167854445,112,2
0,retrieval_frozen,sgd,5000,11299.626091843822,6,0,0.0019321363215323015,0.0013761355365499467,0.10152806475161423,0.08080917649768829,0.0011699227352669473,112,2
0,retrieval_frozen,sgd,5000,11299.626091843822,6,16,0.0017611053648453046,0.0012999415843345137,0.09580677033425858,0.07717949779528664,0.0011699227352669473,112,2
0,retrieval_frozen,sgd,5000,11299.626091843822,6,64,0.0017611053475670472,0.0012999415763758691,0.09580676972704924,0.07717949740516702,0.0011699227352669473,112,2
0,retrieval_frozen,sgd,5000,11299.626091843822,7,0,0.000724509187086376,0.000631570526490683,0.039780937527062805,0.03119876672530695,0.0006002762828548232,112,2
0,retrieval_frozen,sgd,5000,11299.626091843822,7,16,0.000714057947467704,0.0006260763717881477,0.03886970456858634,0.0306423941994983,0.0006002762828548232,112,2
0,retrieval_frozen,sgd,5000,11299.626091843822,7,64,0.0007140579463277531,0.0006260763711835357,0.03886970446841761,0.030642394138003376,0.0006002762828548232,112,2
0,retrieval_frozen,sgd,5000,11299.626091843822,8,0,0.0004898449984652634,0.00046489936917538916,0.014994023544763748,0.011690146256447667,0.00045696105775541366,112,2
0,retrieval_frozen,sgd,5000,11299.626091843822,8,16,0.0004888284967609946,0.00046432290684844104,0.014862586293285804,0.01161115104368156,0.00045696105775541366,112,2
0,retrieval_frozen,sgd,5000,11299.626091843822,8,64,0.0004888284966477449,0.0004643229067840472,0.014862586278625828,0.011611151034851889,0.00045696105775541366,112,2
0,retrieval_frozen,sgd,5000,11299.626091843822,9,0,0.0004222879674954622,0.0004141453649921903,0.005566311365567259,0.004330093740412418,0.00041161805331729035,112,2
0,retrieval_frozen,sgd,5000,11299.626091843822,9,16,0.00042216684062765426,0.0004140745662864656,0.005548090897098847,0.0043192092751103755,0.00041161805331729035,112,2
0,retrieval_frozen,sgd,5000,11299.626091843822,9,64,0.00042216684061407045,0.0004140745662785191,0.005548090895055204,0.00431920927388857,0.00041161805331729035,112,2
0,retrieval_frozen,sgd,5000,11299.626091843822,10,0,0.0003996073804085548,0.000396742250002033,0.0020546279273533394,0.0015969864475995365,0.00039586167609145464,112,2
0,retrieval_frozen,sgd,5000,11299.626091843822,10,16,0.00039959175028189974,0.00039673300902170984,0.002052139972941816,0.001595503572524285,0.00039586167609145464,112,2
0,retrieval_frozen,sgd,5000,11299.626091843822,10,64,0.00039959175028014295,0.0003967330090206708,0.0020521399726621766,0.0015955035723575657,0.00039586167609145464,112,2
0,retrieval_frozen,sgd,5000,11299.626091843822,11,0,0.00039154104401825266,0.0003905042055017571,0.000756793072581824,0.000588046314923824,0.0003901867236551422,112,2
0,retrieval_frozen,sgd,5000,11299.626091843822,11,16,0.0003915389656911299,0.0003905029714941409,0.0007564552547190077,0.0005878451371414515,0.0003901867236551422,112,2
0,retrieval_frozen,sgd,5000,11299.626091843822,11,64,0.0003915389656908961,0.0003905029714940026,0.0007564552546810087,0.0005878451371188198,0.0003901867236551422,112,2
0,retrieval_frozen,sgd,5000,11299.626091843822,12,0,0.0003886103482938826,0.000388231219834754,0.00027853573511325304,0.00021640438545576736,0.00038811529010576875,112,2
0,retrieval_frozen,sgd,5000,11299.626091843822,12,16,0.0003886100688462007,0.0003882310536515522,0.0002784899609879478,0.00021637713442234746,0.00038811529010576875,112,2
0,retrieval_frozen,sgd,5000,11299.626091843822,12,64,0.0003886100688461694,0.00038823105365153363,0.0002784899609827974,0.00021637713441928128,0.00038811529010576875,112,2
0,retrieval_frozen,sgd,5000,11299.626091843822,13,0,0.00038753713917879005,0.0003873979761924139,0.00010248478564969687,7.962077581976657e-05,0.0003873554446718469,112,2
0,retrieval_frozen,sgd,5000,11299.626091843822,13,16,0.0003875371014501109,0.00038739795374275637,0.00010247858803128372,7.961708656845598e-05,0.0003873554446718469,112,2
0,retrieval_frozen,sgd,5000,11299.626091843822,13,64,0.0003875371014501067,0.0003873979537427539,0.00010247858803058632,7.961708656804079e-05,0.0003873554446718469,112,2
0,retrieval_frozen,sgd,5000,11299.626091843822,14,0,0.0003871429933604151,0.00038709184013577843,3.7704376023406955e-05,2.929220706245095e-05,0.00038707620942665286,112,2
0,retrieval_frozen,sgd,5000,11299.626091843822,14,16,0.00038714298825889105,0.0003870918370995767,3.770353712927711e-05,2.9291707715570353e-05,0.00038707620942665286,112,2
0,retrieval_frozen,sgd,5000,11299.626091843822,14,64,0.00038714298825889045,0.0003870918370995764,3.770353712918272e-05,2.929170771551416e-05,0.00038707620942665286,112,2
0,retrieval_frozen,sgd,5000,11299.626091843822,15,0,0.00038699808522033735,0.00038697927267886454,1.3870980186862988e-05,1.0776184906693203e-05,0.00038697352459445407,112,2
0,retrieval_frozen,sgd,5000,11299.626091843822,15,16,0.00038699808453014503,0.0003869792722680604,1.3870866648032121e-05,1.07761173244038e-05,0.00038697352459445407,112,2
0,retrieval_frozen,sgd,5000,11299.626091843822,15,64,0.00038699808453014487,0.0003869792722680604,1.3870866648019343e-05,1.07761173243962e-05,0.00038697352459445407,112,2
0,retrieval_frozen,sgd,5000,11299.626091843822,16,0,0.00038694478867057905,0.0003869378686916614,5.1028911265049e-06,3.964361802910512e-06,0.000386935754378076,112,2
0,retrieval_frozen,sgd,5000,11299.626091843822,16,16,0.0003869447885771829,0.0003869378686360703,5.102875760353695e-06,3.9643526564909775e-06,0.000386935754378076,112,2
0,retrieval_frozen,sgd,5000,11299.626091843822,16,64,0.00038694478857718284,0.0003869378686360703,5.102875760351966e-06,3.964352656489949e-06,0.000386935754378076,112,2
0,retrieval_frozen,sgd,5000,11299.626091843822,17,0,0.0003869251836132191,0.0003869226379992169,1.8772545130829568e-06,1.458410577440157e-06,0.00038692186022575736,112,2
0,retrieval_frozen,sgd,5000,11299.626091843822,17,16,0.00038692518360057993,0.00038692263799169376,1.8772524334835348e-06,1.4584093395993467e-06,0.00038692186022575736,112,2
0,retrieval_frozen,sgd,5000,11299.626091843822,17,64,0.00038692518360057993,0.00038692263799169376,1.8772524334833006e-06,1.4584093395992095e-06,0.00038692186022575736,112,2
0,retrieval_frozen,sgd,5000,11299.626091843822,18,0,0.0003869179715386375,0.00038691703507365245,6.906041230590943e-07,5.365197246853317e-07,0.0003869167489520696,112,2
0,retrieval_frozen,sgd,5000,11299.626091843822,18,16,0.00038691797153692705,0.00038691703507263384,6.906038416150715e-07,5.3651955716142e-07,0.0003869167489520696,112,2
0,retrieval_frozen,sgd,5000,11299.626091843822,18,64,0.00038691797153692705,0.00038691703507263384,6.906038416150396e-07,5.365195571614008e-07,0.0003869167489520696,112,2
0,retrieval_frozen,sgd,5000,11299.626091843822,19,0,0.00038691531839484504,0.0003869149738905338,2.5405916467367264e-07,1.9737463826965732e-07,0.0003869148686330013,112,2
0,retrieval_frozen,sgd,5000,11299.626091843822,19,16,0.00038691531839461356,0.0003869149738903961,2.540591265843239e-07,1.9737461559774259e-07,0.0003869148686330013,112,2
0,retrieval_frozen,sgd,5000,11299.626091843822,19,64,0.00038691531839461356,0.0003869149738903961,2.5405912658431964e-07,1.9737461559774012e-07,0.0003869148686330013,112,2
0,retrieval_frozen,sgd,5000,11299.626091843822,20,0,0.000386914342361873,0.00038691421562607746,9.346315784473926e-08,7.261007998839259e-08,0.0003869141769040915,112,2
0,retrieval_frozen,sgd,5000,11299.626091843822,20,16,0.0003869143423618416,0.00038691421562605854,9.346315268990438e-08,7.261007692008166e-08,0.0003869141769040915,112,2
0,retrieval_frozen,sgd,5000,11299.626091843822,20,64,0.0003869143423618416,0.00038691421562605854,9.346315268990377e-08,7.261007692008141e-08,0.0003869141769040915,112,2
0,retrieval_frozen,sgd,5000,11299.626091843822,21,0,0.0003869139832999613,0.0003869139366765026,3.438317621605681e-08,2.6711756780992197e-08,0.0003869139224314933,112,2
0,retrieval_frozen,sgd,5000,11299.626091843822,21,16,0.0003869139832999571,0.00038691393667649983,3.438317551842567e-08,2.6711756365741395e-08,0.0003869139224314933,112,2
0,retrieval_frozen,sgd,5000,11299.626091843822,21,64,0.0003869139832999571,0.00038691393667649983,3.438317551842559e-08,2.67117563657413e-08,0.0003869139224314933,112,2
0,retrieval_frozen,sgd,5000,11299.626091843822,22,0,0.0003869138512085407,0.0003869138340567337,1.2648863914344196e-08,9.826706310423839e-09,0.0003869138288162892,112,2
0,retrieval_frozen,sgd,5000,11299.626091843822,22,16,0.00038691385120854003,0.000386913834056733,1.2648863819930084e-08,9.826706254225757e-09,0.0003869138288162892,112,2
0,retrieval_frozen,sgd,5000,11299.626091843822,22,64,0.00038691385120854003,0.000386913834056733,1.2648863819930069e-08,9.826706254225722e-09,0.0003869138288162892,112,2
0,retrieval_frozen,sgd,5000,11299.626091843822,23,0,0.0003869138026148328,0.00038691379630503625,4.653257023758553e-09,3.6150432467577967e-09,0.0003869137943771849,112,2
0,retrieval_frozen,sgd,5000,11299.626091843822,23,16,0.0003869138026148327,0.00038691379630503625,4.6532570109809934e-09,3.615043239152213e-09,0.0003869137943771849,112,2
0,retrieval_frozen,sgd,5000,11299.626091843822,23,64,0.0003869138026148327,0.00038691379630503625,4.653257010980991e-09,3.615043239152213e-09,0.0003869137943771849,112,2
0,retrieval_frozen,sgd,5000,11299.626091843822,24,0,0.0003869137847382081,0.00038691378241696364,1.7118375983312508e-09,1.3299000922324388e-09,0.00038691378170774667,112,2
0,retrieval_frozen,sgd,5000,11299.626091843822,24,16,0.000386913784738208,0.00038691378241696364,1.7118375966019952e-09,1.3299000912031323e-09,0.00038691378170774667,112,2
0,retrieval_frozen,sgd,5000,11299.626091843822,24,64,0.000386913784738208,0.00038691378241696364,1.7118375966019952e-09,1.3299000912031323e-09,0.00038691378170774667,112,2
0,retrieval_frozen,sgd,6000,12529.964347562545,1,0,0.9996637359288646,0.9996637359288646,1.0,1.0,0.7878412677917439,112,2
0,retrieval_frozen,sgd,6000,12529.964347562545,1,16,0.8921805018385963,0.8921805018385964,0.6321205849979562,0.6321205849979562,0.7878412677917439,112,2
0,retrieval_frozen,sgd,6000,12529.964347562545,1,64,0.8921804615746811,0.892180461574681,0.6321205588285578,0.6321205588285577,0.7878412677917439,112,2
0,retrieval_frozen,sgd,6000,12529.964347562545,2,0,0.9985322269267096,0.9979343422668348,0.9086056018585501,0.886396422104421,0.6478979753661948,112,2
0,retrieval_frozen,sgd,6000,12529.964347562545,2,16,0.818619239525207,0.7950269467467771,0.5943146239925431,0.5847474339345617,0.6478979753661948,112,2
0,retrieval_frozen,sgd,6000,12529.964347562545,2,64,0.8186191846578222,0.7950268883778987,0.5943146008586183,0.584747411540621,0.6478979753661948,112,2
0,retrieval_frozen,sgd,6000,12529.964347562545,3,0,0.9729640897665339,0.9445663831789565,0.728339268868916,0.6772815668221426,0.29846431486257374,112,2
0,retrieval_frozen,sgd,6000,12529.964347562545,3,16,0.5451080450527445,0.44345548598234014,0.5114042533150743,0.4857983087985584,0.29846431486257374,112,2
0,retrieval_frozen,sgd,6000,12529.964347562545,3,64,0.5451079777210597,0.44345542496855517,0.5114042361773932,0.48579829334224633,0.29846431486257374,112,2
0,retrieval_frozen,sgd,6000,12529.964347562545,4,0,0.4025735733157747,0.19828077972193303,0.47391865748525913,0.41265312798214954,0.042558042665543624,112,2
0,retrieval_frozen,sgd,6000,12529.964347562545,4,16,0.11638654361136054,0.0644529435963271,0.3712143020562199,0.33274332685621383,0.042558042665543624,112,2
0,retrieval_frozen,sgd,6000,12529.964347562545,4,64,0.11638652853567691,0.06445293660285055,0.37121429300914943,0.3327433196049686,0.042558042665543624,112,2
0,retrieval_frozen,sgd,6000,12529.964347562545,5,0,0.01723584148583421,0.008190595835405675,0.2434830932981847,0.200113924201929,0.004627954477718022,112,2
0,retrieval_frozen,sgd,6000,12529.964347562545,5,16,0.010418361892435179,0.00587928862632822,0.2130733211652022,0.17923941039657718,0.004627954477718022,112,2
0,retrieval_frozen,sgd,6000,12529.964347562545,5,64,0.010418361379002563,0.005879288429631573,0.21307331817307432,0.17923940829250373,0.004627954477718022,112,2
0,retrieval_frozen,sgd,6000,12529.964347562545,6,0,0.001828240295583697,0.0012748194221556184,0.1049484595013082,0.08337852221161825,0.0010759999167444234,112,2
0,retrieval_frozen,sgd,6000,12529.964347562545,6,16,0.0016528634507915168,0.0011986110735780933,0.09884598037352399,0.07951987192968848,0.0010759999167444234,112,2
0,retrieval_frozen,sgd,6000,12529.964347562545,6,64,0.00165286343318615,0.001198611065648062,0.09884597972710828,0.07951987151555033,0.0010759999167444234,112,2
0,retrieval_frozen,sgd,6000,12529.964347562545,7,0,0.0006517812200031928,0.0005630854787779296,0.04121844446179957,0.032246073283841103,0.0005341670480843709,112,2
0,retrieval_frozen,sgd,6000,12529.964347562545,7,16,0.0006415077491373764,0.0005577640610666186,0.0402407530049136,0.031652075823799496,0.0005341670480843709,112,2
0,retrieval_frozen,sgd,6000,12529.964347562545,7,64,0.0006415077480185922,0.0005577640604815887,0.04024075289753044,0.03165207575818523,0.0005341670480843709,112,2
0,retrieval_frozen,sgd,6000,12529.964347562545,8,0,0.00043136561146863903,0.00040797712381500985,0.015550659043236248,0.01209074383017521,0.0004007839114839731,112,2
0,retrieval_frozen,sgd,6000,12529.964347562545,8,16,0.00043038517831643885,0.00040742643789618466,0.015409288549687589,0.012006261405770274,0.0004007839114839731,112,2
0,retrieval_frozen,sgd,6000,12529.964347562545,8,64,0.0004303851782072561,0.00040742643783468795,0.015409288533924972,0.012006261396329461,0.0004007839114839731,112,2
0,retrieval_frozen,sgd,6000,12529.964347562545,9,0,0.0003688145151019339,0.00036123233381430325,0.00577505172895113,0.004479620429751425,0.0003589604190638564,112,2
0,retrieval_frozen,sgd,6000,12529.964347562545,9,16,0.0003686985621726673,0.00036116506423983935,0.005755435636390298,0.004467972272105909,0.0003589604190638564,112,2
0,retrieval_frozen,sgd,6000,12529.964347562545,9,64,0.0003686985621596657,0.0003611650642322893,0.005755435634190399,0.004467972270798488,0.0003589604190638564,112,2
0,retrieval_frozen,sgd,6000,12529.964347562545,10,0,0.0003479271906866984,0.00034526609787779544,0.002131966516042764,0.0016522901621554807,0.0003444769219422532,112,2
0,retrieval_frozen,sgd,6000,12529.964347562545,10,16,0.0003479122707440646,0.00034525733531007687,0.0021292870390637935,0.0016507028557328307,0.0003444769219422532,112,2
0,retrieval_frozen,sgd,6000,12529.964347562545,10,64,0.00034791227074238784,0.00034525733530909165,0.0021292870387626425,0.0016507028555543734,0.0003444769219422532,112,2
0,retrieval_frozen,sgd,6000,12529.964347562545,11,0,0.0003405134000205701,0.00033955131448851146,0.000785318957173648,0.0006084316780784923,0.0003392671093329566,112,2
0,retrieval_frozen,sgd,6000,12529.964347562545,11,16,0.00034051141822464843,0.0003395501452455252,0.0007849550861211289,0.0006082163129246897,0.0003392671093329566,112,2
0,retrieval_frozen,sgd,6000,12529.964347562545,11,64,0.0003405114182244255,0.00033955014524539404,0.0007849550860801999,0.0006082163129004621,0.0003392671093329566,112,2
0,retrieval_frozen,sgd,6000,12529.964347562545,12,0,0.00033782176600874323,0.0003374700949632101,0.0002890399456788171,0.00022390920130908702,0.0003373663600959806,112,2
0,retrieval_frozen,sgd,6000,12529.964347562545,12,16,0.00033782149964457417,0.00033746993754549205,0.0002889906389627333,0.0002238800275195028,0.0003373663600959806,112,2
0,retrieval_frozen,sgd,6000,12529.964347562545,12,64,0.00033782149964454425,0.0003374699375454744,0.00028899063895718554,0.00022388002751622018,0.0003373663600959806,112,2
0,retrieval_frozen,sgd,6000,12529.964347562545,13,0,0.0003368363666110059,0.00033670729882069144,0.00010635044025667816,8.238238272923211e-05,0.00033666924718432574,112,2
0,retrieval_frozen,sgd,6000,12529.964347562545,13,16,0.0003368363306539301,0.0003367072775573333,0.00010634376422117654,8.237843312636118e-05,0.00033666924718432574,112,2
0,retrieval_frozen,sgd,6000,12529.964347562545,13,64,0.00033683633065392603,0.00033670727755733085,0.0001063437642204253,8.237843312591666e-05,0.00033666924718432574,112,2
0,retrieval_frozen,sgd,6000,12529.964347562545,14,0,0.00033647450568893795,0.0003364270654891605,3.912665655874232e-05,3.0308245569107497e-05,0.00033641308197727147,112,2
0,retrieval_frozen,sgd,6000,12529.964347562545,14,16,0.0003364745008272208,0.0003364270626135081,3.912575290131467e-05,3.0307710980759726e-05,0.00033641308197727147,112,2
0,retrieval_frozen,sgd,6000,12529.964347562545,14,64,0.00033647450082722026,0.00033642706261350784,3.9125752901212975e-05,3.030771098069959e-05,0.00033641308197727147,112,2
0,retrieval_frozen,sgd,6000,12529.964347562545,15,0,0.0003363414719924598,0.0003363240252894366,1.4394233087625505e-05,1.1149978133134479e-05,0.00033631888305862644,112,2
0,retrieval_frozen,sgd,6000,12529.964347562545,15,16,0.000336341471334724,0.00033632402490036024,1.4394110783209437e-05,1.1149905781096765e-05,0.00033631888305862644,112,2
0,retrieval_frozen,sgd,6000,12529.964347562545,15,64,0.00033634147133472395,0.00033632402490036024,1.4394110783195673e-05,1.1149905781088624e-05,0.00033631888305862644,112,2
0,retrieval_frozen,sgd,6000,12529.964347562545,16,0,0.0003362925434670664,0.00033628612593753973,5.295388512673467e-06,4.101874479810819e-06,0.0003362842344892853,112,2
0,retrieval_frozen,sgd,6000,12529.964347562545,16,16,0.00033629254337806284,0.00033628612588488903,5.29537196018818e-06,4.101864687859402e-06,0.0003362842344892853,112,2
0,retrieval_frozen,sgd,6000,12529.964347562545,16,64,0.00033629254337806284,0.00033628612588488903,5.295371960186319e-06,4.101864687858302e-06,0.0003362842344892853,112,2
0,retrieval_frozen,sgd,6000,12529.964347562545,17,0,0.0003362745452701403,0.0003362721844949774,1.948070804277395e-06,1.5089989123321906e-06,0.00033627148870695904,112,2
0,retrieval_frozen,sgd,6000,12529.964347562545,17,16,0.0003362745452580956,0.00033627218448785195,1.9480685641230666e-06,1.508997587127312e-06,0.00033627148870695904,112,2
0,retrieval_frozen,sgd,6000,12529.964347562545,17,64,0.0003362745452580956,0.00033627218448785195,1.9480685641228146e-06,1.508997587127162e-06,0.00033627148870695904,112,2
0,retrieval_frozen,sgd,6000,12529.964347562545,18,0,0.0003362679243202609,0.0003362670558534188,7.166560429907076e-07,5.551301666401684e-07,0.0003362667998923064,112,2
0,retrieval_frozen,sgd,6000,12529.964347562545,18,16,0.0003362679243186309,0.0003362670558524547,7.16655739817839e-07,5.551299872927752e-07,0.0003362667998923064,112,2
0,retrieval_frozen,sgd,6000,12529.964347562545,18,64,0.0003362679243186309,0.0003362670558524547,7.166557398178048e-07,5.551299872927545e-07,0.0003362667998923064,112,2
0,retrieval_frozen,sgd,6000,12529.964347562545,19,0,0.00033626548863825234,0.00033626516914902403,2.6364313885112475e-07,2.042210418011953e-07,0.0003362650749868692,112,2
0,retrieval_frozen,sgd,6000,12529.964347562545,19,16,0.0003362654886380317,0.0003362651691488939,2.636430978210914e-07,2.0422101752914415e-07,0.0003362650749868692,112,2
0,retrieval_frozen,sgd,6000,12529.964347562545,19,64,0.0003362654886380317,0.0003362651691488939,2.636430978210868e-07,2.0422101752914124e-07,0.0003362650749868692,112,2
0,retrieval_frozen,sgd,6000,12529.964347562545,20,0,0.00033626459260488586,0.00033626447507162024,9.69889060504314e-08,7.512873170874054e-08,0.00033626444043139043,112,2
0,retrieval_frozen,sgd,6000,12529.964347562545,20,16,0.000336264592604856,0.00033626447507160236,9.698890049761787e-08,7.512872842387463e-08,0.00033626444043139043,112,2
0,retrieval_frozen,sgd,6000,12529.964347562545,20,64,0.000336264592604856,0.00033626447507160236,9.698890049761724e-08,7.512872842387408e-08,0.00033626444043139043,112,2
0,retrieval_frozen,sgd,6000,12529.964347562545,21,0,0.00033626426297316903,0.00033626421973513093,3.568022665010778e-08,2.76383170516281e-08,0.0003362642069917154,112,2
0,retrieval_frozen,sgd,6000,12529.964347562545,21,16,0.000336264262973165,0.0003362642197351285,3.5680225898616064e-08,2.7638316607069814e-08,0.0003362642069917154,112,2
0,retrieval_frozen,sgd,6000,12529.964347562545,21,64,0.000336264262973165,0.0003362642197351285,3.5680225898615985e-08,2.7638316607069814e-08,0.0003362642069917154,112,2
0,retrieval_frozen,sgd,6000,12529.964347562545,22,0,0.00033626414170850996,0.0003362641258021294,1.3126022124093837e-08,1.0167568796263586e-08,0.00033626412111409013,112,2
0,retrieval_frozen,sgd,6000,12529.964347562545,22,16,0.0003362641417085094,0.00033626412580212915,1.3126022022390485e-08,1.0167568736099173e-08,0.00033626412111409013,112,2
0,retrieval_frozen,sgd,6000,12529.964347562545,22,64,0.0003362641417085094,0.00033626412580212915,1.3126022022390475e-08,1.0167568736099173e-08,0.00033626412111409013,112,2
0,retrieval_frozen,sgd,6000,12529.964347562545,23,0,0.0003362640970977448,0.0003362640912461151,4.828793722140094e-09,3.7404395490895895e-09,0.00033626408952148204,112,2
0,retrieval_frozen,sgd,6000,12529.964347562545,23,16,0.0003362640970977447,0.00033626409124611485,4.828793708376043e-09,3.740439540947225e-09,0.00033626408952148204,112,2
0,retrieval_frozen,sgd,6000,12529.964347562545,23,64,0.0003362640970977447,0.00033626409124611485,4.828793708376042e-09,3.740439540947225e-09,0.00033626408952148204,112,2
0,retrieval_frozen,sgd,6000,12529.964347562545,24,0,0.0003362640806863628,0.0003362640785336684,1.7764139412197254e-09,1.3760308140655792e-09,0.00033626407789921173,112,2
0,retrieval_frozen,sgd,6000,12529.964347562545,24,16,0.0003362640806863628,0.0003362640785336684,1.7764139393569637e-09,1.3760308129636303e-09,0.00033626407789921173,112,2
0,retrieval_frozen,sgd,6000,12529.964347562545,24,64,0.0003362640806863628,0.0003362640785336684,1.7764139393569629e-09,1.3760308129636303e-09,0.00033626407789921173,112,2
0,retrieval_frozen,sgd,7000,13634.677401213725,1,0,0.9996997291881993,0.9996997291881993,1.0,1.0,0.7940153795788538,112,2
0,retrieval_frozen,sgd,7000,13634.677401213725,1,16,0.8950254993549828,0.8950254993549829,0.6321205849979562,0.6321205849979562,0.7940153795788538,112,2
0,retrieval_frozen,sgd,7000,13634.677401213725,1,64,0.8950254594715964,0.8950254594715965,0.6321205588285578,0.6321205588285577,0.7940153795788538,112,2
0,retrieval_frozen,sgd,7000,13634.677401213725,2,0,0.998712142790496,0.9981872110688527,0.9109719928579993,0.8890669207602999,0.6577123767035077,112,2
0,retrieval_frozen,sgd,7000,13634.677401213725,2,16,0.8241587231078397,0.8011543770141196,0.5953267275418532,0.5859084226092706,0.6577123767035077,112,2
0,retrieval_frozen,sgd,7000,13634.677401213725,2,64,0.8241586686116076,0.8011543189156572,0.5953267043291117,0.5859084001263174,0.6577123767035077,112,2
0,retrieval_frozen,sgd,7000,13634.677401213725,3,0,0.9764529344618509,0.9512111713961522,0.7340057908900961,0.6831098821362993,0.308362139969966,112,2
0,retrieval_frozen,sgd,7000,13634.677401213725,3,16,0.5568374832335008,0.4546638122783764,0.5141945451853552,0.48878961716735675,0.308362139969966,112,2
0,retrieval_frozen,sgd,7000,13634.677401213725,3,64,0.5568374145518419,0.4546637493463796,0.514194527860416,0.4887896015201139,0.308362139969966,112,2
0,retrieval_frozen,sgd,7000,13634.677401213725,4,0,0.42832046983183736,0.2122727860846992,0.48112181133314164,0.41916185422233476,0.04372881901990257,112,2
0,retrieval_frozen,sgd,7000,13634.677401213725,4,16,0.12089326543320363,0.06632009272102847,0.37562259129694336,0.33696242807416704,0.04372881901990257,112,2
0,retrieval_frozen,sgd,7000,13634.677401213725,4,64,0.1208932492667928,0.06632008525174497,0.375622582034095,0.33696242063786813,0.04372881901990257,112,2
0,retrieval_frozen,sgd,7000,13634.677401213725,5,0,0.01781361965624151,0.008208517160259492,0.2488564417726262,0.20443711620752122,0.00453856670830076,112,2
0,retrieval_frozen,sgd,7000,13634.677401213725,5,16,0.010458662375517711,0.0057835293161590555,0.2171768777018729,0.18269991410842076,0.00453856670830076,112,2
0,retrieval_frozen,sgd,7000,13634.677401213725,5,64,0.010458661831877058,0.005783529112256136,0.21717687459342835,0.18269991192231796,0.00453856670830076,112,2
0,retrieval_frozen,sgd,7000,13634.677401213725,6,0,0.0017510863553170043,0.001199740475771535,0.10770679884514953,0.08544920541438447,0.001006676321256947,112,2
0,retrieval_frozen,sgd,7000,13634.677401213725,6,16,0.001572205058656434,0.0011235778878715122,0.10128850292550821,0.08140117065417256,0.001006676321256947,112,2
0,retrieval_frozen,sgd,7000,13634.677401213725,6,64,0.0015722050407940434,0.0011235778799711116,0.10128850224669506,0.08140117022020706,0.001006676321256947,112,2
0,retrieval_frozen,sgd,7000,13634.677401213725,7,0,0.0005988625624216936,0.0005135105022422154,0.04238268407998127,0.033092740817961215,0.0004863917771371935,112,2
0,retrieval_frozen,sgd,7000,13634.677401213725,7,16,0.0005887418276765063,0.000508330937953091,0.04134949011390361,0.03246744375521757,0.0004863917771371935,112,2
0,retrieval_frozen,sgd,7000,13634.677401213725,7,64,0.000588741826575806,0.0005083309373841135,0.04134949000050232,0.032467443686179265,0.0004863917771371935,112,2
0,retrieval_frozen,sgd,7000,13634.677401213725,8,0,0.0003894142168668862,0.00036723501745201064,0.016002261417677348,0.012414992808326468,0.00036059807092163934,112,2
0,retrieval_frozen,sgd,7000,13634.677401213725,8,16,0.00038846340469792277,0.00036670508314996754,0.015852567443303444,0.012325935021130047,0.00036059807092163934,112,2
0,retrieval_frozen,sgd,7000,13634.677401213725,8,64,0.0003884634045920772,0.0003667050830908018,0.015852567426617305,0.012325935011179812,0.00036059807092163934,112,2
0,retrieval_frozen,sgd,7000,13634.677401213725,9,0,0.0003306787803968579,0.0003235293322669687,0.005944516344298892,0.004600705222198656,0.00032144694965297385,112,2
0,retrieval_frozen,sgd,7000,13634.677401213725,9,16,0.00033056703033286446,0.0003234648853756589,0.005923729284386668,0.004588419714770169,0.00032144694965297385,112,2
0,retrieval_frozen,sgd,7000,13634.677401213725,9,64,0.0003305670303203354,0.000323464885368426,0.005923729282055685,0.004588419713391311,0.00032144694965297385,112,2
0,retrieval_frozen,sgd,7000,13634.677401213725,10,0,0.0003111529268964459,0.0003086490428063244,0.0021947688776394873,0.0016970820838071719,0.00030792753845078173,112,2
0,retrieval_frozen,sgd,7000,13634.677401213725,10,16,0.0003111385816875055,0.00030864066198678424,0.0021919286298376778,0.001695407593929573,0.00030792753845078173,112,2
0,retrieval_frozen,sgd,7000,13634.677401213725,10,64,0.0003111385816858933,0.0003086406619858426,0.00219192862951847,0.00169540759374132,0.00030792753845078173,112,2
0,retrieval_frozen,sgd,7000,13634.677401213725,11,0,0.0003042338165901567,0.0003033292812302459,0.0008084853526980161,0.0006249433615094032,0.000303069693194542,112,2
0,retrieval_frozen,sgd,7000,13634.677401213725,11,16,0.0003042319128088453,0.0003033281636216923,0.000808099607739087,0.0006247161507219641,0.000303069693194542,112,2
0,retrieval_frozen,sgd,7000,13634.677401213725,11,64,0.00030423191280863106,0.00030332816362156677,0.0008080996076956981,0.0006247161506964043,0.000303069693194542,112,2
0,retrieval_frozen,sgd,7000,13634.677401213725,12,0,0.00030172330910664235,0.00030139277047886814,0.00029757089506289445,0.00022998807436901266,0.0003012980541492123,112,2
0,retrieval_frozen,sgd,7000,13634.677401213725,12,16,0.0003017230533110825,0.00030139262004734224,0.0002975186222343573,0.0002299572951169345,0.0003012980541492123,112,2
0,retrieval_frozen,sgd,7000,13634.677401213725,12,64,0.00030172305331105376,0.00030139262004732565,0.0002975186222284758,0.00022995729511347132,0.0003012980541492123,112,2
0,retrieval_frozen,sgd,7000,13634.677401213725,13,0,0.0003008044255983148,0.0003006831266624454,0.0001094899538560722,8.461929331280477e-05,0.00030064838767339576,112,2
0,retrieval_frozen,sgd,7000,13634.677401213725,13,16,0.0003008043910720463,0.00030068310634447196,0.00010948287611155123,8.461512631803805e-05,0.00030064838767339576,112,2
0,retrieval_frozen,sgd,7000,13634.677401213725,13,64,0.00030080439107204243,0.0003006831063444699,0.00010948287611075478,8.461512631756912e-05,0.00030064838767339576,112,2
0,retrieval_frozen,sgd,7000,13634.677401213725,14,0,0.0003004670186453278,0.0003004224357246409,4.028177512771545e-05,3.113124266642214e-05,0.00030040967017914565,112,2
0,retrieval_frozen,sgd,7000,13634.677401213725,14,16,0.0003004670139772739,0.00030042243297692743,4.028081709046827e-05,3.113067865149376e-05,0.00030040967017914565,112,2
0,retrieval_frozen,sgd,7000,13634.677401213725,14,64,0.0003004670139772734,0.0003004224329769269,4.028081709036046e-05,3.113067865143028e-05,0.00030040967017914565,112,2
0,retrieval_frozen,sgd,7000,13634.677401213725,15,0,0.00030034297891270176,0.0003003265832460152,1.4819198584669025e-05,1.145275317164209e-05,0.0003003218889868321,112,2
0,retrieval_frozen,sgd,7000,13634.677401213725,15,16,0.00030034297828117676,0.0003003265828742538,1.481906892002679e-05,1.1452676836861595e-05,0.0003003218889868321,112,2
0,retrieval_frozen,sgd,7000,13634.677401213725,15,64,0.0003003429782811767,0.00030032658287425327,1.4819068920012199e-05,1.145267683685299e-05,0.0003003218889868321,112,2
0,retrieval_frozen,sgd,7000,13634.677401213725,16,0,0.0003002973587908036,0.0003002913279026837,5.451727441129797e-06,4.213260724677816e-06,0.0003002896012413715,112,2
0,retrieval_frozen,sgd,7000,13634.677401213725,16,16,0.00030029735870534726,0.00030029132785237605,5.451709892510472e-06,4.213250393706432e-06,0.0003002896012413715,112,2
0,retrieval_frozen,sgd,7000,13634.677401213725,16,64,0.00030029735870534726,0.00030029132785237605,5.451709892508497e-06,4.213250393705265e-06,0.0003002896012413715,112,2
0,retrieval_frozen,sgd,7000,13634.677401213725,17,0,0.0003002805776481316,0.00030027835910859953,2.005585068826732e-06,1.549975829306375e-06,0.00030027772394060294,112,2
0,retrieval_frozen,sgd,7000,13634.677401213725,17,16,0.00030028057763656693,0.0003002783591017911,2.005582693858542e-06,1.549974431152362e-06,0.00030027772394060294,112,2
0,retrieval_frozen,sgd,7000,13634.677401213725,17,64,0.00030028057763656693,0.0003002783591017911,2.005582693858275e-06,1.5499744311522051e-06,0.00030027772394060294,112,2
0,retrieval_frozen,sgd,7000,13634.677401213725,18,0,0.000300274404422162,0.00030027358828064126,7.378144108561804e-07,5.702047600341348e-07,0.00030027335462015804,112,2
0,retrieval_frozen,sgd,7000,13634.677401213725,18,16,0.00030027440442059695,0.00030027358827972034,7.37814089438151e-07,5.702045708141137e-07,0.00030027335462015804,112,2
0,retrieval_frozen,sgd,7000,13634.677401213725,18,64,0.00030027440442059695,0.00030027358827972034,7.378140894381146e-07,5.702045708140924e-07,0.00030027335462015804,112,2
0,retrieval_frozen,sgd,7000,13634.677401213725,19,0,0.0003002721334478539,0.00030027183320800266,2.7142687448424533e-07,2.09766678594612e-07,0.00030027174724975937,112,2
0,retrieval_frozen,sgd,7000,13634.677401213725,19,16,0.00030027213344764207,0.0003002718332078784,2.714268309849937e-07,2.0976665298644452e-07,0.00030027174724975937,112,2
0,retrieval_frozen,sgd,7000,13634.677401213725,19,64,0.00030027213344764207,0.0003002718332078784,2.714268309849888e-07,2.0976665298644153e-07,0.00030027174724975937,112,2
0,retrieval_frozen,sgd,7000,13634.677401213725,20,0,0.0003002712980069667,0.00030027118755514634,9.985238332444755e-08,7.716885798748425e-08,0.00030027115593296284,112,2
0,retrieval_frozen,sgd,7000,13634.677401213725,20,16,0.000300271298006938,0.0003002711875551298,9.985237743746142e-08,7.716885452179451e-08,0.00030027115593296284,112,2
0,retrieval_frozen,sgd,7000,13634.677401213725,20,64,0.000300271298006938,0.0003002711875551298,9.985237743746076e-08,7.716885452179423e-08,0.00030027115593296284,112,2
0,retrieval_frozen,sgd,7000,13634.677401213725,21,0,0.00030027099066596397,0.0003002709500330434,3.673364119927702e-08,2.8388837636566718e-08,0.00030027093839990433,112,2
0,retrieval_frozen,sgd,7000,13634.677401213725,21,16,0.00030027099066596007,0.0003002709500330413,3.6733640402559966e-08,2.8388837167536504e-08,0.00030027093839990433,112,2
0,retrieval_frozen,sgd,7000,13634.677401213725,21,64,0.00030027099066596007,0.0003002709500330413,3.673364040255987e-08,2.8388837167536504e-08,0.00030027093839990433,112,2
0,retrieval_frozen,sgd,7000,13634.677401213725,22,0,0.0003002708776015986,0.0003002708626535869,1.351355169733021e-08,1.04436698990571e-08,0.0003002708583739963,112,2
0,retrieval_frozen,sgd,7000,13634.677401213725,22,16,0.0003002708776015981,0.0003002708626535869,1.3513551589506275e-08,1.044366983558077e-08,0.0003002708583739963,112,2
0,retrieval_frozen,sgd,7000,13634.677401213725,22,64,0.0003002708776015981,0.0003002708626535869,1.351355158950626e-08,1.044366983558077e-08,0.0003002708583739963,112,2
0,retrieval_frozen,sgd,7000,13634.677401213725,23,0,0.0003002708360075527,0.00030027083050848707,4.971357887357018e-09,3.8420114697667745e-09,0.0003002708289341139,112,2
0,retrieval_frozen,sgd,7000,13634.677401213725,23,16,0.0003002708360075526,0.00030027083050848707,4.9713578727646336e-09,3.842011461176188e-09,0.0003002708289341139,112,2
0,retrieval_frozen,sgd,7000,13634.677401213725,23,64,0.0003002708360075526,0.00030027083050848707,4.971357872764631e-09,3.842011461176188e-09,0.0003002708289341139,112,2
0,retrieval_frozen,sgd,7000,13634.677401213725,24,0,0.0003002708207059595,0.00030027081868296614,1.8288603669725345e-09,1.4133970356555177e-09,0.0003002708181037867,112,2
0,retrieval_frozen,sgd,7000,13634.677401213725,24,16,0.0003002708207059595,0.00030027081868296614,1.8288603649976706e-09,1.4133970344929092e-09,0.0003002708181037867,112,2
0,retrieval_frozen,sgd,7000,13634.677401213725,24,64,0.0003002708207059595,0.00030027081868296614,1.8288603649976706e-09,1.4133970344929092e-09,0.0003002708181037867,112,2
0,retrieval_frozen,sgd,8000,14640.148099390584,1,0,0.9997267905406009,0.9997267905406009,1.0,1.0,0.7990529211828136,112,2
0,retrieval_frozen,sgd,8000,14640.148099390584,1,16,0.8973479354719939,0.8973479354719939,0.6321205849979562,0.6321205849979562,0.7990529211828136,112,2
0,retrieval_frozen,sgd,8000,14640.148099390584,1,64,0.8973478959143081,0.8973478959143082,0.6321205588285578,0.6321205588285577,0.7990529211828136,112,2
0,retrieval_frozen,sgd,8000,14640.148099390584,2,0,0.9988446374468657,0.9983735063737105,0.9128631246956823,0.8912067056603076,0.6657503921238481,112,2
0,retrieval_frozen,sgd,8000,14640.148099390584,2,16,0.8286415173634207,0.8061201932020805,0.5961342557855899,0.5868369707586645,0.6657503921238481,112,2
0,retrieval_frozen,sgd,8000,14640.148099390584,2,64,0.8286414631980866,0.806120135356559,0.5961342325098667,0.5868369482043927,0.6657503921238481,112,2
0,retrieval_frozen,sgd,8000,14640.148099390584,3,0,0.9790128976156903,0.9561542405245921,0.7385763701643656,0.6878270427588592,0.31671838465620555,112,2
0,retrieval_frozen,sgd,8000,14640.148099390584,3,16,0.5664639920631684,0.46396073134720306,0.516435857970869,0.4912000287494241,0.31671838465620555,112,2
0,retrieval_frozen,sgd,8000,14640.148099390584,3,64,0.5664639223254849,0.4639606668565201,0.5164358404947798,0.49120001294747545,0.31671838465620555,112,2
0,retrieval_frozen,sgd,8000,14640.148099390584,4,0,0.4501062564831925,0.22461177873992927,0.4870090628589754,0.4244978325427929,0.04474552923282725,112,2
0,retrieval_frozen,sgd,8000,14640.148099390584,4,16,0.12475846184300231,0.06792562193394742,0.3792043195543822,0.3404022081294334,0.04474552923282725,112,2
0,retrieval_frozen,sgd,8000,14640.148099390584,4,64,0.12475844472820809,0.0679256140494994,0.37920431011435457,0.3404022005405371,0.04474552923282725,112,2
0,retrieval_frozen,sgd,8000,14640.148099390584,5,0,0.018335200920400883,0.008232371237379216,0.253302179052253,0.2080185507989035,0.0044689951935500145,112,2
0,retrieval_frozen,sgd,8000,14640.148099390584,5,16,0.010500020083967675,0.00570867690241834,0.22055508455686645,0.18555491345620867,0.0044689951935500145,112,2
0,retrieval_frozen,sgd,8000,14640.148099390584,5,64,0.01050001951400389,0.005708676692381043,0.2205550813510096,0.18555491120124884,0.0044689951935500145,112,2
0,retrieval_frozen,sgd,8000,14640.148099390584,6,0,0.0016909151249010824,0.0011412783296042043,0.11000619437361861,0.08717455440523852,0.0009528715332248949,112,2
0,retrieval_frozen,sgd,8000,14640.148099390584,6,16,0.0015091069585241258,0.001065190145253626,0.10331891442534828,0.08296542357606386,0.0009528715332248949,112,2
0,retrieval_frozen,sgd,8000,14640.148099390584,6,64,0.0015091069404516682,0.0010651901373820642,0.10331891371900138,0.08296542312525944,0.0009528715332248949,112,2
0,retrieval_frozen,sgd,8000,14640.148099390584,7,0,0.0005582771771770247,0.0004756556579779988,0.04335662989014596,0.0338000032108661,0.00044996094471977876,112,2
0,retrieval_frozen,sgd,8000,14640.148099390584,7,16,0.000548289404165073,0.000470595613063541,0.04227585411479914,0.033147955988915755,0.00044996094471977876,112,2
0,retrieval_frozen,sgd,8000,14640.148099390584,7,64,0.0005482894030800534,0.00047059561250807294,0.04227585399624346,0.033147955916953055,0.00044996094471977876,112,2
0,retrieval_frozen,sgd,8000,14640.148099390584,8,0,0.00035762160510638625,0.00033641812684184546,0.01638058901386086,0.012686125799683262,0.00033021599621105714,112,2
0,retrieval_frozen,sgd,8000,14640.148099390584,8,16,0.0003566957393449848,0.0003359054075341978,0.01622373974259607,0.012593150207945126,0.00033021599621105714,112,2
0,retrieval_frozen,sgd,8000,14640.148099390584,8,64,0.00035669573924194817,0.00033590540747696575,0.016223739725116315,0.01259315019755878,0.00033021599621105714,112,2
0,retrieval_frozen,sgd,8000,14640.148099390584,9,0,0.00030192032548541136,0.00029511837062121284,0.006086561835202507,0.0047019932565299655,0.0002931833958640594,112,2
0,retrieval_frozen,sgd,8000,14640.148099390584,9,16,0.0003018120850084772,0.0002950562531709017,0.006064767076264443,0.004689161599131573,0.0002931833958640594,112,2
0,retrieval_frozen,sgd,8000,14640.148099390584,9,64,0.00030181208499634285,0.00029505625316393136,0.0060647670738206705,0.004689161597691502,0.0002931833958640594,112,2
0,retrieval_frozen,sgd,8000,14640.148099390584,10,0,0.00028347349649607555,0.0002810956274642688,0.0022474206119660217,0.001734556033364135,0.0002804266527943471,112,2
0,retrieval_frozen,sgd,8000,14640.148099390584,10,16,0.00028345962979760796,0.0002810875610911868,0.002244441954244075,0.0017328068149719356,0.0002804266527943471,112,2
0,retrieval_frozen,sgd,8000,14640.148099390584,10,64,0.00028345962979604963,0.00028108756109028026,0.002244441953909322,0.0017328068147752854,0.0002804266527943471,112,2
0,retrieval_frozen,sgd,8000,14640.148099390584,11,0,0.00027694594824261774,0.00027608751308090025,0.0008279088675144045,0.0006387581339545254,0.0002758470201475534,112,2
0,retrieval_frozen,sgd,8000,14640.148099390584,11,16,0.00027694410934489723,0.0002760864379742964,0.0008275042881984279,0.000638520768766758,0.0002758470201475534,112,2
0,retrieval_frozen,sgd,8000,14640.148099390584,11,64,0.00027694410934469036,0.0002760864379741753,0.0008275042881529212,0.0006385207687400557,0.0002758470201475534,112,2
0,retrieval_frozen,sgd,8000,14640.148099390584,12,0,0.000274578743605125,0.0002742651287994229,0.00030472373906157785,0.00023507416137615912,0.00027417740613386066,112,2
0,retrieval_frozen,sgd,8000,14640.148099390584,12,16,0.0002745784965958697,0.00027426498411699506,0.0003046689121451198,0.0002350420058267755,0.00027417740613386066,112,2
0,retrieval_frozen,sgd,8000,14640.148099390584,12,64,0.0002745784965958419,0.0002742649841169785,0.000304668912138951,0.00023504200582315728,0.00027417740613386066,112,2
0,retrieval_frozen,sgd,8000,14640.148099390584,13,0,0.00027371247674197376,0.00027359739890168815,0.00011212233145797253,8.649089057264638e-05,0.0002735652285396597,112,2
0,retrieval_frozen,sgd,8000,14640.148099390584,13,16,0.0002737124434050478,0.00027359737936162105,0.00011211490779910755,8.648653721415734e-05,0.0002735652285396597,112,2
0,retrieval_frozen,sgd,8000,14640.148099390584,13,64,0.00027371244340504414,0.00027359737936161855,0.0001121149077982722,8.648653721366746e-05,0.0002735652285396597,112,2
0,retrieval_frozen,sgd,8000,14640.148099390584,14,0,0.00027339441259536173,0.0002733521176327457,4.1250307215862416e-05,3.181983662453654e-05,0.0002733402964642306,112,2
0,retrieval_frozen,sgd,8000,14640.148099390584,14,16,0.0002733944080882798,0.00027335211499030285,4.124930235143864e-05,3.181924738293336e-05,0.0002733402964642306,112,2
0,retrieval_frozen,sgd,8000,14640.148099390584,14,64,0.0002733944080882793,0.00027335211499030236,4.124930235132556e-05,3.181924738286706e-05,0.0002733402964642306,112,2
0,retrieval_frozen,sgd,8000,14640.148099390584,15,0,0.0002732774868174433,0.0002732619327547687,1.5175519831433153e-05,1.1706082450784287e-05,0.0002732575858355823,112,2
0,retrieval_frozen,sgd,8000,14640.148099390584,15,16,0.00027327748620770403,0.0002732619323972537,1.5175383828786222e-05,1.1706002701691279e-05,0.0002732575858355823,112,2
0,retrieval_frozen,sgd,8000,14640.148099390584,15,64,0.000273277486207704,0.0002732619323972537,1.5175383828770916e-05,1.1706002701682295e-05,0.0002732575858355823,112,2
0,retrieval_frozen,sgd,8000,14640.148099390584,16,0,0.00027323448352059197,0.00027322876222927496,5.5828131659605035e-06,4.306456673645974e-06,0.0002732271633368024,112,2
0,retrieval_frozen,sgd,8000,14640.148099390584,16,16,0.000273234483438084,0.00027322876218089525,5.582794759553877e-06,4.306445880585025e-06,0.0002732271633368024,112,2
0,retrieval_frozen,sgd,8000,14640.148099390584,16,64,0.000273234483438084,0.00027322876218089525,5.582794759551805e-06,4.3064458805838085e-06,0.0002732271633368024,112,2
0,retrieval_frozen,sgd,8000,14640.148099390584,17,0,0.00027321866501986094,0.0002732165603730017,2.053809145454082e-06,1.584260880944611e-06,0.0002732159722071269,112,2
0,retrieval_frozen,sgd,8000,14640.148099390584,17,16,0.0002732186650086953,0.0002732165603664549,2.0538066543954288e-06,1.5842594202529482e-06,0.0002732159722071269,112,2
0,retrieval_frozen,sgd,8000,14640.148099390584,17,64,0.0002732186650086953,0.0002732165603664549,2.0538066543951484e-06,1.5842594202527851e-06,0.0002732159722071269,112,2
0,retrieval_frozen,sgd,8000,14640.148099390584,18,0,0.0002732128459254427,0.0002732120716824752,7.555551023421663e-07,5.828175497628258e-07,0.0002732118553129155,112,2
0,retrieval_frozen,sgd,8000,14640.148099390584,18,16,0.00027321284592393165,0.0002732120716815892,7.555547652129227e-07,5.828173520792223e-07,0.0002732118553129155,112,2
0,retrieval_frozen,sgd,8000,14640.148099390584,18,64,0.00027321284592393165,0.0002732120716815892,7.555547652128847e-07,5.828173520792005e-07,0.0002732118553129155,112,2
0,retrieval_frozen,sgd,8000,14640.148099390584,19,0,0.00027321070522822545,0.0002732104204019608,2.7795331626116703e-07,2.144066678920495e-07,0.000273210340804667,112,2
0,retrieval_frozen,sgd,8000,14640.148099390584,19,16,0.0002732107052280209,0.00027321042040184097,2.779532706356298e-07,2.1440664113845923e-07,0.000273210340804667,112,2
0,retrieval_frozen,sgd,8000,14640.148099390584,19,64,0.0002732107052280209,0.00027321042040184097,2.779532706356247e-07,2.1440664113845615e-07,0.000273210340804667,112,2
0,retrieval_frozen,sgd,8000,14640.148099390584,20,0,0.00027320991771351684,0.0002732098129320342,1.0225332790468122e-07,7.887581509851887e-08,0.00027320978364991027,112,2
0,retrieval_frozen,sgd,8000,14640.148099390584,20,16,0.0002732099177134892,0.00027320981293201815,1.0225332172993346e-07,7.887581147781317e-08,0.00027320978364991027,112,2
0,retrieval_frozen,sgd,8000,14640.148099390584,20,64,0.0002732099177134892,0.00027320981293201815,1.0225332172993277e-07,7.887581147781261e-08,0.00027320978364991027,112,2
0,retrieval_frozen,sgd,8000,14640.148099390584,21,0,0.0002732096280035585,0.00027320958945663824,3.7616899461591885e-08,2.9016792124394684e-08,0.0002732095786843578,112,2
0,retrieval_frozen,sgd,8000,14640.148099390584,21,16,0.0002732096280035547,0.0002732095894566363,3.761689862593051e-08,2.9016791634385343e-08,0.0002732095786843578,112,2
0,retrieval_frozen,sgd,8000,14640.148099390584,21,64,0.0002732096280035547,0.0002732095894566363,3.761689862593042e-08,2.9016791634385343e-08,0.0002732095786843578,112,2
0,retrieval_frozen,sgd,8000,14640.148099390584,22,0,0.0002732095214252902,0.00027320950724467514,1.3838484268418574e-08,1.0674681453202195e-08,0.00027320950328177645,112,2
0,retrieval_frozen,sgd,8000,14640.148099390584,22,16,0.0002732095214252897,0.0002732095072446747,1.38384841553241e-08,1.0674681386886658e-08,0.00027320950328177645,112,2
0,retrieval_frozen,sgd,8000,14640.148099390584,22,64,0.0002732095214252897,0.0002732095072446747,1.3838484155324091e-08,1.0674681386886658e-08,0.00027320950328177645,112,2
0,retrieval_frozen,sgd,8000,14640.148099390584,23,0,0.00027320948221734587,0.0002732094770005899,5.090893902076099e-09,3.9269958723035675e-09,0.00027320947554272126,112,2
0,retrieval_frozen,sgd,8000,14640.148099390584,23,16,0.0002732094822173458,0.0002732094770005899,5.090893886770426e-09,3.92699586332874e-09,0.00027320947554272126,112,2
0,retrieval_frozen,sgd,8000,14640.148099390584,23,64,0.0002732094822173458,0.0002732094770005899,5.090893886770424e-09,3.92699586332874e-09,0.00027320947554272126,112,2
0,retrieval_frozen,sgd,8000,14640.148099390584,24,0,0.0002732094677935505,0.0002732094658744132,1.872835209544512e-09,1.4446610503170668e-09,0.0002732094653380932,112,2
0,retrieval_frozen,sgd,8000,14640.148099390584,24,16,0.0002732094677935505,0.0002732094658744132,1.8728352074731153e-09,1.4446610491024581e-09,0.0002732094653380932,112,2
0,retrieval_frozen,sgd,8000,14640.148099390584,24,64,0.0002732094677935505,0.0002732094658744132,1.872835207473115e-09,1.4446610491024581e-09,0.0002732094653380932,112,2
0,retrieval_frozen,sgd,9000,15564.976118559222,1,0,0.9997479827401567,0.9997479827401565,1.0,1.0,0.8032786720365085,112,2
0,retrieval_frozen,sgd,9000,15564.976118559222,1,16,0.8992971274042353,0.8992971274042353,0.6321205849979562,0.6321205849979562,0.8032786720365085,112,2
0,retrieval_frozen,sgd,9000,15564.976118559222,1,64,0.8992970881305843,0.8992970881305843,0.6321205588285578,0.6321205588285577,0.8032786720365085,112,2
0,retrieval_frozen,sgd,9000,15564.976118559222,2,0,0.9989466625350454,0.9985170028455487,0.9144231982860693,0.8929757381310828,0.6725137499221363,112,2
0,retrieval_frozen,sgd,9000,15564.976118559222,2,16,0.8323773859043669,0.8102634708999574,0.5967995471326388,0.5876034837643622,0.6725137499221363,112,2
0,retrieval_frozen,sgd,9000,15564.976118559222,2,64,0.8323773320363436,0.8102634132893762,0.5967995238049636,0.5876034611511323,0.6725137499221363,112,2
0,retrieval_frozen,sgd,9000,15564.976118559222,3,0,0.9809767772752167,0.9599878702033875,0.7423753491410304,0.6917589719319918,0.32392942548521814,112,2
0,retrieval_frozen,sgd,9000,15564.976118559222,3,16,0.5745777766056221,0.47186638822533966,0.5182924982586449,0.49320198618454664,0.32392942548521814,112,2
0,retrieval_frozen,sgd,9000,15564.976118559222,3,64,0.5745777060159812,0.4718663224339964,0.5182924806568515,0.49320197025352924,0.32392942548521814,112,2
0,retrieval_frozen,sgd,9000,15564.976118559222,4,0,0.4688827691976814,0.23564705679430742,0.4919558732780071,0.4289929738445108,0.04564403403284907,112,2
0,retrieval_frozen,sgd,9000,15564.976118559222,4,16,0.12813905910066833,0.06933315611485905,0.38219925028874846,0.34328668472038687,0.04564403403284907,112,2
0,retrieval_frozen,sgd,9000,15564.976118559222,4,64,0.12813904114719993,0.06933314786198189,0.382199240699289,0.3432866770023331,0.04564403403284907,112,2
0,retrieval_frozen,sgd,9000,15564.976118559222,5,0,0.018811108384068045,0.008259133835130657,0.25707593604607026,0.21106201535509303,0.004412925096612661,112,2
0,retrieval_frozen,sgd,9000,15564.976118559222,5,16,0.010540847079266323,0.005648129437611423,0.2234107163376189,0.1879727303611968,0.004412925096612661,112,2
0,retrieval_frozen,sgd,9000,15564.976118559222,5,64,0.010540846485957881,0.0056481292222386945,0.22341071304825252,0.18797272804708898,0.004412925096612661,112,2
0,retrieval_frozen,sgd,9000,15564.976118559222,6,0,0.0016422998478471777,0.0010940975848022884,0.11197040406784782,0.08864787808382696,0.0009095683796779666,112,2
0,retrieval_frozen,sgd,9000,15564.976118559222,6,16,0.001457983708873978,0.0010180972461447892,0.10504925197395114,0.08429881822867911,0.0009095683796779666,112,2
0,retrieval_frozen,sgd,9000,15564.976118559222,6,64,0.0014579836906248062,0.0010180972383006344,0.10504925124370804,0.08429881776326788,0.0009095683796779666,112,2
0,retrieval_frozen,sgd,9000,15564.976118559222,7,0,0.0005259450831196672,0.0004456131897603052,0.044191075203704765,0.034405251352702414,0.0004210817795554917,112,2
0,retrieval_frozen,sgd,9000,15564.976118559222,7,16,0.0005160744962248061,0.0004406558805602335,0.04306870009852616,0.03372987626511153,0.0004210817795554917,112,2
0,retrieval_frozen,sgd,9000,15564.976118559222,7,64,0.0005160744951535665,0.0004406558800163647,0.04306869997546779,0.03372987619060001,0.0004210817795554917,112,2
0,retrieval_frozen,sgd,9000,15564.976118559222,8,0,0.00033255304742123087,0.0003121594466264488,0.016705119426617687,0.012918348021754091,0.00030630883392786777,112,2
0,retrieval_frozen,sgd,9000,15564.976118559222,8,16,0.00033164861089129765,0.0003116613388869327,0.01654199991960763,0.012821950332314003,0.00030630883392786777,112,2
0,retrieval_frozen,sgd,9000,15564.976118559222,8,64,0.00033164861079067274,0.00031166133883134094,0.016541999901432652,0.012821950321546824,0.00030630883392786777,112,2
0,retrieval_frozen,sgd,9000,15564.976118559222,9,0,0.00027934063685823,0.0002728259430802181,0.00620846509601519,0.004788773107290189,0.00027100962202872926,112,2
0,retrieval_frozen,sgd,9000,15564.976118559222,9,16,0.00027923539035182846,0.00027276579426307004,0.006185786484635382,0.004775464108065935,0.00027100962202872926,112,2
0,retrieval_frozen,sgd,9000,15564.976118559222,9,64,0.00027923539034003077,0.00027276579425632093,0.006185786482092696,0.004775464106572366,0.00027100962202872926,112,2
0,retrieval_frozen,sgd,9000,15564.976118559222,10,0,0.0002617763821361316,0.00025950252591071726,0.0022926140504039806,0.001766666159595488,0.0002588757638212326,112,2
0,retrieval_frozen,sgd,9000,15564.976118559222,10,16,0.00026176292265524324,0.0002594947248621355,0.002289513952158153,0.0017648516125182692,0.0002588757638212326,112,2
0,retrieval_frozen,sgd,9000,15564.976118559222,10,64,0.0002617629226537307,0.00025949472486125856,0.0022895139518097607,0.0017648516123142791,0.0002588757638212326,112,2
0,retrieval_frozen,sgd,9000,15564.976118559222,11,0,0.00025556875991322346,0.00025474835418121404,0.0008445820384440516,0.0006505960540697847,0.00025452319641343027,112,2
0,retrieval_frozen,sgd,9000,15564.976118559222,11,16,0.0002555669761833365,0.000254747314916355,0.0008441609318288985,0.0006503498110110583,0.00025452319641343027,112,2
0,retrieval_frozen,sgd,9000,15564.976118559222,11,64,0.00025556697618313583,0.00025474731491623783,0.0008441609317815331,0.0006503498109833582,0.00025452319641343027,112,2
0,retrieval_frozen,sgd,9000,15564.976118559222,12,0,0.00025331859380306113,0.0002530189370284744,0.0003108638940947203,0.00023943251535232216,0.0002529368296385842,112,2
0,retrieval_frozen,sgd,9000,15564.976118559222,12,16,0.0002533183542620167,0.00025301879719321214,0.0003108068258415544,0.0002393991564848703,0.0002529368296385842,112,2
0,retrieval_frozen,sgd,9000,15564.976118559222,12,64,0.00025331835426198974,0.00025301879719319685,0.0003108068258351335,0.00023939915648111708,0.0002529368296385842,112,2
0,retrieval_frozen,sgd,9000,15564.976118559222,13,0,0.0002524952936997115,0.0002523853463506878,0.0001143820405149146,8.80947034946099e-05,0.0002523552381869758,112,2
0,retrieval_frozen,sgd,9000,15564.976118559222,13,16,0.0002524952613735864,0.0002523853274664364,0.00011437431329415109,8.809018719354699e-05,0.0002523552381869758,112,2
0,retrieval_frozen,sgd,9000,15564.976118559222,13,64,0.0002524952613735827,0.00025238532746643417,0.00011437431329328159,8.80901871930388e-05,0.0002523552381869758,112,2
0,retrieval_frozen,sgd,9000,15564.976118559222,14,0,0.0002521930240263133,0.0002521526158719223,4.2081725814374774e-05,3.2409909252872546e-05,0.0002521415528639447,112,2
0,retrieval_frozen,sgd,9000,15564.976118559222,14,16,0.00025219301965603245,0.0002521526133182255,4.2080679855858307e-05,3.2409297954847956e-05,0.0002521415528639447,112,2
0,retrieval_frozen,sgd,9000,15564.976118559222,14,64,0.00025219301965603196,0.00025215261331822504,4.208067985574061e-05,3.2409297954779163e-05,0.0002521415528639447,112,2
0,retrieval_frozen,sgd,9000,15564.976118559222,15,0,0.00025208190706949897,0.0002520670470443333,1.5481397625363062e-05,1.192316654314396e-05,0.00025206297897188874,112,2
0,retrieval_frozen,sgd,9000,15564.976118559222,15,16,0.0002520819064782739,0.00025206704669882815,1.5481256060664886e-05,1.1923083808812731e-05,0.00025206297897188874,112,2
0,retrieval_frozen,sgd,9000,15564.976118559222,15,64,0.0002520819064782738,0.00025206704669882815,1.5481256060648955e-05,1.1923083808803412e-05,0.00025206297897188874,112,2
0,retrieval_frozen,sgd,9000,15564.976118559222,16,0,0.0002520410404963728,0.00025203557451629674,5.695341481244623e-06,4.386318599112265e-06,0.0002520340781970202,112,2
0,retrieval_frozen,sgd,9000,15564.976118559222,16,16,0.00025204104041637055,0.00025203557446954264,5.695322322067805e-06,4.386307402031983e-06,0.0002520340781970202,112,2
0,retrieval_frozen,sgd,9000,15564.976118559222,16,64,0.0002520410404163705,0.00025203557446954264,5.695322322065648e-06,4.386307402030721e-06,0.0002520340781970202,112,2
0,retrieval_frozen,sgd,9000,15564.976118559222,17,0,0.0002520260080223054,0.000252023997297729,2.0952062919850374e-06,1.6136405972131845e-06,0.00025202344686523496,112,2
0,retrieval_frozen,sgd,9000,15564.976118559222,17,16,0.00025202600801147893,0.0002520239972914021,2.0952036990486034e-06,1.6136390818428915e-06,0.00025202344686523496,112,2
0,retrieval_frozen,sgd,9000,15564.976118559222,17,64,0.00025202600801147893,0.0002520239972914021,2.095203699048311e-06,1.6136390818427197e-06,0.00025202344686523496,112,2
0,retrieval_frozen,sgd,9000,15564.976118559222,18,0,0.00025202047808686777,0.0002520197383957775,7.707843010989365e-07,5.936257644450337e-07,0.0002520195359073918,112,2
0,retrieval_frozen,sgd,9000,15564.976118559222,18,16,0.00025202047808540253,0.0002520197383949213,7.707839501819641e-07,5.93625559361455e-07,0.0002520195359073918,112,2
0,retrieval_frozen,sgd,9000,15564.976118559222,18,64,0.00025202047808540253,0.0002520197383949213,7.707839501819247e-07,5.936255593614328e-07,0.0002520195359073918,112,2
0,retrieval_frozen,sgd,9000,15564.976118559222,19,0,0.000252018443764744,0.0002520181716493781,2.835558307519537e-07,2.1838279072221402e-07,0.00025201809715866074,112,2
0,retrieval_frozen,sgd,9000,15564.976118559222,19,16,0.00025201844376454563,0.00025201817164926214,2.835557832604469e-07,2.1838276296714438e-07,0.00025201809715866074,112,2
0,retrieval_frozen,sgd,9000,15564.976118559222,19,64,0.00025201844376454563,0.00025201817164926214,2.8355578326044154e-07,2.183827629671413e-07,0.00025201809715866074,112,2
0,retrieval_frozen,sgd,9000,15564.976118559222,20,0,0.0002520176953831708,0.00025201759527776246,1.0431437853046419e-07,8.033854932939527e-08,0.0002520175678742403,112,2
0,retrieval_frozen,sgd,9000,15564.976118559222,20,16,0.0002520176953831439,0.00025201759527774723,1.0431437210318475e-07,8.033854557315381e-08,0.0002520175678742403,112,2
0,retrieval_frozen,sgd,9000,15564.976118559222,20,64,0.0002520176953831439,0.00025201759527774723,1.0431437210318402e-07,8.033854557315353e-08,0.0002520175678742403,112,2
0,retrieval_frozen,sgd,9000,15564.976118559222,21,0,0.0002520174200694783,0.0002520173832427894,3.837511771225164e-08,2.9554902028083166e-08,0.00025201737316160757,112,2
0,retrieval_frozen,sgd,9000,15564.976118559222,21,16,0.00025201742006947464,0.00025201738324278717,3.837511684241379e-08,2.9554901519731056e-08,0.00025201737316160757,112,2
0,retrieval_frozen,sgd,9000,15564.976118559222,21,64,0.00025201742006947464,0.00025201738324278717,3.837511684241368e-08,2.955490151973095e-08,0.00025201737316160757,112,2
0,retrieval_frozen,sgd,9000,15564.976118559222,22,0,0.0002520173187872989,0.0002520173052395215,1.4117417188049985e-08,1.0872641030931334e-08,0.0002520173015308634,112,2
0,retrieval_frozen,sgd,9000,15564.976118559222,22,16,0.0002520173187872985,0.0002520173052395215,1.411741707033023e-08,1.0872640962133343e-08,0.0002520173015308634,112,2
0,retrieval_frozen,sgd,9000,15564.976118559222,22,64,0.0002520173187872985,0.0002520173052395215,1.4117417070330225e-08,1.0872640962133343e-08,0.0002520173015308634,112,2
0,retrieval_frozen,sgd,9000,15564.976118559222,23,0,0.00025201728152767666,0.0002520172765437284,5.193507590473395e-09,3.999821132090117e-09,0.0002520172751793898,112,2
0,retrieval_frozen,sgd,9000,15564.976118559222,23,16,0.00025201728152767655,0.0002520172765437284,5.1935075745417575e-09,3.999821122779312e-09,0.0002520172751793898,112,2
0,retrieval_frozen,sgd,9000,15564.976118559222,23,64,0.00025201728152767655,0.0002520172765437284,5.193507574541756e-09,3.999821122779312e-09,0.0002520172751793898,112,2
0,retrieval_frozen,sgd,9000,15564.976118559222,24,0,0.00025201726782062884,0.0002520172659871367,1.9105846761321154e-09,1.4714519663200215e-09,0.00025201726548522484,112,2
0,retrieval_frozen,sgd,9000,15564.976118559222,24,16,0.00025201726782062884,0.0002520172659871367,1.910584673976002e-09,1.4714519650599442e-09,0.00025201726548522484,112,2
0,retrieval_frozen,sgd,9000,15564.976118559222,24,64,0.00025201726782062884,0.0002520172659871367,1.9105846739760018e-09,1.4714519650599442e-09,0.00025201726548522484,112,2
0,retrieval_frozen,sgd,10000,16422.80840538935,1,0,0.999765097839541,0.999765097839541,1.0,1.0,0.8068992843439796,112,2
0,retrieval_frozen,sgd,10000,16422.80840538935,1,16,0.9009680586992925,0.9009680586992926,0.6321205849979562,0.6321205849979562,0.8068992843439796,112,2
0,retrieval_frozen,sgd,10000,16422.80840538935,1,64,0.9009680196770284,0.9009680196770282,0.6321205588285578,0.6321205588285577,0.8068992843439796,112,2
0,retrieval_frozen,sgd,10000,16422.80840538935,2,0,0.9990279070096888,0.9986312981366408,0.9157414997350423,0.8944733628632636,0.6783233994125607,112,2
0,retrieval_frozen,sgd,10000,16422.80840538935,2,16,0.8355611433947884,0.8137978840405224,0.5973611212675297,0.588251585822699,0.6783233994125607,112,2
0,retrieval_frozen,sgd,10000,16422.80840538935,2,64,0.8355610897960172,0.8137978266480053,0.5973610978959562,0.5882515631595586,0.6783233994125607,112,2
0,retrieval_frozen,sgd,10000,16422.80840538935,3,0,0.982534931915931,0.9630567830216485,0.7456058922424803,0.6951106237040787,0.33025852800603545,112,2
0,retrieval_frozen,sgd,10000,16422.80840538935,3,16,0.5815575633822433,0.4787187597128946,0.519866855926181,0.49490334285355425,0.33025852800603545,112,2
0,retrieval_frozen,sgd,10000,16422.80840538935,3,64,0.5815574920887375,0.47871869281365864,0.5198668382174438,0.4949033268124356,0.33025852800603545,112,2
0,retrieval_frozen,sgd,10000,16422.80840538935,4,0,0.48530723980369267,0.24562743361518,0.4962012415762979,0.4328592526822061,0.04644904815784815,112,2
0,retrieval_frozen,sgd,10000,16422.80840538935,4,16,0.13114117139304593,0.07058580515836885,0.3847589195213906,0.3457579846934659,0.04644904815784815,112,2
0,retrieval_frozen,sgd,10000,16422.80840538935,4,64,0.13114115268799842,0.07058579657418652,0.3847589098032929,0.3457579768638886,0.04644904815784815,112,2
0,retrieval_frozen,sgd,10000,16422.80840538935,5,0,0.019249222153921327,0.008287217710532698,0.26034278408848055,0.21369924401626808,0.004366528651900104,112,2
0,retrieval_frozen,sgd,10000,16422.80840538935,5,16,0.010580466922282372,0.005597869761402457,0.22587395618753076,0.19006166134374133,0.004366528651900104,112,2
0,retrieval_frozen,sgd,10000,16422.80840538935,5,64,0.010580466307986114,0.005597869541311751,0.22587395282527215,0.19006165897791463,0.004366528651900104,112,2
0,retrieval_frozen,sgd,10000,16422.80840538935,6,0,0.001601958433233739,0.0010549787672233892,0.11368002531142073,0.08992988718567521,0.0008737489998108015,112,2
0,retrieval_frozen,sgd,10000,16422.80840538935,6,16,0.001415450932541173,0.0009790718992646551,0.10655225094463572,0.08545730044464014,0.0008737489998108015,112,2
0,retrieval_frozen,sgd,10000,16422.80840538935,6,64,0.0014154509141400386,0.0009790718914463,0.1065522501933137,0.08545729996634911,0.0008737489998108015,112,2
0,retrieval_frozen,sgd,10000,16422.80840538935,7,0,0.0004994379493790786,0.00042106559404765697,0.044919227356483585,0.03493288170022911,0.00039750797825231803,112,2
0,retrieval_frozen,sgd,10000,16422.80840538935,7,16,0.0004896717762651158,0.0004161980138307609,0.043759924874127214,0.03423684254300562,0.00039750797825231803,112,2
0,retrieval_frozen,sgd,10000,16422.80840538935,7,64,0.0004896717752061267,0.000416198013297015,0.04375992474707461,0.03423684246623744,0.00039750797825231803,112,2
0,retrieval_frozen,sgd,10000,16422.80840538935,8,0,0.0003121851257825741,0.0002924785736632555,0.016988606342365646,0.013120938151453878,0.0002869195395982851,112,2
0,retrieval_frozen,sgd,10000,16422.80840538935,8,16,0.0003112993913583737,0.0002919930929095538,0.016819909588036253,0.013021504904570377,0.0002869195395982851,112,2
0,retrieval_frozen,sgd,10000,16422.80840538935,8,64,0.00031129939125985266,0.0002919930928553791,0.016819909569243056,0.013021504893465435,0.0002869195395982851,112,2
0,retrieval_frozen,sgd,10000,16422.80840538935,9,0,0.0002610634098507766,0.000254791551531185,0.0063149937525099915,0.004864500637595859,0.0002530732786620359,112,2
0,retrieval_frozen,sgd,10000,16422.80840538935,9,16,0.00026096076117322365,0.0002547330977202209,0.006291528356772989,0.004850767988546759,0.0002530732786620359,112,2
0,retrieval_frozen,sgd,10000,16422.80840538935,9,64,0.0002609607611617181,0.0002547330977136623,0.006291528354142259,0.0048507679870057165,0.0002530732786620359,112,2
0,retrieval_frozen,sgd,10000,16422.80840538935,10,0,0.0002442386742119564,0.00024205262762425742,0.0023321135228828427,0.0017946896134385742,0.00024146069644201428,112,2
0,retrieval_frozen,sgd,10000,16422.80840538935,10,16,0.0002442255673425598,0.000242045054715545,0.002328905289384605,0.0017928170743900758,0.00024146069644201428,112,2
0,retrieval_frozen,sgd,10000,16422.80840538935,10,64,0.0002442255673410869,0.0002420450547146939,0.002328905289024069,0.0017928170741795689,0.00024146069644201428,112,2
0,retrieval_frozen,sgd,10000,16422.80840538935,11,0,0.00023829886690061836,0.00023751055042862474,0.0008591553442065178,0.0006609277491331317,0.00023729803925600978,112,2
0,retrieval_frozen,sgd,10000,16422.80840538935,11,16,0.0002382971309050122,0.00023750954196718674,0.0008587195194520563,0.0006606736246494296,0.00023729803925600978,112,2
0,retrieval_frozen,sgd,10000,16422.80840538935,11,64,0.0002382971309048169,0.0002375095419670733,0.0008587195194030362,0.0006606736246208428,0.00023729803925600978,112,2
0,retrieval_frozen,sgd,10000,16422.80840538935,12,0,0.00023614664090665372,0.00023585875977131984,0.00031623085021894844,0.00024323637744309124,0.00023578128224527702,112,2
0,retrieval_frozen,sgd,10000,16422.80840538935,12,16,0.00023614640782574492,0.0002358586241010965,0.00031617178589657245,0.0002432019502881636,0.00023578128224527702,112,2
0,retrieval_frozen,sgd,10000,16422.80840538935,12,64,0.00023614640782571866,0.00023585862410108142,0.0003161717858899269,0.00024320195028428978,0.00023578128224527702,112,2
0,retrieval_frozen,sgd,10000,16422.80840538935,13,0,0.0002353592915352015,0.00023525367221332067,0.00011635721054130424,8.949447843007539e-05,0.00023522526423043217,112,2
0,retrieval_frozen,sgd,10000,16422.80840538935,13,16,0.00023535926008334875,0.00023525365389255582,0.00011634921297314759,8.948981746962907e-05,0.00023522526423043217,112,2
0,retrieval_frozen,sgd,10000,16422.80840538935,13,64,0.0002353592600833452,0.0002352536538925537,0.00011634921297224763,8.948981746910453e-05,0.00023522526423043217,112,2
0,retrieval_frozen,sgd,10000,16422.80840538935,14,0,0.00023507023662596677,0.00023503142012312901,4.280845548573235e-05,3.292491348573582e-05,0.00023502098216393263,112,2
0,retrieval_frozen,sgd,10000,16422.80840538935,14,16,0.000235070232374005,0.00023503141764568263,4.2807372929271745e-05,3.2924282606088276e-05,0.00023502098216393263,112,2
0,retrieval_frozen,sgd,10000,16422.80840538935,14,64,0.00023507023237400452,0.00023503141764568222,4.280737292914993e-05,3.292428260601728e-05,0.00023502098216393263,112,2
0,retrieval_frozen,sgd,10000,16422.80840538935,15,0,0.00023496397965041603,0.00023494970508792154,1.5748760773621887e-05,1.211263356666109e-05,0.00023494586690221323,112,2
0,retrieval_frozen,sgd,10000,16422.80840538935,15,16,0.00023496397907520365,0.00023494970475273523,1.57486142554125e-05,1.2112548182040976e-05,0.00023494586690221323,112,2
0,retrieval_frozen,sgd,10000,16422.80840538935,15,64,0.0002349639790752036,0.00023494970475273482,1.574861425539601e-05,1.2112548182031357e-05,0.00023494586690221323,112,2
0,retrieval_frozen,sgd,10000,16422.80840538935,16,0,0.00023492490076700075,0.00023491965015669453,5.793700814484763e-06,4.456020644225346e-06,0.00023491823840046284,112,2
0,retrieval_frozen,sgd,10000,16422.80840538935,16,16,0.0002349249006891655,0.0002349196501113366,5.793680984897306e-06,4.4560090884572895e-06,0.00023491823840046284,112,2
0,retrieval_frozen,sgd,10000,16422.80840538935,16,64,0.0002349249006891655,0.0002349196501113366,5.793680984895073e-06,4.456009088455992e-06,0.00023491823840046284,112,2
0,retrieval_frozen,sgd,10000,16422.80840538935,17,0,0.00023491052592049646,0.00023490859442468944,2.1313909294182548e-06,1.6392826849841695e-06,0.00023490807510017744,112,2
0,retrieval_frozen,sgd,10000,16422.80840538935,17,16,0.00023491052590996321,0.000234908594418551,2.131388245750322e-06,1.63928112107026e-06,0.00023490807510017744,112,2
0,retrieval_frozen,sgd,10000,16422.80840538935,17,64,0.00023491052590996321,0.000234908594418551,2.1313882457500202e-06,1.6392811210700824e-06,0.00023490807510017744,112,2
0,retrieval_frozen,sgd,10000,16422.80840538935,18,0,0.00023490523790910164,0.00023490452736446525,7.840959206043144e-07,6.030589800906343e-07,0.00023490433631992845,112,2
0,retrieval_frozen,sgd,10000,16422.80840538935,18,16,0.00023490523790767616,0.00023490452736363467,7.84095557408105e-07,6.030587684373657e-07,0.00023490433631992845,112,2
0,retrieval_frozen,sgd,10000,16422.80840538935,18,64,0.00023490523790767616,0.00023490452736363467,7.840955574080643e-07,6.030587684373422e-07,0.00023490433631992845,112,2
0,retrieval_frozen,sgd,10000,16422.80840538935,19,0,0.00023490329258537,0.00023490303119236023,2.8845290667503637e-07,2.2185307935665285e-07,0.0002349029609115811,112,2
0,retrieval_frozen,sgd,10000,16422.80840538935,19,16,0.0002349032925851771,0.00023490303119224801,2.884528575217123e-07,2.2185305071247125e-07,0.0002349029609115811,112,2
0,retrieval_frozen,sgd,10000,16422.80840538935,19,64,0.0002349032925851771,0.00023490303119224801,2.884528575217068e-07,2.2185305071246807e-07,0.0002349029609115811,112,2
0,retrieval_frozen,sgd,10000,16422.80840538935,20,0,0.0002349025769444093,0.00023490248078353218,1.0611591273110296e-07,8.16151975159149e-08,0.00023490245492875715,112,2
0,retrieval_frozen,sgd,10000,16422.80840538935,20,16,0.00023490257694438327,0.0002349024807835172,1.0611590607892081e-07,8.161519363934517e-08,0.00023490245492875715,112,2
0,retrieval_frozen,sgd,10000,16422.80840538935,20,64,0.00023490257694438327,0.0002349024807835172,1.0611590607892006e-07,8.16151936393446e-08,0.00023490245492875715,112,2
0,retrieval_frozen,sgd,10000,16422.80840538935,21,0,0.0002349023136753061,0.00023490227829972853,3.903786519475263e-08,3.002455469592936e-08,0.000234902268788299,112,2
0,retrieval_frozen,sgd,10000,16422.80840538935,21,16,0.00023490231367530263,0.0002349022782997264,3.903786429447752e-08,3.0024554171292657e-08,0.000234902268788299,112,2
0,retrieval_frozen,sgd,10000,16422.80840538935,21,64,0.00023490231367530263,0.0002349022782997264,3.9037864294477415e-08,3.0024554171292657e-08,0.000234902268788299,112,2
0,retrieval_frozen,sgd,10000,16422.80840538935,22,0,0.00023490221682408234,0.000234902203810139,1.4361228373394623e-08,1.1045416598205188e-08,0.0002349022003110812,112,2
0,retrieval_frozen,sgd,10000,16422.80840538935,22,16,0.00023490221682408188,0.0002349022038101386,1.4361228251555627e-08,1.1045416527203295e-08,0.0002349022003110812,112,2
0,retrieval_frozen,sgd,10000,16422.80840538935,22,64,0.00023490221682408188,0.0002349022038101386,1.4361228251555615e-08,1.1045416527203295e-08,0.0002349022003110812,112,2
0,retrieval_frozen,sgd,10000,16422.80840538935,23,0,0.00023490218119451737,0.00023490217640695555,5.283200714692289e-09,4.063381712077054e-09,0.00023490217511972446,112,2
0,retrieval_frozen,sgd,10000,16422.80840538935,23,16,0.00023490218119451723,0.00023490217640695555,5.283200698203172e-09,4.063381702467997e-09,0.00023490217511972446,112,2
0,retrieval_frozen,sgd,10000,16422.80840538935,23,64,0.00023490218119451723,0.00023490217640695555,5.2832006982031705e-09,4.063381702467997e-09,0.00023490217511972446,112,2
0,retrieval_frozen,sgd,10000,16422.80840538935,24,0,0.00023490216808713402,0.00023490216632588844,1.9435809327636198e-09,1.4948345970812056e-09,0.00023490216585234268,112,2
0,retrieval_frozen,sgd,10000,16422.80840538935,24,16,0.00023490216808713402,0.00023490216632588844,1.943580930532061e-09,1.4948345957807644e-09,0.00023490216585234268,112,2
0,retrieval_frozen,sgd,10000,16422.80840538935,24,64,0.00023490216808713402,0.00023490216632588844,1.9435809305320606e-09,1.4948345957807644e-09,0.00023490216585234268,112,2
0,retrieval_frozen,sgd,11000,17223.98011750906,1,0,0.9997792568935323,0.9997792568935323,1.0,1.0,0.810053534954598,112,2
0,retrieval_frozen,sgd,11000,17223.98011750906,1,16,0.902424522317875,0.902424522317875,0.6321205849979562,0.6321205849979562,0.810053534954598,112,2
0,retrieval_frozen,sgd,11000,17223.98011750906,1,64,0.9024244835207736,0.9024244835207736,0.6321205588285578,0.6321205588285577,0.810053534954598,112,2
0,retrieval_frozen,sgd,11000,17223.98011750906,2,0,0.9990943150758029,0.9987247383853151,0.9168766061534761,0.8957649187708571,0.6833957035836843,112,2
0,retrieval_frozen,sgd,11000,17223.98011750906,2,16,0.8383223470838851,0.8168657488962487,0.5978442075861957,0.5888099145438532,0.6833957035836843,112,2
0,retrieval_frozen,sgd,11000,17223.98011750906,2,64,0.838322293730733,0.8168656917064844,0.5978441841768263,0.5888098918376717,0.6833957035836843,112,2
0,retrieval_frozen,sgd,11000,17223.98011750906,3,0,0.9838040695600634,0.9655752701619251,0.7484025483325072,0.6980181717939383,0.33588861333505154,112,2
0,retrieval_frozen,sgd,11000,17223.98011750906,3,16,0.5876591292069259,0.4847484404204759,0.5212264557605228,0.4963754415400559,0.33588861333505154,112,2
0,retrieval_frozen,sgd,11000,17223.98011750906,3,64,0.5876590573208283,0.4847483725620046,0.5212264379591703,0.4963754254033661,0.33588861333505154,112,2
0,retrieval_frozen,sgd,11000,17223.98011750906,4,0,0.49984922436990864,0.2547357734312704,0.4999055491531115,0.4362393090611813,0.04717821104592905,112,2
0,retrieval_frozen,sgd,11000,17223.98011750906,4,16,0.13383952429704923,0.07171393721859425,0.3869844220434913,0.3479112279965139,0.04717821104592905,112,2
0,retrieval_frozen,sgd,11000,17223.98011750906,4,64,0.1338395049112628,0.07171392833333647,0.3869844122128575,0.3479112200691139,0.04717821104592905,112,2
0,retrieval_frozen,sgd,11000,17223.98011750906,5,0,0.019655499450923562,0.008315730015316226,0.2632148154449946,0.21601977510865825,0.004327330441455113,112,2
0,retrieval_frozen,sgd,11000,17223.98011750906,5,16,0.010618591572001243,0.005555288566635188,0.228032782048211,0.19189502719603124,0.004327330441455113,112,2
0,retrieval_frozen,sgd,11000,17223.98011750906,5,64,0.01061859093863128,0.005555288342318037,0.22803277862141513,0.1918950247843421,0.004327330441455113,112,2
0,retrieval_frozen,sgd,11000,17223.98011750906,6,0,0.0015677753041552585,0.0010218519113113114,0.11519017601910549,0.09106206975595364,0.0008434786515904119,112,2
0,retrieval_frozen,sgd,11000,17223.98011750906,6,16,0.0013793240854259102,0.0009460401268044437,0.10787752276755277,0.0864790274331487,0.0008434786515904119,112,2
0,retrieval_frozen,sgd,11000,17223.98011750906,6,64,0.0013793240668918698,0.0009460401190103106,0.10787752199739584,0.08647902694335242,0.0008434786515904119,112,2
0,retrieval_frozen,sgd,11000,17223.98011750906,7,0,0.00047721352887078315,0.0004005457730360859,0.04556386915547715,0.03539960516537274,0.0003778191722377424,112,2
0,retrieval_frozen,sgd,11000,17223.98011750906,7,16,0.0004675412916132818,0.0003957575943771583,0.04437138731760609,0.03468503301808165,0.0003778191722377424,112,2
0,retrieval_frozen,sgd,11000,17223.98011750906,7,64,0.0004675412905652942,0.0003957575938523635,0.04437138718696686,0.034685032939290386,0.0003778191722377424,112,2
0,retrieval_frozen,sgd,11000,17223.98011750906,8,0,0.0002952444178762059,0.00027613091046903125,0.017239811112156434,0.013300257661675084,0.00027081869206324204,112,2
0,retrieval_frozen,sgd,11000,17223.98011750906,8,16,0.00029437521965957486,0.0002756565016931466,0.017066094314422364,0.013198098580953112,0.00027081869206324204,112,2
0,retrieval_frozen,sgd,11000,17223.98011750906,8,64,0.0002943752195629135,0.0002756565016402143,0.01706609429507285,0.013198098569544922,0.00027081869206324204,112,2
0,retrieval_frozen,sgd,11000,17223.98011750906,9,0,0.00024591221704231504,0.0002398493148348188,0.006409424614397798,0.004931546010386433,0.00023821375742791718,112,2
0,retrieval_frozen,sgd,11000,17223.98011750906,9,16,0.00024581185388315713,0.00023979234254265603,0.006385250551439619,0.004917432759129315,0.00023821375742791718,112,2
0,retrieval_frozen,sgd,11000,17223.98011750906,9,64,0.0002458118538719085,0.00023979234253626399,0.006385250548729597,0.004917432757545621,0.00023821375742791718,112,2
0,retrieval_frozen,sgd,11000,17223.98011750906,10,0,0.0002297190533037254,0.00022760847617893666,0.0023671318832052613,0.0018195024261181316,0.00022704589075827475,112,2
0,retrieval_frozen,sgd,11000,17223.98011750906,10,16,0.00022970625610253245,0.000227601102442296,0.0023638262256219537,0.0018175777786296136,0.00022704589075827475,112,2
0,retrieval_frozen,sgd,11000,17223.98011750906,10,64,0.0002297062561010944,0.00022760110244146698,0.0023638262252504783,0.0018175777784132513,0.00022704589075827475,112,2
0,retrieval_frozen,sgd,11000,17223.98011750906,11,0,0.00022400777443992397,0.00022324702549209318,0.0008720759738489825,0.0006700760499794031,0.00022304516413634327,112,2
0,retrieval_frozen,sgd,11000,17223.98011750906,11,16,0.00022400608033793632,0.0002232460439112702,0.0008716268875645259,0.000669814843216684,0.00022304516413634327,112,2
0,retrieval_frozen,sgd,11000,17223.98011750906,11,64,0.00022400608033774577,0.00022324604391115956,0.0008716268875140142,0.0006698148431873006,0.00022304516413634327,112,2
0,retrieval_frozen,sgd,11000,17223.98011750906,12,0,0.00022193909517499448,0.00022166132871671447,0.00032098925540772664,0.00024660458597593817,0.00022158774933775903,112,2
0,retrieval_frozen,sgd,11000,17223.98011750906,12,16,0.00022193886776241886,0.0002216611966805376,0.00032092839249732067,0.0002465691988308594,0.00022158774933775903,112,2
0,retrieval_frozen,sgd,11000,17223.98011750906,12,64,0.00022193886776239325,0.00022166119668052265,0.0003209283924904728,0.0002465691988268777,0.00022158774933775903,112,2
0,retrieval_frozen,sgd,11000,17223.98011750906,13,0,0.00022118240961352064,0.00022108050762509882,0.00011810843060480933,9.073394378060552e-05,0.00022105353102622104,112,2
0,retrieval_frozen,sgd,11000,17223.98011750906,13,16,0.0002211823789287155,0.00022108048979595482,0.00011810018943291153,9.072915282443707e-05,0.00022105353102622104,112,2
0,retrieval_frozen,sgd,11000,17223.98011750906,13,64,0.00022118237892871203,0.00022108048979595246,0.00011810018943198418,9.0729152823898e-05,0.00022105353102622104,112,2
0,retrieval_frozen,sgd,11000,17223.98011750906,14,0,0.00022090462562019282,0.0002208671761534415,4.3452788201746835e-05,3.3380937487042215e-05,0.00022085726441054855,112,2
0,retrieval_frozen,sgd,11000,17223.98011750906,14,16,0.00022090462147203566,0.00022086717374251866,4.345167266757261e-05,3.338028901064159e-05,0.00022085726441054855,112,2
0,retrieval_frozen,sgd,11000,17223.98011750906,14,64,0.00022090462147203514,0.0002208671737425183,4.345167266744709e-05,3.3380289010568606e-05,0.00022085726441054855,112,2
0,retrieval_frozen,sgd,11000,17223.98011750906,15,0,0.00022080251367338953,0.00022078874194841102,1.5985810372643593e-05,1.2280402213403916e-05,0.00022078509729808697,112,2
0,retrieval_frozen,sgd,11000,17223.98011750906,15,16,0.00022080251311222537,0.00022078874162222714,1.5985659390911278e-05,1.2280314447135757e-05,0.00022078509729808697,112,2
0,retrieval_frozen,sgd,11000,17223.98011750906,15,64,0.0002208025131122253,0.00022078874162222714,1.598565939089429e-05,1.2280314447125874e-05,0.00022078509729808697,112,2
0,retrieval_frozen,sgd,11000,17223.98011750906,16,0,0.00022076495948356796,0.00022075989384778296,5.880908226239963e-06,4.517740199467188e-06,0.0002207585532826391,112,2
0,retrieval_frozen,sgd,11000,17223.98011750906,16,16,0.00022076495940763402,0.00022075989380364384,5.88088779255673e-06,4.517728321368835e-06,0.0002207585532826391,112,2
0,retrieval_frozen,sgd,11000,17223.98011750906,16,64,0.00022076495940763402,0.00022075989380364384,5.88088779255443e-06,4.517728321367503e-06,0.0002207585532826391,112,2
0,retrieval_frozen,sgd,11000,17223.98011750906,17,0,0.0002207511455164985,0.00022074928206778835,2.1634729785027146e-06,1.6619881648822665e-06,0.00022074878893212096,112,2
0,retrieval_frozen,sgd,11000,17223.98011750906,17,16,0.0002207511455062225,0.00022074928206181478,2.1634702130781324e-06,1.6619865573452307e-06,0.00022074878893212096,112,2
0,retrieval_frozen,sgd,11000,17223.98011750906,17,64,0.0002207511455062225,0.00022074928206181478,2.1634702130778215e-06,1.6619865573450507e-06,0.00022074878893212096,112,2
0,retrieval_frozen,sgd,11000,17223.98011750906,18,0,0.00022074606383786955,0.0002207453783261953,7.958982787217949e-07,6.114118761837412e-07,0.00022074519691587464,112,2
0,retrieval_frozen,sgd,11000,17223.98011750906,18,16,0.0002207460638364789,0.00022074537832538694,7.958979044609676e-07,6.114116586267021e-07,0.00022074519691587464,112,2
0,retrieval_frozen,sgd,11000,17223.98011750906,18,64,0.0002207460638364789,0.00022074537832538694,7.958979044609255e-07,6.114116586266771e-07,0.00022074519691587464,112,2
0,retrieval_frozen,sgd,11000,17223.98011750906,19,0,0.0002207441944192811,0.00022074394223536126,2.927947558913522e-07,2.2492594038214728e-07,0.0002207438754987956,112,2
0,retrieval_frozen,sgd,11000,17223.98011750906,19,16,0.0002207441944190929,0.00022074394223525187,2.9279470524059196e-07,2.2492591093897584e-07,0.0002207438754987956,112,2
0,retrieval_frozen,sgd,11000,17223.98011750906,19,64,0.0002207441944190929,0.00022074394223525187,2.9279470524058625e-07,2.2492591093897263e-07,0.0002207438754987956,112,2
0,retrieval_frozen,sgd,11000,17223.98011750906,20,0,0.00022074350670220257,0.00022074341392915733,1.0771319037741621e-07,8.27456402211464e-08,0.0002207433893782232,112,2
0,retrieval_frozen,sgd,11000,17223.98011750906,20,16,0.00022074350670217712,0.00022074341392914245,1.0771318352257796e-07,8.274563623644513e-08,0.0002207433893782232,112,2
0,retrieval_frozen,sgd,11000,17223.98011750906,20,64,0.00022074350670217712,0.00022074341392914245,1.0771318352257721e-07,8.274563623644484e-08,0.0002207433893782232,112,2
0,retrieval_frozen,sgd,11000,17223.98011750906,21,0,0.0002207432537057135,0.00022074321957644895,3.962547088156966e-08,3.044042136834041e-08,0.00022074321054467555,112,2
0,retrieval_frozen,sgd,11000,17223.98011750906,21,16,0.00022074325370571006,0.0002207432195764474,3.962546995386803e-08,3.0440420829069676e-08,0.00022074321054467555,112,2
0,retrieval_frozen,sgd,11000,17223.98011750906,21,64,0.00022074325370571006,0.0002207432195764474,3.962546995386794e-08,3.044042082906957e-08,0.00022074321054467555,112,2
0,retrieval_frozen,sgd,11000,17223.98011750906,22,0,0.0002207431606335722,0.0002207431480781218,1.4577396435767407e-08,1.1198405402901644e-08,0.0002207431447555193,112,2
0,retrieval_frozen,sgd,11000,17223.98011750906,22,16,0.00022074316063357165,0.0002207431480781214,1.4577396310216636e-08,1.1198405329919309e-08,0.0002207431447555193,112,2
0,retrieval_frozen,sgd,11000,17223.98011750906,22,64,0.00022074316063357165,0.0002207431480781214,1.4577396310216621e-08,1.1198405329919309e-08,0.0002207431447555193,112,2
0,retrieval_frozen,sgd,11000,17223.98011750906,23,0,0.00022074312639425373,0.00022074312177536225,5.3627245021221265e-09,4.1196631488186645e-09,0.00022074312055304527,112,2
0,retrieval_frozen,sgd,11000,17223.98011750906,23,16,0.00022074312639425368,0.00022074312177536225,5.362724485130676e-09,4.119663138941571e-09,0.00022074312055304527,112,2
0,retrieval_frozen,sgd,11000,17223.98011750906,23,64,0.00022074312639425368,0.00022074312177536225,5.362724485130674e-09,4.119663138941571e-09,0.00022074312055304527,112,2
0,retrieval_frozen,sgd,11000,17223.98011750906,24,0,0.0002207431137983136,0.00022074311209911853,1.972836099438708e-09,1.51553938068149e-09,0.00022074311164945313,112,2
0,retrieval_frozen,sgd,11000,17223.98011750906,24,16,0.00022074311379831354,0.00022074311209911853,1.972836097139165e-09,1.5155393793447675e-09,0.00022074311164945313,112,2
0,retrieval_frozen,sgd,11000,17223.98011750906,24,64,0.00022074311379831354,0.00022074311209911853,1.972836097139165e-09,1.5155393793447675e-09,0.00022074311164945313,112,2
0,retrieval_frozen,sgd,12000,17976.52238260868,1,0,0.9997911990291681,0.999791199029168,1.0,1.0,0.8128388055970557,112,2
0,retrieval_frozen,sgd,12000,17976.52238260868,1,16,0.9037112665179253,0.9037112665179253,0.6321205849979562,0.6321205849979562,0.8128388055970557,112,2
0,retrieval_frozen,sgd,12000,17976.52238260868,1,64,0.9037112279244973,0.9037112279244972,0.6321205588285578,0.6321205588285577,0.8128388055970557,112,2
0,retrieval_frozen,sgd,12000,17976.52238260868,2,0,0.9991497431596824,0.998802740579945,0.9178688865977528,0.8968955331016261,0.6878831060943651,112,2
0,retrieval_frozen,sgd,12000,17976.52238260868,2,16,0.840751210131422,0.819566304823693,0.5982661684969699,0.5892982168957492,0.6878831060943651,112,2
0,retrieval_frozen,sgd,12000,17976.52238260868,2,64,0.8407511570038092,0.81956624782298,0.598266145054562,0.5892981941518917,0.6878831060943651,112,2
0,retrieval_frozen,sgd,12000,17976.52238260868,3,0,0.9848598429282828,0.9676838541058151,0.7508587991034863,0.7005764962735233,0.340952223508968,112,2
0,retrieval_frozen,sgd,12000,17976.52238260868,3,16,0.5930631437278431,0.49011985007118497,0.5224180422971019,0.4976678005154655,0.340952223508968,112,2
0,retrieval_frozen,sgd,12000,17976.52238260868,3,64,0.5930630713351075,0.49011978137102863,0.5224180244143807,0.4976677842946396,0.340952223508968,112,2
0,retrieval_frozen,sgd,12000,17976.52238260868,4,0,0.512856044857825,0.2631115274952469,0.5031815147439168,0.43923364125997316,0.04784467905173208,112,2
0,retrieval_frozen,sgd,12000,17976.52238260868,4,16,0.13628906298342644,0.07273994275182179,0.3889464451778137,0.34981311240108814,0.04784467905173208,112,2
0,retrieval_frozen,sgd,12000,17976.52238260868,4,64,0.1362890429755988,0.07273993359056832,0.38894643524743316,0.3498131043867797,0.04784467905173208,112,2
0,retrieval_frozen,sgd,12000,17976.52238260868,5,0,0.020034629223647935,0.008344176870919063,0.2657716412349386,0.21808725771086632,0.00429365954893689,112,2
0,retrieval_frozen,sgd,12000,17976.52238260868,5,16,0.01065515174048483,0.005518621078939647,0.22994941215905015,0.19352476724044515,0.00429365954893689,112,2
0,retrieval_frozen,sgd,12000,17976.52238260868,5,64,0.010655151089625637,0.005518620850795889,0.22994940867444616,0.1935247647876177,0.00429365954893689,112,2
0,retrieval_frozen,sgd,12000,17976.52238260868,6,0,0.001538321307109776,0.0009933201471878442,0.11654025128425673,0.09207406131311137,0.0008174546132268799,112,2
0,retrieval_frozen,sgd,12000,17976.52238260868,6,16,0.0013481246726913742,0.0009176027362121969,0.10906044347793328,0.08739120756646636,0.0008174546132268799,112,2
0,retrieval_frozen,sgd,12000,17976.52238260868,6,64,0.0013481246540394676,0.000917602728440788,0.10906044269076783,0.08739120706628287,0.0008174546132268799,112,2
0,retrieval_frozen,sgd,12000,17976.52238260868,7,0,0.00045824160475707007,0.00038307641467356067,0.046141332000839856,0.035817383832336,0.0003610701003280127,112,2
0,retrieval_frozen,sgd,12000,17976.52238260868,7,16,0.000448654569265873,0.0003783592592812003,0.044918740441290024,0.03508601993103461,0.0003610701003280127,112,2
0,retrieval_frozen,sgd,12000,17976.52238260868,7,64,0.00044865456822784866,0.0003783592587644074,0.044918740307397745,0.03508601985041103,0.0003610701003280127,112,2
0,retrieval_frozen,sgd,12000,17976.52238260868,8,0,0.00028088692482454447,0.00026229257454188267,0.017465021516759452,0.013460864032987813,0.00025719273164025234,112,2
0,retrieval_frozen,sgd,12000,17976.52238260868,8,16,0.0002800325058848941,0.0002618279907065251,0.017286741931082192,0.013356232530243286,0.00025719273164025234,112,2
0,retrieval_frozen,sgd,12000,17976.52238260868,8,64,0.00028003250578989417,0.0002618279906546958,0.01728674191122714,0.01335623251856009,0.00025719273164025234,112,2
0,retrieval_frozen,sgd,12000,17976.52238260868,9,0,0.0002331098827844569,0.0002272293921980463,0.006494110409933922,0.004991607787213907,0.00022566479178076241,112,2
0,retrieval_frozen,sgd,12000,17976.52238260868,9,16,0.0002330115534145349,0.0002271737308579619,0.006469291833911775,0.004977149173170724,0.00022566479178076241,112,2
0,retrieval_frozen,sgd,12000,17976.52238260868,9,64,0.0002330115534035149,0.0002271737308517169,0.006469291831129641,0.004977149171548332,0.00022566479178076241,112,2
0,retrieval_frozen,sgd,12000,17976.52238260868,10,0,0.00021746447652419795,0.00021541971190214453,0.002398540097727384,0.0018417324725700326,0.00021488227099962466,112,2
0,retrieval_frozen,sgd,12000,17976.52238260868,10,16,0.00021745195445300666,0.0002154125142246108,0.0023951458152057475,0.0018397605339278043,0.00021488227099962466,112,2
0,retrieval_frozen,sgd,12000,17976.52238260868,10,64,0.00021745195445159959,0.0002154125142238017,0.0023951458148243196,0.0018397605337061296,0.00021488227099962466,112,2
0,retrieval_frozen,sgd,12000,17976.52238260868,11,0,0.00021195124760017205,0.0002112145292054463,0.0008836650795234439,0.0006782723480022308,0.00021102178898482386,112,2
0,retrieval_frozen,sgd,12000,17976.52238260868,11,16,0.00021194959069797294,0.0002112135713768213,0.0008832039284309629,0.0006780047133281647,0.00021102178898482386,112,2
0,retrieval_frozen,sgd,12000,17976.52238260868,11,64,0.0002119495906977866,0.00021121357137671363,0.0008832039283790948,0.0006780047132980583,0.00021102178898482386,112,2
0,retrieval_frozen,sgd,12000,17976.52238260868,12,0,0.00020995495205366964,0.0002096860012551225,0.0003252573555164664,0.000249622320548922,0.00020961575993646254,112,2
0,retrieval_frozen,sgd,12000,17976.52238260868,12,16,0.00020995472967327912,0.00020968587242960518,0.00032519485627113744,0.00024958606209355495,0.00020961575993646254,112,2
0,retrieval_frozen,sgd,12000,17976.52238260868,12,64,0.00020995472967325413,0.00020968587242959068,0.0003251948562641055,0.00024958606208947537,0.00020961575993646254,112,2
0,retrieval_frozen,sgd,12000,17976.52238260868,13,0,0.0002092248304108189,0.00020912616816893035,0.00011967921454806358,9.184444287971853e-05,0.0002091004172187527,112,2
0,retrieval_frozen,sgd,12000,17976.52238260868,13,16,0.0002092248004069242,0.0002091261507741075,0.00011967075174567622,9.18395339353652e-05,0.0002091004172187527,112,2
0,retrieval_frozen,sgd,12000,17976.52238260868,13,64,0.00020922480040692082,0.00020912615077410562,0.0001196707517447239,9.183953393481287e-05,0.0002091004172187527,112,2
0,retrieval_frozen,sgd,12000,17976.52238260868,14,0,0.0002089568099844285,0.00020892055189936808,4.4030733654819395e-05,3.378951284149147e-05,0.00020891109072882185,112,2
0,retrieval_frozen,sgd,12000,17976.52238260868,14,16,0.0002089568059284163,0.00020892054954721432,4.4029588117419193e-05,3.3788848393681224e-05,0.00020891109072882185,112,2
0,retrieval_frozen,sgd,12000,17976.52238260868,14,64,0.00020895680592841588,0.00020892054954721397,4.402958811729029e-05,3.37888483936065e-05,0.00020891109072882185,112,2
0,retrieval_frozen,sgd,12000,17976.52238260868,15,0,0.00020885828866790376,0.00020884495516622177,1.6198436308747445e-05,1.2430714853912006e-05,0.00020884147622908685,112,2
0,retrieval_frozen,sgd,12000,17976.52238260868,15,16,0.00020885828811920978,0.00020884495484799103,1.6198281266081755e-05,1.2430624925977045e-05,0.00020884147622908685,112,2
0,retrieval_frozen,sgd,12000,17976.52238260868,15,64,0.0002088582881192097,0.00020884495484799103,1.6198281266064306e-05,1.2430624925966931e-05,0.00020884147622908685,112,2
0,retrieval_frozen,sgd,12000,17976.52238260868,16,0,0.0002088220552366973,0.00020881715080592455,5.959130518382431e-06,4.573037964364433e-06,0.00020881587119742168,112,2
0,retrieval_frozen,sgd,12000,17976.52238260868,16,16,0.00020882205516245094,0.00020881715076286145,5.959109535089806e-06,4.573025793707751e-06,0.00020881587119742168,112,2
0,retrieval_frozen,sgd,12000,17976.52238260868,16,64,0.00020882205516245094,0.00020881715076286145,5.959109535087443e-06,4.5730257937063865e-06,0.00020881587119742168,112,2
0,retrieval_frozen,sgd,12000,17976.52238260868,17,0,0.0002088087271278533,0.00020880692298202563,2.1922495656726006e-06,1.6823311886975943e-06,0.00020880645227026382,112,2
0,retrieval_frozen,sgd,12000,17976.52238260868,17,16,0.0002088087271178057,0.0002088069229761979,2.192246725865388e-06,1.6823295415666685e-06,0.00020880645227026382,112,2
0,retrieval_frozen,sgd,12000,17976.52238260868,17,64,0.0002088087271178057,0.0002088069229761979,2.1922467258650688e-06,1.6823295415664834e-06,0.00020880645227026382,112,2
0,retrieval_frozen,sgd,12000,17976.52238260868,18,0,0.00020880382418353788,0.00020880316048802204,8.064846224973256e-07,6.188956717051532e-07,0.00020880298732688836,112,2
0,retrieval_frozen,sgd,12000,17976.52238260868,18,16,0.00020880382418217807,0.0002088031604872333,8.0648423816985e-07,6.188954487896428e-07,0.00020880298732688836,112,2
0,retrieval_frozen,sgd,12000,17976.52238260868,18,64,0.00020880382418217807,0.0002088031604872333,8.064842381698067e-07,6.188954487896175e-07,0.00020880298732688836,112,2
0,retrieval_frozen,sgd,12000,17976.52238260868,19,0,0.00020880202051723102,0.00020880177635900648,2.9668925804403497e-07,2.2767907696548256e-07,0.00020880171265713314,112,2
0,retrieval_frozen,sgd,12000,17976.52238260868,19,16,0.00020880202051704695,0.00020880177635889966,2.9668920603089936e-07,2.2767904679711985e-07,0.00020880171265713314,112,2
0,retrieval_frozen,sgd,12000,17976.52238260868,19,64,0.00020880202051704695,0.00020880177635889966,2.966892060308935e-07,2.2767904679711618e-07,0.00020880171265713314,112,2
0,retrieval_frozen,sgd,12000,17976.52238260868,20,0,0.00020880135698901124,0.0002088012671684515,1.0914589818356752e-07,8.375846284891158e-08,0.00020880124373391602,112,2
0,retrieval_frozen,sgd,12000,17976.52238260868,20,16,0.00020880135698898633,0.00020880126716843738,1.091458911443517e-07,8.37584587660664e-08,0.00020880124373391602,112,2
0,retrieval_frozen,sgd,12000,17976.52238260868,20,64,0.00020880135698898633,0.00020880126716843738,1.0914589114435091e-07,8.375845876606582e-08,0.00020880124373391602,112,2
0,retrieval_frozen,sgd,12000,17976.52238260868,21,0,0.00020880111289109873,0.00020880107984799282,4.0152534700464986e-08,3.081301802854502e-08,0.00020880107122691905,112,2
0,retrieval_frozen,sgd,12000,17976.52238260868,21,16,0.00020880111289109537,0.00020880107984799098,4.015253374781054e-08,3.081301747599191e-08,0.00020880107122691905,112,2
0,retrieval_frozen,sgd,12000,17976.52238260868,21,64,0.00020880111289109537,0.00020880107984799098,4.015253374781043e-08,3.081301747599181e-08,0.00020880107122691905,112,2
0,retrieval_frozen,sgd,12000,17976.52238260868,22,0,0.0002088010230925598,0.0002088010109366846,1.4771292388642242e-08,1.1335476059168798e-08,0.0002088010077651703,112,2
0,retrieval_frozen,sgd,12000,17976.52238260868,22,16,0.00020880102309255938,0.0002088010109366846,1.4771292259714474e-08,1.1335475984388842e-08,0.0002088010077651703,112,2
0,retrieval_frozen,sgd,12000,17976.52238260868,22,64,0.00020880102309255938,0.0002088010109366846,1.477129225971446e-08,1.1335475984388842e-08,0.0002088010077651703,112,2
0,retrieval_frozen,sgd,12000,17976.52238260868,23,0,0.00020880099005753227,0.00020880098558563622,5.434054838226303e-09,4.170088625941317e-09,0.00020880098441890168,112,2
0,retrieval_frozen,sgd,12000,17976.52238260868,23,16,0.00020880099005753217,0.00020880098558563622,5.434054820777828e-09,4.170088615820953e-09,0.00020880098441890168,112,2
0,retrieval_frozen,sgd,12000,17976.52238260868,23,64,0.00020880099005753217,0.00020880098558563622,5.434054820777824e-09,4.170088615820953e-09,0.00020880098441890168,112,2
0,retrieval_frozen,sgd,12000,17976.52238260868,24,0,0.00020880097790462588,0.00020880097625950735,1.9990770638012752e-09,1.5340898771201113e-09,0.00020880097583028963,112,2
0,retrieval_frozen,sgd,12000,17976.52238260868,24,16,0.00020880097790462588,0.00020880097625950735,1.99907706143988e-09,1.5340898757504695e-09,0.00020880097583028963,112,2
0,retrieval_frozen,sgd,12000,17976.52238260868,24,64,0.00020880097790462588,0.00020880097625950735,1.9990770614398797e-09,1.5340898757504641e-09,0.00020880097583028963,112,2
0,retrieval_frozen,adam,0,0.0,1,0,0.5,0.5,1.0,1.0,,112,2
0,retrieval_frozen,adam,0,0.0,1,16,0.5,0.5,0.6321205849979562,0.6321205849979562,,112,2
0,retrieval_frozen,adam,0,0.0,1,64,0.5,0.5,0.6321205588285578,0.6321205588285577,,112,2
0,retrieval_frozen,adam,0,0.0,2,0,0.5,0.5,0.2689414213690497,0.2689414213610862,,112,2
0,retrieval_frozen,adam,0,0.0,2,16,0.5,0.5,0.2325441614757657,0.23254416146981183,,112,2
0,retrieval_frozen,adam,0,0.0,2,64,0.5,0.5,0.23254415793412278,0.23254415792816893,,112,2
0,retrieval_frozen,adam,0,0.0,3,0,0.5,0.5,0.09003057316998572,0.09003057316666072,,112,2
0,retrieval_frozen,adam,0,0.0,3,16,0.5,0.5,0.08554821534770156,0.08554821534469942,,112,2
0,retrieval_frozen,adam,0,0.0,3,64,0.5,0.5,0.08554821486839234,0.08554821486539019,,112,2
0,retrieval_frozen,adam,0,0.0,4,0,0.5,0.5,0.03205860327993539,0.032058603278675366,,112,2
0,retrieval_frozen,adam,0,0.0,4,16,0.5,0.5,0.03147142954385305,0.03147142954263874,,112,2
0,retrieval_frozen,adam,0,0.0,4,64,0.5,0.5,0.0314714294789856,0.0314714294777713,,112,2
0,retrieval_frozen,adam,0,0.0,5,0,0.5,0.5,0.011656230955984061,0.0116562309555162,,112,2
0,retrieval_frozen,adam,0,0.0,5,16,0.5,0.5,0.01157769189837277,0.011577691897911182,,112,2
0,retrieval_frozen,adam,0,0.0,5,64,0.5,0.5,0.011577691889593913,0.011577691889132331,,112,2
0,retrieval_frozen,adam,0,0.0,6,0,0.5,0.5,0.004269778545261609,0.004269778545088934,,112,2
0,retrieval_frozen,adam,0,0.0,6,16,0.5,0.5,0.004259194823586798,0.0042591948234149786,,112,2
0,retrieval_frozen,adam,0,0.0,6,64,0.5,0.5,0.004259194822398709,0.004259194822226892,,112,2
0,retrieval_frozen,adam,0,0.0,7,0,0.5,0.5,0.0015683003158789223,0.0015683003158153256,,112,2
0,retrieval_frozen,adam,0,0.0,7,16,0.5,0.5,0.001566870211265096,0.0015668702112016156,,112,2
0,retrieval_frozen,adam,0,0.0,7,64,0.5,0.5,0.001566870211104306,0.001566870211040825,,112,2
0,retrieval_frozen,adam,0,0.0,8,0,0.5,0.5,0.0005766127696842267,0.0005766127696608212,,112,2
0,retrieval_frozen,adam,0,0.0,8,16,0.5,0.5,0.0005764193376709881,0.0005764193376475979,,112,2
0,retrieval_frozen,adam,0,0.0,8,64,0.5,0.5,0.0005764193376492274,0.0005764193376258372,,112,2
0,retrieval_frozen,adam,0,0.0,9,0,0.5,0.5,0.00021207899644221169,0.00021207899643359976,,112,2
0,retrieval_frozen,adam,0,0.0,9,16,0.5,0.5,0.00021205282381775504,0.0002120528238091451,,112,2
0,retrieval_frozen,adam,0,0.0,9,64,0.5,0.5,0.0002120528238148101,0.00021205282380620046,,112,2
0,retrieval_frozen,adam,0,0.0,10,0,0.5,0.5,7.80134161274313e-05,7.801341612426298e-05,,112,2
0,retrieval_frozen,adam,0,0.0,10,16,0.5,0.5,7.800987432421721e-05,7.800987432104913e-05,,112,2
0,retrieval_frozen,adam,0,0.0,10,64,0.5,0.5,7.800987432381864e-05,7.800987432065062e-05,,112,2
0,retrieval_frozen,adam,0,0.0,11,0,0.5,0.5,2.8698708289339755e-05,2.8698708288174173e-05,,112,2
0,retrieval_frozen,adam,0,0.0,11,16,0.5,0.5,2.869822897215476e-05,2.8698228970989198e-05,,112,2
0,retrieval_frozen,adam,0,0.0,11,64,0.5,0.5,2.8698228972100827e-05,2.869822897093526e-05,,112,2
0,retrieval_frozen,adam,0,0.0,12,0,0.5,0.5,1.0557553304715978e-05,1.0557553304287181e-05,,112,2
0,retrieval_frozen,adam,0,0.0,12,16,0.5,0.5,1.0557488436873857e-05,1.055748843644506e-05,,112,2
0,retrieval_frozen,adam,0,0.0,12,64,0.5,0.5,1.0557488436866557e-05,1.0557488436437765e-05,,112,2
0,retrieval_frozen,adam,0,0.0,13,0,0.5,0.5,3.883891725203109e-06,3.8838917250453626e-06,,112,2
0,retrieval_frozen,adam,0,0.0,13,16,0.5,0.5,3.883882946329418e-06,3.883882946171673e-06,,112,2
0,retrieval_frozen,adam,0,0.0,13,64,0.5,0.5,3.883882946328426e-06,3.88388294617068e-06,,112,2
0,retrieval_frozen,adam,0,0.0,14,0,0.5,0.5,1.4288018759603902e-06,1.4288018759023587e-06,,112,2
0,retrieval_frozen,adam,0,0.0,14,16,0.5,0.5,1.4288006878707313e-06,1.4288006878127e-06,,112,2
0,retrieval_frozen,adam,0,0.0,14,64,0.5,0.5,1.4288006878705968e-06,1.4288006878125653e-06,,112,2
0,retrieval_frozen,adam,0,0.0,15,0,0.5,0.5,5.256265593895918e-07,5.256265593682431e-07,,112,2
0,retrieval_frozen,adam,0,0.0,15,16,0.5,0.5,5.256263985992252e-07,5.256263985778766e-07,,112,2
0,retrieval_frozen,adam,0,0.0,15,64,0.5,0.5,5.256263985992075e-07,5.256263985778588e-07,,112,2
0,retrieval_frozen,adam,0,0.0,16,0,0.5,0.5,1.9336716754224223e-07,1.9336716753438852e-07,,112,2
0,retrieval_frozen,adam,0,0.0,16,16,0.5,0.5,1.9336714578163672e-07,1.93367145773783e-07,,112,2
0,retrieval_frozen,adam,0,0.0,16,64,0.5,0.5,1.9336714578163428e-07,1.933671457737806e-07,,112,2
0,retrieval_frozen,adam,0,0.0,17,0,0.5,0.5,7.113580047604236e-08,7.113580047315297e-08,,112,2
0,retrieval_frozen,adam,0,0.0,17,16,0.5,0.5,7.113579753106472e-08,7.113579752817534e-08,,112,2
0,retrieval_frozen,adam,0,0.0,17,64,0.5,0.5,7.113579753106447e-08,7.113579752817508e-08,,112,2
0,retrieval_frozen,adam,0,0.0,18,0,0.5,0.5,2.6169397841572313e-08,2.616939784050938e-08,,112,2
0,retrieval_frozen,adam,0,0.0,18,16,0.5,0.5,2.616939744301294e-08,2.6169397441950013e-08,,112,2
0,retrieval_frozen,adam,0,0.0,18,64,0.5,0.5,2.616939744301285e-08,2.616939744194992e-08,,112,2
0,retrieval_frozen,adam,0,0.0,19,0,0.5,0.5,9.627183361068068e-09,9.627183360677038e-09,,112,2
0,retrieval_frozen,adam,0,0.0,19,16,0.5,0.5,9.627183307128918e-09,9.62718330673789e-09,,112,2
0,retrieval_frozen,adam,0,0.0,19,64,0.5,0.5,9.627183307128918e-09,9.62718330673789e-09,,112,2
0,retrieval_frozen,adam,0,0.0,20,0,0.5,0.5,3.54164282238151e-09,3.5416428222376583e-09,,112,2
0,retrieval_frozen,adam,0,0.0,20,16,0.5,0.5,3.541642815081642e-09,3.5416428149377907e-09,,112,2
0,retrieval_frozen,adam,0,0.0,20,64,0.5,0.5,3.541642815081642e-09,3.5416428149377907e-09,,112,2
0,retrieval_frozen,adam,0,0.0,21,0,0.5,0.5,1.3028975806290122e-09,1.302897580576092e-09,,112,2
0,retrieval_frozen,adam,0,0.0,21,16,0.5,0.5,1.3028975796410827e-09,1.3028975795881626e-09,,112,2
0,retrieval_frozen,adam,0,0.0,21,64,0.5,0.5,1.3028975796410827e-09,1.3028975795881626e-09,,112,2
0,retrieval_frozen,adam,0,0.0,22,0,0.5,0.5,4.793092336356896e-10,4.793092336162214e-10,,112,2
0,retrieval_frozen,adam,0,0.0,22,16,0.5,0.5,4.793092335019871e-10,4.793092334825188e-10,,112,2
0,retrieval_frozen,adam,0,0.0,22,64,0.5,0.5,4.793092335019871e-10,4.793092334825188e-10,,112,2
0,retrieval_frozen,adam,0,0.0,23,0,0.5,0.5,1.7632801298711732e-10,1.7632801297995536e-10,,112,2
0,retrieval_frozen,adam,0,0.0,23,16,0.5,0.5,1.7632801296902313e-10,1.7632801296186117e-10,,112,2
0,retrieval_frozen,adam,0,0.0,23,64,0.5,0.5,1.7632801296902313e-10,1.7632801296186117e-10,,112,2
0,retrieval_frozen,adam,0,0.0,24,0,0.5,0.5,6.486745087636398e-11,6.486745087372924e-11,,112,2
0,retrieval_frozen,adam,0,0.0,24,16,0.5,0.5,6.486745087391515e-11,6.486745087128042e-11,,112,2
0,retrieval_frozen,adam,0,0.0,24,64,0.5,0.5,6.486745087391515e-11,6.486745087128042e-11,,112,2
0,retrieval_frozen,adam,3,0.0,1,0,0.5037495757299285,0.5037495757299285,1.0,1.0,0.4986172411476186,112,2
0,retrieval_frozen,adam,3,0.0,1,16,0.5009908095547316,0.5009908095547317,0.6321205849979562,0.6321205849979562,0.4986172411476186,112,2
0,retrieval_frozen,adam,3,0.0,1,64,0.5009908093584805,0.5009908093584805,0.6321205588285578,0.6321205588285577,0.4986172411476186,112,2
0,retrieval_frozen,adam,3,0.0,2,0,0.4982687131690154,0.49826864044418734,0.2691390413379685,0.26912934366255853,0.4975232484816759,112,2
0,retrieval_frozen,adam,3,0.0,2,16,0.49799538920645564,0.49799533484495045,0.2326918963731838,0.23268464737169953,0.4975232484816759,112,2
0,retrieval_frozen,adam,3,0.0,2,64,0.4979953891798625,0.49799533481835884,0.23269189282703945,0.23268464382577628,0.4975232484816759,112,2
0,retrieval_frozen,adam,3,0.0,3,0,0.4969261771578041,0.4969261467830991,0.09011310008115224,0.09010904958506735,0.49681450662755167,112,2
0,retrieval_frozen,adam,3,0.0,3,16,0.49689250381692684,0.49689247639394973,0.08562272587438359,0.08561906899099843,0.49681450662755167,112,2
0,retrieval_frozen,adam,3,0.0,3,64,0.49689250381332634,0.4968924763903494,0.08562272539423905,0.08561906851089492,0.49681450662755167,112,2
0,retrieval_frozen,adam,3,0.0,4,0,0.4964910629636554,0.4964910514517041,0.03208987939747948,0.03208834425014074,0.4964748353661979,112,2
0,retrieval_frozen,adam,3,0.0,4,16,0.49648665127671243,0.4964866401829881,0.03150156993035173,0.03150009055442511,0.4964748353661979,112,2
0,retrieval_frozen,adam,3,0.0,4,64,0.49648665127622504,0.4964866401825008,0.03150156986535997,0.03150009048943945,0.4964748353661979,112,2
0,retrieval_frozen,adam,3,0.0,5,0,0.49633792003644805,0.49633791576173664,0.011667844477695425,0.011667274431797393,0.49633552978273665,112,2
0,retrieval_frozen,adam,3,0.0,5,16,0.4963373299104998,0.4963373256932556,0.01158914936778976,0.011588586985314816,0.49633552978273665,112,2
0,retrieval_frozen,adam,3,0.0,5,64,0.4963373299104338,0.4963373256931897,0.011589149358993522,0.011588586976519426,0.49633552978273665,112,2
0,retrieval_frozen,adam,3,0.0,6,0,0.4962824749426318,0.4962824733649557,0.004274064746419255,0.00427385435812425,0.4962820925864836,112,2
0,retrieval_frozen,adam,3,0.0,6,16,0.496282395417375,0.49628239384751827,0.004263459791600471,0.004263250446038149,0.4962820925864836,112,2
0,retrieval_frozen,adam,3,0.0,6,64,0.496282395417366,0.4962823938475093,0.004263459790410001,0.004263250444847794,0.4962820925864836,112,2
0,retrieval_frozen,adam,3,0.0,7,0,0.4962621965908297,0.49626219600975846,0.001569878956079544,0.0015698014682796902,0.49626212384766594,112,2
0,retrieval_frozen,adam,3,0.0,7,16,0.4962621858450662,0.4962621852650552,0.0015684459722641513,0.001568368625858945,0.49626212384766594,112,2
0,retrieval_frozen,adam,3,0.0,7,64,0.4962621858450649,0.4962621852650541,0.0015684459721030375,0.001568368625697847,0.49626212384766594,112,2
0,retrieval_frozen,adam,3,0.0,8,0,0.49625475257153917,0.496254752357684,0.0005771937655081761,0.0005771652472101157,0.4962547350360758,112,2
0,retrieval_frozen,adam,3,0.0,8,16,0.4962547511180932,0.4962547509043818,0.0005769999435591856,0.0005769714444105075,0.4962547350360758,112,2
0,retrieval_frozen,adam,3,0.0,8,64,0.49625475111809314,0.4962547509043817,0.0005769999435373812,0.000576971444388705,0.4962547350360758,112,2
0,retrieval_frozen,adam,3,0.0,9,0,0.49625201622602877,0.4962520161473437,0.00021229276613980597,0.0002122822732070278,0.4962520110252791,112,2
0,retrieval_frozen,adam,3,0.0,9,16,0.4962520160293679,0.49625201595070223,0.00021226654072945206,0.0002122560503889419,0.4962520110252791,112,2
0,retrieval_frozen,adam,3,0.0,9,64,0.49625201602936786,0.49625201595070223,0.0002122665407265011,0.0002122560503859914,0.4962520110252791,112,2
0,retrieval_frozen,adam,3,0.0,10,0,0.49625100987232196,0.4962510098433736,7.809206210369789e-05,7.808820174809244e-05,0.49625100812835155,112,2
0,retrieval_frozen,adam,3,0.0,10,16,0.49625100984570886,0.49625100981676323,7.808851315600109e-05,7.808465315125481e-05,0.49625100812835155,112,2
0,retrieval_frozen,adam,3,0.0,10,64,0.49625100984570886,0.49625100981676323,7.808851315560173e-05,7.808465315085551e-05,0.49625100812835155,112,2
0,retrieval_frozen,adam,3,0.0,11,0,0.49625063969492716,0.4962506396842774,2.8727641135845113e-05,2.8726220960435274e-05,0.49625063907626976,112,2
0,retrieval_frozen,adam,3,0.0,11,16,0.49625063969132555,0.4962506396806762,2.8727160851725292e-05,2.8725740723800785e-05,0.49625063907626976,112,2
0,retrieval_frozen,adam,3,0.0,11,64,0.49625063969132555,0.4962506396806762,2.8727160851671244e-05,2.872574072374675e-05,0.49625063907626976,112,2
0,retrieval_frozen,adam,3,0.0,12,0,0.49625050351961164,0.4962505035156938,1.0568197186488425e-05,1.0567674729099956e-05,0.49625050329512155,112,2
0,retrieval_frozen,adam,3,0.0,12,16,0.4962505035191242,0.49625050351520633,1.0568132187784184e-05,1.0567609736822238e-05,0.49625050329512155,112,2
0,retrieval_frozen,adam,3,0.0,12,64,0.4962505035191242,0.49625050351520633,1.0568132187776866e-05,1.0567609736814918e-05,0.49625050329512155,112,2
0,retrieval_frozen,adam,3,0.0,13,0,0.4962504534242349,0.4962504534227936,3.887807401628277e-06,3.8876151997477705e-06,0.4962504533420694,112,2
0,retrieval_frozen,adam,3,0.0,13,16,0.49625045342416907,0.4962504534227278,3.88779860504424e-06,3.88760640403347e-06,0.4962504533420694,112,2
0,retrieval_frozen,adam,3,0.0,13,64,0.49625045342416907,0.4962504534227278,3.88779860504325e-06,3.887606404032483e-06,0.4962504533420694,112,2
0,retrieval_frozen,adam,3,0.0,14,0,0.49625043499527355,0.4962504349947434,1.4302423743240224e-06,1.4301716671294132e-06,0.4962504349651033,112,2
0,retrieval_frozen,adam,3,0.0,14,16,0.49625043499526456,0.4962504349947344,1.4302411838375238e-06,1.4301704767606222e-06,0.4962504349651033,112,2
0,retrieval_frozen,adam,3,0.0,14,64,0.49625043499526456,0.4962504349947344,1.43024118383739e-06,1.4301704767604875e-06,0.4962504349651033,112,2
0,retrieval_frozen,adam,3,0.0,15,0,0.49625042821565074,0.4962504282154556,5.261564893267692e-07,5.261304775934854e-07,0.49625042820455945,112,2
0,retrieval_frozen,adam,3,0.0,15,16,0.49625042821564946,0.49625042821545456,5.26156328212026e-07,5.261303164946723e-07,0.49625042820455945,112,2
0,retrieval_frozen,adam,3,0.0,15,64,0.49625042821564946,0.49625042821545456,5.261563282120078e-07,5.261303164946536e-07,0.49625042820455945,112,2
0,retrieval_frozen,adam,3,0.0,16,0,0.4962504257215687,0.49625042572149697,1.9356211789902057e-07,1.935525487157569e-07,0.49625042571748945,112,2
0,retrieval_frozen,adam,3,0.0,16,16,0.4962504257215686,0.49625042572149675,1.9356209609451543e-07,1.9355252691340768e-07,0.49625042571748945,112,2
0,retrieval_frozen,adam,3,0.0,16,64,0.4962504257215686,0.49625042572149675,1.9356209609451294e-07,1.9355252691340527e-07,0.49625042571748945,112,2
0,retrieval_frozen,adam,3,0.0,17,0,0.4962504248040474,0.496250424804021,7.120751870808938e-08,7.120399840211408e-08,0.49625042480254694,112,2
0,retrieval_frozen,adam,3,0.0,17,16,0.4962504248040474,0.496250424804021,7.12075157571707e-08,7.120399545148695e-08,0.49625042480254694,112,2
0,retrieval_frozen,adam,3,0.0,17,64,0.4962504248040474,0.496250424804021,7.120751575717036e-08,7.120399545148668e-08,0.49625042480254694,112,2
0,retrieval_frozen,adam,3,0.0,18,0,0.49625042446651024,0.4962504244665006,2.6195781505205583e-08,2.6194486456985692e-08,0.49625042446595824,112,2
0,retrieval_frozen,adam,3,0.0,18,16,0.49625042446651024,0.4962504244665006,2.6195781105842178e-08,2.6194486057661836e-08,0.49625042446595824,112,2
0,retrieval_frozen,adam,3,0.0,18,64,0.49625042446651024,0.4962504244665006,2.6195781105842135e-08,2.619448605766174e-08,0.49625042446595824,112,2
0,retrieval_frozen,adam,3,0.0,19,0,0.49625042434233724,0.49625042434233374,9.636889368570043e-09,9.636412946951275e-09,0.4962504243421343,112,2
0,retrieval_frozen,adam,3,0.0,19,16,0.49625042434233724,0.49625042434233374,9.636889314522085e-09,9.63641289290865e-09,0.4962504243421343,112,2
0,retrieval_frozen,adam,3,0.0,19,64,0.49625042434233724,0.49625042434233374,9.636889314522077e-09,9.63641289290865e-09,0.4962504243421343,112,2
0,retrieval_frozen,adam,3,0.0,20,0,0.4962504242966566,0.4962504242966553,3.545213463006604e-09,3.5450381972872763e-09,0.4962504242965819,112,2
0,retrieval_frozen,adam,3,0.0,20,16,0.4962504242966566,0.4962504242966553,3.5452134556920096e-09,3.5450381899733954e-09,0.4962504242965819,112,2
0,retrieval_frozen,adam,3,0.0,20,64,0.4962504242966566,0.4962504242966553,3.5452134556920096e-09,3.5450381899733954e-09,0.4962504242965819,112,2
0,retrieval_frozen,adam,3,0.0,21,0,0.4962504242798516,0.49625042427985117,1.3042111459080514e-09,1.304146669253108e-09,0.49625042427982413,112,2
0,retrieval_frozen,adam,3,0.0,21,16,0.4962504242798516,0.49625042427985117,1.3042111449181298e-09,1.3041466682632815e-09,0.49625042427982413,112,2
0,retrieval_frozen,adam,3,0.0,21,64,0.4962504242798516,0.49625042427985117,1.3042111449181296e-09,1.3041466682632815e-09,0.49625042427982413,112,2
0,retrieval_frozen,adam,3,0.0,22,0,0.4962504242736694,0.4962504242736693,4.797924672966547e-10,4.797687476608559e-10,0.49625042427365923,112,2
0,retrieval_frozen,adam,3,0.0,22,16,0.4962504242736694,0.4962504242736693,4.797924671626832e-10,4.797687475268973e-10,0.49625042427365923,112,2
0,retrieval_frozen,adam,3,0.0,22,64,0.4962504242736694,0.4962504242736693,4.797924671626831e-10,4.797687475268973e-10,0.49625042427365923,112,2
0,retrieval_frozen,adam,3,0.0,23,0,0.4962504242713951,0.49625042427139493,1.7650578471629156e-10,1.76497058749928e-10,0.4962504242713913,112,2
0,retrieval_frozen,adam,3,0.0,23,16,0.4962504242713951,0.49625042427139493,1.7650578469816054e-10,1.7649705873179891e-10,0.4962504242713913,112,2
0,retrieval_frozen,adam,3,0.0,23,64,0.4962504242713951,0.49625042427139493,1.7650578469816054e-10,1.7649705873179891e-10,0.4962504242713913,112,2
0,retrieval_frozen,adam,3,0.0,24,0,0.49625042427055843,0.4962504242705583,6.493284944075174e-11,6.492963933712207e-11,0.496250424270557,112,2
0,retrieval_frozen,adam,3,0.0,24,16,0.49625042427055843,0.4962504242705583,6.493284943829793e-11,6.49296393346686e-11,0.496250424270557,112,2
0,retrieval_frozen,adam,3,0.0,24,64,0.49625042427055843,0.4962504242705583,6.493284943829793e-11,6.49296393346686e-11,0.496250424270557,112,2
0,retrieval_frozen,adam,1000,11.328690783793768,1,0,0.7486252947758604,0.7486252947758604,1.0,1.0,0.5135642031429762,112,2
0,retrieval_frozen,adam,1000,11.328690783793768,1,16,0.5715957567826432,0.5715957567826433,0.6321205849979562,0.6321205849979562,0.5135642031429762,112,2
0,retrieval_frozen,adam,1000,11.328690783793768,1,64,0.5715957427961698,0.5715957427961698,0.6321205588285578,0.6321205588285577,0.5135642031429762,112,2
0,retrieval_frozen,adam,1000,11.328690783793768,2,0,0.5871444329006851,0.5773413280596585,0.6613765589399115,0.642889424338428,0.449095480050803,112,2
0,retrieval_frozen,adam,1000,11.328690783793768,2,16,0.4877459590457653,0.48246263203233725,0.4775369158210742,0.46784630639900493,0.449095480050803,112,2
0,retrieval_frozen,adam,1000,11.328690783793768,2,64,0.48774595090055634,0.48246262422006425,0.4775369008840556,0.4678462920639194,0.449095480050803,112,2
0,retrieval_frozen,adam,1000,11.328690783793768,3,0,0.4159880694038387,0.4062978047271129,0.3445381147495918,0.32621939154372986,0.36781152383898547,112,2
0,retrieval_frozen,adam,1000,11.328690783793768,3,16,0.3858096510492991,0.37921108353597244,0.28695480444916704,0.2741680255122673,0.36781152383898547,112,2
0,retrieval_frozen,adam,1000,11.328690783793768,3,64,0.385809648258002,0.37921108100653356,0.2869547990527712,0.27416802058929385,0.36781152383898547,112,2
0,retrieval_frozen,adam,1000,11.328690783793768,4,0,0.31765800901063695,0.31283832441925125,0.14968800134921242,0.1394724317334594,0.3055495890097243,112,2
0,retrieval_frozen,adam,1000,11.328690783793768,4,16,0.31200130506669,0.3079465486271386,0.13767668576892444,0.12900142509618767,0.3055495890097243,112,2
0,retrieval_frozen,adam,1000,11.328690783793768,4,64,0.3120013044841337,0.3079465481201834,0.13767668452584048,0.12900142400629705,0.3055495890097243,112,2
0,retrieval_frozen,adam,1000,11.328690783793768,5,0,0.2763744857029818,0.27444178989975504,0.058998490141944186,0.05456448724542418,0.27332699385438597,112,2
0,retrieval_frozen,adam,1000,11.328690783793768,5,16,0.275518667341703,0.27371252744287816,0.05703638295725131,0.05288510707736037,0.27332699385438597,112,2
0,retrieval_frozen,adam,1000,11.328690783793768,5,64,0.27551866724869256,0.27371252736340224,0.05703638274380224,0.05288510689418771,0.27332699385438597,112,2
0,retrieval_frozen,adam,1000,11.328690783793768,6,0,0.26064037200448525,0.259910181177605,0.022289977212787724,0.020552880960532764,0.25975260015720036,112,2
0,retrieval_frozen,adam,1000,11.328690783793768,6,16,0.2605200701527921,0.259808202066884,0.022003937774101836,0.020309947652085346,0.25975260015720036,112,2
0,retrieval_frozen,adam,1000,11.328690783793768,6,64,0.26052007013943,0.25980820205554483,0.02200393774232628,0.020309947625069942,0.25975260015720036,112,2
0,retrieval_frozen,adam,1000,11.328690783793768,7,0,0.2547917824996147,0.2545207329620435,0.00828225094370529,0.007628047726277149,0.25449906943947276,112,2
0,retrieval_frozen,adam,1000,11.328690783793768,7,16,0.25477528201380645,0.254506771488509,0.008242435241976107,0.0075943338537290545,0.25449906943947276,112,2
0,retrieval_frozen,adam,1000,11.328690783793768,7,64,0.25477528201195854,0.2545067714869448,0.008242435237517026,0.007594333849951829,0.25449906943947276,112,2
0,retrieval_frozen,adam,1000,11.328690783793768,8,0,0.25263287177604415,0.2525328392001788,0.0030581519101472573,0.002815388728115638,0.2525298905069563,112,2
0,retrieval_frozen,adam,1000,11.328690783793768,8,16,0.25263062785062596,0.25253094183070535,0.0030527067866337825,0.002810783286470214,0.2525298905069563,112,2
0,retrieval_frozen,adam,1000,11.328690783793768,8,64,0.2526306278503739,0.2525309418304922,0.0030527067860221077,0.002810783285952787,0.2525298905069563,112,2
0,retrieval_frozen,adam,1000,11.328690783793768,9,0,0.25183770451947024,0.25180086190765083,0.0011265658562486665,0.0010369725035696768,0.25180046199366457,112,2
0,retrieval_frozen,adam,1000,11.328690783793768,9,16,0.25183740030009355,0.25180060473545324,0.0011258260868272263,0.0010363470745616177,0.25180046199366457,112,2
0,retrieval_frozen,adam,1000,11.328690783793768,9,64,0.25183740030005936,0.2518006047354243,0.001125826086744031,0.0010363470744912773,0.25180046199366457,112,2
0,retrieval_frozen,adam,1000,11.328690783793768,10,0,0.2515450527433007,0.2515314933520662,0.0004146484981512795,0.0003816501604103487,0.25153143918266385,112,2
0,retrieval_frozen,adam,1000,11.328690783793768,10,16,0.25154501154498254,0.25153145852815,0.0004145482386676745,0.00038156541035289684,0.25153143918266385,112,2
0,retrieval_frozen,adam,1000,11.328690783793768,10,64,0.25154501154497794,0.25153145852814607,0.0004145482386563945,0.00038156541034336145,0.25153143918266385,112,2
0,retrieval_frozen,adam,1000,11.328690783793768,11,0,0.2514373752205083,0.25143238622206115,0.00015256883784974892,0.00014042417327099325,0.2514323788870309,112,2
0,retrieval_frozen,adam,1000,11.328690783793768,11,16,0.2514373696435935,0.2514323815081891,0.0001525552620948174,0.00014041269824139005,0.2514323788870309,112,2
0,retrieval_frozen,adam,1000,11.328690783793768,11,64,0.25143736964359287,0.2514323815081886,0.0001525552620932898,0.0001404126982400987,0.2514323788870309,112,2
0,retrieval_frozen,adam,1000,11.328690783793768,12,0,0.2513977605852107,0.2513959251301324,5.6130753533942905e-05,5.166226971686719e-05,0.2513959241366335,112,2
0,retrieval_frozen,adam,1000,11.328690783793768,12,16,0.2513977598303912,0.25139592449213105,5.6128915901155356e-05,5.166071647366589e-05,0.2513959241366335,112,2
0,retrieval_frozen,adam,1000,11.328690783793768,12,64,0.2513977598303911,0.25139592449213105,5.612891590094857e-05,5.1660716473491074e-05,0.2513959241366335,112,2
0,retrieval_frozen,adam,1000,11.328690783793768,13,0,0.2513831868658985,0.251382511625487,2.064986655778656e-05,1.9005906937236664e-05,0.25138251149076624,112,2
0,retrieval_frozen,adam,1000,11.328690783793768,13,16,0.25138318676374155,0.25138251153914054,2.0649617843597137e-05,1.9005696715341485e-05,0.25138251149076624,112,2
0,retrieval_frozen,adam,1000,11.328690783793768,13,64,0.2513831867637415,0.25138251153914054,2.0649617843569144e-05,1.900569671531782e-05,0.25138251149076624,112,2
0,retrieval_frozen,adam,1000,11.328690783793768,14,0,0.2513778254523213,0.2513775770433313,7.596731247606418e-06,6.991939268832423e-06,0.25137757702500285,112,2
0,retrieval_frozen,adam,1000,11.328690783793768,14,16,0.25137782543849563,0.2513775770316454,7.59669758692306e-06,6.9919108177311585e-06,0.25137757702500285,112,2
0,retrieval_frozen,adam,1000,11.328690783793768,14,64,0.25137782543849563,0.2513775770316454,7.596697586919271e-06,6.991910817727954e-06,0.25137757702500285,112,2
0,retrieval_frozen,adam,1000,11.328690783793768,15,0,0.251375853092826,0.2513757617080052,2.7946907031860757e-06,2.5721984042514636e-06,0.2513757617054894,112,2
0,retrieval_frozen,adam,1000,11.328690783793768,15,16,0.25137585309095495,0.2513757617064236,2.7946861476642394e-06,2.5721945537806765e-06,0.2513757617054894,112,2
0,retrieval_frozen,adam,1000,11.328690783793768,15,64,0.25137585309095495,0.2513757617064236,2.794686147663726e-06,2.5721945537802424e-06,0.2513757617054894,112,2
0,retrieval_frozen,adam,1000,11.328690783793768,16,0,0.25137512750155055,0.25137509388291845,1.0281105340186166e-06,9.46259952721186e-07,0.251375093882565,112,2
0,retrieval_frozen,adam,1000,11.328690783793768,16,16,0.2513751275012973,0.2513750938827044,1.0281099174936021e-06,9.462594316149914e-07,0.251375093882565,112,2
0,retrieval_frozen,adam,1000,11.328690783793768,16,64,0.2513751275012973,0.2513750938827044,1.0281099174935327e-06,9.462594316149325e-07,0.251375093882565,112,2
0,retrieval_frozen,adam,1000,11.328690783793768,17,0,0.25137486057133385,0.25137484820372547,3.782209019309342e-07,3.481097235190051e-07,0.2513748482036729,112,2
0,retrieval_frozen,adam,1000,11.328690783793768,17,16,0.2513748605712996,0.2513748482036965,3.7822081849323794e-07,3.481096529948689e-07,0.2513748482036729,112,2
0,retrieval_frozen,adam,1000,11.328690783793768,17,64,0.2513748605712996,0.2513748482036965,3.7822081849322857e-07,3.4810965299486086e-07,0.2513748482036729,112,2
0,retrieval_frozen,adam,1000,11.328690783793768,18,0,0.25137476237318085,0.25137475782339136,1.3913971748364977e-07,1.2806242962448949e-07,0.2513747578233825,112,2
0,retrieval_frozen,adam,1000,11.328690783793768,18,16,0.25137476237317624,0.2513747578233874,1.3913970619158017e-07,1.2806242008008145e-07,0.2513747578233825,112,2
0,retrieval_frozen,adam,1000,11.328690783793768,18,64,0.25137476237317624,0.2513747578233874,1.391397061915789e-07,1.280624200800803e-07,0.2513747578233825,112,2
0,retrieval_frozen,adam,1000,11.328690783793768,19,0,0.2513747262480973,0.2513747245743232,5.118664468515946e-08,4.7111537626154806e-08,0.25137472457432136,112,2
0,retrieval_frozen,adam,1000,11.328690783793768,19,16,0.2513747262480967,0.2513747245743227,5.11866431569438e-08,4.711153633445944e-08,0.25137472457432136,112,2
0,retrieval_frozen,adam,1000,11.328690783793768,19,64,0.2513747262480967,0.2513747245743227,5.1186643156943634e-08,4.7111536334459274e-08,0.25137472457432136,112,2
0,retrieval_frozen,adam,1000,11.328690783793768,20,0,0.2513747129584215,0.25137471234267444,1.8830514671571944e-08,1.7331366483916116e-08,0.25137471234267394,112,2
0,retrieval_frozen,adam,1000,11.328690783793768,20,16,0.25137471295842145,0.25137471234267433,1.883051446475041e-08,1.7331366309104113e-08,0.25137471234267394,112,2
0,retrieval_frozen,adam,1000,11.328690783793768,20,64,0.25137471295842145,0.25137471234267433,1.8830514464750384e-08,1.7331366309104113e-08,0.25137471234267394,112,2
0,retrieval_frozen,adam,1000,11.328690783793768,21,0,0.25137470806942297,0.2513747078429023,6.9273592724552795e-09,6.3758534641102495e-09,0.2513747078429021,112,2
0,retrieval_frozen,adam,1000,11.328690783793768,21,16,0.25137470806942297,0.2513747078429023,6.927359244465036e-09,6.375853440452033e-09,0.2513747078429021,112,2
0,retrieval_frozen,adam,1000,11.328690783793768,21,64,0.25137470806942297,0.2513747078429023,6.927359244465034e-09,6.375853440452033e-09,0.2513747078429021,112,2
0,retrieval_frozen,adam,1000,11.328690783793768,22,0,0.25137470627086095,0.2513747061875286,2.5484330658085645e-09,2.3455454157651573e-09,0.25137470618752855,112,2
0,retrieval_frozen,adam,1000,11.328690783793768,22,16,0.25137470627086095,0.2513747061875286,2.5484330620204962e-09,2.3455454125633658e-09,0.25137470618752855,112,2
0,retrieval_frozen,adam,1000,11.328690783793768,22,64,0.25137470627086095,0.2513747061875286,2.5484330620204962e-09,2.3455454125633658e-09,0.25137470618752855,112,2
0,retrieval_frozen,adam,1000,11.328690783793768,23,0,0.2513747056092069,0.2513747055785507,9.375161331767384e-10,8.628779376596957e-10,0.2513747055785507,112,2
0,retrieval_frozen,adam,1000,11.328690783793768,23,16,0.2513747056092069,0.2513747055785507,9.375161326640808e-10,8.62877937226382e-10,0.2513747055785507,112,2
0,retrieval_frozen,adam,1000,11.328690783793768,23,64,0.2513747056092069,0.2513747055785507,9.375161326640808e-10,8.62877937226382e-10,0.2513747055785507,112,2
0,retrieval_frozen,adam,1000,11.328690783793768,24,0,0.251374705365798,0.2513747053545202,3.448929113063034e-10,3.1743505362258653e-10,0.25137470535452017,112,2
0,retrieval_frozen,adam,1000,11.328690783793768,24,16,0.251374705365798,0.2513747053545202,3.448929112369227e-10,3.174350535639432e-10,0.25137470535452017,112,2
0,retrieval_frozen,adam,1000,11.328690783793768,24,64,0.251374705365798,0.2513747053545202,3.448929112369227e-10,3.174350535639432e-10,0.25137470535452017,112,2
0,retrieval_frozen,adam,2000,18.94890040505393,1,0,0.8520759299496791,0.852075929949679,1.0,1.0,0.5871807415556756,112,2
0,retrieval_frozen,adam,2000,18.94890040505393,1,16,0.6136497750219635,0.6136497750219635,0.6321205849979562,0.6321205849979562,0.5871807415556756,112,2
0,retrieval_frozen,adam,2000,18.94890040505393,1,64,0.6136497532946606,0.6136497532946606,0.6321205588285578,0.6321205588285577,0.5871807415556756,112,2
0,retrieval_frozen,adam,2000,18.94890040505393,2,0,0.7969738810116643,0.788157766322033,0.890565007777065,0.8751782030060107,0.5464574597885442,112,2
0,retrieval_frozen,adam,2000,18.94890040505393,2,16,0.575193291289071,0.5694507991449477,0.5865471217603909,0.5798442396457744,0.5464574597885442,112,2
0,retrieval_frozen,adam,2000,18.94890040505393,2,64,0.5751932720091854,0.5694507802386762,0.5865470992275384,0.5798442176258122,0.5464574597885442,112,2
0,retrieval_frozen,adam,2000,18.94890040505393,3,0,0.6577242866738049,0.6312088481987621,0.6867063622366439,0.6534590200090196,0.46113585687653535,112,2
0,retrieval_frozen,adam,2000,18.94890040505393,3,16,0.4917343759113967,0.47674529313972164,0.49055565999737477,0.47341883716480276,0.46113585687653535,112,2
0,retrieval_frozen,adam,2000,18.94890040505393,3,64,0.4917343621154375,0.4767452803165685,0.49055564423103626,0.47341882248619227,0.46113585687653535,112,2
0,retrieval_frozen,adam,2000,18.94890040505393,4,0,0.4336794871968885,0.40231589213927327,0.4236980923522405,0.38697027741523743,0.33778660629567125,112,2
0,retrieval_frozen,adam,2000,18.94890040505393,4,16,0.3633462216446204,0.34413573212131693,0.3397532961473904,0.3158405626267623,0.33778660629567125,112,2
0,retrieval_frozen,adam,2000,18.94890040505393,4,64,0.36334621550744284,0.34413572695734646,0.3397532885753084,0.31584055609350603,0.33778660629567125,112,2
0,retrieval_frozen,adam,2000,18.94890040505393,5,0,0.264471918176314,0.24819119733908193,0.20774848168083299,0.18352441965997612,0.23537849482431744,112,2
0,retrieval_frozen,adam,2000,18.94890040505393,5,16,0.2493983953565108,0.2368002870417475,0.18525453360778776,0.16581430370032546,0.23537849482431744,112,2
0,retrieval_frozen,adam,2000,18.94890040505393,5,64,0.2493983938741851,0.23680028590210506,0.18525453135157388,0.16581430189963994,0.23537849482431744,112,2
0,retrieval_frozen,adam,2000,18.94890040505393,6,0,0.1906629426915487,0.1844631984416964,0.08711779898731319,0.07555211705271753,0.18256675209214124,112,2
0,retrieval_frozen,adam,2000,18.94890040505393,6,16,0.18838345429813982,0.182792701231421,0.08288950537250073,0.07237003780278482,0.18256675209214124,112,2
0,retrieval_frozen,adam,2000,18.94890040505393,6,64,0.1883834540553038,0.1827927010519836,0.08288950491990144,0.07237003745977112,0.18256675209214124,112,2
0,retrieval_frozen,adam,2000,18.94890040505393,7,0,0.1634730390546786,0.161219107300896,0.03379018466817131,0.029067030167331573,0.16095825912690626,112,2
0,retrieval_frozen,adam,2000,18.94890040505393,7,16,0.16315867083060057,0.16099025891667895,0.033133966641940966,0.028583502138524373,0.16095825912690626,112,2
0,retrieval_frozen,adam,2000,18.94890040505393,7,64,0.16315867079594307,0.16099025889136837,0.03313396656953777,0.028583502085015623,0.16095825912690626,112,2
0,retrieval_frozen,adam,2000,18.94890040505393,8,0,0.1536115851241793,0.15278952487710049,0.012684412361627038,0.010876416964938468,0.1527541246398647,112,2
0,retrieval_frozen,adam,2000,18.94890040505393,8,16,0.15356893237119604,0.1527585152886693,0.01259076643583046,0.010808004236907653,0.1527541246398647,112,2
0,retrieval_frozen,adam,2000,18.94890040505393,8,64,0.1535689323664324,0.1527585152852019,0.0125907664253704,0.010808004229257245,0.1527541246398647,112,2
0,retrieval_frozen,adam,2000,18.94890040505393,9,0,0.15001149863341687,0.14971022761052502,0.004701643475882357,0.0040265960162639185,0.14970543413956294,112,2
0,retrieval_frozen,adam,2000,18.94890040505393,9,16,0.15000572485224786,0.14970603109457364,0.00468871518874251,0.004017182212425148,0.14970543413956294,112,2
0,retrieval_frozen,adam,2000,18.94890040505393,9,64,0.15000572485159985,0.1497060310941025,0.004688715187291653,0.004017182211368242,0.14970543413956294,112,2
0,retrieval_frozen,adam,2000,18.94890040505393,10,0,0.1486913061407526,0.14858063950363834,0.0017344665773227398,0.0014847673753877913,0.14857999068808,112,2
0,retrieval_frozen,adam,2000,18.94890040505393,10,16,0.1486905247544712,0.14858007161568332,0.0017327039744343806,0.001483485495674299,0.14857999068808,112,2
0,retrieval_frozen,adam,2000,18.94890040505393,10,64,0.1486905247543834,0.1485800716156195,0.001732703974236229,0.0014834854955301676,0.14857999068808,112,2
0,retrieval_frozen,adam,2000,18.94890040505393,11,0,0.1482062263972533,0.148165537188652,0.0006387305967001863,0.0005466858966263943,0.14816544937479847,112,2
0,retrieval_frozen,adam,2000,18.94890040505393,11,16,0.14820612065007183,0.14816546033654512,0.0006384914045853755,0.00054651201922475,0.14816544937479847,112,2
0,retrieval_frozen,adam,2000,18.94890040505393,11,64,0.14820612065005992,0.14816546033653646,0.0006384914045584681,0.000546512019205189,0.14816544937479847,112,2
0,retrieval_frozen,adam,2000,18.94890040505393,12,0,0.1480278567830767,0.14801289116515456,0.0002350647611817853,0.00020117825303138186,0.14801287927959586,112,2
0,retrieval_frozen,adam,2000,18.94890040505393,12,16,0.14802784247187598,0.14801288076452448,0.00023503235760687462,0.00020115470162890617,0.14801287927959586,112,2
0,retrieval_frozen,adam,2000,18.94890040505393,12,64,0.1480278424718744,0.1480128807645233,0.0002350323576032286,0.00020115470162625608,0.14801287927959586,112,2
0,retrieval_frozen,adam,2000,18.94890040505393,13,0,0.14796224932212168,0.14795674420040703,8.648753141558684e-05,7.40179747864334e-05,0.14795674259145958,112,2
0,retrieval_frozen,adam,2000,18.94890040505393,13,16,0.1479622473853179,0.1479567427928436,8.648314445168333e-05,7.401478647128523e-05,0.14795674259145958,112,2
0,retrieval_frozen,adam,2000,18.94890040505393,13,64,0.1479622473853177,0.14795674279284343,8.648314445118968e-05,7.401478647092646e-05,0.14795674259145958,112,2
0,retrieval_frozen,adam,2000,18.94890040505393,14,0,0.14793811518475022,0.14793609002074481,3.181861426333767e-05,2.723085953196059e-05,0.14793608980284811,112,2
0,retrieval_frozen,adam,2000,18.94890040505393,14,16,0.14793811492263267,0.14793608983025228,3.181802047180248e-05,2.7230427991648685e-05,0.14793608980284811,112,2
0,retrieval_frozen,adam,2000,18.94890040505393,14,64,0.14793811492263265,0.14793608983025225,3.181802047173567e-05,2.7230427991600126e-05,0.14793608980284811,112,2
0,retrieval_frozen,adam,2000,18.94890040505393,15,0,0.14792923693474933,0.14792849192627652,1.1705634583609888e-05,1.0017831512907165e-05,0.14792849189673257,112,2
0,retrieval_frozen,adam,2000,18.94890040505393,15,16,0.14792923689927553,0.14792849190049617,1.1705554218654221e-05,1.0017773107848015e-05,0.14792849189673257,112,2
0,retrieval_frozen,adam,2000,18.94890040505393,15,64,0.14792923689927553,0.14792849190049617,1.1705554218645175e-05,1.001777310784143e-05,0.14792849189673257,112,2
0,retrieval_frozen,adam,2000,18.94890040505393,16,0,0.1479259708365762,0.14792569676432182,4.3062921580895935e-06,3.6853756591625463e-06,0.14792569676030332,112,2
0,retrieval_frozen,adam,2000,18.94890040505393,16,16,0.14792597083177533,0.14792569676083284,4.306281281675898e-06,3.685367754776392e-06,0.14792569676030332,112,2
0,retrieval_frozen,adam,2000,18.94890040505393,16,64,0.14792597083177533,0.14792569676083284,4.306281281674674e-06,3.6853677547755082e-06,0.14792569676030332,112,2
0,retrieval_frozen,adam,2000,18.94890040505393,17,0,0.14792476930992424,0.14792466848451807,1.5842003922888644e-06,1.3557768342577907e-06,0.14792466848396682,112,2
0,retrieval_frozen,adam,2000,18.94890040505393,17,16,0.1479247693092745,0.14792466848404587,1.5841989203163938e-06,1.355775764509429e-06,0.14792466848396682,112,2
0,retrieval_frozen,adam,2000,18.94890040505393,17,64,0.1479247693092745,0.14792466848404587,1.5841989203162286e-06,1.3557757645093086e-06,0.14792466848396682,112,2
0,retrieval_frozen,adam,2000,18.94890040505393,18,0,0.1479243272934743,0.14792429020189934,5.82795301727895e-07,4.987628161070172e-07,0.14792429020182205,112,2
0,retrieval_frozen,adam,2000,18.94890040505393,18,16,0.14792432729338634,0.14792429020183548,5.82795102517589e-07,4.987626713320199e-07,0.14792429020182205,112,2
0,retrieval_frozen,adam,2000,18.94890040505393,18,64,0.14792432729338634,0.14792429020183548,5.827951025175666e-07,4.987626713320039e-07,0.14792429020182205,112,2
0,retrieval_frozen,adam,2000,18.94890040505393,19,0,0.1479241646847778,0.14792415103955256,2.1439848390612534e-07,1.8348463911357652e-07,0.1479241510395411,112,2
0,retrieval_frozen,adam,2000,18.94890040505393,19,16,0.1479241646847659,0.1479241510395439,2.1439845694591737e-07,1.8348461952039616e-07,0.1479241510395411,112,2
0,retrieval_frozen,adam,2000,18.94890040505393,19,64,0.1479241646847659,0.1479241510395439,2.1439845694591435e-07,1.8348461952039388e-07,0.1479241510395411,112,2
0,retrieval_frozen,adam,2000,18.94890040505393,20,0,0.14792410486439064,0.14792409984459312,7.887280446073388e-08,6.75002336797843e-08,0.14792409984459123,112,2
0,retrieval_frozen,adam,2000,18.94890040505393,20,16,0.14792410486438903,0.14792409984459196,7.887280081206523e-08,6.750023102813483e-08,0.14792409984459123,112,2
0,retrieval_frozen,adam,2000,18.94890040505393,20,64,0.14792410486438903,0.14792409984459196,7.887280081206482e-08,6.750023102813459e-08,0.14792409984459123,112,2
0,retrieval_frozen,adam,2000,18.94890040505393,21,0,0.14792408285770128,0.14792408101102103,2.9015684583798098e-08,2.483194921665152e-08,0.14792408101102064,112,2
0,retrieval_frozen,adam,2000,18.94890040505393,21,16,0.14792408285770106,0.14792408101102084,2.901568409000446e-08,2.483194885778976e-08,0.14792408101102064,112,2
0,retrieval_frozen,adam,2000,18.94890040505393,21,64,0.14792408285770106,0.14792408101102084,2.9015684090004396e-08,2.483194885778976e-08,0.14792408101102064,112,2
0,retrieval_frozen,adam,2000,18.94890040505393,22,0,0.14792407476189287,0.14792407408253716,1.0674274013295353e-08,9.135163732509955e-09,0.14792407408253708,112,2
0,retrieval_frozen,adam,2000,18.94890040505393,22,16,0.14792407476189284,0.14792407408253716,1.0674273946467645e-08,9.135163683943302e-09,0.14792407408253708,112,2
0,retrieval_frozen,adam,2000,18.94890040505393,22,64,0.14792407476189284,0.14792407408253716,1.0674273946467633e-08,9.135163683943302e-09,0.14792407408253708,112,2
0,retrieval_frozen,adam,2000,18.94890040505393,23,0,0.14792407178361142,0.14792407153369042,3.9268459837425285e-09,3.36063894672068e-09,0.1479240715336904,112,2
0,retrieval_frozen,adam,2000,18.94890040505393,23,16,0.14792407178361142,0.14792407153369042,3.926845974698389e-09,3.360638940147903e-09,0.1479240715336904,112,2
0,retrieval_frozen,adam,2000,18.94890040505393,23,64,0.14792407178361142,0.14792407153369042,3.926845974698386e-09,3.360638940147903e-09,0.1479240715336904,112,2
0,retrieval_frozen,adam,2000,18.94890040505393,24,0,0.1479240706879629,0.1479240705960221,1.4446059094246322e-09,1.2363099801069253e-09,0.14792407059602208,112,2
0,retrieval_frozen,adam,2000,18.94890040505393,24,16,0.1479240706879629,0.1479240705960221,1.4446059082006409e-09,1.236309979217397e-09,0.14792407059602208,112,2
0,retrieval_frozen,adam,2000,18.94890040505393,24,64,0.1479240706879629,0.1479240705960221,1.4446059082006409e-09,1.236309979217397e-09,0.14792407059602208,112,2
0,retrieval_frozen,adam,3000,24.84174707475492,1,0,0.8990924175439143,0.8990924175439142,1.0,1.0,0.6244551577482349,112,2
0,retrieval_frozen,adam,3000,24.84174707475492,1,16,0.6405939999908615,0.6405939999908614,0.6321205849979562,0.6321205849979562,0.6244551577482349,112,2
0,retrieval_frozen,adam,3000,24.84174707475492,1,64,0.6405939736350367,0.6405939736350368,0.6321205588285578,0.6321205588285577,0.6244551577482349,112,2
0,retrieval_frozen,adam,3000,24.84174707475492,2,0,0.8750137374460658,0.8699953208563037,0.9449226468953805,0.9345588228523222,0.5979642887554724,112,2
0,retrieval_frozen,adam,3000,24.84174707475492,2,16,0.6176653566679698,0.6131891031237147,0.6096531133904494,0.605326786515459,0.5979642887554724,112,2
0,retrieval_frozen,adam,3000,24.84174707475492,2,64,0.6176653315225324,0.6131890782247399,0.6096530890479267,0.6053267625175358,0.5979642887554724,112,2
0,retrieval_frozen,adam,3000,24.84174707475492,3,0,0.8033688246639529,0.7830487796141102,0.8220766194183616,0.7934193826894037,0.5338932964409211,112,2
0,retrieval_frozen,adam,3000,24.84174707475492,3,16,0.5609263942931124,0.5466550693049363,0.5560039898911839,0.5427867574515973,0.5338932964409211,112,2
0,retrieval_frozen,adam,3000,24.84174707475492,3,64,0.560926372484251,0.5466550483874651,0.5560039696414067,0.5427867381562606,0.5338932964409211,112,2
0,retrieval_frozen,adam,3000,24.84174707475492,4,0,0.6155274399246894,0.5679274783715352,0.6079180118546235,0.5625006146612239,0.409770715251554,112,2
0,retrieval_frozen,adam,3000,24.84174707475492,4,16,0.4443937062890246,0.4174030476329486,0.4488959027659397,0.4237732600977293,0.409770715251554,112,2
0,retrieval_frozen,adam,3000,24.84174707475492,4,64,0.4443936920287597,0.417403035121734,0.44889588955606774,0.42377324833627616,0.409770715251554,112,2
0,retrieval_frozen,adam,3000,24.84174707475492,5,0,0.3483061430386711,0.3071609213661578,0.35638206872101413,0.31404692414140173,0.26150914273966314,112,2
0,retrieval_frozen,adam,3000,24.84174707475492,5,16,0.28992040608607095,0.26391737188150854,0.2949613162476889,0.26551862326847453,0.26150914273966314,112,2
0,retrieval_frozen,adam,3000,24.84174707475492,5,64,0.2899204009255101,0.26391736795783316,0.2949613105309276,0.26551861865121956,0.26150914273966314,112,2
0,retrieval_frozen,adam,3000,24.84174707475492,6,0,0.18979311178629818,0.17322638361019288,0.1678977816061837,0.14270634763884937,0.1660507084510116,112,2
0,retrieval_frozen,adam,3000,24.84174707475492,6,16,0.17981760505642294,0.1664774406342315,0.15285064376819044,0.13176318324805092,0.1660507084510116,112,2
0,retrieval_frozen,adam,3000,24.84174707475492,6,64,0.17981760405714592,0.16647743994404024,0.15285064222767192,0.13176318211099441,0.1660507084510116,112,2
0,retrieval_frozen,adam,3000,24.84174707475492,7,0,0.13176613409163157,0.1261124116408456,0.06890113475437933,0.0574718553042102,0.12515817695453257,112,2
0,retrieval_frozen,adam,3000,24.84174707475492,7,16,0.13042396906495662,0.12521841856260707,0.06621924233188571,0.05561179226583145,0.12515817695453257,112,2
0,retrieval_frozen,adam,3000,24.84174707475492,7,64,0.1304239689205202,0.1252184184655538,0.06621924204194214,0.05561179206328358,0.12515817695453257,112,2
0,retrieval_frozen,adam,3000,24.84174707475492,8,0,0.11191647713432584,0.10993986422077041,0.02647428493188308,0.021906112509464035,0.10981373482970647,112,2
0,retrieval_frozen,adam,3000,24.84174707475492,8,16,0.11173964594382767,0.10982188125932726,0.026068113995140314,0.021630350506604223,0.10981373482970647,112,2
0,retrieval_frozen,adam,3000,24.84174707475492,8,64,0.11173964592425122,0.10982188124622333,0.02606811395014109,0.021630350475961943,0.10981373482970647,112,2
0,retrieval_frozen,adam,3000,24.84174707475492,9,0,0.10490641896410313,0.10419542507413974,0.009901418120872694,0.008167294579821396,0.10417855182556031,112,2
0,retrieval_frozen,adam,3000,24.84174707475492,9,16,0.10488282663235664,0.10417965077206534,0.009844023432876605,0.00812865765018801,0.10417855182556031,112,2
0,retrieval_frozen,adam,3000,24.84174707475492,9,64,0.10488282662971755,0.1041796507702987,0.009844023426455578,0.008128657645860567,0.10417855182556031,112,2
0,retrieval_frozen,adam,3000,24.84174707475492,10,0,0.10237152896612102,0.10211226249717341,0.0036649713985233284,0.003019533471903951,0.1021099896205085,112,2
0,retrieval_frozen,adam,3000,24.84174707475492,10,16,0.10236835491329184,0.10211013811160446,0.0036570774579805627,0.003014236560180446,0.1021099896205085,112,2
0,retrieval_frozen,adam,3000,24.84174707475492,10,64,0.10236835491293543,0.10211013811136578,0.0036570774570941545,0.0030142365595854023,0.1021099896205085,112,2
0,retrieval_frozen,adam,3000,24.84174707475492,11,0,0.10144516040321591,0.10135009723079015,0.001351330991751744,0.0011128618531263542,0.10134979017530821,112,2
0,retrieval_frozen,adam,3000,24.84174707475492,11,16,0.10144473181509886,0.10134981026131108,0.00135025626073434,0.0011121415639618938,0.10134979017530821,112,2
0,retrieval_frozen,adam,3000,24.84174707475492,11,64,0.10144473181505066,0.10134981026127884,0.0013502562606134924,0.0011121415638808882,0.10134979017530821,112,2
0,retrieval_frozen,adam,3000,24.84174707475492,12,0,0.10110521343713859,0.1010702846255418,0.0004975427778527479,0.00040967544367797535,0.1010702430964779,112,2
0,retrieval_frozen,adam,3000,24.84174707475492,12,16,0.10110515548316415,0.10107024581535706,0.0004973970080498215,0.00040957779151067883,0.1010702430964779,112,2
0,retrieval_frozen,adam,3000,24.84174707475492,12,64,0.10110515548315761,0.1010702458153527,0.0004973970080334221,0.0004095777914996921,0.1010702430964779,112,2
0,retrieval_frozen,adam,3000,24.84174707475492,13,0,0.10098026881828384,0.1009674250555217,0.0001830921086566612,0.00015074862088715435,0.10096741943610317,112,2
0,retrieval_frozen,adam,3000,24.84174707475492,13,16,0.10098026097752406,0.10096741980447937,0.00018307236485130149,0.000150735396542804,0.10096741943610317,112,2
0,retrieval_frozen,adam,3000,24.84174707475492,13,64,0.10098026097752319,0.10096741980447878,0.00018307236484907985,0.00015073539654131577,0.10096741943610317,112,2
0,retrieval_frozen,adam,3000,24.84174707475492,14,0,0.10093431983527591,0.10092959566850869,6.736345195696991e-05,5.546238811425986e-05,0.10092959490790607,112,2
0,retrieval_frozen,adam,3000,24.84174707475492,14,16,0.10093431877426706,0.10092959495792443,6.736077912581385e-05,5.546059796737458e-05,0.10092959490790607,112,2
0,retrieval_frozen,adam,3000,24.84174707475492,14,64,0.10093431877426694,0.10092959495792438,6.736077912551308e-05,5.546059796717311e-05,0.10092959490790607,112,2
0,retrieval_frozen,adam,3000,24.84174707475492,15,0,0.10091741825803414,0.10091568044108293,2.478266174252581e-05,2.0404158541258467e-05,0.10091568033808898,112,2
0,retrieval_frozen,adam,3000,24.84174707475492,15,16,0.10091741811444832,0.10091568034491916,2.478229997443828e-05,2.040391624998336e-05,0.10091568033808898,112,2
0,retrieval_frozen,adam,3000,24.84174707475492,15,64,0.10091741811444832,0.10091568034491916,2.478229997439756e-05,2.0403916249956102e-05,0.10091568033808898,112,2
0,retrieval_frozen,adam,3000,24.84174707475492,16,0,0.10091120080072345,0.10091056150806067,9.117171518859555e-06,7.506363312500224e-06,0.1009105614940997,112,2
0,retrieval_frozen,adam,3000,24.84174707475492,16,16,0.10091120078129154,0.10091056149504651,9.117122556894896e-06,7.5063305208843475e-06,0.1009105614940997,112,2
0,retrieval_frozen,adam,3000,24.84174707475492,16,64,0.10091120078129152,0.10091056149504651,9.117122556889387e-06,7.5063305208806544e-06,0.1009105614940997,112,2
0,retrieval_frozen,adam,3000,24.84174707475492,17,0,0.1009089135646412,0.10090867838397152,3.3540388791330796e-06,2.761449309536881e-06,0.10090867838207387,112,2
0,retrieval_frozen,adam,3000,24.84174707475492,17,16,0.10090891356201141,0.10090867838221028,3.3540322527532347e-06,2.7614448716216012e-06,0.10090867838207387,112,2
0,retrieval_frozen,adam,3000,24.84174707475492,17,64,0.10090891356201141,0.10090867838221028,3.354032252752489e-06,2.761444871621101e-06,0.10090867838207387,112,2
0,retrieval_frozen,adam,3000,24.84174707475492,18,0,0.1009080721427388,0.10090798562487045,1.2338845085058649e-06,1.0158821298425311e-06,0.10090798562461058,112,2
0,retrieval_frozen,adam,3000,24.84174707475492,18,16,0.10090807214238288,0.10090798562463205,1.2338836117179687e-06,1.0158815292333894e-06,0.10090798562461058,112,2
0,retrieval_frozen,adam,3000,24.84174707475492,18,64,0.10090807214238288,0.10090798562463205,1.2338836117178675e-06,1.0158815292333208e-06,0.10090798562461058,112,2
0,retrieval_frozen,adam,3000,24.84174707475492,19,0,0.10090776260162726,0.10090773077351807,4.5392108991627165e-07,3.737223804320015e-07,0.10090773077348177,112,2
0,retrieval_frozen,adam,3000,24.84174707475492,19,16,0.1009077626015791,0.1009077307734858,4.5392096854898317e-07,3.7372229914826207e-07,0.10090773077348177,112,2
0,retrieval_frozen,adam,3000,24.84174707475492,19,64,0.1009077626015791,0.1009077307734858,4.539209685489695e-07,3.737222991482534e-07,0.10090773077348177,112,2
0,retrieval_frozen,adam,3000,24.84174707475492,20,0,0.1009076487279119,0.10090763701900976,1.6698828378224028e-07,1.3748481162207669e-07,0.1009076370190044,112,2
0,retrieval_frozen,adam,3000,24.84174707475492,20,16,0.10090764872790538,0.10090763701900538,1.669882673569517e-07,1.3748480062151215e-07,0.1009076370190044,112,2
0,retrieval_frozen,adam,3000,24.84174707475492,20,64,0.10090764872790538,0.10090763701900538,1.6698826735694988e-07,1.3748480062151093e-07,0.1009076370190044,112,2
0,retrieval_frozen,adam,3000,24.84174707475492,21,0,0.1009076068361261,0.10090760252866235,6.143156286557976e-08,5.0577839885528957e-08,0.10090760252866149,112,2
0,retrieval_frozen,adam,3000,24.84174707475492,21,16,0.10090760683612524,0.10090760252866178,6.143156064265813e-08,5.057783839676422e-08,0.10090760252866149,112,2
0,retrieval_frozen,adam,3000,24.84174707475492,21,64,0.10090760683612524,0.10090760252866178,6.143156064265788e-08,5.057783839676404e-08,0.10090760252866149,112,2
0,retrieval_frozen,adam,3000,24.84174707475492,22,0,0.10090759142500112,0.10090758984037383,2.259940987606039e-08,1.8606548043380115e-08,0.10090758984037367,112,2
0,retrieval_frozen,adam,3000,24.84174707475492,22,16,0.10090759142500098,0.10090758984037376,2.2599409575220624e-08,1.860654784189771e-08,0.10090758984037367,112,2
0,retrieval_frozen,adam,3000,24.84174707475492,22,64,0.10090759142500098,0.10090758984037376,2.2599409575220575e-08,1.8606547841897645e-08,0.10090758984037367,112,2
0,retrieval_frozen,adam,3000,24.84174707475492,23,0,0.10090758575556528,0.10090758517261353,8.313858392233006e-09,6.844966573555011e-09,0.10090758517261347,112,2
0,retrieval_frozen,adam,3000,24.84174707475492,23,16,0.10090758575556527,0.10090758517261353,8.313858351518781e-09,6.844966546287347e-09,0.10090758517261347,112,2
0,retrieval_frozen,adam,3000,24.84174707475492,23,64,0.10090758575556527,0.10090758517261353,8.313858351518776e-09,6.844966546287347e-09,0.10090758517261347,112,2
0,retrieval_frozen,adam,3000,24.84174707475492,24,0,0.10090758366989643,0.10090758345544049,3.058497595042345e-09,2.518122488368136e-09,0.10090758345544043,112,2
0,retrieval_frozen,adam,3000,24.84174707475492,24,16,0.10090758366989643,0.10090758345544049,3.0584975895322727e-09,2.51812248467786e-09,0.10090758345544043,112,2
0,retrieval_frozen,adam,3000,24.84174707475492,24,64,0.10090758366989643,0.10090758345544049,3.058497589532272e-09,2.51812248467786e-09,0.10090758345544043,112,2
0,retrieval_frozen,adam,4000,29.71272255340369,1,0,0.926116844117587,0.9261168441175871,1.0,1.0,0.6498370014728995,112,2
0,retrieval_frozen,adam,4000,29.71272255340369,1,16,0.6610860794421426,0.6610860794421426,0.6321205849979562,0.6321205849979562,0.6498370014728995,112,2
0,retrieval_frozen,adam,4000,29.71272255340369,1,64,0.661086049791317,0.661086049791317,0.6321205588285578,0.6321205588285577,0.6498370014728995,112,2
0,retrieval_frozen,adam,4000,29.71272255340369,2,0,0.9135189375867538,0.9105105560596528,0.9661903749953132,0.958744426299678,0.6309415036240172,112,2
0,retrieval_frozen,adam,4000,29.71272255340369,2,16,0.6454133346224128,0.6418698907531185,0.6184385913288484,0.6153817839155515,0.6309415036240172,112,2
0,retrieval_frozen,adam,4000,29.71272255340369,2,64,0.6454133056333516,0.6418698619216596,0.6184385662798748,0.6153817591137546,0.6309415036240172,112,2
0,retrieval_frozen,adam,4000,29.71272255340369,3,0,0.8749513276856488,0.8618797529603829,0.8849856017847851,0.8620683905145166,0.582581993896019,112,2
0,retrieval_frozen,adam,4000,29.71272255340369,3,16,0.6047419306229932,0.5925519270445637,0.5841083263760548,0.5740602555069383,0.582581993896019,112,2
0,retrieval_frozen,adam,4000,29.71272255340369,3,64,0.6047419036180127,0.592551900693197,0.5841083040291982,0.5740602339240861,0.582581993896019,112,2
0,retrieval_frozen,adam,4000,29.71272255340369,4,0,0.7526704913614303,0.7095332419550643,0.720821271048979,0.6766091992126778,0.4742590231929735,112,2
0,retrieval_frozen,adam,4000,29.71272255340369,4,16,0.5096981637233958,0.48161623287753325,0.5076799121343137,0.4854522880187614,0.4742590231929735,112,2
0,retrieval_frozen,adam,4000,29.71272255340369,4,64,0.5096981423997854,0.48161621339097616,0.5076798952448404,0.48545227258445983,0.4742590231929735,112,2
0,retrieval_frozen,adam,4000,29.71272255340369,5,0,0.4747088476436309,0.4086685643590393,0.47988468471926965,0.42693891176339044,0.30707145929253327,112,2
0,retrieval_frozen,adam,4000,29.71272255340369,5,16,0.34717136775921503,0.3102047989392203,0.37486534984659237,0.34197011832881213,0.30707145929253327,112,2
0,retrieval_frozen,adam,4000,29.71272255340369,5,64,0.3471713571772013,0.3102047906515112,0.3748653406209442,0.3419701106698451,0.30707145929253327,112,2
0,retrieval_frozen,adam,4000,29.71272255340369,6,0,0.2225058346072745,0.18990328868099537,0.2518441476976883,0.2131441986235792,0.17162972067305274,112,2
0,retrieval_frozen,adam,4000,29.71272255340369,6,16,0.1952297604066893,0.1722750301201358,0.2194437787279596,0.18962248760719466,0.17162972067305274,112,2
0,retrieval_frozen,adam,4000,29.71272255340369,6,64,0.1952297578659349,0.1722750284219798,0.21944377555393646,0.18962248525228875,0.17162972067305274,112,2
0,retrieval_frozen,adam,4000,29.71272255340369,7,0,0.12229378527797301,0.1118459765956871,0.10998406641474848,0.09026898764336698,0.10951189143670365,112,2
0,retrieval_frozen,adam,4000,29.71272255340369,7,16,0.11867689302629869,0.1096025697437338,0.10329649474952689,0.08576345250087289,0.10951189143670365,112,2
0,retrieval_frozen,adam,4000,29.71272255340369,7,64,0.11867689264954076,0.10960256950599576,0.1032964940432066,0.08576345201914874,0.10951189143670365,112,2
0,retrieval_frozen,adam,4000,29.71272255340369,8,0,0.09042592810376833,0.08701108236249175,0.04346170369457011,0.03516436556448239,0.08671629765772873,112,2
0,retrieval_frozen,adam,4000,29.71272255340369,8,16,0.08997268411861538,0.0867281978589891,0.04237500768747804,0.034459164302302565,0.08671629765772873,112,2
0,retrieval_frozen,adam,4000,29.71272255340369,8,64,0.08997268406902474,0.08672819782783903,0.04237500756828695,0.034459164224534135,0.08671629765772873,112,2
0,retrieval_frozen,adam,4000,29.71272255340369,9,0,0.07977963162687356,0.07859095855310312,0.01643782891431075,0.013222804646744033,0.07855241057311564,112,2
0,retrieval_frozen,adam,4000,29.71272255340369,9,16,0.07972084069625915,0.0785539884485106,0.01627975809472852,0.013121827415810122,0.07855241057311564,112,2
0,retrieval_frozen,adam,4000,29.71272255340369,9,64,0.07972084068971011,0.0785539884443828,0.016279758077113675,0.013121827404533408,0.07855241057311564,112,2
0,retrieval_frozen,adam,4000,29.71272255340369,10,0,0.07602595662715197,0.07559822350003102,0.0061103263118932345,0.00490436407641429,0.07559307912357037,112,2
0,retrieval_frozen,adam,4000,29.71272255340369,10,16,0.07601814098288065,0.0755932907611772,0.006088342191992682,0.004890405756414318,0.07559307912357037,112,2
0,retrieval_frozen,adam,4000,29.71272255340369,10,64,0.07601814098200436,0.0755932907606237,0.006088342189527737,0.00489040575484799,0.07559307912357037,112,2
0,retrieval_frozen,adam,4000,29.71272255340369,11,0,0.07466784034317177,0.07451179815696826,0.002256539619533689,0.0018096845097736365,0.0745111056493806,112,2
0,retrieval_frozen,adam,4000,29.71272255340369,11,16,0.07466678987706601,0.0745111341939199,0.0022535340737175153,0.0018077805659241005,0.0745111056493806,112,2
0,retrieval_frozen,adam,4000,29.71272255340369,11,64,0.07466678987694797,0.07451113419384524,0.002253534073379744,0.0018077805657100657,0.0745111056493806,112,2
0,retrieval_frozen,adam,4000,29.71272255340369,12,0,0.07417133513639909,0.07411410889913811,0.0008313150418308703,0.0006664890555231915,0.07411401536385533,112,2
0,retrieval_frozen,adam,4000,29.71272255340369,12,16,0.07417119333767853,0.07411401922299642,0.0008309067596109593,0.0006662306372760362,0.07411401536385533,112,2
0,retrieval_frozen,adam,4000,29.71272255340369,12,64,0.07417119333766256,0.07411401922298633,0.000830906759565036,0.000666230637246966,0.07411401536385533,112,2
0,retrieval_frozen,adam,4000,29.71272255340369,13,0,0.07398910470098762,0.07396807654351982,0.00030598379355018245,0.0002452883736899574,0.0739680638937888,112,2
0,retrieval_frozen,adam,4000,29.71272255340369,13,16,0.07398908552894477,0.07396806441624099,0.00030592846229127716,0.0002452533632563668,0.0739680638937888,112,2
0,retrieval_frozen,adam,4000,29.71272255340369,13,64,0.07398908552894261,0.07396806441623961,0.00030592846228505156,0.00024525336325242723,0.0739680638937888,112,2
0,retrieval_frozen,adam,4000,29.71272255340369,14,0,0.07392212328344763,0.07391439073378742,0.00011258682729890538,9.025019285855955e-05,0.07391438902213884,112,2
0,retrieval_frozen,adam,4000,29.71272255340369,14,16,0.0739221206897078,0.07391438909299071,0.00011257933522453255,9.024545285114469e-05,0.07391438902213884,112,2
0,retrieval_frozen,adam,4000,29.71272255340369,14,64,0.07392212068970751,0.07391438909299053,0.00011257933522368947,9.024545285061123e-05,0.07391438902213884,112,2
0,retrieval_frozen,adam,4000,29.71272255340369,15,0,0.0738974899710986,0.07389464576867609,4.142131400838913e-05,3.32030372782251e-05,0.07389464553699451,112,2
0,retrieval_frozen,adam,4000,29.71272255340369,15,16,0.07389748962011963,0.07389464554664092,4.142029987695061e-05,3.320239569531378e-05,0.07389464553699451,112,2
0,retrieval_frozen,adam,4000,29.71272255340369,15,64,0.07389748962011958,0.07389464554664088,4.14202998768365e-05,3.320239569524159e-05,0.07389464553699451,112,2
0,retrieval_frozen,adam,4000,29.71272255340369,16,0,0.0738884289342305,0.07388738267067636,1.5238447084450598e-05,1.2214964750427178e-05,0.07388738263930138,112,2
0,retrieval_frozen,adam,4000,29.71272255340369,16,16,0.07388842888673294,0.07388738264062832,1.5238309827252039e-05,1.2214877917007927e-05,0.07388738263930138,112,2
0,retrieval_frozen,adam,4000,29.71272255340369,16,64,0.07388842888673294,0.07388738264062829,1.523830982723659e-05,1.2214877916998164e-05,0.07388738263930138,112,2
0,retrieval_frozen,adam,4000,29.71272255340369,17,0,0.07388509570747621,0.07388471081675091,5.605965159535543e-06,4.493668234495464e-06,0.07388471081249692,112,2
0,retrieval_frozen,adam,4000,29.71272255340369,17,16,0.07388509570104822,0.07388471081268437,5.605946583324015e-06,4.493656482640328e-06,0.07388471081249692,112,2
0,retrieval_frozen,adam,4000,29.71272255340369,17,64,0.0738850957010482,0.07388471081268437,5.605946583321923e-06,4.493656482639011e-06,0.07388471081249692,112,2
0,retrieval_frozen,adam,4000,29.71272255340369,18,0,0.07388386950115619,0.07388372790887104,2.0623266060802774e-06,1.6531327371094425e-06,0.07388372790829241,112,2
0,retrieval_frozen,adam,4000,29.71272255340369,18,16,0.07388386950028625,0.0738837279083207,2.062324092040045e-06,1.6531311466573617e-06,0.07388372790829241,112,2
0,retrieval_frozen,adam,4000,29.71272255340369,18,64,0.07388386950028625,0.0738837279083207,2.062324092039762e-06,1.6531311466571826e-06,0.07388372790829241,112,2
0,retrieval_frozen,adam,4000,29.71272255340369,19,0,0.07388341840766911,0.07388336631892721,7.586885440572599e-07,6.081541671034853e-07,0.07388336631884784,112,2
0,retrieval_frozen,adam,4000,29.71272255340369,19,16,0.07388341840755139,0.07388336631885273,7.586882038177481e-07,6.081539518586324e-07,0.07388336631884784,112,2
0,retrieval_frozen,adam,4000,29.71272255340369,19,64,0.07388341840755139,0.07388336631885273,7.586882038177099e-07,6.081539518586086e-07,0.07388336631884784,112,2
0,retrieval_frozen,adam,4000,29.71272255340369,20,0,0.07388325246000223,0.07388323329764511,2.791060508757792e-07,2.237274989930853e-07,0.073883233297634,112,2
0,retrieval_frozen,adam,4000,29.71272255340369,20,16,0.0738832524599863,0.07388323329763503,2.7910600482931034e-07,2.2372746986283383e-07,0.073883233297634,112,2
0,retrieval_frozen,adam,4000,29.71272255340369,20,64,0.0738832524599863,0.07388323329763503,2.791060048293052e-07,2.2372746986283023e-07,0.073883233297634,112,2
0,retrieval_frozen,adam,4000,29.71272255340369,21,0,0.07388319141131505,0.07388318436188054,1.0267739605919374e-07,8.230475865253191e-08,0.0738831843618789,112,2
0,retrieval_frozen,adam,4000,29.71272255340369,21,16,0.0738831914113129,0.0738831843618792,1.0267738982747907e-07,8.230475471017982e-08,0.0738831843618789,112,2
0,retrieval_frozen,adam,4000,29.71272255340369,21,64,0.0738831914113129,0.0738831843618792,1.0267738982747833e-07,8.230475471017924e-08,0.0738831843618789,112,2
0,retrieval_frozen,adam,4000,29.71272255340369,22,0,0.07388316895276459,0.07388316635942294,3.777290552402767e-08,3.027823015466581e-08,0.07388316635942266,112,2
0,retrieval_frozen,adam,4000,29.71272255340369,22,16,0.0738831689527643,0.07388316635942274,3.7772904680656624e-08,3.027822962112642e-08,0.07388316635942266,112,2
0,retrieval_frozen,adam,4000,29.71272255340369,22,64,0.0738831689527643,0.07388316635942274,3.777290468065653e-08,3.027822962112631e-08,0.07388316635942266,112,2
0,retrieval_frozen,adam,4000,29.71272255340369,23,0,0.07388316069072647,0.07388315973668945,1.3895875705931703e-08,1.1138738596809608e-08,0.0738831597366894,112,2
0,retrieval_frozen,adam,4000,29.71272255340369,23,16,0.07388316069072642,0.07388315973668942,1.3895875591793863e-08,1.1138738524602916e-08,0.0738831597366894,112,2
0,retrieval_frozen,adam,4000,29.71272255340369,23,64,0.07388316069072642,0.07388315973668942,1.389587559179385e-08,1.1138738524602916e-08,0.0738831597366894,112,2
0,retrieval_frozen,adam,4000,29.71272255340369,24,0,0.07388315765129264,0.07388315730032202,5.112007033991406e-09,4.097712958478668e-09,0.07388315730032198,112,2
0,retrieval_frozen,adam,4000,29.71272255340369,24,16,0.07388315765129264,0.07388315730032202,5.112007018544527e-09,4.097712948706552e-09,0.07388315730032198,112,2
0,retrieval_frozen,adam,4000,29.71272255340369,24,64,0.07388315765129264,0.07388315730032202,5.112007018544526e-09,4.097712948706552e-09,0.07388315730032198,112,2
0,retrieval_frozen,adam,5000,33.89887827553162,1,0,0.9437914414535447,0.9437914414535444,1.0,1.0,0.6698514314701937,112,2
0,retrieval_frozen,adam,5000,33.89887827553162,1,16,0.6781714217163525,0.6781714217163526,0.6321205849979562,0.6321205849979562,0.6698514314701937,112,2
0,retrieval_frozen,adam,5000,33.89887827553162,1,64,0.6781713894933724,0.6781713894933724,0.6321205588285578,0.6321205588285577,0.6698514314701937,112,2
0,retrieval_frozen,adam,5000,33.89887827553162,2,0,0.9365719060086934,0.9346804357285166,0.9772407390384582,0.9716532483894378,0.6557226273818564,112,2
0,retrieval_frozen,adam,5000,33.89887827553162,2,16,0.6667734282593616,0.6639185995639997,0.6229484721579219,0.6206745294739979,0.6557226273818564,112,2
0,retrieval_frozen,adam,5000,33.89887827553162,2,64,0.6667733964014305,0.6639185678033844,0.6229484467423625,0.6206745042437382,0.6557226273818564,112,2
0,retrieval_frozen,adam,5000,33.89887827553162,3,0,0.9145436787322802,0.906254682334091,0.9203759353955185,0.9021393853856677,0.6185388161785047,112,2
0,retrieval_frozen,adam,5000,33.89887827553162,3,16,0.6365255315488102,0.6263377178007286,0.599329929441673,0.591557481107161,0.6185388161785047,112,2
0,retrieval_frozen,adam,5000,33.89887827553162,3,64,0.6365255008477015,0.6263376875397147,0.5993299059158049,0.5915574581885772,0.6185388161785047,112,2
0,retrieval_frozen,adam,5000,33.89887827553162,4,0,0.840146220563742,0.8084715118686946,0.7949897987001731,0.7552627644530593,0.5282086117041465,112,2
0,retrieval_frozen,adam,5000,33.89887827553162,4,16,0.5609108739399852,0.5347160790541555,0.5434365535599381,0.5246537022952195,0.5282086117041465,112,2
0,retrieval_frozen,adam,5000,33.89887827553162,4,64,0.5609108470838864,0.5347160537501944,0.543436534211868,0.5246536842675593,0.5282086117041465,112,2
0,retrieval_frozen,adam,5000,33.89887827553162,5,0,0.6112409905306277,0.5331760674837059,0.5808859012691382,0.5235567622127986,0.3607216910094459,112,2
0,retrieval_frozen,adam,5000,33.89887827553162,5,16,0.4080224791427944,0.3642620516715088,0.4338738144552926,0.40128584549465024,0.3607216910094459,112,2
0,retrieval_frozen,adam,5000,33.89887827553162,5,64,0.4080224623306041,0.36426203789302325,0.43387380210547244,0.4012858349483152,0.3607216910094459,112,2
0,retrieval_frozen,adam,5000,33.89887827553162,6,0,0.2851708779668732,0.22965881996975648,0.3360488278373281,0.28548227991282293,0.19070709146483528,112,2
0,retrieval_frozen,adam,5000,33.89887827553162,6,16,0.2256510957910118,0.19159098528994972,0.28077485941978164,0.24480876752741376,0.19070709146483528,112,2
0,retrieval_frozen,adam,5000,33.89887827553162,6,64,0.22565109063712652,0.19159098186020423,0.28077485422835585,0.24480876360234005,0.19070709146483528,112,2
0,retrieval_frozen,adam,5000,33.89887827553162,7,0,0.1265116376110867,0.10904277449179438,0.15683609603596432,0.1276713615471901,0.1041703348746755,112,2
0,retrieval_frozen,adam,5000,33.89887827553162,7,16,0.11835640333139295,0.10429639240137621,0.14357485549587942,0.11884124876854248,0.1041703348746755,112,2
0,retrieval_frozen,adam,5000,33.89887827553162,7,64,0.11835640251744557,0.10429639191388164,0.14357485413112217,0.11884124784357106,0.1041703348746755,112,2
0,retrieval_frozen,adam,5000,33.89887827553162,8,0,0.07881545391128253,0.0735750487332328,0.06405545069656463,0.05101485458607123,0.07299550687454226,112,2
0,retrieval_frozen,adam,5000,33.89887827553162,8,16,0.07785443293613813,0.07301140504044108,0.061718496241475775,0.04954392258865807,0.07299550687454226,112,2
0,retrieval_frozen,adam,5000,33.89887827553162,8,64,0.07785443283263618,0.07301140497905816,0.06171849598823088,0.04954392242789929,0.07299550687454226,112,2
0,retrieval_frozen,adam,5000,33.89887827553162,9,0,0.06403730622509042,0.062298700892708773,0.02456300138311372,0.019381717128295214,0.06222543880935216,112,2
0,retrieval_frozen,adam,5000,33.89887827553162,9,16,0.06391780545133968,0.06222749133310441,0.0242108181208715,0.019165535510171975,0.06222543880935216,112,2
0,retrieval_frozen,adam,5000,33.89887827553162,9,64,0.06391780543810074,0.062227491325184445,0.024210818081816948,0.01916553548611529,0.06222543880935216,112,2
0,retrieval_frozen,adam,5000,33.89887827553162,10,0,0.05902103321626782,0.058407959885274134,0.009179440427568606,0.007217054359743493,0.0583983226913044,112,2
0,retrieval_frozen,adam,5000,33.89887827553162,10,16,0.05900544584716416,0.05839859472448463,0.009129771479013404,0.007186868383784222,0.0583983226913044,112,2
0,retrieval_frozen,adam,5000,33.89887827553162,10,64,0.059005445845419946,0.058398594723435206,0.009129771473454716,0.007186868380401441,0.0583983226913044,112,2
0,retrieval_frozen,adam,5000,33.89887827553162,11,0,0.057234007728071155,0.05701209441221614,0.0033967408439645693,0.002666966179970054,0.05701080434003674,112,2
0,retrieval_frozen,adam,5000,33.89887827553162,11,16,0.057231928372825605,0.05701084085687221,0.0033899145111500493,0.0026628331646077886,0.05701080434003674,112,2
0,retrieval_frozen,adam,5000,33.89887827553162,11,64,0.0572319283725921,0.057010840856731346,0.00338991451038342,0.0026628331641434006,0.05701080434003674,112,2
0,retrieval_frozen,adam,5000,33.89887827553162,12,0,0.0565845521939215,0.05650340675185155,0.0012522945786743154,0.0009827506631052193,0.05650323287099906,112,2
0,retrieval_frozen,adam,5000,33.89887827553162,12,16,0.05658427230386923,0.05650323779875866,0.0012513654525993598,0.0009821889120117937,0.05650323287099906,112,2
0,retrieval_frozen,adam,5000,33.89887827553162,12,64,0.056584272303837765,0.056503237798739656,0.0012513654524948794,0.0009821889119486131,0.05650323287099906,112,2
0,retrieval_frozen,adam,5000,33.89887827553162,13,0,0.0563467098537588,0.05631692475566099,0.0004610604080175949,0.00036175467734142757,0.05631690125864988,112,2
0,retrieval_frozen,adam,5000,33.89887827553162,13,16,0.05634667205076905,0.056316901925166585,0.00046093439988014525,0.0003616785321574357,0.05631690125864988,112,2
0,retrieval_frozen,adam,5000,33.89887827553162,13,64,0.05634667205076479,0.05631690192516402,0.000460934399865969,0.00036167853214886815,0.05631690125864988,112,2
0,retrieval_frozen,adam,5000,33.89887827553162,14,0,0.056259358690999975,0.056248410388138985,0.00016966436556997052,0.0001331120308038443,0.05624840720979703,112,2
0,retrieval_frozen,adam,5000,33.89887827553162,14,16,0.056259353578711965,0.05624840730010319,0.00016964729901996632,0.000133101719667498,0.05624840720979703,112,2
0,retrieval_frozen,adam,5000,33.89887827553162,14,64,0.05625935357871139,0.05624840730010283,0.00016964729901804593,0.00013310171966633775,0.05624840720979703,112,2
0,retrieval_frozen,adam,5000,33.89887827553162,15,0,0.056227243778311155,0.05622321734398738,6.24227636590984e-05,4.897323028871884e-05,0.056223216913881956,112,2
0,retrieval_frozen,adam,5000,33.89887827553162,15,16,0.05622724308662703,0.0562232169261536,6.242045329483738e-05,4.897183452894277e-05,0.056223216913881956,112,2
0,retrieval_frozen,adam,5000,33.89887827553162,15,64,0.056227243086626945,0.056223216926153556,6.24204532945774e-05,4.897183452878568e-05,0.056223216913881956,112,2
0,retrieval_frozen,adam,5000,33.89887827553162,16,0,0.05621543203996985,0.056213950962842645,2.2964962580387996e-05,1.8016792866927296e-05,0.056213950904619475,112,2
0,retrieval_frozen,adam,5000,33.89887827553162,16,16,0.05621543194636998,0.05621395090629929,2.296464987382239e-05,1.8016603956482155e-05,0.056213950904619475,112,2
0,retrieval_frozen,adam,5000,33.89887827553162,16,64,0.05621543194636997,0.05621395090629927,2.2964649873787202e-05,1.801660395646087e-05,0.056213950904619475,112,2
0,retrieval_frozen,adam,5000,33.89887827553162,17,0,0.05621108710668343,0.05621054227122642,8.448460920752062e-06,6.628081895757103e-06,0.05621054226333994,112,2
0,retrieval_frozen,adam,5000,33.89887827553162,17,16,0.05621108709401653,0.05621054226357432,8.448418598889026e-06,6.628056328766586e-06,0.05621054226333994,112,2
0,retrieval_frozen,adam,5000,33.89887827553162,17,64,0.05621108709401653,0.05621054226357432,8.44841859888426e-06,6.628056328763702e-06,0.05621054226333994,112,2
0,retrieval_frozen,adam,5000,33.89887827553162,18,0,0.05620948874410219,0.05620928831336605,3.1080317721931915e-06,2.4383451064458684e-06,0.05620928831229614,112,2
0,retrieval_frozen,adam,5000,33.89887827553162,18,16,0.056209488742387924,0.05620928831233046,3.1080260444706456e-06,2.438341646293027e-06,0.05620928831229614,112,2
0,retrieval_frozen,adam,5000,33.89887827553162,18,64,0.056209488742387924,0.05620928831233046,3.1080260444700005e-06,2.4383416462926373e-06,0.05620928831229614,112,2
0,retrieval_frozen,adam,5000,33.89887827553162,19,0,0.05620890074600698,0.05620882701206948,1.143383250247892e-06,8.970183942676848e-07,0.056208827011923715,112,2
0,retrieval_frozen,adam,5000,33.89887827553162,19,16,0.05620890074577499,0.05620882701192933,1.143382475080894e-06,8.970179259850807e-07,0.056208827011923715,112,2
0,retrieval_frozen,adam,5000,33.89887827553162,19,64,0.05620890074577499,0.05620882701192933,1.1433824750808063e-06,8.970179259850266e-07,0.056208827011923715,112,2
0,retrieval_frozen,adam,5000,33.89887827553162,20,0,0.05620868443449466,0.05620865730935038,4.2062749683544543e-07,3.299948095416829e-07,0.0562086573093303,112,2
0,retrieval_frozen,adam,5000,33.89887827553162,20,16,0.05620868443446326,0.05620865730933141,4.2062739192779864e-07,3.2999474616643214e-07,0.0562086573093303,112,2
0,retrieval_frozen,adam,5000,33.89887827553162,20,64,0.05620868443446326,0.05620865730933141,4.206273919277868e-07,3.299947461664251e-07,0.0562086573093303,112,2
0,retrieval_frozen,adam,5000,33.89887827553162,21,0,0.05620860485805796,0.05620859487928254,1.5474024984777833e-07,1.2139833101698878e-07,0.05620859487927969,112,2
0,retrieval_frozen,adam,5000,33.89887827553162,21,16,0.056208604858053714,0.05620859487927997,1.5474023565006237e-07,1.2139832244007688e-07,0.05620859487927969,112,2
0,retrieval_frozen,adam,5000,33.89887827553162,21,64,0.056208604858053714,0.05620859487927997,1.5474023565006078e-07,1.213983224400758e-07,0.05620859487927969,112,2
0,retrieval_frozen,adam,5000,33.89887827553162,22,0,0.05620857558353936,0.056208571912554066,5.6925762239635785e-08,4.465995354262087e-08,0.05620857191255362,112,2
0,retrieval_frozen,adam,5000,33.89887827553162,22,16,0.05620857558353879,0.05620857191255371,5.692576031818335e-08,4.4659952381861884e-08,0.05620857191255362,112,2
0,retrieval_frozen,adam,5000,33.89887827553162,22,64,0.05620857558353879,0.05620857191255371,5.692576031818314e-08,4.465995238186173e-08,0.05620857191255362,112,2
0,retrieval_frozen,adam,5000,33.89887827553162,23,0,0.05620856481404805,0.056208563463568145,2.094181835870508e-08,1.6429479207939056e-08,0.056208563463568076,112,2
0,retrieval_frozen,adam,5000,33.89887827553162,23,16,0.056208564814047964,0.0562085634635681,2.0941818098664775e-08,1.6429479050847426e-08,0.056208563463568076,112,2
0,retrieval_frozen,adam,5000,33.89887827553162,23,64,0.056208564814047964,0.0562085634635681,2.0941818098664755e-08,1.6429479050847426e-08,0.056208563463568076,112,2
0,retrieval_frozen,adam,5000,33.89887827553162,24,0,0.05620856085217389,0.05620856035536013,7.704064537461853e-09,6.0440676914588625e-09,0.05620856035536011,112,2
0,retrieval_frozen,adam,5000,33.89887827553162,24,16,0.056208560852173885,0.05620856035536013,7.704064502269221e-09,6.044067670198816e-09,0.05620856035536011,112,2
0,retrieval_frozen,adam,5000,33.89887827553162,24,64,0.056208560852173885,0.05620856035536013,7.70406450226922e-09,6.044067670198816e-09,0.05620856035536011,112,2
0,retrieval_frozen,adam,6000,37.589893042687706,1,0,0.9561953721844113,0.9561953721844113,1.0,1.0,0.6867794714712688,112,2
0,retrieval_frozen,adam,6000,37.589893042687706,1,16,0.6931132027327943,0.6931132027327942,0.6321205849979562,0.6321205849979562,0.6867794714712688,112,2
0,retrieval_frozen,adam,6000,37.589893042687706,1,64,0.6931131684077557,0.6931131684077557,0.6321205588285578,0.6321205588285577,0.6867794714712688,112,2
0,retrieval_frozen,adam,6000,37.589893042687706,2,0,0.9518444422632751,0.9506185961489008,0.9839171755192198,0.979618116834216,0.6759599988312162,112,2
0,retrieval_frozen,adam,6000,37.589893042687706,2,16,0.6845671455210675,0.6822464171663352,0.6256552889012923,0.6239149382479598,0.6759599988312162,112,2
0,retrieval_frozen,adam,6000,37.589893042687706,2,64,0.6845671113846828,0.6822463830854177,0.6256552632644224,0.6239149127535689,0.6759599988312162,112,2
0,retrieval_frozen,adam,6000,37.589893042687706,3,0,0.9387296418374463,0.9334185433693145,0.9427477915910556,0.9281927990063034,0.6470418507888342,112,2
0,retrieval_frozen,adam,6000,37.589893042687706,3,16,0.6616141952933641,0.6531655829782295,0.6087428368469618,0.6026496026965286,0.6470418507888342,112,2
0,retrieval_frozen,adam,6000,37.589893042687706,3,64,0.6616141617921677,0.6531655497502437,0.6087428125767705,0.6026495789104076,0.6470418507888342,112,2
0,retrieval_frozen,adam,6000,37.589893042687706,4,0,0.8940600148879427,0.8727697602361963,0.8466905159834265,0.8122825633530794,0.5732958320212834,112,2
0,retrieval_frozen,adam,6000,37.589893042687706,4,16,0.6019913374489406,0.5788061619102094,0.5671422730522251,0.5515490627770797,0.5732958320212834,112,2
0,retrieval_frozen,adam,6000,37.589893042687706,4,64,0.6019913063466211,0.5788061319591463,0.5671422519820604,0.5515490428537382,0.5732958320212834,112,2
0,retrieval_frozen,adam,6000,37.589893042687706,5,0,0.7312193949703077,0.6584263624956637,0.6637246700847316,0.6064291244671991,0.41723643524078324,112,2
0,retrieval_frozen,adam,6000,37.589893042687706,5,16,0.4670847422038529,0.420868837623525,0.47856676844198504,0.4482347253099466,0.41723643524078324,112,2
0,retrieval_frozen,adam,6000,37.589893042687706,5,64,0.4670847192025098,0.42086881784638536,0.47856675342484956,0.44823471215149235,0.41723643524078324,112,2
0,retrieval_frozen,adam,6000,37.589893042687706,6,0,0.37892623063414765,0.295456129367599,0.41901873258660477,0.3590711249093432,0.22126373506626734,112,2
0,retrieval_frozen,adam,6000,37.589893042687706,6,16,0.2681942871059852,0.22239664424360853,0.33650402566161774,0.29700557146876877,0.22126373506626734,112,2
0,retrieval_frozen,adam,6000,37.589893042687706,6,64,0.2681942780492196,0.22239663808270613,0.3365040182126391,0.2970055656914932,0.22126373506626734,112,2
0,retrieval_frozen,adam,6000,37.589893042687706,7,0,0.14403595860539747,0.11575799917287466,0.20970549409687983,0.17027537020056552,0.10624472260156008,112,2
0,retrieval_frozen,adam,6000,37.589893042687706,7,16,0.12707859529263632,0.10641469611313296,0.1866584801433726,0.1549230691164963,0.10624472260156008,112,2
0,retrieval_frozen,adam,6000,37.589893042687706,7,64,0.12707859368921498,0.10641469519141379,0.18665847783784553,0.15492306754459212,0.10624472260156008,112,2
0,retrieval_frozen,adam,6000,37.589893042687706,8,0,0.07364644309955978,0.06592789382007132,0.08901757431934795,0.07009399040929588,0.06487175617582791,112,2
0,retrieval_frozen,adam,6000,37.589893042687706,8,16,0.07176509065982893,0.0648922867871351,0.08456254418533275,0.0673467116167578,0.06487175617582791,112,2
0,retrieval_frozen,adam,6000,37.589893042687706,8,64,0.0717650904615097,0.06489228667598337,0.08456254370949177,0.06734671131970976,0.06487175617582791,112,2
0,retrieval_frozen,adam,6000,37.589893042687706,9,0,0.05372244540862748,0.051322709959409844,0.03472038626006298,0.026966497970813443,0.05119519894662111,112,2
0,retrieval_frozen,adam,6000,37.589893042687706,9,16,0.05350141673599884,0.0511977547991086,0.03401935806646473,0.026549828364988783,0.05119519894662111,112,2
0,retrieval_frozen,adam,6000,37.589893042687706,9,64,0.053501416711690966,0.05119775478527996,0.03401935798919927,0.02654982831882331,0.05119519894662111,112,2
0,retrieval_frozen,adam,6000,37.589893042687706,10,0,0.04730816023690101,0.04648607315356579,0.013062885192945515,0.010090338210108324,0.04646964167325843,112,2
0,retrieval_frozen,adam,6000,37.589893042687706,10,16,0.047280115589287686,0.0464699745800946,0.012962266462982418,0.010031430229658881,0.04646964167325843,112,2
0,retrieval_frozen,adam,6000,37.589893042687706,10,64,0.04728011558615751,0.04646997457829383,0.012962266451748384,0.010031430223068363,0.04646964167325843,112,2
0,retrieval_frozen,adam,6000,37.589893042687706,11,0,0.04507388293380188,0.044779676943483934,0.004846066908462052,0.0037355660750613843,0.04477749517328615,112,2
0,retrieval_frozen,adam,6000,37.589893042687706,11,16,0.04507018350506705,0.04477753954844987,0.00483214503233805,0.003727462526062123,0.04477749517328615,112,2
0,retrieval_frozen,adam,6000,37.589893042687706,11,64,0.04507018350465199,0.044777539548209865,0.004832145030775952,0.0037274625251521648,0.04477749517328615,112,2
0,retrieval_frozen,adam,6000,37.589893042687706,12,0,0.0442689068271379,0.04416178653282141,0.001788314308932307,0.0013774511898448335,0.04416149336746989,112,2
0,retrieval_frozen,adam,6000,37.589893042687706,12,16,0.04426841099313096,0.04416149933935227,0.0017864146591309196,0.0013763478482762396,0.04416149336746989,112,2
0,retrieval_frozen,adam,6000,37.589893042687706,12,64,0.04426841099307523,0.04416149933931997,0.001786414658917375,0.001376347848152174,0.04416149336746989,112,2
0,retrieval_frozen,adam,6000,37.589893042687706,13,0,0.04397506747400036,0.043935810558792025,0.0006586378990102265,0.0005071722293594928,0.04393577098797417,112,2
0,retrieval_frozen,adam,6000,37.589893042687706,13,16,0.043975000611469736,0.04393577179477905,0.0006583800294243824,0.0005070225753640387,0.04393577098797417,112,2
0,retrieval_frozen,adam,6000,37.589893042687706,13,64,0.04397500061146221,0.04393577179477467,0.0006583800293953746,0.0005070225753472023,0.04393577098797417,112,2
0,retrieval_frozen,adam,6000,37.589893042687706,14,0,0.043867280476659824,0.04385285902099361,0.00024240152574409038,0.00018663734661222522,0.04385285367078359,112,2
0,retrieval_frozen,adam,6000,37.589893042687706,14,16,0.043867271439829894,0.04385285378000752,0.00024236658793376847,0.00018661707653108966,0.04385285367078359,112,2
0,retrieval_frozen,adam,6000,37.589893042687706,14,64,0.04386727143982889,0.043852853780006903,0.00024236658792983735,0.00018661707652880871,0.04385285367078359,112,2
0,retrieval_frozen,adam,6000,37.589893042687706,15,0,0.043827669866556236,0.04382236726426755,8.918837502912456e-05,6.866804594948574e-05,0.04382236654041172,112,2
0,retrieval_frozen,adam,6000,37.589893042687706,15,16,0.04382766864415351,0.043822366555233826,8.91836447688071e-05,6.866530186437996e-05,0.04382236654041172,112,2
0,retrieval_frozen,adam,6000,37.589893042687706,15,64,0.04382766864415338,0.04382236655523375,8.918364476827483e-05,6.866530186407115e-05,0.04382236654041172,112,2
0,retrieval_frozen,adam,6000,37.589893042687706,16,0,0.043813103622611996,0.043811153277053226,3.28124426326897e-05,2.5262645655032852e-05,0.04381115317908659,112,2
0,retrieval_frozen,adam,6000,37.589893042687706,16,16,0.04381310345720762,0.04381115318110872,3.281180236484784e-05,2.526227424226446e-05,0.04381115317908659,112,2
0,retrieval_frozen,adam,6000,37.589893042687706,16,64,0.043813103457207604,0.043811153181108696,3.281180236477579e-05,2.5262274242222643e-05,0.04381115317908659,112,2
0,retrieval_frozen,adam,6000,37.589893042687706,17,0,0.043807745770318,0.04380702832873738,1.2071276571623812e-05,9.293754581340895e-06,0.04380702831547364,112,2
0,retrieval_frozen,adam,6000,37.589893042687706,17,16,0.04380774574793443,0.04380702831575334,1.2071189915977792e-05,9.293704314035556e-06,0.04380702831547364,112,2
0,retrieval_frozen,adam,6000,37.589893042687706,17,64,0.04380774574793443,0.04380702831575334,1.2071189915968043e-05,9.293704314029892e-06,0.04380702831547364,112,2
0,retrieval_frozen,adam,6000,37.589893042687706,18,0,0.0438057748307348,0.04380551090555519,4.440808789581202e-06,3.4190010844135028e-06,0.04380551090375795,112,2
0,retrieval_frozen,adam,6000,37.589893042687706,18,16,0.0438057748277056,0.043805510903798014,4.440797061775003e-06,3.4189942813712746e-06,0.04380551090375795,112,2
0,retrieval_frozen,adam,6000,37.589893042687706,18,64,0.0438057748277056,0.043805510903798014,4.440797061773683e-06,3.4189942813705093e-06,0.04380551090375795,112,2
0,retrieval_frozen,adam,6000,37.589893042687706,19,0,0.04380504977667405,0.04380495268495054,1.6336868992893546e-06,1.257782893729934e-06,0.043804952684706515,112,2
0,retrieval_frozen,adam,6000,37.589893042687706,19,16,0.04380504977626409,0.043804952684712746,1.6336853120914397e-06,1.2577819730331954e-06,0.043804952684706515,112,2
0,retrieval_frozen,adam,6000,37.589893042687706,19,64,0.04380504977626409,0.043804952684712746,1.6336853120912614e-06,1.2577819730330927e-06,0.043804952684706515,112,2
0,retrieval_frozen,adam,6000,37.589893042687706,20,0,0.043804783046098465,0.043804747328174555,6.010004519819511e-07,4.627128314950395e-07,0.04380474732814122,112,2
0,retrieval_frozen,adam,6000,37.589893042687706,20,16,0.043804783046042996,0.04380474732814235,6.010002371774771e-07,4.62712706892032e-07,0.04380474732814122,112,2
0,retrieval_frozen,adam,6000,37.589893042687706,20,64,0.043804783046042996,0.04380474732814235,6.010002371774529e-07,4.62712706892018e-07,0.04380474732814122,112,2
0,retrieval_frozen,adam,6000,37.589893042687706,21,0,0.04380468492166147,0.043804671781788505,2.2109579546673568e-07,1.7022258705883794e-07,0.04380467178178387,112,2
0,retrieval_frozen,adam,6000,37.589893042687706,21,16,0.043804684921653965,0.043804671781784155,2.2109576639608196e-07,1.7022257019564222e-07,0.04380467178178387,112,2
0,retrieval_frozen,adam,6000,37.589893042687706,21,64,0.043804684921653965,0.043804671781784155,2.2109576639607865e-07,1.702225701956404e-07,0.04380467178178387,112,2
0,retrieval_frozen,adam,6000,37.589893042687706,22,0,0.04380464882373336,0.043804643989846515,8.133660919163692e-08,6.262139685851061e-08,0.04380464398984586,112,2
0,retrieval_frozen,adam,6000,37.589893042687706,22,16,0.04380464882373235,0.04380464398984594,8.133660525735027e-08,6.262139457632461e-08,0.04380464398984586,112,2
0,retrieval_frozen,adam,6000,37.589893042687706,22,64,0.04380464882373235,0.04380464398984594,8.13366052573498e-08,6.262139457632438e-08,0.04380464398984586,112,2
0,retrieval_frozen,adam,6000,37.589893042687706,23,0,0.043804635544052464,0.04380463376576518,2.992206789390576e-08,2.303712538254982e-08,0.043804633765765086,112,2
0,retrieval_frozen,adam,6000,37.589893042687706,23,16,0.043804635544052326,0.04380463376576511,2.9922067361457936e-08,2.3037125073689537e-08,0.043804633765765086,112,2
0,retrieval_frozen,adam,6000,37.589893042687706,23,64,0.043804635544052326,0.04380463376576511,2.992206736145787e-08,2.3037125073689537e-08,0.043804633765765086,112,2
0,retrieval_frozen,adam,6000,37.589893042687706,24,0,0.04380463065873151,0.04380463000453623,1.1007713826316711e-08,8.474884933847858e-09,0.043804630004536195,112,2
0,retrieval_frozen,adam,6000,37.589893042687706,24,16,0.04380463065873149,0.043804630004536216,1.1007713754257726e-08,8.474884892048148e-09,0.043804630004536195,112,2
0,retrieval_frozen,adam,6000,37.589893042687706,24,64,0.04380463065873149,0.043804630004536216,1.1007713754257718e-08,8.474884892048148e-09,0.043804630004536195,112,2
0,retrieval_frozen,adam,7000,40.904032203641215,1,0,0.9652707786954008,0.9652707786954007,1.0,1.0,0.7016323150117213,112,2
0,retrieval_frozen,adam,7000,40.904032203641215,1,16,0.7065229479407132,0.7065229479407134,0.6321205849979562,0.6321205849979562,0.7016323150117213,112,2
0,retrieval_frozen,adam,7000,40.904032203641215,1,64,0.7065229118584931,0.706522911858493,0.6321205588285578,0.6321205588285577,0.7016323150117213,112,2
0,retrieval_frozen,adam,7000,40.904032203641215,2,0,0.9625685174266408,0.9617586475733195,0.9883190638906667,0.9849644611095482,0.6932496430963433,112,2
0,retrieval_frozen,adam,7000,40.904032203641215,2,16,0.7000169136364213,0.6981247424880774,0.6274325786573487,0.6260793221579488,0.6932496430963433,112,2
0,retrieval_frozen,adam,7000,40.904032203641215,2,64,0.7000168776342035,0.6981247065121305,0.6274325528746408,0.6260792964863691,0.6932496430963433,112,2
0,retrieval_frozen,adam,7000,40.904032203641215,3,0,0.9545384974389594,0.9510918513120248,0.9579306061021582,0.9462888484231677,0.6706412799716678,112,2
0,retrieval_frozen,adam,7000,40.904032203641215,3,16,0.6824238085099513,0.6754559206214942,0.6150408891866859,0.6102262596408181,0.6706412799716678,112,2
0,retrieval_frozen,adam,7000,40.904032203641215,3,64,0.6824237728103049,0.6754558850710156,0.6150408644119617,0.6102262352528477,0.6706412799716678,112,2
0,retrieval_frozen,adam,7000,40.904032203641215,4,0,0.9275985451990643,0.913789221899491,0.8841921198578717,0.8550266787794852,0.6112323631158892,112,2
0,retrieval_frozen,adam,7000,40.904032203641215,4,16,0.6356732160073483,0.615775253856388,0.5837484607642024,0.5709291582400335,0.6112323631158892,112,2
0,retrieval_frozen,adam,7000,40.904032203641215,4,64,0.6356731816585739,0.615775220269871,0.5837484384438253,0.570929136891978,0.6112323631158892,112,2
0,retrieval_frozen,adam,7000,40.904032203641215,5,0,0.8218461923079203,0.764923940516144,0.7317592851370593,0.6774328722538595,0.473074809891914,112,2
0,retrieval_frozen,adam,7000,40.904032203641215,5,16,0.5215947561161772,0.476537560672318,0.5130300122031551,0.48587614839489107,0.473074809891914,112,2
0,retrieval_frozen,adam,7000,40.904032203641215,5,64,0.5215947275636706,0.4765375350258966,0.5130299949518212,0.4858761329336256,0.473074809891914,112,2
0,retrieval_frozen,adam,7000,40.904032203641215,6,0,0.4987065465497013,0.390384447920205,0.49928713555496856,0.43297448717137194,0.2626556890570784,112,2
0,retrieval_frozen,adam,7000,40.904032203641215,6,16,0.320638236536408,0.2640221129058461,0.38648544397746154,0.345831505496599,0.2626556890570784,112,2
0,retrieval_frozen,adam,7000,40.904032203641215,6,64,0.3206382223011789,0.2640221027847597,0.3864854341611836,0.3458314976636916,0.2626556890570784,112,2
0,retrieval_frozen,adam,7000,40.904032203641215,7,0,0.17862794266046259,0.13338034539397886,0.2686044105062653,0.21857253316610586,0.11530813170795799,112,2
0,retrieval_frozen,adam,7000,40.904032203641215,7,16,0.14498710124849115,0.11553452723989822,0.23195013222677857,0.19390679245185902,0.11530813170795799,112,2
0,retrieval_frozen,adam,7000,40.904032203641215,7,64,0.14498709826372222,0.11553452556660641,0.2319501286701688,0.19390678998933808,0.11530813170795799,112,2
0,retrieval_frozen,adam,7000,40.904032203641215,8,0,0.07399915876492764,0.06266110131314882,0.11923598350119104,0.09316622126780111,0.060789171009648556,112,2
0,retrieval_frozen,adam,7000,40.904032203641215,8,16,0.07041433552686072,0.060815497814504016,0.11137198246435678,0.08837450567867933,0.060789171009648556,112,2
0,retrieval_frozen,adam,7000,40.904032203641215,8,64,0.07041433515990907,0.06081549762023116,0.11137198163873079,0.08837450516717668,0.060789171009648556,112,2
0,retrieval_frozen,adam,7000,40.904032203641215,9,0,0.047066017562190095,0.043822764141672854,0.047493482878032046,0.03639848380147274,0.04360973525029962,112,2
0,retrieval_frozen,adam,7000,40.904032203641215,9,16,0.046673631557923,0.04361286468148352,0.04618913779446673,0.03564344627823306,0.04360973525029962,112,2
0,retrieval_frozen,adam,7000,40.904032203641215,9,64,0.04667363151519901,0.0436128646584054,0.04618913765180125,0.03564344619502733,0.04360973525029962,112,2
0,retrieval_frozen,adam,7000,40.904032203641215,10,0,0.03898435972199817,0.03791672123167188,0.01802176692733132,0.013702728530231958,0.037890034652972686,112,2
0,retrieval_frozen,adam,7000,40.904032203641215,10,16,0.03893644401215405,0.03789043260496791,0.017830347057887753,0.013594318355642034,0.037890034652972686,112,2
0,retrieval_frozen,adam,7000,40.904032203641215,10,64,0.03893644400682413,0.0378904326020339,0.017830347036580634,0.013594318343538601,0.037890034652972686,112,2
0,retrieval_frozen,adam,7000,40.904032203641215,11,0,0.03625667434861105,0.03588066986708446,0.006707581960138968,0.0050846025422968105,0.03587716665302937,112,2
0,retrieval_frozen,adam,7000,40.904032203641215,11,16,0.03625045463364677,0.0358772191715246,0.006680866963167677,0.005069600985084571,0.03587716665302937,112,2
0,retrieval_frozen,adam,7000,40.904032203641215,11,64,0.03625045463294975,0.035877219171137446,0.0066808669601735775,0.005069600983401349,0.03587716665302937,112,2
0,retrieval_frozen,adam,7000,40.904032203641215,12,0,0.035286033565566664,0.035149962008890215,0.002478276975360361,0.001876498380336055,0.035149493322606376,112,2
0,retrieval_frozen,adam,7000,40.904032203641215,12,16,0.0352852051024885,0.03514950036305307,0.0024746198578750023,0.0018744513328517443,0.035149493322606376,112,2
0,retrieval_frozen,adam,7000,40.904032203641215,12,64,0.03528520510239541,0.03514950036300118,0.002474619857464072,0.0018744513326216317,0.035149493322606376,112,2
0,retrieval_frozen,adam,7000,40.904032203641215,13,0,0.03493337142978261,0.034883617554494484,0.0009131634437355818,0.0006911377014316968,0.034883554394831415,112,2
0,retrieval_frozen,adam,7000,40.904032203641215,13,16,0.03493325997231939,0.03488355534452611,0.0009126664081825611,0.0006908598196511156,0.034883554394831415,112,2
0,retrieval_frozen,adam,7000,40.904032203641215,13,64,0.034933259972306854,0.03488355534451911,0.0009126664081266584,0.0006908598196198567,0.034883554394831415,112,2
0,retrieval_frozen,adam,7000,40.904032203641215,14,0,0.03480423067525227,0.03478596835413917,0.00033613158762537575,0.0002543654919200214,0.03478595981977668,112,2
0,retrieval_frozen,adam,7000,40.904032203641215,14,16,0.03480421562415013,0.03478595994823557,0.0003360642162240149,0.00025432784255515677,0.03478595981977668,112,2
0,retrieval_frozen,adam,7000,40.904032203641215,14,64,0.034804215624148434,0.034785959948234635,0.00033606421621643474,0.0002543278425509202,0.03478595981977668,112,2
0,retrieval_frozen,adam,7000,40.904032203641215,15,0,0.03475680309174671,0.034750090320318554,0.00012368265549669809,9.35907497565634e-05,0.034750089165951625,112,2
0,retrieval_frozen,adam,7000,40.904032203641215,15,16,0.03475680105644622,0.0347500891833655,0.0001236735325349247,9.358565236785745e-05,0.034750089165951625,112,2
0,retrieval_frozen,adam,7000,40.904032203641215,15,64,0.034756801056445984,0.03475008918336538,0.00012367353253389812,9.358565236728398e-05,0.034750089165951625,112,2
0,retrieval_frozen,adam,7000,40.904032203641215,16,0,0.0347393663695326,0.03473689763143156,4.550392816591095e-05,3.443213164934521e-05,0.03473689747522466,112,2
0,retrieval_frozen,adam,7000,40.904032203641215,16,16,0.034739366094166516,0.03473689747759468,4.550269324654524e-05,3.443144168814096e-05,0.03473689747522466,112,2
0,retrieval_frozen,adam,7000,40.904032203641215,16,64,0.03473936609416649,0.03473689747759467,4.550269324640628e-05,3.4431441688063284e-05,0.03473689747522466,112,2
0,retrieval_frozen,adam,7000,40.904032203641215,17,0,0.034732953234340405,0.03473204513818198,1.6740449901133684e-05,1.2667146603894019e-05,0.034732045117038285,112,2
0,retrieval_frozen,adam,7000,40.904032203641215,17,16,0.03473295319707773,0.034732045117364066,1.674028275998661e-05,1.266705322258747e-05,0.034732045117038285,112,2
0,retrieval_frozen,adam,7000,40.904032203641215,17,64,0.03473295319707773,0.034732045117364045,1.6740282759967803e-05,1.2667053222576963e-05,0.034732045117038285,112,2
0,retrieval_frozen,adam,7000,40.904032203641215,18,0,0.03473059417355453,0.034730260117428774,6.1585337035906365e-06,4.660019795928973e-06,0.03473026011456552,112,2
0,retrieval_frozen,adam,7000,40.904032203641215,18,16,0.03473059416851178,0.034730260114611465,6.158511082849624e-06,4.66000715788392e-06,0.03473026011456552,112,2
0,retrieval_frozen,adam,7000,40.904032203641215,18,64,0.03473059416851178,0.034730260114611465,6.158511082847078e-06,4.6600071578824955e-06,0.03473026011456552,112,2
0,retrieval_frozen,adam,7000,40.904032203641215,19,0,0.034729726350631145,0.0347296034601154,2.265606916809333e-06,1.7143304834049857e-06,0.034729603459727226,112,2
0,retrieval_frozen,adam,7000,40.904032203641215,19,16,0.03472972634994869,0.03472960345973412,2.265603855392749e-06,1.7143287730186577e-06,0.034729603459727226,112,2
0,retrieval_frozen,adam,7000,40.904032203641215,19,64,0.03472972634994869,0.03472960345973412,2.2656038553924038e-06,1.7143287730184659e-06,0.034729603459727226,112,2
0,retrieval_frozen,adam,7000,40.904032203641215,20,0,0.034729407100078526,0.03472936189143669,8.334714217194903e-07,6.306676175781567e-07,0.034729361891383904,112,2
0,retrieval_frozen,adam,7000,40.904032203641215,20,16,0.03472940709998617,0.03472936189138508,8.334710074002066e-07,6.306673861018949e-07,0.034729361891383904,112,2
0,retrieval_frozen,adam,7000,40.904032203641215,20,64,0.03472940709998617,0.03472936189138508,8.334710074001599e-07,6.306673861018692e-07,0.034729361891383904,112,2
0,retrieval_frozen,adam,7000,40.904032203641215,21,0,0.03472928965485889,0.034729273023563156,3.0661716532100787e-07,2.320097423904141e-07,0.03472927302355592,112,2
0,retrieval_frozen,adam,7000,40.904032203641215,21,16,0.03472928965484639,0.03472927302355617,3.0661710924891077e-07,2.320097110634768e-07,0.03472927302355592,112,2
0,retrieval_frozen,adam,7000,40.904032203641215,21,64,0.03472928965484639,0.03472927302355617,3.0661710924890447e-07,2.3200971106347348e-07,0.03472927302355592,112,2
0,retrieval_frozen,adam,7000,40.904032203641215,22,0,0.03472924644924415,0.034729240330936995,1.1279817368999792e-07,8.53516267832214e-08,0.03472924033093597,112,2
0,retrieval_frozen,adam,7000,40.904032203641215,22,16,0.034729246449242454,0.03472924033093604,1.1279816610146076e-07,8.53516225435798e-08,0.03472924033093597,112,2
0,retrieval_frozen,adam,7000,40.904032203641215,22,64,0.034729246449242454,0.03472924033093604,1.1279816610145992e-07,8.535162254357949e-08,0.03472924033093597,112,2
0,retrieval_frozen,adam,7000,40.904032203641215,23,0,0.03472923055479581,0.034729228303997016,4.1496132114547216e-08,3.139911044309603e-08,0.03472922830399686,112,2
0,retrieval_frozen,adam,7000,40.904032203641215,23,16,0.034729230554795584,0.0347292283039969,4.149613108755026e-08,3.139910986932296e-08,0.03472922830399686,112,2
0,retrieval_frozen,adam,7000,40.904032203641215,23,64,0.034729230554795584,0.0347292283039969,4.149613108755015e-08,3.1399109869322845e-08,0.03472922830399686,112,2
0,retrieval_frozen,adam,7000,40.904032203641215,24,0,0.034729224707556273,0.03472922387953374,1.5265574300748113e-08,1.1551087430316075e-08,0.03472922387953373,112,2
0,retrieval_frozen,adam,7000,40.904032203641215,24,16,0.03472922470755623,0.03472922387953373,1.5265574161759175e-08,1.1551087352664323e-08,0.03472922387953373,112,2
0,retrieval_frozen,adam,7000,40.904032203641215,24,64,0.03472922470755623,0.03472922387953373,1.526557416175916e-08,1.1551087352664323e-08,0.03472922387953373,112,2
0,retrieval_frozen,adam,8000,43.92044429817172,1,0,0.9720915878419347,0.9720915878419346,1.0,1.0,0.7149342332818109,112,2
0,retrieval_frozen,adam,8000,43.92044429817172,1,16,0.7187347203375688,0.7187347203375688,0.6321205849979562,0.6321205849979562,0.7149342332818109,112,2
0,retrieval_frozen,adam,8000,43.92044429817172,1,64,0.7187346827710722,0.7187346827710722,0.6321205588285578,0.6321205588285577,0.7149342332818109,112,2
0,retrieval_frozen,adam,8000,43.92044429817172,2,0,0.9703808239273263,0.9698389930634745,0.9913797325353423,0.9887422564141326,0.708407260390631,112,2
0,retrieval_frozen,adam,8000,43.92044429817172,2,16,0.713746896012452,0.7122052072019024,0.6286649062500634,0.6276035486909829,0.708407260390631,112,2
0,retrieval_frozen,adam,8000,43.92044429817172,2,64,0.713746858459268,0.7122051696549289,0.6286648803659898,0.6276035228942531,0.708407260390631,112,2
0,retrieval_frozen,adam,8000,43.92044429817172,3,0,0.9653675482999233,0.9631055589965066,0.9686981364681545,0.9593834721990563,0.6907094548520474,112,2
0,retrieval_frozen,adam,8000,43.92044429817172,3,16,0.700206378416194,0.6944910502128041,0.6194639644670288,0.6156449997190313,0.6907094548520474,112,2
0,retrieval_frozen,adam,8000,43.92044429817172,3,64,0.7002063409561263,0.6944910128131676,0.6194639393348448,0.615644974896013,0.6907094548520474,112,2
0,retrieval_frozen,adam,8000,43.92044429817172,4,0,0.9489543801464011,0.9400991785497669,0.912081813642571,0.8877310518719052,0.643332696206146,112,2
0,retrieval_frozen,adam,8000,43.92044429817172,4,16,0.6637333602644089,0.6470089786878435,0.5957906989723174,0.5853279563497186,0.643332696206146,112,2
0,retrieval_frozen,adam,8000,43.92044429817172,4,64,0.6637333234364263,0.6470089422972971,0.5957906757226619,0.5853279339112915,0.643332696206146,112,2
0,retrieval_frozen,adam,8000,43.92044429817172,5,0,0.8837154694124217,0.8441561961154974,0.7874846485624569,0.7379204179653837,0.5256585128077504,112,2
0,retrieval_frozen,adam,8000,43.92044429817172,5,16,0.570179743022556,0.5287734332429587,0.5398722696490967,0.5162259295842027,0.5256585128077504,112,2
0,retrieval_frozen,adam,8000,43.92044429817172,5,64,0.5701797098672198,0.5287734023616931,0.5398722505503687,0.5162259121310653,0.5256585128077504,112,2
0,retrieval_frozen,adam,8000,43.92044429817172,6,0,0.6281948254277634,0.510411289903483,0.5752891271256176,0.5058655011176075,0.3137749672193572,112,2
0,retrieval_frozen,adam,8000,43.92044429817172,6,16,0.37992414913582245,0.31532047883028236,0.43062187482940395,0.39081022597009113,0.3137749672193572,112,2
0,retrieval_frozen,adam,8000,43.92044429817172,6,64,0.37992412880939713,0.31532046349515397,0.4306218626537327,0.39081021596719595,0.3137749672193572,112,2
0,retrieval_frozen,adam,8000,43.92044429817172,7,0,0.23707016944130302,0.16605412882141954,0.33302758955091033,0.2727299333124717,0.13218877643806717,112,2
0,retrieval_frozen,adam,8000,43.92044429817172,7,16,0.17330589402761865,0.1324876353895972,0.27852171057712755,0.23537123421845035,0.13218877643806717,112,2
0,retrieval_frozen,adam,8000,43.92044429817172,7,64,0.17330588873191172,0.13248763242835546,0.2785217054554766,0.23537123059017157,0.13218877643806717,112,2
0,retrieval_frozen,adam,8000,43.92044429817172,8,0,0.08050198913657046,0.06351630102632828,0.15559873903359184,0.12106478560704906,0.06019851262198146,112,2
0,retrieval_frozen,adam,8000,43.92044429817172,8,16,0.07366369187043162,0.060232546396015954,0.14247073795039442,0.11309636863704134,0.06019851262198146,112,2
0,retrieval_frozen,adam,8000,43.92044429817172,8,64,0.07366369119777562,0.06023254605929897,0.14247073659973375,0.11309636779933613,0.06019851262198146,112,2
0,retrieval_frozen,adam,8000,43.92044429817172,9,0,0.04324719163255796,0.0388567906590016,0.06360106948453592,0.04820154872672799,0.03850564979825357,112,2
0,retrieval_frozen,adam,8000,43.92044429817172,9,16,0.04255725513439635,0.038509478501480475,0.061280286745631525,0.04688628639517522,0.03850564979825357,112,2
0,retrieval_frozen,adam,8000,43.92044429817172,9,64,0.04255725506030862,0.03850947846362572,0.06128028649421173,0.046886286251200726,0.03850564979825357,112,2
0,retrieval_frozen,adam,8000,43.92044429817172,10,0,0.03302534876321183,0.03165557806706673,0.024398299884493276,0.018285821070079984,0.03161322125947991,112,2
0,retrieval_frozen,adam,8000,43.92044429817172,10,16,0.03294531042646486,0.03161369279073325,0.02404797675182946,0.018093273883642798,0.03161322125947991,112,2
0,retrieval_frozen,adam,8000,43.92044429817172,10,64,0.03294531041760266,0.0316136927860723,0.024047976712986887,0.018093273862202622,0.03161322125947991,112,2
0,retrieval_frozen,adam,8000,43.92044429817172,11,0,0.02972154070834752,0.029249742954364177,0.00911935388626067,0.006805115680096488,0.029244269392970437,112,2
0,retrieval_frozen,adam,8000,43.92044429817172,11,16,0.02971138317105764,0.029244330767642716,0.009069912734004265,0.006778270891556454,0.029244269392970437,112,2
0,retrieval_frozen,adam,8000,43.92044429817172,11,64,0.02971138316992115,0.029244330767036104,0.009069912728471408,0.006778270888547386,0.029244269392970437,112,2
0,retrieval_frozen,adam,8000,43.92044429817172,12,0,0.028566159169062657,0.028396872866195893,0.0033747143055115774,0.002514205729951644,0.028396144988013336,112,2
0,retrieval_frozen,adam,8000,43.92044429817172,12,16,0.02856481811623602,0.02839615317126342,0.003367917435478067,0.002510532296484453,0.028396144988013336,112,2
0,retrieval_frozen,adam,8000,43.92044429817172,12,64,0.028564818116085418,0.02839615317118254,0.0033679174347147644,0.0025105322960716657,0.028396144988013336,112,2
0,retrieval_frozen,adam,8000,43.92044429817172,13,0,0.028149135628272183,0.028087434104015725,0.001244202553316107,0.0009263871326199075,0.028087336237729296,112,2
0,retrieval_frozen,adam,8000,43.92044429817172,13,16,0.028148955810019333,0.028087337339255065,0.0012432773431113977,0.0009258879533959043,0.028087336237729296,112,2
0,retrieval_frozen,adam,8000,43.92044429817172,13,64,0.028148955809999116,0.02808733733924418,0.0012432773430073585,0.0009258879533397594,0.028087336237729296,112,2
0,retrieval_frozen,adam,8000,43.92044429817172,14,0,0.027996800753774514,0.027974179724171832,0.0004580850449283043,0.0003409971414364927,0.027974166511263294,112,2
0,retrieval_frozen,adam,8000,43.92044429817172,14,16,0.027996776501325763,0.027974166660113705,0.00045795956312170413,0.0003409294831721821,0.027974166511263294,112,2
0,retrieval_frozen,adam,8000,43.92044429817172,14,64,0.027996776501323036,0.02797416666011224,0.00045795956310758695,0.0003409294831645697,0.027974166511263294,112,2
0,retrieval_frozen,adam,8000,43.92044429817172,15,0,0.02794090569988204,0.02793259439353659,0.0001685699985993681,0.00012547270442296224,0.027932592606923063,112,2
0,retrieval_frozen,adam,8000,43.92044429817172,15,16,0.027940902421817255,0.02793259262708317,0.0001685530030988263,0.00012546354280116694,0.027932592606923063,112,2
0,retrieval_frozen,adam,8000,43.92044429817172,15,64,0.02794090242181688,0.027932592627082965,0.00016855300309691392,0.00012546354280013587,0.027932592606923063,112,2
0,retrieval_frozen,adam,8000,43.92044429817172,16,0,0.027920362778439584,0.02791730664099675,6.202019675736532e-05,4.6162465448264914e-05,0.02791730639927276,112,2
0,retrieval_frozen,adam,8000,43.92044429817172,16,16,0.027920362335008227,0.027917306402011666,6.201789599953618e-05,4.616122530494669e-05,0.02791730639927276,112,2
0,retrieval_frozen,adam,8000,43.92044429817172,16,64,0.02792036233500818,0.027917306402011646,6.201789599927727e-05,4.616122530480714e-05,0.02791730639927276,112,2
0,retrieval_frozen,adam,8000,43.92044429817172,17,0,0.027912808128052517,0.02791168403024589,2.281687031436251e-05,1.698271426819222e-05,0.027911683997531873,112,2
0,retrieval_frozen,adam,8000,43.92044429817172,17,16,0.02791280806805089,0.027911683997906674,2.2816558907434216e-05,1.6982546420464222e-05,0.027911683997531873,112,2
0,retrieval_frozen,adam,8000,43.92044429817172,17,64,0.027912808068050878,0.027911683997906674,2.2816558907399165e-05,1.698254642044534e-05,0.027911683997531873,112,2
0,retrieval_frozen,adam,8000,43.92044429817172,18,0,0.027910029288539213,0.02790961578209391,8.393981337940705e-06,6.247658059508883e-06,0.02790961577766522,112,2
0,retrieval_frozen,adam,8000,43.92044429817172,18,16,0.02791002928041939,0.027909615777717472,8.393939191941958e-06,6.247635343162673e-06,0.02790961577766522,112,2
0,retrieval_frozen,adam,8000,43.92044429817172,18,64,0.02791002928041939,0.027909615777717472,8.393939191937215e-06,6.247635343160109e-06,0.02790961577766522,112,2
0,retrieval_frozen,adam,8000,43.92044429817172,19,0,0.02790900705947293,0.02790885494247531,3.0879899237244625e-06,2.2983939724006733e-06,0.027908854941875387,112,2
0,retrieval_frozen,adam,8000,43.92044429817172,19,16,0.027909007058374048,0.027908854941883027,3.087984219801435e-06,2.2983908980463345e-06,0.027908854941875387,112,2
0,retrieval_frozen,adam,8000,43.92044429817172,19,64,0.027909007058374048,0.027908854941883027,3.087984219800793e-06,2.2983908980459872e-06,0.027908854941875387,112,2
0,retrieval_frozen,adam,8000,43.92044429817172,20,0,0.027908631009027796,0.02790857504878842,1.1360102757085593e-06,8.455331104614821e-07,0.02790857504870702,112,2
0,retrieval_frozen,adam,8000,43.92044429817172,20,16,0.02790863100887908,0.02790857504870826,1.1360095037624201e-06,8.45532694391314e-07,0.02790857504870702,112,2
0,retrieval_frozen,adam,8000,43.92044429817172,20,64,0.02790863100887908,0.02790857504870826,1.1360095037623335e-06,8.455326943912674e-07,0.02790857504870702,112,2
0,retrieval_frozen,adam,8000,43.92044429817172,21,0,0.02790849266869509,0.027908472082138026,4.1791513236451914e-07,3.110544133188875e-07,0.027908472082126913,112,2
0,retrieval_frozen,adam,8000,43.92044429817172,21,16,0.027908492668674963,0.027908472082127166,4.179150278927661e-07,3.110543570098365e-07,0.027908472082126913,112,2
0,retrieval_frozen,adam,8000,43.92044429817172,21,64,0.027908492668674963,0.027908472082127166,4.1791502789275424e-07,3.110543570098298e-07,0.027908472082126913,112,2
0,retrieval_frozen,adam,8000,43.92044429817172,22,0,0.02790844177625192,0.02790843420288953,1.5374242689551236e-07,1.1443054609635104e-07,0.027908434202887997,112,2
0,retrieval_frozen,adam,8000,43.92044429817172,22,16,0.02790844177624919,0.027908434202888077,1.5374241275678787e-07,1.1443053847574568e-07,0.027908434202887997,112,2
0,retrieval_frozen,adam,8000,43.92044429817172,22,64,0.02790844177624919,0.027908434202888077,1.5374241275678626e-07,1.1443053847574487e-07,0.027908434202887997,112,2
0,retrieval_frozen,adam,8000,43.92044429817172,23,0,0.02790842305398475,0.02790842026790161,5.6558683713055534e-08,4.209664837570592e-08,0.027908420267901392,112,2
0,retrieval_frozen,adam,8000,43.92044429817172,23,16,0.027908423053984385,0.027908420267901406,5.655868179958682e-08,4.209664734436904e-08,0.027908420267901392,112,2
0,retrieval_frozen,adam,8000,43.92044429817172,23,64,0.027908423053984385,0.027908420267901406,5.655868179958661e-08,4.2096647344368894e-08,0.027908420267901392,112,2
0,retrieval_frozen,adam,8000,43.92044429817172,24,0,0.02790841616644979,0.02790841514150723,2.0806777718659586e-08,1.548649188901273e-08,0.027908415141507208,112,2
0,retrieval_frozen,adam,8000,43.92044429817172,24,16,0.027908416166449734,0.027908415141507218,2.080677745969973e-08,1.5486491749436443e-08,0.027908415141507208,112,2
0,retrieval_frozen,adam,8000,43.92044429817172,24,64,0.027908416166449734,0.027908415141507218,2.0806777459699697e-08,1.5486491749436443e-08,0.027908415141507208,112,2
0,retrieval_frozen,adam,9000,46.69492835567756,1,0,0.9773165866505841,0.9773165866505841,1.0,1.0,0.7269942841242979,112,2
0,retrieval_frozen,adam,9000,46.69492835567756,1,16,0.729953409205497,0.7299534092054969,0.6321205849979562,0.6321205849979562,0.7269942841242979,112,2
0,retrieval_frozen,adam,9000,46.69492835567756,1,64,0.7299533703804306,0.7299533703804307,0.6321205588285578,0.6321205588285577,0.7269942841242979,112,2
0,retrieval_frozen,adam,9000,46.69492835567756,2,0,0.9762195314340529,0.9758538998089097,0.9935793402887503,0.9914983166280207,0.7219065952478664,112,2
0,retrieval_frozen,adam,9000,46.69492835567756,2,16,0.726120511027189,0.7248679675275969,0.6295488038735224,0.628712854675418,0.7219065952478664,112,2
0,retrieval_frozen,adam,9000,46.69492835567756,2,64,0.7261204721760269,0.7248679286693465,0.6295487779166196,0.6287128287874149,0.7219065952478664,112,2
0,retrieval_frozen,adam,9000,46.69492835567756,3,0,0.9730453757643295,0.9715468419772955,0.9765462435484203,0.9691023881339016,0.7080685473393932,112,2
0,retrieval_frozen,adam,9000,46.69492835567756,3,16,0.7156924354690206,0.7110312519539009,0.622665315646535,0.6196326824951872,0.7080685473393932,112,2
0,retrieval_frozen,adam,9000,46.69492835567756,3,64,0.7156923965839421,0.71103121306849,0.6226652902540124,0.6196326573495581,0.7080685473393932,112,2
0,retrieval_frozen,adam,9000,46.69492835567756,4,0,0.9629289166444208,0.9572499566769969,0.9331318147921769,0.9130412425405697,0.6706035618599733,112,2
0,retrieval_frozen,adam,9000,46.69492835567756,4,16,0.6873791841636002,0.6735373795571027,0.6047110792319101,0.596225622860089,0.6706035618599733,112,2
0,retrieval_frozen,adam,9000,46.69492835567756,4,64,0.6873791454434482,0.6735373410274648,0.604711055281563,0.5962255995783645,0.6706035618599733,112,2
0,retrieval_frozen,adam,9000,46.69492835567756,5,0,0.923618689909475,0.8979759436889381,0.8328518524713867,0.7889758889319212,0.5733170663306919,112,2
0,retrieval_frozen,adam,9000,46.69492835567756,5,16,0.6123912339340823,0.5759937945731455,0.5608621692259742,0.540703483191384,0.5733170663306919,112,2
0,retrieval_frozen,adam,9000,46.69492835567756,5,64,0.6123911971937065,0.57599375937767,0.5608621486170069,0.5407034640438781,0.5733170663306919,112,2
0,retrieval_frozen,adam,9000,46.69492835567756,6,0,0.7455655319579596,0.6395067973605125,0.6455284151963363,0.5761622691483699,0.3722268993225363,112,2
0,retrieval_frozen,adam,9000,46.69492835567756,6,16,0.4420922835561794,0.37385880267622906,0.4689178472299341,0.4314810660805914,0.3722268993225363,112,2
0,retrieval_frozen,adam,9000,46.69492835567756,6,64,0.44209225688764775,0.3738587811938758,0.46891783280266147,0.4314810538874007,0.3722268993225363,112,2
0,retrieval_frozen,adam,9000,46.69492835567756,7,0,0.32659448176698763,0.22076165854984905,0.40181619661042983,0.3324243829019099,0.15846229476388887,112,2
0,retrieval_frozen,adam,9000,46.69492835567756,7,16,0.21339288188939404,0.15885071749208815,0.32515100322941076,0.2785376002337852,0.15846229476388887,112,2
0,retrieval_frozen,adam,9000,46.69492835567756,7,64,0.21339287298143755,0.15885071238223525,0.32515099625912075,0.27853759515264076,0.15846229476388887,112,2
0,retrieval_frozen,adam,9000,46.69492835567756,8,0,0.09544186614670006,0.06917407934677888,0.1988478449639785,0.15462077795391818,0.06319350935039347,112,2
0,retrieval_frozen,adam,9000,46.69492835567756,8,16,0.08221402282587378,0.06323823555432204,0.17790980312945237,0.14185578823961933,0.06319350935039347,112,2
0,retrieval_frozen,adam,9000,46.69492835567756,8,64,0.08221402159111947,0.06323823496672239,0.17790980102514217,0.14185578692170248,0.06319350935039347,112,2
0,retrieval_frozen,adam,9000,46.69492835567756,9,0,0.04200541088202643,0.03595241369856536,0.08389048938165587,0.06300956321927138,0.035370766307158505,112,2
0,retrieval_frozen,adam,9000,46.69492835567756,9,16,0.04077818314162402,0.03537549938599726,0.07989542933665475,0.060780728204041685,0.035370766307158505,112,2
0,retrieval_frozen,adam,9000,46.69492835567756,9,64,0.04077818301238235,0.035375499323857265,0.07989542890898939,0.060780727962091656,0.035370766307158505,112,2
0,retrieval_frozen,adam,9000,46.69492835567756,10,0,0.02883940749394115,0.027079719697605406,0.0326325314358872,0.024136472607462513,0.027012941213324763,112,2
0,retrieval_frozen,adam,9000,46.69492835567756,10,16,0.02870618837568572,0.027013500426271275,0.03200756743738643,0.023802127378809424,0.027012941213324763,112,2
0,retrieval_frozen,adam,9000,46.69492835567756,10,64,0.028706188361028267,0.027013500418931243,0.032007567368441514,0.023802127341705028,0.027012941213324763,112,2
0,retrieval_frozen,adam,9000,46.69492835567756,11,0,0.024825409547726447,0.024237512632068296,0.012264330297633486,0.009016187007526627,0.024229065482100437,112,2
0,retrieval_frozen,adam,9000,46.69492835567756,11,16,0.024809020493775234,0.024229136913368716,0.012174839659459468,0.008969124127626127,0.024229065482100437,112,2
0,retrieval_frozen,adam,9000,46.69492835567756,11,64,0.024809020491945468,0.02422913691243123,0.012174839649464373,0.008969124122357544,0.024229065482100437,112,2
0,retrieval_frozen,adam,9000,46.69492835567756,12,0,0.02345516902457468,0.023246712806534422,0.004547993751461264,0.003335786671731998,0.023245598815139087,112,2
0,retrieval_frozen,adam,9000,46.69492835567756,12,16,0.023453032043067097,0.023245608268297323,0.004535622634802535,0.003329323290217019,0.023245598815139087,112,2
0,retrieval_frozen,adam,9000,46.69492835567756,12,64,0.023453032042827306,0.02324560826817327,0.004535622633414256,0.003329323289491071,0.023245598815139087,112,2
0,retrieval_frozen,adam,9000,46.69492835567756,13,0,0.022965147255213387,0.022889506701612532,0.0016780680364427345,0.0012297474659958587,0.022889357389062753,112,2
0,retrieval_frozen,adam,9000,46.69492835567756,13,16,0.02296486206448722,0.0228893586578677,0.0016763805496649788,0.001228867984472597,0.022889357389062753,112,2
0,retrieval_frozen,adam,9000,46.69492835567756,13,64,0.022964862064455163,0.022889358657851057,0.0016763805494752744,0.0012288679843736954,0.022889357389062753,112,2
0,retrieval_frozen,adam,9000,46.69492835567756,14,0,0.022786763497212315,0.022759077873186942,0.0006180000758515235,0.00045274899812500414,0.02275905773797193,112,2
0,retrieval_frozen,adam,9000,46.69492835567756,14,16,0.022786725100572114,0.022759057909219314,0.0006177710346387924,0.00045262973501426567,0.02275905773797193,112,2
0,retrieval_frozen,adam,9000,46.69492835567756,14,64,0.02278672510056779,0.022759057909217083,0.0006177710346130271,0.000452629735000848,0.02275905773797193,112,2
0,retrieval_frozen,adam,9000,46.69492835567756,15,0,0.022721394007918894,0.02271122808521267,0.00022744079022404172,0.0001666044913479902,0.022711225363771174,112,2
0,retrieval_frozen,adam,9000,46.69492835567756,15,16,0.022721388821436293,0.022711225386945415,0.00022740975966875358,0.00016658833895558665,0.022711225363771174,112,2
0,retrieval_frozen,adam,9000,46.69492835567756,15,64,0.022721388821435713,0.022711225386945113,0.0002274097596652621,0.00016658833895376912,0.022711225363771174,112,2
0,retrieval_frozen,adam,9000,46.69492835567756,16,0,0.02269738027751742,0.02269364302006064,8.368314954763616e-05,6.129679037767424e-05,0.02269364265192301,112,2
0,retrieval_frozen,adam,9000,46.69492835567756,16,16,0.02269737957609797,0.02269364265506719,8.367894836391357e-05,6.129460379687288e-05,0.02269364265192301,112,2
0,retrieval_frozen,adam,9000,46.69492835567756,16,64,0.022697379576097892,0.02269364265506715,8.36789483634408e-05,6.129460379662683e-05,0.02269364265192301,112,2
0,retrieval_frozen,adam,9000,46.69492835567756,17,0,0.022688550767768097,0.022687176256199995,3.0786983213602595e-05,2.2550698400483827e-05,0.022687176206383493,112,2
0,retrieval_frozen,adam,9000,46.69492835567756,17,16,0.022688550672865924,0.022687176206812338,3.078641456279422e-05,2.2550402449459482e-05,0.022687176206383493,112,2
0,retrieval_frozen,adam,9000,46.69492835567756,17,64,0.02268855067286591,0.02268717620681233,3.078641456273023e-05,2.2550402449426153e-05,0.022687176206383493,112,2
0,retrieval_frozen,adam,9000,46.69492835567756,18,0,0.0226853032015778,0.0226847975942066,1.1326124602797728e-05,8.296055993750169e-06,0.02268479758746387,112,2
0,retrieval_frozen,adam,9000,46.69492835567756,18,16,0.022685303188735413,0.022684797587523148,1.132604764017546e-05,8.296015939665989e-06,0.02268479758746387,112,2
0,retrieval_frozen,adam,9000,46.69492835567756,18,64,0.022685303188735413,0.022684797587523148,1.1326047640166798e-05,8.29601593966148e-06,0.02268479758746387,112,2
0,retrieval_frozen,adam,9000,46.69492835567756,19,0,0.0226841085738523,0.022683922577679566,4.166679033377398e-06,3.0519643678697866e-06,0.022683922576766595,112,2
0,retrieval_frozen,adam,9000,46.69492835567756,19,16,0.02268410857211433,0.02268392257677508,4.16666861741477e-06,3.051958947065843e-06,0.022683922576766595,112,2
0,retrieval_frozen,adam,9000,46.69492835567756,19,64,0.02268410857211433,0.02268392257677508,4.166668617413598e-06,3.0519589470652304e-06,0.022683922576766595,112,2
0,retrieval_frozen,adam,9000,46.69492835567756,20,0,0.022683669106390303,0.022683600683086252,1.5328397015784654e-06,1.1227571013517129e-06,0.022683600682962532,112,2
0,retrieval_frozen,adam,9000,46.69492835567756,20,16,0.022683669106155102,0.02268360068296384,1.5328382919210385e-06,1.122756367722035e-06,0.022683600682962532,112,2
0,retrieval_frozen,adam,9000,46.69492835567756,20,64,0.022683669106155102,0.02268360068296384,1.5328382919208799e-06,1.1227563677219532e-06,0.022683600682962532,112,2
0,retrieval_frozen,adam,9000,46.69492835567756,21,0,0.02268350743690476,0.022683482265494832,5.639007740919713e-07,4.1303954669523696e-07,0.02268348226547803,112,2
0,retrieval_frozen,adam,9000,46.69492835567756,21,16,0.022683507436872936,0.022683482265478276,5.639005833150783e-07,4.130394474090761e-07,0.02268348226547803,112,2
0,retrieval_frozen,adam,9000,46.69492835567756,21,64,0.022683507436872936,0.022683482265478276,5.639005833150567e-07,4.1303944740906435e-07,0.02268348226547803,112,2
0,retrieval_frozen,adam,9000,46.69492835567756,22,0,0.022683447962235728,0.02268343870220734,2.0744757760882393e-07,1.5194879709440737e-07,0.022683438702205037,112,2
0,retrieval_frozen,adam,9000,46.69492835567756,22,16,0.022683447962231422,0.022683438702205096,2.074475517899537e-07,1.5194878365747755e-07,0.022683438702205037,112,2
0,retrieval_frozen,adam,9000,46.69492835567756,22,64,0.022683447962231422,0.022683438702205096,2.0744755178995082e-07,1.5194878365747596e-07,0.022683438702205037,112,2
0,retrieval_frozen,adam,9000,46.69492835567756,23,0,0.02268342608275627,0.022683422676184332,7.631570920313962e-08,5.5898843904052085e-08,0.022683422676184017,112,2
0,retrieval_frozen,adam,9000,46.69492835567756,23,16,0.02268342608275568,0.022683422676184034,7.631570570893438e-08,5.589884208556094e-08,0.022683422676184017,112,2
0,retrieval_frozen,adam,9000,46.69492835567756,23,64,0.02268342608275568,0.022683422676184034,7.631570570893399e-08,5.589884208556074e-08,0.022683422676184017,112,2
0,retrieval_frozen,adam,9000,46.69492835567756,24,0,0.02268341803374945,0.02268341678054197,2.807498184550528e-08,2.05640361805527e-08,0.02268341678054192,112,2
0,retrieval_frozen,adam,9000,46.69492835567756,24,16,0.02268341803374937,0.02268341678054192,2.8074981372615947e-08,2.0564035934446667e-08,0.02268341678054192,112,2
0,retrieval_frozen,adam,9000,46.69492835567756,24,64,0.02268341803374937,0.02268341678054192,2.80749813726159e-08,2.0564035934446667e-08,0.02268341678054192,112,2
0,retrieval_frozen,adam,10000,49.26842521616799,1,0,0.981379044759998,0.9813790447599982,1.0,1.0,0.7380166812824173,112,2
0,retrieval_frozen,adam,10000,49.26842521616799,1,16,0.7403194107251289,0.7403194107251289,0.6321205849979562,0.6321205849979562,0.7380166812824173,112,2
0,retrieval_frozen,adam,10000,49.26842521616799,1,64,0.7403193708327845,0.7403193708327847,0.6321205588285578,0.6321205588285577,0.7380166812824173,112,2
0,retrieval_frozen,adam,10000,49.26842521616799,2,0,0.9806691601527735,0.980420918660244,0.9951928761463973,0.9935491588675198,0.7340552257440198,112,2
0,retrieval_frozen,adam,10000,49.26842521616799,2,16,0.7373749508423114,0.736361444011081,0.6301962687126677,0.6295368493572246,0.7340552257440198,112,2
0,retrieval_frozen,adam,10000,49.26842521616799,2,64,0.7373749109024799,0.7363614040558776,0.6301962427023504,0.629536823401319,0.7340552257440198,112,2
0,retrieval_frozen,adam,10000,49.26842521616799,3,0,0.9786381055045064,0.9776375381199801,0.9823628904557012,0.9764273066312802,0.7232621310302622,112,2
0,retrieval_frozen,adam,10000,49.26842521616799,3,16,0.7293548500608841,0.7255754686848676,0.6250258556520044,0.622619096199557,0.7232621310302622,112,2
0,retrieval_frozen,adam,10000,49.26842521616799,3,64,0.7293548100154903,0.7255754285999069,0.6250258300666488,0.6226190708109574,0.7232621310302622,112,2
0,retrieval_frozen,adam,10000,49.26842521616799,4,0,0.9723308974920972,0.9686684553729867,0.9491456465077867,0.9327341189822694,0.693848114686928,112,2
0,retrieval_frozen,adam,10000,49.26842521616799,4,16,0.7074830796074538,0.6961641459773787,0.6114022301458094,0.6045607354553371,0.693848114686928,112,2
0,retrieval_frozen,adam,10000,49.26842521616799,4,64,0.707483039442881,0.6961641058295917,0.6114022056629729,0.6045607115181149,0.693848114686928,112,2
0,retrieval_frozen,adam,10000,49.26842521616799,5,0,0.9487763803432564,0.932719236133117,0.869482283755554,0.8315823341650798,0.6152380777917595,112,2
0,retrieval_frozen,adam,10000,49.26842521616799,5,16,0.6484029277032274,0.6174582488675058,0.5772729790840577,0.5603799947658918,0.6152380777917595,112,2
0,retrieval_frozen,adam,10000,49.26842521616799,5,64,0.6484028883071854,0.6174582103478197,0.5772729572540655,0.5603799741994518,0.6152380777917595,112,2
0,retrieval_frozen,adam,10000,49.26842521616799,6,0,0.8359897626018068,0.7554653699125562,0.7087911467986203,0.642253537758046,0.4343399378581979,112,2
0,retrieval_frozen,adam,10000,49.26842521616799,6,16,0.5030139363207808,0.4359467380767321,0.5015331929648896,0.46750946110648556,0.4343399378581979,112,2
0,retrieval_frozen,adam,10000,49.26842521616799,6,64,0.5030139037922069,0.4359467101663743,0.5015331764699819,0.4675094467920349,0.4343399378581979,112,2
0,retrieval_frozen,adam,10000,49.26842521616799,7,0,0.4481872668266332,0.30600043366891816,0.47316015954985025,0.39672727252549705,0.19590759810706646,112,2
0,retrieval_frozen,adam,10000,49.26842521616799,7,16,0.2656736710143091,0.19639778875333866,0.3704586423152084,0.3223103282662692,0.19590759810706646,112,2
0,retrieval_frozen,adam,10000,49.26842521616799,7,64,0.2656736569664936,0.19639778023887672,0.370458633279645,0.3223103214626135,0.19590759810706646,112,2
0,retrieval_frozen,adam,10000,49.26842521616799,8,0,0.12348008641331958,0.0815111319346775,0.24938936206811732,0.19455346175651905,0.0704491737598543,112,2
0,retrieval_frozen,adam,10000,49.26842521616799,8,16,0.09756264056721839,0.070509086938838,0.2173453438933806,0.17476553445889778,0.0704491737598543,112,2
0,retrieval_frozen,adam,10000,49.26842521616799,8,64,0.09756263829957709,0.07050908589931798,0.2173453407571419,0.1747655324585502,0.0704491737598543,112,2
0,retrieval_frozen,adam,10000,49.26842521616799,9,0,0.043578312368224625,0.0349617932474943,0.10930791218005563,0.08156531991633156,0.03398030080429243,112,2
0,retrieval_frozen,adam,10000,49.26842521616799,9,16,0.041336158218294984,0.033986263319324625,0.10261868057284086,0.07786895008609226,0.03398030080429243,112,2
0,retrieval_frozen,adam,10000,49.26842521616799,9,64,0.04133615798857337,0.03398626321594229,0.10261867986723286,0.07786894968897157,0.03398030080429243,112,2
0,retrieval_frozen,adam,10000,49.26842521616799,10,0,0.026090614358305536,0.023802857124173505,0.04327982638007334,0.03163090331392172,0.023697071418106456,112,2
0,retrieval_frozen,adam,10000,49.26842521616799,10,16,0.025866542319156895,0.023697740061220447,0.04218533109049664,0.03105915255416633,0.023697071418106456,112,2
0,retrieval_frozen,adam,10000,49.26842521616799,10,64,0.02586654229472105,0.02369774004962997,0.04218533097053683,0.03105915249098728,0.023697071418106456,112,2
0,retrieval_frozen,adam,10000,49.26842521616799,11,0,0.021154987762322473,0.020421636795605824,0.016383023455916235,0.011872854332507458,0.020408633657255367,112,2
0,retrieval_frozen,adam,10000,49.26842521616799,11,16,0.021128559206017715,0.020408716940296417,0.01622331333990543,0.01179137915826531,0.020408633657255367,112,2
0,retrieval_frozen,adam,10000,49.26842521616799,11,64,0.02112855920307572,0.020408716938852902,0.0162233133221135,0.011791379149159408,0.020408633657255367,112,2
0,retrieval_frozen,adam,10000,49.26842521616799,12,0,0.019525258751082446,0.01926945237978843,0.006091991307185779,0.004400681666306066,0.019267756965710682,112,2
0,retrieval_frozen,adam,10000,49.26842521616799,12,16,0.019521872044538067,0.019267767874994318,0.00606975094788053,0.004389439898400172,0.019267756965710682,112,2
0,retrieval_frozen,adam,10000,49.26842521616799,12,64,0.019521872044158426,0.019267767874805237,0.006069750945387162,0.0043894398971383065,0.019267756965710682,112,2
0,retrieval_frozen,adam,10000,49.26842521616799,13,0,0.018949905673890762,0.018857656236716678,0.0022500519930013854,0.0016234192129118464,0.01885742997054545,112,2
0,retrieval_frozen,adam,10000,49.26842521616799,13,16,0.0189494567001735,0.018857431429028827,0.0022470099455963078,0.0016218868670758691,0.01885742997054545,112,2
0,retrieval_frozen,adam,10000,49.26842521616799,13,64,0.018949456700123046,0.018857431429003545,0.0022470099452544497,0.0016218868669035885,0.01885742997054545,112,2
0,retrieval_frozen,adam,10000,49.26842521616799,14,0,0.018741468027959063,0.018707780816334393,0.0008289637434431026,0.0005978337296486132,0.018707750352559806,112,2
0,retrieval_frozen,adam,10000,49.26842521616799,14,16,0.018741407730503888,0.018707750549098488,0.0008285504283433073,0.0005976258005329456,0.018707750352559806,112,2
0,retrieval_frozen,adam,10000,49.26842521616799,14,64,0.018741407730497102,0.01870775054909508,0.0008285504282968189,0.000597625800509554,0.018707750352559806,112,2
0,retrieval_frozen,adam,10000,49.26842521616799,15,0,0.018665221707034156,0.018652862545749382,0.00030512361191142,0.0002200135679937212,0.01865285843076808,112,2
0,retrieval_frozen,adam,10000,49.26842521616799,15,16,0.018665213569754084,0.01865285845734211,0.00030506759485964495,0.0002199854004564683,0.01865285843076808,112,2
0,retrieval_frozen,adam,10000,49.26842521616799,15,64,0.01866521356975317,0.018652858457341655,0.00030506759485334227,0.00021998540045329866,0.01865285843076808,112,2
0,retrieval_frozen,adam,10000,49.26842521616799,16,0,0.018637230806349096,0.01863268867745734,0.00011227103680747837,8.094968398905978e-05,0.01863268812093903,112,2
0,retrieval_frozen,adam,10000,49.26842521616799,16,16,0.01863722970623709,0.018632688124540657,0.0001122634516880554,8.094587056230046e-05,0.01863268812093903,112,2
0,retrieval_frozen,adam,10000,49.26842521616799,16,64,0.018637229706236966,0.01863268812454059,0.00011226345168720186,8.094587056187128e-05,0.01863268812093903,112,2
0,retrieval_frozen,adam,10000,49.26842521616799,17,0,0.018626941447351695,0.018625271107398835,4.130522957121877e-05,2.978124265563066e-05,0.018625271032099013,112,2
0,retrieval_frozen,adam,10000,49.26842521616799,17,16,0.01862694129852493,0.018625271032589076,4.130420283588419e-05,2.9780726496448997e-05,0.018625271032099013,112,2
0,retrieval_frozen,adam,10000,49.26842521616799,17,64,0.01862694129852491,0.01862527103258907,4.130420283576865e-05,2.9780726496390915e-05,0.018625271032099013,112,2
0,retrieval_frozen,adam,10000,49.26842521616799,18,0,0.01862315727496594,0.0186225428745775,1.5195753972460611e-05,1.0956112378689904e-05,0.018622542864386728,112,2
0,retrieval_frozen,adam,10000,49.26842521616799,18,16,0.01862315725482728,0.018622542864454063,1.5195615008931539e-05,1.095604252075532e-05,0.018622542864386728,112,2
0,retrieval_frozen,adam,10000,49.26842521616799,18,64,0.01862315725482727,0.018622542864454063,1.5195615008915903e-05,1.0956042520747458e-05,0.018622542864386728,112,2
0,retrieval_frozen,adam,10000,49.26842521616799,19,0,0.018621765300705678,0.018621539286712407,5.59026086092467e-06,4.030556307763678e-06,0.01862153928533292,112,2
0,retrieval_frozen,adam,10000,49.26842521616799,19,16,0.01862176529798035,0.0186215392853424,5.590242053757603e-06,4.030546853351747e-06,0.01862153928533292,112,2
0,retrieval_frozen,adam,10000,49.26842521616799,19,64,0.018621765297980347,0.0186215392853424,5.590242053755486e-06,4.03054685335068e-06,0.01862153928533292,112,2
0,retrieval_frozen,adam,10000,49.26842521616799,20,0,0.01862125324161041,0.01862117009723519,2.056549536676403e-06,1.482762565614129e-06,0.018621170097048365,112,2
0,retrieval_frozen,adam,10000,49.26842521616799,20,16,0.01862125324124158,0.018621170097049777,2.0565469913783006e-06,1.4827612860902202e-06,0.018621170097048365,112,2
0,retrieval_frozen,adam,10000,49.26842521616799,20,64,0.01862125324124158,0.018621170097049777,2.0565469913780143e-06,1.4827612860900754e-06,0.018621170097048365,112,2
0,retrieval_frozen,adam,10000,49.26842521616799,21,0,0.018621064868251522,0.018621034281351794,7.565633086583164e-07,5.454783733647072e-07,0.018621034281326457,112,2
0,retrieval_frozen,adam,10000,49.26842521616799,21,16,0.01862106486820161,0.018621034281326707,7.565629641884417e-07,5.454782001995594e-07,0.018621034281326457,112,2
0,retrieval_frozen,adam,10000,49.26842521616799,21,64,0.01862106486820161,0.018621034281326707,7.565629641884029e-07,5.4547820019954e-07,0.018621034281326457,112,2
0,retrieval_frozen,adam,10000,49.26842521616799,22,0,0.01862099556992483,0.018620984317661213,2.783242244795948e-07,2.006703480958234e-07,0.01862098431765776,112,2
0,retrieval_frozen,adam,10000,49.26842521616799,22,16,0.018620995569918076,0.018620984317657813,2.7832417786060515e-07,2.0067032466044818e-07,0.01862098431765776,112,2
0,retrieval_frozen,adam,10000,49.26842521616799,22,64,0.018620995569918076,0.018620984317657813,2.7832417786059985e-07,2.0067032466044566e-07,0.01862098431765776,112,2
0,retrieval_frozen,adam,10000,49.26842521616799,23,0,0.018620970076543758,0.018620965937071084,1.0238977874480876e-07,7.382250484601262e-08,0.018620965937070612,112,2
0,retrieval_frozen,adam,10000,49.26842521616799,23,16,0.018620970076542842,0.01862096593707063,1.0238977243561164e-07,7.382250167437858e-08,0.018620965937070612,112,2
0,retrieval_frozen,adam,10000,49.26842521616799,23,64,0.018620970076542842,0.01862096593707063,1.0238977243561093e-07,7.382250167437832e-08,0.018620965937070612,112,2
0,retrieval_frozen,adam,10000,49.26842521616799,24,0,0.018620960698059557,0.018620959175233178,3.7667097100673125e-08,2.715778309114905e-08,0.018620959175233112,112,2
0,retrieval_frozen,adam,10000,49.26842521616799,24,16,0.018620960698059436,0.01862095917523312,3.7667096246815984e-08,2.7157782661915e-08,0.018620959175233112,112,2
0,retrieval_frozen,adam,10000,49.26842521616799,24,64,0.018620960698059436,0.01862095917523312,3.7667096246815885e-08,2.71577826619149e-08,0.018620959175233112,112,2
0,retrieval_frozen,adam,11000,51.67194035252699,1,0,0.9845771767233257,0.9845771767233258,1.0,1.0,0.7481496918610568,112,2
0,retrieval_frozen,adam,11000,51.67194035252699,1,16,0.7499381492030538,0.7499381492030538,0.6321205849979562,0.6321205849979562,0.7481496918610568,112,2
0,retrieval_frozen,adam,11000,51.67194035252699,1,64,0.7499381084077469,0.7499381084077468,0.6321205588285578,0.6321205588285577,0.7481496918610568,112,2
0,retrieval_frozen,adam,11000,51.67194035252699,2,0,0.9841147507610702,0.983945445850756,0.9963912748035985,0.9950935543991564,0.7450721681514977,112,2
0,retrieval_frozen,adam,11000,51.67194035252699,2,16,0.7476802385909158,0.7468639356448081,0.6306766450756621,0.6301565398984771,0.7450721681514977,112,2
0,retrieval_frozen,adam,11000,51.67194035252699,2,64,0.7476801977385293,0.7468638947724346,0.6306766190256791,0.6301565138914463,0.7450721681514977,112,2
0,retrieval_frozen,adam,11000,51.67194035252699,3,0,0.9828043595482884,0.9821318575885412,0.9867161825080009,0.9819965661127178,0.7366805409932271,112,2
0,retrieval_frozen,adam,11000,51.67194035252699,3,16,0.7415270697731513,0.7384801585334739,0.6267857915178199,0.6248788745662267,0.7366805409932271,112,2
0,retrieval_frozen,adam,11000,51.67194035252699,3,64,0.7415270287802554,0.7384801174778545,0.6267857657882127,0.6248788489929982,0.7366805409932271,112,2
0,retrieval_frozen,adam,11000,51.67194035252699,4,0,0.9788298012332091,0.9764487877798091,0.9613692769689283,0.948077352105734,0.713730249235375,112,2
0,retrieval_frozen,adam,11000,51.67194035252699,4,16,0.7247095246082654,0.7155429367897371,0.6164552897561327,0.6109695059678257,0.713730249235375,112,2
0,retrieval_frozen,adam,11000,51.67194035252699,4,64,0.7247094833396772,0.7155428954251268,0.6164552648672356,0.6109694815204108,0.713730249235375,112,2
0,retrieval_frozen,adam,11000,51.67194035252699,5,0,0.9646466900009827,0.9547083667972904,0.8987815177717204,0.866700764849028,0.6513057351543964,112,2
0,retrieval_frozen,adam,11000,51.67194035252699,5,16,0.678762489421897,0.6530986726388123,0.5900675702700645,0.5761107386167713,0.6513057351543964,112,2
0,retrieval_frozen,adam,11000,51.67194035252699,5,64,0.6787624481358981,0.6530986317001032,0.5900675474635138,0.5761107168794605,0.6513057351543964,112,2
0,retrieval_frozen,adam,11000,51.67194035252699,6,0,0.8973650134385203,0.8436063683810264,0.7643081761164237,0.7027384935884671,0.49593725795255195,112,2
0,retrieval_frozen,adam,11000,51.67194035252699,6,16,0.5593108486842902,0.49741855132504526,0.5287973232868346,0.4987578221209222,0.49593725795255195,112,2
0,retrieval_frozen,adam,11000,51.67194035252699,6,64,0.5593108113180503,0.49741851746829235,0.5287973049573198,0.49875780582896284,0.49593725795255195,112,2
0,retrieval_frozen,adam,11000,51.67194035252699,7,0,0.5886310669708287,0.4259123559857591,0.5447618072443828,0.46408537632395297,0.24562136967513756,112,2
0,retrieval_frozen,adam,11000,51.67194035252699,7,16,0.3286055211382023,0.24621135730470262,0.41310091821262734,0.3653965686097692,0.24562136967513756,112,2
0,retrieval_frozen,adam,11000,51.67194035252699,7,64,0.3286055005897555,0.24621134381432738,0.413100906991476,0.3653965598655143,0.24562136967513756,112,2
0,retrieval_frozen,adam,11000,51.67194035252699,8,0,0.1725218988501631,0.1042970009156886,0.307079588877152,0.24131640569267032,0.08328990347079113,112,2
0,retrieval_frozen,adam,11000,51.67194035252699,8,16,0.12195328565545226,0.08337143862333539,0.25996280277151756,0.2115992928196206,0.08328990347079113,112,2
0,retrieval_frozen,adam,11000,51.67194035252699,8,64,0.12195328153506872,0.08337143676049116,0.2599627982926626,0.21159928988722668,0.08328990347079113,112,2
0,retrieval_frozen,adam,11000,51.67194035252699,9,0,0.0488640152198759,0.03605406048858694,0.14082808282155898,0.10470066564450367,0.034348810243620166,112,2
0,retrieval_frozen,adam,11000,51.67194035252699,9,16,0.04461328955092968,0.03435651469613716,0.12991872429498882,0.09868731759586608,0.034348810243620166,112,2
0,retrieval_frozen,adam,11000,51.67194035252699,9,64,0.044613289131870015,0.03435651452022898,0.1299187231646149,0.09868731695801901,0.034348810243620166,112,2
0,retrieval_frozen,adam,11000,51.67194035252699,10,0,0.02463208915229658,0.02159297627210516,0.05702401007187425,0.04123871039002491,0.021423073343170358,112,2
0,retrieval_frozen,adam,11000,51.67194035252699,10,16,0.0242467988402237,0.021423884322060677,0.05513631267909391,0.040272179445834055,0.021423073343170358,112,2
0,retrieval_frozen,adam,11000,51.67194035252699,10,64,0.024246798798732365,0.02142388430354922,0.055136312473916545,0.040272179339614585,0.021423073343170358,112,2
0,retrieval_frozen,adam,11000,51.67194035252699,11,0,0.018439040257035945,0.017517416444420432,0.021788595638549412,0.015575734334037127,0.017497311906048103,112,2
0,retrieval_frozen,adam,11000,51.67194035252699,11,16,0.01839607535295183,0.01749740961064529,0.021506312180536873,0.015435813109713764,0.017497311906048103,112,2
0,retrieval_frozen,adam,11000,51.67194035252699,11,64,0.0183960753481884,0.0174974096084153,0.02150631214919644,0.015435813094109154,0.017497311906048103,112,2
0,retrieval_frozen,adam,11000,51.67194035252699,12,0,0.01648489645682586,0.016170568411333106,0.00813139170202786,0.0057868043326962295,0.016167987300866035,112,2
0,retrieval_frozen,adam,11000,51.67194035252699,12,16,0.01647952128963579,0.01616799992227066,0.008091700649279016,0.005767381033651074,0.016167987300866035,112,2
0,retrieval_frozen,adam,11000,51.67194035252699,12,64,0.016479521289034082,0.016167999921982607,0.008091700644835003,0.005767381031472609,0.016167987300866035,112,2
0,retrieval_frozen,adam,11000,51.67194035252699,13,0,0.01580724877168192,0.01569486216977844,0.003007369270034984,0.002136639654787889,0.01569451972677762,112,2
0,retrieval_frozen,adam,11000,51.67194035252699,13,16,0.01580654280307015,0.01569452140508086,0.0030019204393896106,0.0021339860977691084,0.01569451972677762,112,2
0,retrieval_frozen,adam,11000,51.67194035252699,13,64,0.015806542802990854,0.015694521405042555,0.003001920438777579,0.002133986097470861,0.01569451972677762,112,2
0,retrieval_frozen,adam,11000,51.67194035252699,14,0,0.015563401545246556,0.015522491529343999,0.0011085308323877075,0.0007870858007375098,0.015522445525217502,112,2
0,retrieval_frozen,adam,11000,51.67194035252699,14,16,0.015563307064416708,0.015522445750905679,0.0011077895082161299,0.0007867254289205923,0.015522445525217502,112,2
0,retrieval_frozen,adam,11000,51.67194035252699,14,64,0.015563307064406087,0.015522445750900535,0.0011077895081327627,0.0007867254288800561,0.015522445525217502,112,2
0,retrieval_frozen,adam,11000,51.67194035252699,15,0,0.015474425273167409,0.015459433905475892,0.00040810176592935815,0.0002896964044906056,0.015459427696402413,112,2
0,retrieval_frozen,adam,11000,51.67194035252699,15,16,0.01547441253928584,0.015459427726888126,0.0004080012430701477,0.0002896475709121845,0.015459427696402413,112,2
0,retrieval_frozen,adam,11000,51.67194035252699,15,64,0.015474412539284407,0.015459427726887432,0.0004080012430588382,0.0002896475709066895,0.015459427696402413,112,2
0,retrieval_frozen,adam,11000,51.67194035252699,16,0,0.015441791199207078,0.015436284099800792,0.00015017235869175592,0.00010659281498328494,0.015436283260330145,112,2
0,retrieval_frozen,adam,11000,51.67194035252699,16,16,0.01544178947848508,0.015436283264458239,0.00015015874464605967,0.00010658620295844416,0.015436283260330145,112,2
0,retrieval_frozen,adam,11000,51.67194035252699,16,64,0.01544178947848489,0.015436283264458143,0.00015015874464452774,0.00010658620295770014,0.015436283260330145,112,2
0,retrieval_frozen,adam,11000,51.67194035252699,17,0,0.015429799103351247,0.015427774225481503,5.5250753632988116e-05,3.921593997748446e-05,0.015427774111911215,112,2
0,retrieval_frozen,adam,11000,51.67194035252699,17,16,0.015429798870607313,0.015427774112471909,5.52489106861536e-05,3.9215044981883794e-05,0.015427774111911215,112,2
0,retrieval_frozen,adam,11000,51.67194035252699,17,64,0.015429798870607286,0.015427774112471895,5.524891068594619e-05,3.921504498178307e-05,0.015427774111911215,112,2
0,retrieval_frozen,adam,11000,51.67194035252699,18,0,0.01542538925816155,0.015424644492106749,2.0326351376296154e-05,1.4427094693850154e-05,0.015424644476737958,112,2
0,retrieval_frozen,adam,11000,51.67194035252699,18,16,0.015425389226669582,0.01542464447681464,2.032610193635569e-05,1.4426973561631427e-05,0.015424644476737958,112,2
0,retrieval_frozen,adam,11000,51.67194035252699,18,64,0.01542538922666958,0.01542464447681464,2.0326101936327623e-05,1.4426973561617795e-05,0.015424644476737958,112,2
0,retrieval_frozen,adam,11000,51.67194035252699,19,0,0.015423767210383669,0.015423493245870072,7.4777462626557575e-06,5.307479797237511e-06,0.015423493243789946,112,2
0,retrieval_frozen,adam,11000,51.67194035252699,19,16,0.015423767206122013,0.015423493243800617,7.477712503425354e-06,5.3074634033892116e-06,0.015423493243789946,112,2
0,retrieval_frozen,adam,11000,51.67194035252699,19,64,0.015423767206122013,0.015423493243800617,7.477712503421555e-06,5.3074634033873735e-06,0.015423493243789946,112,2
0,retrieval_frozen,adam,11000,51.67194035252699,20,0,0.015423170525319987,0.015423069742061202,2.7509225793693797e-06,1.9525192336770747e-06,0.015423069741779578,112,2
0,retrieval_frozen,adam,11000,51.67194035252699,20,16,0.01542317052474325,0.01542306974178114,2.7509180104943544e-06,1.9525170149917943e-06,0.015423069741779578,112,2
0,retrieval_frozen,adam,11000,51.67194035252699,20,64,0.01542317052474325,0.01542306974178114,2.75091801049384e-06,1.9525170149915444e-06,0.015423069741779578,112,2
0,retrieval_frozen,adam,11000,51.67194035252699,21,0,0.015422951021613614,0.015422913945883774,1.012009683241552e-06,7.182925685541602e-07,0.015422913945845622,112,2
0,retrieval_frozen,adam,11000,51.67194035252699,21,16,0.015422951021535564,0.015422913945845879,1.0120090649085695e-06,7.182922682868054e-07,0.015422913945845622,112,2
0,retrieval_frozen,adam,11000,51.67194035252699,21,64,0.015422951021535564,0.015422913945845879,1.0120090649084997e-06,7.18292268286771e-07,0.015422913945845622,112,2
0,retrieval_frozen,adam,11000,51.67194035252699,22,0,0.015422870271316561,0.015422856631966388,3.72297803317548e-07,2.642451883528874e-07,0.01542285663196121,112,2
0,retrieval_frozen,adam,11000,51.67194035252699,22,16,0.015422870271305998,0.015422856631961263,3.7229771963512966e-07,2.642451477160721e-07,0.01542285663196121,112,2
0,retrieval_frozen,adam,11000,51.67194035252699,22,64,0.015422870271305998,0.015422856631961263,3.7229771963512024e-07,2.6424514771606744e-07,0.01542285663196121,112,2
0,retrieval_frozen,adam,11000,51.67194035252699,23,0,0.01542284056502412,0.015422835547394174,1.3696074120570808e-07,9.721038841442794e-08,0.01542283554739346,112,2
0,retrieval_frozen,adam,11000,51.67194035252699,23,16,0.015422840565022689,0.015422835547393474,1.369607298805169e-07,9.721038291483096e-08,0.01542283554739346,112,2
0,retrieval_frozen,adam,11000,51.67194035252699,23,64,0.015422840565022689,0.015422835547393474,1.3696072988051563e-07,9.721038291483028e-08,0.01542283554739346,112,2
0,retrieval_frozen,adam,11000,51.67194035252699,24,0,0.015422829636700915,0.015422827790818909,5.038504545357858e-08,3.576170555716271e-08,0.015422827790818801,112,2
0,retrieval_frozen,adam,11000,51.67194035252699,24,16,0.015422829636700722,0.015422827790818815,5.0385043920880265e-08,3.5761704812873006e-08,0.015422827790818801,112,2
0,retrieval_frozen,adam,11000,51.67194035252699,24,64,0.015422829636700722,0.015422827790818815,5.03850439208801e-08,3.5761704812873006e-08,0.015422827790818801,112,2
0,retrieval_frozen,adam,12000,53.929567147825715,1,0,0.9871225180521124,0.9871225180521122,1.0,1.0,0.7575085717812072,112,2
0,retrieval_frozen,adam,12000,53.929567147825715,1,16,0.7588939925249949,0.7588939925249948,0.6321205849979562,0.6321205849979562,0.7575085717812072,112,2
0,retrieval_frozen,adam,12000,53.929567147825715,1,64,0.7588939509689714,0.7588939509689713,0.6321205588285578,0.6321205588285577,0.7575085717812072,112,2
0,retrieval_frozen,adam,12000,53.929567147825715,2,0,0.9868197205387723,0.9867038446865954,0.9972877124052485,0.996264508164067,0.7551244577252251,112,2
0,retrieval_frozen,adam,12000,53.929567147825715,2,16,0.7571668906304564,0.7565125509732424,0.6310356985737865,0.6306259165017813,0.7551244577252251,112,2
0,retrieval_frozen,adam,12000,53.929567147825715,2,64,0.757166849015266,0.7565125093360617,0.6310356724941356,0.6306258904559932,0.7551244577252251,112,2
0,retrieval_frozen,adam,12000,53.929567147825715,3,0,0.985968592058051,0.9855140318158245,0.9899912931202504,0.9862500076525895,0.7486218412017398,112,2
0,retrieval_frozen,adam,12000,53.929567147825715,3,16,0.7524597210697657,0.7500166515163108,0.6281060508980029,0.6265984794056926,0.7486218412017398,112,2
0,retrieval_frozen,adam,12000,53.929567147825715,3,64,0.7524596793027065,0.7500166096749667,0.6281060250599106,0.6265984536915205,0.7486218412017398,112,2
0,retrieval_frozen,adam,12000,53.929567147825715,4,0,0.9834394553014734,0.9818777547469767,0.9707040642872885,0.9600181786353889,0.7308094437435843,112,2
0,retrieval_frozen,adam,12000,53.929567147825715,4,16,0.7395833544676996,0.7322185133026937,0.6202827789510122,0.6159063038158422,0.7308094437435843,112,2
0,retrieval_frozen,adam,12000,53.929567147825715,4,64,0.7395833123535246,0.7322184710265353,0.6202827537522818,0.6159062789717477,0.7308094437435843,112,2
0,retrieval_frozen,adam,12000,53.929567147825715,5,0,0.9748101859330541,0.9686462965632228,0.9219904385964531,0.8952891129248451,0.6818769157526862,112,2
0,retrieval_frozen,adam,12000,53.929567147825715,5,16,0.7041955541205125,0.6832966747060777,0.5999996305664311,0.5886042918904627,0.6818769157526862,112,2
0,retrieval_frozen,adam,12000,53.929567147825715,5,64,0.7041955115317972,0.6832966320919366,0.5999996069868967,0.5886042692001373,0.6818769157526862,112,2
0,retrieval_frozen,adam,12000,53.929567147825715,6,0,0.9357946193157589,0.9026551148002289,0.8118214989181561,0.7566166422540284,0.5533973875267275,112,2
0,retrieval_frozen,adam,12000,53.929567147825715,6,16,0.6089187645708797,0.5546871434899973,0.5511854823149029,0.5253066691854907,0.5533973875267275,112,2
0,retrieval_frozen,adam,12000,53.929567147825715,6,64,0.6089187236046342,0.5546871047478121,0.5511854624062938,0.5253066511129295,0.5533973875267275,112,2
0,retrieval_frozen,adam,12000,53.929567147825715,7,0,0.7224354322999915,0.5699210837430212,0.6141427499635832,0.532439365536925,0.3068852320064249,112,2
0,retrieval_frozen,adam,12000,53.929567147825715,7,16,0.39830928965006535,0.30755063803087573,0.45196255106502087,0.40648344777426854,0.3068852320064249,112,2
0,retrieval_frozen,adam,12000,53.929567147825715,7,64,0.3983092619210624,0.3075506180306303,0.4519625376477909,0.40648343695296424,0.3068852320064249,112,2
0,retrieval_frozen,adam,12000,53.929567147825715,8,0,0.2530231083994764,0.14432123031445682,0.37104443616612326,0.2949153402246931,0.10377273951985325,112,2
0,retrieval_frozen,adam,12000,53.929567147825715,8,16,0.1580327266727905,0.10388432902575913,0.30449214956000814,0.25171289046028333,0.10377273951985325,112,2
0,retrieval_frozen,adam,12000,53.929567147825715,8,64,0.15803271940568714,0.1038843256732499,0.3044921434274243,0.25171288631069705,0.10377273951985325,112,2
0,retrieval_frozen,adam,12000,53.929567147825715,9,0,0.05987327289171196,0.0398269840362562,0.17932938838981757,0.13328663851046205,0.03675166550924298,112,2
0,retrieval_frozen,adam,12000,53.929567147825715,9,16,0.05147838373415808,0.0367619216122282,0.1620193527772385,0.12369189412642807,0.03675166550924298,112,2
0,retrieval_frozen,adam,12000,53.929567147825715,9,64,0.05147838294887203,0.03676192130429303,0.16201935102139584,0.12369189312440813,0.03675166550924298,112,2
0,retrieval_frozen,adam,12000,53.929567147825715,10,0,0.024502928843797844,0.020338081873705192,0.07467880356647617,0.0535339824703408,0.020059263206789437,112,2
0,retrieval_frozen,adam,12000,53.929567147825715,10,16,0.023818667273944476,0.020060266508621374,0.07147079662412915,0.051916496641007975,0.020059263206789437,112,2
0,retrieval_frozen,adam,12000,53.929567147825715,10,64,0.023818667201578093,0.020060266478505756,0.07147079627912592,0.051916496464483625,0.020059263206789437,112,2
0,retrieval_frozen,adam,12000,53.929567147825715,11,0,0.016504714813319075,0.015331073910237046,0.02888362366477924,0.020382281466706707,0.015299685305602589,112,2
0,retrieval_frozen,adam,12000,53.929567147825715,11,16,0.016433780826220077,0.01529980107124658,0.028388503008328573,0.02014334092079383,0.015299685305602589,112,2
0,retrieval_frozen,adam,12000,53.929567147825715,11,64,0.01643378081840034,0.01529980106777203,0.028388502953601822,0.02014334089421983,0.015299685305602589,112,2
0,retrieval_frozen,adam,12000,53.929567147825715,12,0,0.014131106601952988,0.013742934553546058,0.010830863891378184,0.0075958744568319515,0.013738987955120399,112,2
0,retrieval_frozen,adam,12000,53.929567147825715,12,16,0.014122519348075156,0.013739002631523193,0.010760352057173775,0.007562443755338982,0.013738987955120399,112,2
0,retrieval_frozen,adam,12000,53.929567147825715,12,64,0.0141225193471157,0.013739002631082723,0.010760352049292488,0.007562443751593408,0.013738987955120399,112,2
0,retrieval_frozen,adam,12000,53.929567147825715,13,0,0.013328102711836046,0.013190944995475488,0.00401298912735039,0.0028078183951828085,0.013190425587014025,112,2
0,retrieval_frozen,adam,12000,53.929567147825715,13,16,0.01332698943675284,0.01319042752426955,0.0040032619326599095,0.0028032376673462456,0.013190425587014025,112,2
0,retrieval_frozen,adam,12000,53.929567147825715,13,64,0.013326989436627879,0.01319042752421141,0.0040032619315680225,0.002803237666831592,0.013190425587014025,112,2
0,retrieval_frozen,adam,12000,53.929567147825715,14,0,0.013041845094370123,0.012992138403373276,0.0014801978086445376,0.0010347712489782992,0.012992068835498617,112,2
0,retrieval_frozen,adam,12000,53.929567147825715,14,16,0.013041696832700986,0.012992069095275689,0.0014788719989777598,0.0010341484716390537,0.012992068835498617,112,2
0,retrieval_frozen,adam,12000,53.929567147825715,14,64,0.013041696832684321,0.012992069095267886,0.0014788719988286984,0.0010341484715690118,0.012992068835498617,112,2
0,retrieval_frozen,adam,12000,53.929567147825715,15,0,0.012937757736497737,0.012919572636611554,0.0005450643606202526,0.0003809196847524831,0.012919563257672635,112,2
0,retrieval_frozen,adam,12000,53.929567147825715,15,16,0.012937737790574623,0.012919563292721432,0.0005448844613176265,0.00038083525877067616,0.012919563257672635,112,2
0,retrieval_frozen,adam,12000,53.929567147825715,15,64,0.012937737790572376,0.01291956329272038,0.0005448844612973886,0.0003808352587611773,0.012919563257672635,112,2
0,retrieval_frozen,adam,12000,53.929567147825715,16,0,0.01289963049886225,0.01289295420728506,0.00020058980213807218,0.00014016619733203857,0.012892952939772395,112,2
0,retrieval_frozen,adam,12000,53.929567147825715,16,16,0.012899627805394937,0.012892952944514494,0.00020056543192451928,0.00014015476442398402,0.012892952939772395,112,2
0,retrieval_frozen,adam,12000,53.929567147825715,16,64,0.012899627805394633,0.012892952944514357,0.00020056543192177711,0.00014015476442269753,0.012892952939772395,112,2
0,retrieval_frozen,adam,12000,53.929567147825715,17,0,0.012885626472336367,0.012883172245329325,7.380259038261814e-05,5.156882147268278e-05,0.012883172073877628,112,2
0,retrieval_frozen,adam,12000,53.929567147825715,17,16,0.012885626108109746,0.012883172074520876,7.379929106211403e-05,5.1567273843419996e-05,0.012883172073877628,112,2
0,retrieval_frozen,adam,12000,53.929567147825715,17,64,0.012885626108109702,0.012883172074520855,7.379929106174277e-05,5.156727384324577e-05,0.012883172073877628,112,2
0,retrieval_frozen,adam,12000,53.929567147825715,18,0,0.012880477681205652,0.012879575070944584,2.7151772234518798e-05,1.8971726310616087e-05,0.012879575047744915,112,2
0,retrieval_frozen,adam,12000,53.929567147825715,18,16,0.012880477631927598,0.012879575047832596,2.7151325661733147e-05,1.8971516844171866e-05,0.012879575047744915,112,2
0,retrieval_frozen,adam,12000,53.929567147825715,18,64,0.012880477631927595,0.012879575047832596,2.7151325661682894e-05,1.897151684414831e-05,0.012879575047744915,112,2
0,retrieval_frozen,adam,12000,53.929567147825715,19,0,0.012878583953013861,0.012878251935003924,9.988756981402435e-06,6.97939159034698e-06,0.01287825193186418,112,2
0,retrieval_frozen,adam,12000,53.929567147825715,19,16,0.012878583946345532,0.012878251931876285,9.988696541444465e-06,6.97936324127011e-06,0.01287825193186418,112,2
0,retrieval_frozen,adam,12000,53.929567147825715,19,64,0.012878583946345532,0.012878251931876285,9.988696541437662e-06,6.9793632412669225e-06,0.01287825193186418,112,2
0,retrieval_frozen,adam,12000,53.929567147825715,20,0,0.012877887344314384,0.0128777652062816,3.674682451640407e-06,2.5675859809743146e-06,0.012877765205856605,112,2
0,retrieval_frozen,adam,12000,53.929567147825715,20,16,0.01287788734341196,0.012877765205858333,3.674674271837007e-06,2.5675821443003378e-06,0.012877765205856605,112,2
0,retrieval_frozen,adam,12000,53.929567147825715,20,64,0.01287788734341196,0.012877765205858333,3.6746742718360873e-06,2.5675821442999045e-06,0.012877765205856605,112,2
0,retrieval_frozen,adam,12000,53.929567147825715,21,0,0.012877631083734343,0.01287758615228118,1.351843390476832e-06,9.44563625544487e-07,0.012877586152223635,112,2
0,retrieval_frozen,adam,12000,53.929567147825715,21,16,0.012877631083612215,0.012877586152223905,1.3518422834536256e-06,9.445631063049552e-07,0.012877586152223635,112,2
0,retrieval_frozen,adam,12000,53.929567147825715,21,64,0.012877631083612215,0.012877586152223905,1.3518422834535013e-06,9.445631063048981e-07,0.012877586152223635,112,2
0,retrieval_frozen,adam,12000,53.929567147825715,22,0,0.012877536811742115,0.01287752028246788,4.973158327331603e-07,3.474857457395638e-07,0.012877520282460078,112,2
0,retrieval_frozen,adam,12000,53.929567147825715,22,16,0.012877536811725586,0.012877520282460135,4.973156829135025e-07,3.4748567546802644e-07,0.012877520282460078,112,2
0,retrieval_frozen,adam,12000,53.929567147825715,22,64,0.012877536811725586,0.012877520282460135,4.973156829134856e-07,3.474856754680184e-07,0.012877520282460078,112,2
0,retrieval_frozen,adam,12000,53.929567147825715,23,0,0.012877502131150546,0.012877496050381696,1.8295233040834033e-07,1.278328899753041e-07,0.012877496050380646,112,2
0,retrieval_frozen,adam,12000,53.929567147825715,23,16,0.012877502131148308,0.012877496050380646,1.8295231013243664e-07,1.2783288046508035e-07,0.012877496050380646,112,2
0,retrieval_frozen,adam,12000,53.929567147825715,23,64,0.012877502131148308,0.012877496050380646,1.8295231013243436e-07,1.278328804650792e-07,0.012877496050380646,112,2
0,retrieval_frozen,adam,12000,53.929567147825715,24,0,0.012877489372892337,0.012877487135904024,6.73044091615411e-08,4.7027095919215145e-08,0.012877487135903878,112,2
0,retrieval_frozen,adam,12000,53.929567147825715,24,16,0.012877489372892034,0.012877487135903878,6.730440641749507e-08,4.7027094632146107e-08,0.012877487135903878,112,2
0,retrieval_frozen,adam,12000,53.929567147825715,24,64,0.012877489372892034,0.012877487135903878,6.730440641749477e-08,4.702709463214594e-08,0.012877487135903878,112,2
