seed,gate_mode,optimizer,step,S,delta_min,max_row_norm,m,h,w,m_rho,reference_gap,reference_gap_retained,probe,theta,clock_power,coefficient,lag,lower_error,upper_error,log_lower_error,log_upper_error,bound_valid,bound_invalid_reason,lower_bound_method,upper_bound_method
0,learned,adam,0,0.0,-1.817513499889216e-10,4.655738713312595e-05,0.25,1.0,0.0,0.0006910930088240085,,,fixed,,,,1,0.5,,-0.6931471805599453,,False,nonpositive_matching_gap,infinite_stale_prefix_max_all_pairs,
0,learned,adam,0,0.0,-1.817513499889216e-10,4.655738713312595e-05,0.25,1.0,0.0,0.0006910930088240085,,,fixed,,,,2,0.5,,-0.6931471805599453,,False,nonpositive_matching_gap,infinite_stale_prefix_max_all_pairs,
0,learned,adam,0,0.0,-1.817513499889216e-10,4.655738713312595e-05,0.25,1.0,0.0,0.0006910930088240085,,,fixed,,,,3,0.5,,-0.6931471805599453,,False,nonpositive_matching_gap,infinite_stale_prefix_max_all_pairs,
0,learned,adam,0,0.0,-1.817513499889216e-10,4.655738713312595e-05,0.25,1.0,0.0,0.0006910930088240085,,,fixed,,,,4,0.5,,-0.6931471805599453,,False,nonpositive_matching_gap,infinite_stale_prefix_max_all_pairs,
0,learned,adam,0,0.0,-1.817513499889216e-10,4.655738713312595e-05,0.25,1.0,0.0,0.0006910930088240085,,,fixed,,,,5,0.5,,-0.6931471805599453,,False,nonpositive_matching_gap,infinite_stale_prefix_max_all_pairs,
0,learned,adam,0,0.0,-1.817513499889216e-10,4.655738713312595e-05,0.25,1.0,0.0,0.0006910930088240085,,,fixed,,,,8,0.5,,-0.6931471805599453,,False,nonpositive_matching_gap,infinite_stale_prefix_max_all_pairs,
0,learned,adam,0,0.0,-1.817513499889216e-10,4.655738713312595e-05,0.25,1.0,0.0,0.0006910930088240085,,,fixed,,,,16,0.5,,-0.6931471805599453,,False,nonpositive_matching_gap,infinite_stale_prefix_max_all_pairs,
0,learned,adam,0,0.0,-1.817513499889216e-10,4.655738713312595e-05,0.25,1.0,0.0,0.0006910930088240085,,,fixed,,,,32,0.5,,-0.6931471805599453,,False,nonpositive_matching_gap,infinite_stale_prefix_max_all_pairs,
0,learned,adam,0,0.0,-1.817513499889216e-10,4.655738713312595e-05,0.25,1.0,0.0,0.0006910930088240085,,,fixed,,,,64,0.5,,-0.6931471805599453,,False,nonpositive_matching_gap,infinite_stale_prefix_max_all_pairs,
0,learned,adam,0,0.0,-1.817513499889216e-10,4.655738713312595e-05,0.25,1.0,0.0,0.0006910930088240085,,,fixed,,,,128,0.5,,-0.6931471805599453,,False,nonpositive_matching_gap,infinite_stale_prefix_max_all_pairs,
0,learned,adam,0,0.0,-1.817513499889216e-10,4.655738713312595e-05,0.25,1.0,0.0,0.0006910930088240085,,,fixed,,,,256,0.5,,-0.6931471805599453,,False,nonpositive_matching_gap,infinite_stale_prefix_max_all_pairs,
0,learned,adam,0,0.0,-1.817513499889216e-10,4.655738713312595e-05,0.25,1.0,0.0,0.0006910930088240085,,,fixed,,,,512,0.5,,-0.6931471805599453,,False,nonpositive_matching_gap,infinite_stale_prefix_max_all_pairs,
0,learned,adam,0,0.0,-1.817513499889216e-10,4.655738713312595e-05,0.25,1.0,0.0,0.0006910930088240085,,,adaptive_theta,0.25,,,1,0.5,,-0.6931471805599453,,False,nonpositive_matching_gap,infinite_stale_prefix_max_all_pairs,
0,learned,adam,0,0.0,-1.817513499889216e-10,4.655738713312595e-05,0.25,1.0,0.0,0.0006910930088240085,,,adaptive_theta,0.5,,,1,0.5,,-0.6931471805599453,,False,nonpositive_matching_gap,infinite_stale_prefix_max_all_pairs,
0,learned,adam,0,0.0,-1.817513499889216e-10,4.655738713312595e-05,0.25,1.0,0.0,0.0006910930088240085,,,adaptive_theta,0.75,,,1,0.5,,-0.6931471805599453,,False,nonpositive_matching_gap,infinite_stale_prefix_max_all_pairs,
0,learned,adam,0,0.0,-1.817513499889216e-10,4.655738713312595e-05,0.25,1.0,0.0,0.0006910930088240085,,,clock,,1,0.001,1,0.5,,-0.6931471805599453,,False,nonpositive_matching_gap,infinite_stale_prefix_max_all_pairs,
0,learned,adam,0,0.0,-1.817513499889216e-10,4.655738713312595e-05,0.25,1.0,0.0,0.0006910930088240085,,,clock,,1,0.003,1,0.5,,-0.6931471805599453,,False,nonpositive_matching_gap,infinite_stale_prefix_max_all_pairs,
0,learned,adam,0,0.0,-1.817513499889216e-10,4.655738713312595e-05,0.25,1.0,0.0,0.0006910930088240085,,,clock,,1,0.01,1,0.5,,-0.6931471805599453,,False,nonpositive_matching_gap,infinite_stale_prefix_max_all_pairs,
0,learned,adam,0,0.0,-1.817513499889216e-10,4.655738713312595e-05,0.25,1.0,0.0,0.0006910930088240085,,,clock,,1,0.03,1,0.5,,-0.6931471805599453,,False,nonpositive_matching_gap,infinite_stale_prefix_max_all_pairs,
0,learned,adam,0,0.0,-1.817513499889216e-10,4.655738713312595e-05,0.25,1.0,0.0,0.0006910930088240085,,,clock,,1,0.1,1,0.5,,-0.6931471805599453,,False,nonpositive_matching_gap,infinite_stale_prefix_max_all_pairs,
0,learned,adam,3,0.0,0.007296790750680032,0.08513033326726434,0.24998097685362677,1.0000122501057074,0.014999995771892517,0.0006911233281133953,0.007296790750680032,True,fixed,,,,1,0.49900906358650665,0.5013818470207912,-0.6951310198955595,-0.6903872984989237,True,,infinite_stale_prefix_max_all_pairs,uniform_arbitrary_stream_transfer
0,learned,adam,3,0.0,0.007296790750680032,0.08513033326726434,0.24998097685362677,1.0000122501057074,0.014999995771892517,0.0006911233281133953,0.007296790750680032,True,fixed,,,,2,0.5020039105571681,0.5024761809178526,-0.6891473693662312,-0.6882070413308788,True,,infinite_stale_prefix_max_all_pairs,uniform_arbitrary_stream_transfer
0,learned,adam,3,0.0,0.007296790750680032,0.08513033326726434,0.24998097685362677,1.0000122501057074,0.014999995771892517,0.0006911233281133953,0.007296790750680032,True,fixed,,,,3,0.503107346797003,0.5031853709624428,-0.6869517185364232,-0.6867966460327288,True,,infinite_stale_prefix_max_all_pairs,uniform_arbitrary_stream_transfer
0,learned,adam,3,0.0,0.007296790750680032,0.08513033326726434,0.24998097685362677,1.0000122501057074,0.014999995771892517,0.0006911233281133953,0.007296790750680032,True,fixed,,,,4,0.5035135031170999,0.5035253175039129,-0.6861447486784626,-0.6861212850610298,True,,infinite_stale_prefix_max_all_pairs,uniform_arbitrary_stream_transfer
0,learned,adam,3,0.0,0.007296790750680032,0.08513033326726434,0.24998097685362677,1.0000122501057074,0.014999995771892517,0.0006911233281133953,0.007296790750680032,True,fixed,,,,5,0.5036629487797909,0.5036647462060427,-0.6858479870464639,-0.6858444183443211,True,,infinite_stale_prefix_max_all_pairs,uniform_arbitrary_stream_transfer
0,learned,adam,3,0.0,0.007296790750680032,0.08513033326726434,0.24998097685362677,1.0000122501057074,0.014999995771892517,0.0006911233281133953,0.007296790750680032,True,fixed,,,,8,0.5037455981864892,0.5037456140685628,-0.6856839038507582,-0.6856838723227937,True,,infinite_stale_prefix_max_all_pairs,uniform_arbitrary_stream_transfer
0,learned,adam,3,0.0,0.007296790750680032,0.08513033326726434,0.24998097685362677,1.0000122501057074,0.014999995771892517,0.0006911233281133953,0.007296790750680032,True,fixed,,,,16,0.5037499271795519,0.5037499271835624,-0.6856753102779755,-0.6856753102700143,True,,infinite_stale_prefix_max_all_pairs,uniform_arbitrary_stream_transfer
0,learned,adam,3,0.0,0.007296790750680032,0.08513033326726434,0.24998097685362677,1.0000122501057074,0.014999995771892517,0.0006911233281133953,0.007296790750680032,True,fixed,,,,32,0.5037499286321144,0.5037499286321144,-0.6856753073944764,-0.6856753073944764,True,,infinite_stale_prefix_max_all_pairs,uniform_arbitrary_stream_transfer
0,learned,adam,3,0.0,0.007296790750680032,0.08513033326726434,0.24998097685362677,1.0000122501057074,0.014999995771892517,0.0006911233281133953,0.007296790750680032,True,fixed,,,,64,0.5037499286321145,0.5037499286321145,-0.685675307394476,-0.685675307394476,True,,infinite_stale_prefix_max_all_pairs,uniform_arbitrary_stream_transfer
0,learned,adam,3,0.0,0.007296790750680032,0.08513033326726434,0.24998097685362677,1.0000122501057074,0.014999995771892517,0.0006911233281133953,0.007296790750680032,True,fixed,,,,128,0.5037499286321145,0.5037499286321145,-0.685675307394476,-0.685675307394476,True,,infinite_stale_prefix_max_all_pairs,uniform_arbitrary_stream_transfer
0,learned,adam,3,0.0,0.007296790750680032,0.08513033326726434,0.24998097685362677,1.0000122501057074,0.014999995771892517,0.0006911233281133953,0.007296790750680032,True,fixed,,,,256,0.5037499286321145,0.5037499286321145,-0.685675307394476,-0.685675307394476,True,,infinite_stale_prefix_max_all_pairs,uniform_arbitrary_stream_transfer
0,learned,adam,3,0.0,0.007296790750680032,0.08513033326726434,0.24998097685362677,1.0000122501057074,0.014999995771892517,0.0006911233281133953,0.007296790750680032,True,fixed,,,,512,0.5037499286321145,0.5037499286321145,-0.685675307394476,-0.685675307394476,True,,infinite_stale_prefix_max_all_pairs,uniform_arbitrary_stream_transfer
0,learned,adam,3,0.0,0.007296790750680032,0.08513033326726434,0.24998097685362677,1.0000122501057074,0.014999995771892517,0.0006911233281133953,0.007296790750680032,True,adaptive_theta,0.25,,,1,0.49900906358650665,0.5013818470207912,-0.6951310198955595,-0.6903872984989237,True,,infinite_stale_prefix_max_all_pairs,uniform_arbitrary_stream_transfer
0,learned,adam,3,0.0,0.007296790750680032,0.08513033326726434,0.24998097685362677,1.0000122501057074,0.014999995771892517,0.0006911233281133953,0.007296790750680032,True,reference_theta,0.25,,,1,0.49900906358650665,0.5013818470207912,-0.6951310198955595,-0.6903872984989237,True,,infinite_stale_prefix_max_all_pairs,uniform_arbitrary_stream_transfer
0,learned,adam,3,0.0,0.007296790750680032,0.08513033326726434,0.24998097685362677,1.0000122501057074,0.014999995771892517,0.0006911233281133953,0.007296790750680032,True,adaptive_theta,0.5,,,1,0.49900906358650665,0.5013818470207912,-0.6951310198955595,-0.6903872984989237,True,,infinite_stale_prefix_max_all_pairs,uniform_arbitrary_stream_transfer
0,learned,adam,3,0.0,0.007296790750680032,0.08513033326726434,0.24998097685362677,1.0000122501057074,0.014999995771892517,0.0006911233281133953,0.007296790750680032,True,reference_theta,0.5,,,1,0.49900906358650665,0.5013818470207912,-0.6951310198955595,-0.6903872984989237,True,,infinite_stale_prefix_max_all_pairs,uniform_arbitrary_stream_transfer
0,learned,adam,3,0.0,0.007296790750680032,0.08513033326726434,0.24998097685362677,1.0000122501057074,0.014999995771892517,0.0006911233281133953,0.007296790750680032,True,adaptive_theta,0.75,,,1,0.49900906358650665,0.5013818470207912,-0.6951310198955595,-0.6903872984989237,True,,infinite_stale_prefix_max_all_pairs,uniform_arbitrary_stream_transfer
0,learned,adam,3,0.0,0.007296790750680032,0.08513033326726434,0.24998097685362677,1.0000122501057074,0.014999995771892517,0.0006911233281133953,0.007296790750680032,True,reference_theta,0.75,,,1,0.49900906358650665,0.5013818470207912,-0.6951310198955595,-0.6903872984989237,True,,infinite_stale_prefix_max_all_pairs,uniform_arbitrary_stream_transfer
0,learned,adam,3,0.0,0.007296790750680032,0.08513033326726434,0.24998097685362677,1.0000122501057074,0.014999995771892517,0.0006911233281133953,0.007296790750680032,True,clock,,1,0.001,1,0.49900906358650665,0.5013818470207912,-0.6951310198955595,-0.6903872984989237,True,,infinite_stale_prefix_max_all_pairs,uniform_arbitrary_stream_transfer
0,learned,adam,3,0.0,0.007296790750680032,0.08513033326726434,0.24998097685362677,1.0000122501057074,0.014999995771892517,0.0006911233281133953,0.007296790750680032,True,clock,,1,0.003,1,0.49900906358650665,0.5013818470207912,-0.6951310198955595,-0.6903872984989237,True,,infinite_stale_prefix_max_all_pairs,uniform_arbitrary_stream_transfer
0,learned,adam,3,0.0,0.007296790750680032,0.08513033326726434,0.24998097685362677,1.0000122501057074,0.014999995771892517,0.0006911233281133953,0.007296790750680032,True,clock,,1,0.01,1,0.49900906358650665,0.5013818470207912,-0.6951310198955595,-0.6903872984989237,True,,infinite_stale_prefix_max_all_pairs,uniform_arbitrary_stream_transfer
0,learned,adam,3,0.0,0.007296790750680032,0.08513033326726434,0.24998097685362677,1.0000122501057074,0.014999995771892517,0.0006911233281133953,0.007296790750680032,True,clock,,1,0.03,1,0.49900906358650665,0.5013818470207912,-0.6951310198955595,-0.6903872984989237,True,,infinite_stale_prefix_max_all_pairs,uniform_arbitrary_stream_transfer
0,learned,adam,3,0.0,0.007296790750680032,0.08513033326726434,0.24998097685362677,1.0000122501057074,0.014999995771892517,0.0006911233281133953,0.007296790750680032,True,clock,,1,0.1,1,0.49900906358650665,0.5013818470207912,-0.6951310198955595,-0.6903872984989237,True,,infinite_stale_prefix_max_all_pairs,uniform_arbitrary_stream_transfer
0,learned,adam,1000,11.328690783793768,0.007299925405491595,0.08514650553473156,139.89296099649093,1.011217417463079,1.147869054803978,8.469064160060374e-61,0.007296790750680032,True,fixed,,,,1,0.4224472998218682,0.5184969212711285,-0.861690574114284,-0.6568211890907845,True,,infinite_stale_prefix_max_all_pairs,uniform_arbitrary_stream_transfer
0,learned,adam,1000,11.328690783793768,0.007299925405491595,0.08514650553473156,139.89296099649093,1.011217417463079,1.147869054803978,8.469064160060374e-61,0.007296790750680032,True,fixed,,,,2,0.5626041540944389,0.6020271905078639,-0.5751789992095258,-0.5074526677367277,True,,infinite_stale_prefix_max_all_pairs,uniform_arbitrary_stream_transfer
0,learned,adam,1000,11.328690783793768,0.007299925405491595,0.08514650553473156,139.89296099649093,1.011217417463079,1.147869054803978,8.469064160060374e-61,0.007296790750680032,True,fixed,,,,3,0.6711418721188515,0.6803551245474566,-0.3987747305012444,-0.38514037515131483,True,,infinite_stale_prefix_max_all_pairs,uniform_arbitrary_stream_transfer
0,learned,adam,1000,11.328690783793768,0.007299925405491595,0.08514650553473156,139.89296099649093,1.011217417463079,1.147869054803978,8.469064160060374e-61,0.007296790750680032,True,fixed,,,,4,0.7247253008581849,0.7262462388803279,-0.32196259129446986,-0.3198661496516941,True,,infinite_stale_prefix_max_all_pairs,uniform_arbitrary_stream_transfer
0,learned,adam,1000,11.328690783793768,0.007299925405491595,0.08514650553473156,139.89296099649093,1.011217417463079,1.147869054803978,8.469064160060374e-61,0.007296790750680032,True,fixed,,,,5,0.7463033895831526,0.7465211057823449,-0.2926230730044428,-0.29233138941884806,True,,infinite_stale_prefix_max_all_pairs,uniform_arbitrary_stream_transfer
0,learned,adam,1000,11.328690783793768,0.007299925405491595,0.08514650553473156,139.89296099649093,1.011217417463079,1.147869054803978,8.469064160060374e-61,0.007296790750680032,True,fixed,,,,8,0.7584967091632459,0.7584972350868824,-0.2764168188143715,-0.2764161254383187,True,,infinite_stale_prefix_max_all_pairs,uniform_arbitrary_stream_transfer
0,learned,adam,1000,11.328690783793768,0.007299925405491595,0.08514650553473156,139.89296099649093,1.011217417463079,1.147869054803978,8.469064160060374e-61,0.007296790750680032,True,fixed,,,,16,0.7591212841770161,0.7591212841770656,-0.2755937196526943,-0.2755937196526291,True,,infinite_stale_prefix_max_all_pairs,uniform_arbitrary_stream_transfer
0,learned,adam,1000,11.328690783793768,0.007299925405491595,0.08514650553473156,139.89296099649093,1.011217417463079,1.147869054803978,8.469064160060374e-61,0.007296790750680032,True,fixed,,,,32,0.7591214758913775,0.7591214758913775,-0.2755934671049906,-0.2755934671049906,True,,infinite_stale_prefix_max_all_pairs,uniform_arbitrary_stream_transfer
0,learned,adam,1000,11.328690783793768,0.007299925405491595,0.08514650553473156,139.89296099649093,1.011217417463079,1.147869054803978,8.469064160060374e-61,0.007296790750680032,True,fixed,,,,64,0.7591214758913954,0.7591214758913954,-0.27559346710496685,-0.27559346710496685,True,,infinite_stale_prefix_max_all_pairs,uniform_arbitrary_stream_transfer
0,learned,adam,1000,11.328690783793768,0.007299925405491595,0.08514650553473156,139.89296099649093,1.011217417463079,1.147869054803978,8.469064160060374e-61,0.007296790750680032,True,fixed,,,,128,0.7591214758913954,0.7591214758913954,-0.27559346710496685,-0.27559346710496685,True,,infinite_stale_prefix_max_all_pairs,uniform_arbitrary_stream_transfer
0,learned,adam,1000,11.328690783793768,0.007299925405491595,0.08514650553473156,139.89296099649093,1.011217417463079,1.147869054803978,8.469064160060374e-61,0.007296790750680032,True,fixed,,,,256,0.7591214758913954,0.7591214758913954,-0.27559346710496685,-0.27559346710496685,True,,infinite_stale_prefix_max_all_pairs,uniform_arbitrary_stream_transfer
0,learned,adam,1000,11.328690783793768,0.007299925405491595,0.08514650553473156,139.89296099649093,1.011217417463079,1.147869054803978,8.469064160060374e-61,0.007296790750680032,True,fixed,,,,512,0.7591214758913954,0.7591214758913954,-0.27559346710496685,-0.27559346710496685,True,,infinite_stale_prefix_max_all_pairs,uniform_arbitrary_stream_transfer
0,learned,adam,1000,11.328690783793768,0.007299925405491595,0.08514650553473156,139.89296099649093,1.011217417463079,1.147869054803978,8.469064160060374e-61,0.007296790750680032,True,adaptive_theta,0.25,,,1,0.4224472998218682,0.5184969212711285,-0.861690574114284,-0.6568211890907845,True,,infinite_stale_prefix_max_all_pairs,uniform_arbitrary_stream_transfer
0,learned,adam,1000,11.328690783793768,0.007299925405491595,0.08514650553473156,139.89296099649093,1.011217417463079,1.147869054803978,8.469064160060374e-61,0.007296790750680032,True,reference_theta,0.25,,,1,0.4224472998218682,0.5184969212711285,-0.861690574114284,-0.6568211890907845,True,,infinite_stale_prefix_max_all_pairs,uniform_arbitrary_stream_transfer
0,learned,adam,1000,11.328690783793768,0.007299925405491595,0.08514650553473156,139.89296099649093,1.011217417463079,1.147869054803978,8.469064160060374e-61,0.007296790750680032,True,adaptive_theta,0.5,,,1,0.4224472998218682,0.5184969212711285,-0.861690574114284,-0.6568211890907845,True,,infinite_stale_prefix_max_all_pairs,uniform_arbitrary_stream_transfer
0,learned,adam,1000,11.328690783793768,0.007299925405491595,0.08514650553473156,139.89296099649093,1.011217417463079,1.147869054803978,8.469064160060374e-61,0.007296790750680032,True,reference_theta,0.5,,,1,0.4224472998218682,0.5184969212711285,-0.861690574114284,-0.6568211890907845,True,,infinite_stale_prefix_max_all_pairs,uniform_arbitrary_stream_transfer
0,learned,adam,1000,11.328690783793768,0.007299925405491595,0.08514650553473156,139.89296099649093,1.011217417463079,1.147869054803978,8.469064160060374e-61,0.007296790750680032,True,adaptive_theta,0.75,,,1,0.4224472998218682,0.5184969212711285,-0.861690574114284,-0.6568211890907845,True,,infinite_stale_prefix_max_all_pairs,uniform_arbitrary_stream_transfer
0,learned,adam,1000,11.328690783793768,0.007299925405491595,0.08514650553473156,139.89296099649093,1.011217417463079,1.147869054803978,8.469064160060374e-61,0.007296790750680032,True,reference_theta,0.75,,,1,0.4224472998218682,0.5184969212711285,-0.861690574114284,-0.6568211890907845,True,,infinite_stale_prefix_max_all_pairs,uniform_arbitrary_stream_transfer
0,learned,adam,1000,11.328690783793768,0.007299925405491595,0.08514650553473156,139.89296099649093,1.011217417463079,1.147869054803978,8.469064160060374e-61,0.007296790750680032,True,clock,,1,0.001,1,0.4224472998218682,0.5184969212711285,-0.861690574114284,-0.6568211890907845,True,,infinite_stale_prefix_max_all_pairs,uniform_arbitrary_stream_transfer
0,learned,adam,1000,11.328690783793768,0.007299925405491595,0.08514650553473156,139.89296099649093,1.011217417463079,1.147869054803978,8.469064160060374e-61,0.007296790750680032,True,clock,,1,0.003,1,0.4224472998218682,0.5184969212711285,-0.861690574114284,-0.6568211890907845,True,,infinite_stale_prefix_max_all_pairs,uniform_arbitrary_stream_transfer
0,learned,adam,1000,11.328690783793768,0.007299925405491595,0.08514650553473156,139.89296099649093,1.011217417463079,1.147869054803978,8.469064160060374e-61,0.007296790750680032,True,clock,,1,0.01,1,0.4224472998218682,0.5184969212711285,-0.861690574114284,-0.6568211890907845,True,,infinite_stale_prefix_max_all_pairs,uniform_arbitrary_stream_transfer
0,learned,adam,1000,11.328690783793768,0.007299925405491595,0.08514650553473156,139.89296099649093,1.011217417463079,1.147869054803978,8.469064160060374e-61,0.007296790750680032,True,clock,,1,0.03,1,0.4224472998218682,0.5184969212711285,-0.861690574114284,-0.6568211890907845,True,,infinite_stale_prefix_max_all_pairs,uniform_arbitrary_stream_transfer
0,learned,adam,1000,11.328690783793768,0.007299925405491595,0.08514650553473156,139.89296099649093,1.011217417463079,1.147869054803978,8.469064160060374e-61,0.007296790750680032,True,clock,,1,0.1,2,0.5626041540944389,0.6020271905078639,-0.5751789992095258,-0.5074526677367277,True,,infinite_stale_prefix_max_all_pairs,uniform_arbitrary_stream_transfer
0,learned,adam,2000,18.94890040505393,0.007301072106485965,0.08515191976473147,378.2186650938463,1.179774250871257,1.9098900118646112,6.229941650475087e-104,0.007296790750680032,True,fixed,,,,1,0.3239040170421949,0.35925317069875023,-1.127308050775569,-1.0237279281781644,True,,infinite_stale_prefix_max_all_pairs,uniform_arbitrary_stream_transfer
0,learned,adam,2000,18.94890040505393,0.007301072106485965,0.08515191976473147,378.2186650938463,1.179774250871257,1.9098900118646112,6.229941650475087e-104,0.007296790750680032,True,fixed,,,,2,0.39986757546783536,0.42932383201870145,-0.9166218480174668,-0.8455437916220518,True,,infinite_stale_prefix_max_all_pairs,uniform_arbitrary_stream_transfer
0,learned,adam,2000,18.94890040505393,0.007301072106485965,0.08515191976473147,378.2186650938463,1.179774250871257,1.9098900118646112,6.229941650475087e-104,0.007296790750680032,True,fixed,,,,3,0.5652088095906145,0.5804735405166809,-0.5705600416148662,-0.5439110593883006,True,,infinite_stale_prefix_max_all_pairs,uniform_arbitrary_stream_transfer
0,learned,adam,2000,18.94890040505393,0.007301072106485965,0.08515191976473147,378.2186650938463,1.179774250871257,1.9098900118646112,6.229941650475087e-104,0.007296790750680032,True,fixed,,,,4,0.7427247595015773,0.7459416606360629,-0.29742974771219,-0.2931078847371025,True,,infinite_stale_prefix_max_all_pairs,uniform_arbitrary_stream_transfer
0,learned,adam,2000,18.94890040505393,0.007301072106485965,0.08515191976473147,378.2186650938463,1.179774250871257,1.9098900118646112,6.229941650475087e-104,0.007296790750680032,True,fixed,,,,5,0.8292021817270203,0.8295672141941451,-0.1872912673011805,-0.18685114286445662,True,,infinite_stale_prefix_max_all_pairs,uniform_arbitrary_stream_transfer
0,learned,adam,2000,18.94890040505393,0.007301072106485965,0.08515191976473147,378.2186650938463,1.179774250871257,1.9098900118646112,6.229941650475087e-104,0.007296790750680032,True,fixed,,,,8,0.8697881022920927,0.8697884179853874,-0.1395056575830052,-0.13950529462881364,True,,infinite_stale_prefix_max_all_pairs,uniform_arbitrary_stream_transfer
0,learned,adam,2000,18.94890040505393,0.007301072106485965,0.08515191976473147,378.2186650938463,1.179774250871257,1.9098900118646112,6.229941650475087e-104,0.007296790750680032,True,fixed,,,,16,0.8710066937352529,0.8710066937352549,-0.13810561704406377,-0.13810561704406146,True,,infinite_stale_prefix_max_all_pairs,uniform_arbitrary_stream_transfer
0,learned,adam,2000,18.94890040505393,0.007301072106485965,0.08515191976473147,378.2186650938463,1.179774250871257,1.9098900118646112,6.229941650475087e-104,0.007296790750680032,True,fixed,,,,32,0.8710067907553267,0.8710067907553267,-0.13810550565563334,-0.13810550565563334,True,,infinite_stale_prefix_max_all_pairs,uniform_arbitrary_stream_transfer
0,learned,adam,2000,18.94890040505393,0.007301072106485965,0.08515191976473147,378.2186650938463,1.179774250871257,1.9098900118646112,6.229941650475087e-104,0.007296790750680032,True,fixed,,,,64,0.8710067907553274,0.8710067907553274,-0.13810550565563262,-0.13810550565563262,True,,infinite_stale_prefix_max_all_pairs,uniform_arbitrary_stream_transfer
0,learned,adam,2000,18.94890040505393,0.007301072106485965,0.08515191976473147,378.2186650938463,1.179774250871257,1.9098900118646112,6.229941650475087e-104,0.007296790750680032,True,fixed,,,,128,0.8710067907553274,0.8710067907553274,-0.13810550565563262,-0.13810550565563262,True,,infinite_stale_prefix_max_all_pairs,uniform_arbitrary_stream_transfer
0,learned,adam,2000,18.94890040505393,0.007301072106485965,0.08515191976473147,378.2186650938463,1.179774250871257,1.9098900118646112,6.229941650475087e-104,0.007296790750680032,True,fixed,,,,256,0.8710067907553274,0.8710067907553274,-0.13810550565563262,-0.13810550565563262,True,,infinite_stale_prefix_max_all_pairs,uniform_arbitrary_stream_transfer
0,learned,adam,2000,18.94890040505393,0.007301072106485965,0.08515191976473147,378.2186650938463,1.179774250871257,1.9098900118646112,6.229941650475087e-104,0.007296790750680032,True,fixed,,,,512,0.8710067907553274,0.8710067907553274,-0.13810550565563262,-0.13810550565563262,True,,infinite_stale_prefix_max_all_pairs,uniform_arbitrary_stream_transfer
0,learned,adam,2000,18.94890040505393,0.007301072106485965,0.08515191976473147,378.2186650938463,1.179774250871257,1.9098900118646112,6.229941650475087e-104,0.007296790750680032,True,adaptive_theta,0.25,,,1,0.3239040170421949,0.35925317069875023,-1.127308050775569,-1.0237279281781644,True,,infinite_stale_prefix_max_all_pairs,uniform_arbitrary_stream_transfer
0,learned,adam,2000,18.94890040505393,0.007301072106485965,0.08515191976473147,378.2186650938463,1.179774250871257,1.9098900118646112,6.229941650475087e-104,0.007296790750680032,True,reference_theta,0.25,,,1,0.3239040170421949,0.35925317069875023,-1.127308050775569,-1.0237279281781644,True,,infinite_stale_prefix_max_all_pairs,uniform_arbitrary_stream_transfer
0,learned,adam,2000,18.94890040505393,0.007301072106485965,0.08515191976473147,378.2186650938463,1.179774250871257,1.9098900118646112,6.229941650475087e-104,0.007296790750680032,True,adaptive_theta,0.5,,,1,0.3239040170421949,0.35925317069875023,-1.127308050775569,-1.0237279281781644,True,,infinite_stale_prefix_max_all_pairs,uniform_arbitrary_stream_transfer
0,learned,adam,2000,18.94890040505393,0.007301072106485965,0.08515191976473147,378.2186650938463,1.179774250871257,1.9098900118646112,6.229941650475087e-104,0.007296790750680032,True,reference_theta,0.5,,,1,0.3239040170421949,0.35925317069875023,-1.127308050775569,-1.0237279281781644,True,,infinite_stale_prefix_max_all_pairs,uniform_arbitrary_stream_transfer
0,learned,adam,2000,18.94890040505393,0.007301072106485965,0.08515191976473147,378.2186650938463,1.179774250871257,1.9098900118646112,6.229941650475087e-104,0.007296790750680032,True,adaptive_theta,0.75,,,1,0.3239040170421949,0.35925317069875023,-1.127308050775569,-1.0237279281781644,True,,infinite_stale_prefix_max_all_pairs,uniform_arbitrary_stream_transfer
0,learned,adam,2000,18.94890040505393,0.007301072106485965,0.08515191976473147,378.2186650938463,1.179774250871257,1.9098900118646112,6.229941650475087e-104,0.007296790750680032,True,reference_theta,0.75,,,1,0.3239040170421949,0.35925317069875023,-1.127308050775569,-1.0237279281781644,True,,infinite_stale_prefix_max_all_pairs,uniform_arbitrary_stream_transfer
0,learned,adam,2000,18.94890040505393,0.007301072106485965,0.08515191976473147,378.2186650938463,1.179774250871257,1.9098900118646112,6.229941650475087e-104,0.007296790750680032,True,clock,,1,0.001,1,0.3239040170421949,0.35925317069875023,-1.127308050775569,-1.0237279281781644,True,,infinite_stale_prefix_max_all_pairs,uniform_arbitrary_stream_transfer
0,learned,adam,2000,18.94890040505393,0.007301072106485965,0.08515191976473147,378.2186650938463,1.179774250871257,1.9098900118646112,6.229941650475087e-104,0.007296790750680032,True,clock,,1,0.003,1,0.3239040170421949,0.35925317069875023,-1.127308050775569,-1.0237279281781644,True,,infinite_stale_prefix_max_all_pairs,uniform_arbitrary_stream_transfer
0,learned,adam,2000,18.94890040505393,0.007301072106485965,0.08515191976473147,378.2186650938463,1.179774250871257,1.9098900118646112,6.229941650475087e-104,0.007296790750680032,True,clock,,1,0.01,1,0.3239040170421949,0.35925317069875023,-1.127308050775569,-1.0237279281781644,True,,infinite_stale_prefix_max_all_pairs,uniform_arbitrary_stream_transfer
0,learned,adam,2000,18.94890040505393,0.007301072106485965,0.08515191976473147,378.2186650938463,1.179774250871257,1.9098900118646112,6.229941650475087e-104,0.007296790750680032,True,clock,,1,0.03,1,0.3239040170421949,0.35925317069875023,-1.127308050775569,-1.0237279281781644,True,,infinite_stale_prefix_max_all_pairs,uniform_arbitrary_stream_transfer
0,learned,adam,2000,18.94890040505393,0.007301072106485965,0.08515191976473147,378.2186650938463,1.179774250871257,1.9098900118646112,6.229941650475087e-104,0.007296790750680032,True,clock,,1,0.1,2,0.39986757546783536,0.42932383201870145,-0.9166218480174668,-0.8455437916220518,True,,infinite_stale_prefix_max_all_pairs,uniform_arbitrary_stream_transfer
0,learned,adam,3000,24.84174707475492,0.007301653828258549,0.08515462479293064,642.1505742739446,1.392733663969435,2.499174668721354,8.147764698018065e-147,0.007296790750680032,True,fixed,,,,1,0.22138594438655088,0.22734433484621075,-1.5078477458784652,-1.4812895172260643,True,,infinite_stale_prefix_max_all_pairs,uniform_arbitrary_stream_transfer
0,learned,adam,3000,24.84174707475492,0.007301653828258549,0.08515462479293064,642.1505742739446,1.392733663969435,2.499174668721354,8.147764698018065e-147,0.007296790750680032,True,fixed,,,,2,0.23941656939189102,0.24536971757862353,-1.429550276090028,-1.4049891545698712,True,,infinite_stale_prefix_max_all_pairs,uniform_arbitrary_stream_transfer
0,learned,adam,3000,24.84174707475492,0.007301653828258549,0.08515462479293064,642.1505742739446,1.392733663969435,2.499174668721354,8.147764698018065e-147,0.007296790750680032,True,fixed,,,,3,0.3107534145428996,0.31643205286730763,-1.1687555605812114,-1.1506467433292793,True,,infinite_stale_prefix_max_all_pairs,uniform_arbitrary_stream_transfer
0,learned,adam,3000,24.84174707475492,0.007301653828258549,0.08515462479293064,642.1505742739446,1.392733663969435,2.499174668721354,8.147764698018065e-147,0.007296790750680032,True,fixed,,,,4,0.5344069824371208,0.5377826470533251,-0.6265975909073336,-0.620300802210669,True,,infinite_stale_prefix_max_all_pairs,uniform_arbitrary_stream_transfer
0,learned,adam,3000,24.84174707475492,0.007301653828258549,0.08515462479293064,642.1505742739446,1.392733663969435,2.499174668721354,8.147764698018065e-147,0.007296790750680032,True,fixed,,,,5,0.8016265915342071,0.8020983043637174,-0.22111237613013518,-0.22052410460760616,True,,infinite_stale_prefix_max_all_pairs,uniform_arbitrary_stream_transfer
0,learned,adam,3000,24.84174707475492,0.007301653828258549,0.08515462479293064,642.1505742739446,1.392733663969435,2.499174668721354,8.147764698018065e-147,0.007296790750680032,True,fixed,,,,8,0.9224058689337031,0.9224059672014939,-0.08076994737005427,-0.08076984083583884,True,,infinite_stale_prefix_max_all_pairs,uniform_arbitrary_stream_transfer
0,learned,adam,3000,24.84174707475492,0.007301653828258549,0.08515462479293064,642.1505742739446,1.392733663969435,2.499174668721354,8.147764698018065e-147,0.007296790750680032,True,fixed,,,,16,0.9240839167031137,0.9240839167031137,-0.07895239252147958,-0.07895239252147958,True,,infinite_stale_prefix_max_all_pairs,uniform_arbitrary_stream_transfer
0,learned,adam,3000,24.84174707475492,0.007301653828258549,0.08515462479293064,642.1505742739446,1.392733663969435,2.499174668721354,8.147764698018065e-147,0.007296790750680032,True,fixed,,,,32,0.9240839409310325,0.9240839409310325,-0.07895236630316975,-0.07895236630316975,True,,infinite_stale_prefix_max_all_pairs,uniform_arbitrary_stream_transfer
0,learned,adam,3000,24.84174707475492,0.007301653828258549,0.08515462479293064,642.1505742739446,1.392733663969435,2.499174668721354,8.147764698018065e-147,0.007296790750680032,True,fixed,,,,64,0.9240839409310325,0.9240839409310325,-0.07895236630316975,-0.07895236630316975,True,,infinite_stale_prefix_max_all_pairs,uniform_arbitrary_stream_transfer
0,learned,adam,3000,24.84174707475492,0.007301653828258549,0.08515462479293064,642.1505742739446,1.392733663969435,2.499174668721354,8.147764698018065e-147,0.007296790750680032,True,fixed,,,,128,0.9240839409310325,0.9240839409310325,-0.07895236630316975,-0.07895236630316975,True,,infinite_stale_prefix_max_all_pairs,uniform_arbitrary_stream_transfer
0,learned,adam,3000,24.84174707475492,0.007301653828258549,0.08515462479293064,642.1505742739446,1.392733663969435,2.499174668721354,8.147764698018065e-147,0.007296790750680032,True,fixed,,,,256,0.9240839409310325,0.9240839409310325,-0.07895236630316975,-0.07895236630316975,True,,infinite_stale_prefix_max_all_pairs,uniform_arbitrary_stream_transfer
0,learned,adam,3000,24.84174707475492,0.007301653828258549,0.08515462479293064,642.1505742739446,1.392733663969435,2.499174668721354,8.147764698018065e-147,0.007296790750680032,True,fixed,,,,512,0.9240839409310325,0.9240839409310325,-0.07895236630316975,-0.07895236630316975,True,,infinite_stale_prefix_max_all_pairs,uniform_arbitrary_stream_transfer
0,learned,adam,3000,24.84174707475492,0.007301653828258549,0.08515462479293064,642.1505742739446,1.392733663969435,2.499174668721354,8.147764698018065e-147,0.007296790750680032,True,adaptive_theta,0.25,,,1,0.22138594438655088,0.22734433484621075,-1.5078477458784652,-1.4812895172260643,True,,infinite_stale_prefix_max_all_pairs,uniform_arbitrary_stream_transfer
0,learned,adam,3000,24.84174707475492,0.007301653828258549,0.08515462479293064,642.1505742739446,1.392733663969435,2.499174668721354,8.147764698018065e-147,0.007296790750680032,True,reference_theta,0.25,,,1,0.22138594438655088,0.22734433484621075,-1.5078477458784652,-1.4812895172260643,True,,infinite_stale_prefix_max_all_pairs,uniform_arbitrary_stream_transfer
0,learned,adam,3000,24.84174707475492,0.007301653828258549,0.08515462479293064,642.1505742739446,1.392733663969435,2.499174668721354,8.147764698018065e-147,0.007296790750680032,True,adaptive_theta,0.5,,,1,0.22138594438655088,0.22734433484621075,-1.5078477458784652,-1.4812895172260643,True,,infinite_stale_prefix_max_all_pairs,uniform_arbitrary_stream_transfer
0,learned,adam,3000,24.84174707475492,0.007301653828258549,0.08515462479293064,642.1505742739446,1.392733663969435,2.499174668721354,8.147764698018065e-147,0.007296790750680032,True,reference_theta,0.5,,,1,0.22138594438655088,0.22734433484621075,-1.5078477458784652,-1.4812895172260643,True,,infinite_stale_prefix_max_all_pairs,uniform_arbitrary_stream_transfer
0,learned,adam,3000,24.84174707475492,0.007301653828258549,0.08515462479293064,642.1505742739446,1.392733663969435,2.499174668721354,8.147764698018065e-147,0.007296790750680032,True,adaptive_theta,0.75,,,1,0.22138594438655088,0.22734433484621075,-1.5078477458784652,-1.4812895172260643,True,,infinite_stale_prefix_max_all_pairs,uniform_arbitrary_stream_transfer
0,learned,adam,3000,24.84174707475492,0.007301653828258549,0.08515462479293064,642.1505742739446,1.392733663969435,2.499174668721354,8.147764698018065e-147,0.007296790750680032,True,reference_theta,0.75,,,1,0.22138594438655088,0.22734433484621075,-1.5078477458784652,-1.4812895172260643,True,,infinite_stale_prefix_max_all_pairs,uniform_arbitrary_stream_transfer
0,learned,adam,3000,24.84174707475492,0.007301653828258549,0.08515462479293064,642.1505742739446,1.392733663969435,2.499174668721354,8.147764698018065e-147,0.007296790750680032,True,clock,,1,0.001,1,0.22138594438655088,0.22734433484621075,-1.5078477458784652,-1.4812895172260643,True,,infinite_stale_prefix_max_all_pairs,uniform_arbitrary_stream_transfer
0,learned,adam,3000,24.84174707475492,0.007301653828258549,0.08515462479293064,642.1505742739446,1.392733663969435,2.499174668721354,8.147764698018065e-147,0.007296790750680032,True,clock,,1,0.003,1,0.22138594438655088,0.22734433484621075,-1.5078477458784652,-1.4812895172260643,True,,infinite_stale_prefix_max_all_pairs,uniform_arbitrary_stream_transfer
0,learned,adam,3000,24.84174707475492,0.007301653828258549,0.08515462479293064,642.1505742739446,1.392733663969435,2.499174668721354,8.147764698018065e-147,0.007296790750680032,True,clock,,1,0.01,1,0.22138594438655088,0.22734433484621075,-1.5078477458784652,-1.4812895172260643,True,,infinite_stale_prefix_max_all_pairs,uniform_arbitrary_stream_transfer
0,learned,adam,3000,24.84174707475492,0.007301653828258549,0.08515462479293064,642.1505742739446,1.392733663969435,2.499174668721354,8.147764698018065e-147,0.007296790750680032,True,clock,,1,0.03,1,0.22138594438655088,0.22734433484621075,-1.5078477458784652,-1.4812895172260643,True,,infinite_stale_prefix_max_all_pairs,uniform_arbitrary_stream_transfer
0,learned,adam,3000,24.84174707475492,0.007301653828258549,0.08515462479293064,642.1505742739446,1.392733663969435,2.499174668721354,8.147764698018065e-147,0.007296790750680032,True,clock,,1,0.1,3,0.3107534145428996,0.31643205286730763,-1.1687555605812114,-1.1506467433292793,True,,infinite_stale_prefix_max_all_pairs,uniform_arbitrary_stream_transfer
0,learned,adam,4000,29.71272255340369,0.00730200475247218,0.08515624713066325,912.7446592207488,1.581094376953363,2.9862722099262426,7.265223143380062e-190,0.007296790750680032,True,fixed,,,,1,0.14711346656522392,0.1478729494064511,-1.9165511085545572,-1.9114018238536075,True,,infinite_stale_prefix_max_all_pairs,uniform_arbitrary_stream_transfer
0,learned,adam,4000,29.71272255340369,0.00730200475247218,0.08515624713066325,912.7446592207488,1.581094376953363,2.9862722099262426,7.265223143380062e-190,0.007296790750680032,True,fixed,,,,2,0.15005238222970876,0.15081680044431856,-1.8967708309824751,-1.8916894208318256,True,,infinite_stale_prefix_max_all_pairs,uniform_arbitrary_stream_transfer
0,learned,adam,4000,29.71272255340369,0.00730200475247218,0.08515624713066325,912.7446592207488,1.581094376953363,2.9862722099262426,7.265223143380062e-190,0.007296790750680032,True,fixed,,,,3,0.16459325418312723,0.16537940911841414,-1.8042779746705695,-1.7995129955665867,True,,infinite_stale_prefix_max_all_pairs,uniform_arbitrary_stream_transfer
0,learned,adam,4000,29.71272255340369,0.00730200475247218,0.08515624713066325,912.7446592207488,1.581094376953363,2.9862722099262426,7.265223143380062e-190,0.007296790750680032,True,fixed,,,,4,0.23933478059458024,0.2401745354089701,-1.4298919515677422,-1.4263893890736743,True,,infinite_stale_prefix_max_all_pairs,uniform_arbitrary_stream_transfer
0,learned,adam,4000,29.71272255340369,0.00730200475247218,0.08515624713066325,912.7446592207488,1.581094376953363,2.9862722099262426,7.265223143380062e-190,0.007296790750680032,True,fixed,,,,5,0.5529066420593627,0.5534173982774417,-0.5925661125807944,-0.5916427732412446,True,,infinite_stale_prefix_max_all_pairs,uniform_arbitrary_stream_transfer
0,learned,adam,4000,29.71272255340369,0.00730200475247218,0.08515624713066325,912.7446592207488,1.581094376953363,2.9862722099262426,7.265223143380062e-190,0.007296790750680032,True,fixed,,,,8,0.9492565407846175,0.9492565834017134,-0.05207618941767542,-0.05207614452244095,True,,infinite_stale_prefix_max_all_pairs,uniform_arbitrary_stream_transfer
0,learned,adam,4000,29.71272255340369,0.00730200475247218,0.08515624713066325,912.7446592207488,1.581094376953363,2.9862722099262426,7.265223143380062e-190,0.007296790750680032,True,fixed,,,,16,0.9519500753091672,0.9519500753091672,-0.04924268746803169,-0.04924268746803169,True,,infinite_stale_prefix_max_all_pairs,uniform_arbitrary_stream_transfer
0,learned,adam,4000,29.71272255340369,0.00730200475247218,0.08515624713066325,912.7446592207488,1.581094376953363,2.9862722099262426,7.265223143380062e-190,0.007296790750680032,True,fixed,,,,32,0.9519500838407489,0.9519500838407489,-0.049242678505816234,-0.049242678505816234,True,,infinite_stale_prefix_max_all_pairs,uniform_arbitrary_stream_transfer
0,learned,adam,4000,29.71272255340369,0.00730200475247218,0.08515624713066325,912.7446592207488,1.581094376953363,2.9862722099262426,7.265223143380062e-190,0.007296790750680032,True,fixed,,,,64,0.9519500838407489,0.9519500838407489,-0.049242678505816234,-0.049242678505816234,True,,infinite_stale_prefix_max_all_pairs,uniform_arbitrary_stream_transfer
0,learned,adam,4000,29.71272255340369,0.00730200475247218,0.08515624713066325,912.7446592207488,1.581094376953363,2.9862722099262426,7.265223143380062e-190,0.007296790750680032,True,fixed,,,,128,0.9519500838407489,0.9519500838407489,-0.049242678505816234,-0.049242678505816234,True,,infinite_stale_prefix_max_all_pairs,uniform_arbitrary_stream_transfer
0,learned,adam,4000,29.71272255340369,0.00730200475247218,0.08515624713066325,912.7446592207488,1.581094376953363,2.9862722099262426,7.265223143380062e-190,0.007296790750680032,True,fixed,,,,256,0.9519500838407489,0.9519500838407489,-0.049242678505816234,-0.049242678505816234,True,,infinite_stale_prefix_max_all_pairs,uniform_arbitrary_stream_transfer
0,learned,adam,4000,29.71272255340369,0.00730200475247218,0.08515624713066325,912.7446592207488,1.581094376953363,2.9862722099262426,7.265223143380062e-190,0.007296790750680032,True,fixed,,,,512,0.9519500838407489,0.9519500838407489,-0.049242678505816234,-0.049242678505816234,True,,infinite_stale_prefix_max_all_pairs,uniform_arbitrary_stream_transfer
0,learned,adam,4000,29.71272255340369,0.00730200475247218,0.08515624713066325,912.7446592207488,1.581094376953363,2.9862722099262426,7.265223143380062e-190,0.007296790750680032,True,adaptive_theta,0.25,,,1,0.14711346656522392,0.1478729494064511,-1.9165511085545572,-1.9114018238536075,True,,infinite_stale_prefix_max_all_pairs,uniform_arbitrary_stream_transfer
0,learned,adam,4000,29.71272255340369,0.00730200475247218,0.08515624713066325,912.7446592207488,1.581094376953363,2.9862722099262426,7.265223143380062e-190,0.007296790750680032,True,reference_theta,0.25,,,1,0.14711346656522392,0.1478729494064511,-1.9165511085545572,-1.9114018238536075,True,,infinite_stale_prefix_max_all_pairs,uniform_arbitrary_stream_transfer
0,learned,adam,4000,29.71272255340369,0.00730200475247218,0.08515624713066325,912.7446592207488,1.581094376953363,2.9862722099262426,7.265223143380062e-190,0.007296790750680032,True,adaptive_theta,0.5,,,1,0.14711346656522392,0.1478729494064511,-1.9165511085545572,-1.9114018238536075,True,,infinite_stale_prefix_max_all_pairs,uniform_arbitrary_stream_transfer
0,learned,adam,4000,29.71272255340369,0.00730200475247218,0.08515624713066325,912.7446592207488,1.581094376953363,2.9862722099262426,7.265223143380062e-190,0.007296790750680032,True,reference_theta,0.5,,,1,0.14711346656522392,0.1478729494064511,-1.9165511085545572,-1.9114018238536075,True,,infinite_stale_prefix_max_all_pairs,uniform_arbitrary_stream_transfer
0,learned,adam,4000,29.71272255340369,0.00730200475247218,0.08515624713066325,912.7446592207488,1.581094376953363,2.9862722099262426,7.265223143380062e-190,0.007296790750680032,True,adaptive_theta,0.75,,,2,0.15005238222970876,0.15081680044431856,-1.8967708309824751,-1.8916894208318256,True,,infinite_stale_prefix_max_all_pairs,uniform_arbitrary_stream_transfer
0,learned,adam,4000,29.71272255340369,0.00730200475247218,0.08515624713066325,912.7446592207488,1.581094376953363,2.9862722099262426,7.265223143380062e-190,0.007296790750680032,True,reference_theta,0.75,,,2,0.15005238222970876,0.15081680044431856,-1.8967708309824751,-1.8916894208318256,True,,infinite_stale_prefix_max_all_pairs,uniform_arbitrary_stream_transfer
0,learned,adam,4000,29.71272255340369,0.00730200475247218,0.08515624713066325,912.7446592207488,1.581094376953363,2.9862722099262426,7.265223143380062e-190,0.007296790750680032,True,clock,,1,0.001,1,0.14711346656522392,0.1478729494064511,-1.9165511085545572,-1.9114018238536075,True,,infinite_stale_prefix_max_all_pairs,uniform_arbitrary_stream_transfer
0,learned,adam,4000,29.71272255340369,0.00730200475247218,0.08515624713066325,912.7446592207488,1.581094376953363,2.9862722099262426,7.265223143380062e-190,0.007296790750680032,True,clock,,1,0.003,1,0.14711346656522392,0.1478729494064511,-1.9165511085545572,-1.9114018238536075,True,,infinite_stale_prefix_max_all_pairs,uniform_arbitrary_stream_transfer
0,learned,adam,4000,29.71272255340369,0.00730200475247218,0.08515624713066325,912.7446592207488,1.581094376953363,2.9862722099262426,7.265223143380062e-190,0.007296790750680032,True,clock,,1,0.01,1,0.14711346656522392,0.1478729494064511,-1.9165511085545572,-1.9114018238536075,True,,infinite_stale_prefix_max_all_pairs,uniform_arbitrary_stream_transfer
0,learned,adam,4000,29.71272255340369,0.00730200475247218,0.08515624713066325,912.7446592207488,1.581094376953363,2.9862722099262426,7.265223143380062e-190,0.007296790750680032,True,clock,,1,0.03,1,0.14711346656522392,0.1478729494064511,-1.9165511085545572,-1.9114018238536075,True,,infinite_stale_prefix_max_all_pairs,uniform_arbitrary_stream_transfer
0,learned,adam,4000,29.71272255340369,0.00730200475247218,0.08515624713066325,912.7446592207488,1.581094376953363,2.9862722099262426,7.265223143380062e-190,0.007296790750680032,True,clock,,1,0.1,3,0.16459325418312723,0.16537940911841414,-1.8042779746705695,-1.7995129955665867,True,,infinite_stale_prefix_max_all_pairs,uniform_arbitrary_stream_transfer
0,learned,adam,5000,33.89887827553162,0.007302240142849003,0.0851573283970617,1183.2099456813073,1.7507703216164936,3.4048877777972426,5.257455021787536e-233,0.007296790750680032,True,fixed,,,,1,0.09775361615746317,0.0978414206206845,-2.3253050868626786,-2.3244072678733447,True,,infinite_stale_prefix_max_all_pairs,uniform_arbitrary_stream_transfer
0,learned,adam,5000,33.89887827553162,0.007302240142849003,0.0851573283970617,1183.2099456813073,1.7507703216164936,3.4048877777972426,5.257455021787536e-233,0.007296790750680032,True,fixed,,,,2,0.09817183154947724,0.098259822512729,-2.3210359525354036,-2.3201400585456375,True,,infinite_stale_prefix_max_all_pairs,uniform_arbitrary_stream_transfer
0,learned,adam,5000,33.89887827553162,0.007302240142849003,0.0851573283970617,1183.2099456813073,1.7507703216164936,3.4048877777972426,5.257455021787536e-233,0.007296790750680032,True,fixed,,,,3,0.10059755160892969,0.1006866089310492,-2.296627359496072,-2.295742467930915,True,,infinite_stale_prefix_max_all_pairs,uniform_arbitrary_stream_transfer
0,learned,adam,5000,33.89887827553162,0.007302240142849003,0.0851573283970617,1183.2099456813073,1.7507703216164936,3.4048877777972426,5.257455021787536e-233,0.007296790750680032,True,fixed,,,,4,0.11512081008297727,0.11521573274448958,-2.161773179570788,-2.1609489710824548,True,,infinite_stale_prefix_max_all_pairs,uniform_arbitrary_stream_transfer
0,learned,adam,5000,33.89887827553162,0.007302240142849003,0.0851573283970617,1183.2099456813073,1.7507703216164936,3.4048877777972426,5.257455021787536e-233,0.007296790750680032,True,fixed,,,,5,0.2130574697515709,0.21317445600750895,-1.5461933386249258,-1.5456444062160393,True,,infinite_stale_prefix_max_all_pairs,uniform_arbitrary_stream_transfer
0,learned,adam,5000,33.89887827553162,0.007302240142849003,0.0851573283970617,1183.2099456813073,1.7507703216164936,3.4048877777972426,5.257455021787536e-233,0.007296790750680032,True,fixed,,,,8,0.9629392347040305,0.9629392590931181,-0.03776496917071462,-0.037764943842961474,True,,infinite_stale_prefix_max_all_pairs,uniform_arbitrary_stream_transfer
0,learned,adam,5000,33.89887827553162,0.007302240142849003,0.0851573283970617,1183.2099456813073,1.7507703216164936,3.4048877777972426,5.257455021787536e-233,0.007296790750680032,True,fixed,,,,16,0.9678569378160757,0.9678569378160757,-0.03267099414012024,-0.03267099414012024,True,,infinite_stale_prefix_max_all_pairs,uniform_arbitrary_stream_transfer
0,learned,adam,5000,33.89887827553162,0.007302240142849003,0.0851573283970617,1183.2099456813073,1.7507703216164936,3.4048877777972426,5.257455021787536e-233,0.007296790750680032,True,fixed,,,,32,0.9678569417091482,0.9678569417091482,-0.03267099011775667,-0.03267099011775667,True,,infinite_stale_prefix_max_all_pairs,uniform_arbitrary_stream_transfer
0,learned,adam,5000,33.89887827553162,0.007302240142849003,0.0851573283970617,1183.2099456813073,1.7507703216164936,3.4048877777972426,5.257455021787536e-233,0.007296790750680032,True,fixed,,,,64,0.9678569417091482,0.9678569417091482,-0.03267099011775667,-0.03267099011775667,True,,infinite_stale_prefix_max_all_pairs,uniform_arbitrary_stream_transfer
0,learned,adam,5000,33.89887827553162,0.007302240142849003,0.0851573283970617,1183.2099456813073,1.7507703216164936,3.4048877777972426,5.257455021787536e-233,0.007296790750680032,True,fixed,,,,128,0.9678569417091482,0.9678569417091482,-0.03267099011775667,-0.03267099011775667,True,,infinite_stale_prefix_max_all_pairs,uniform_arbitrary_stream_transfer
0,learned,adam,5000,33.89887827553162,0.007302240142849003,0.0851573283970617,1183.2099456813073,1.7507703216164936,3.4048877777972426,5.257455021787536e-233,0.007296790750680032,True,fixed,,,,256,0.9678569417091482,0.9678569417091482,-0.03267099011775667,-0.03267099011775667,True,,infinite_stale_prefix_max_all_pairs,uniform_arbitrary_stream_transfer
0,learned,adam,5000,33.89887827553162,0.007302240142849003,0.0851573283970617,1183.2099456813073,1.7507703216164936,3.4048877777972426,5.257455021787536e-233,0.007296790750680032,True,fixed,,,,512,0.9678569417091482,0.9678569417091482,-0.03267099011775667,-0.03267099011775667,True,,infinite_stale_prefix_max_all_pairs,uniform_arbitrary_stream_transfer
0,learned,adam,5000,33.89887827553162,0.007302240142849003,0.0851573283970617,1183.2099456813073,1.7507703216164936,3.4048877777972426,5.257455021787536e-233,0.007296790750680032,True,adaptive_theta,0.25,,,1,0.09775361615746317,0.0978414206206845,-2.3253050868626786,-2.3244072678733447,True,,infinite_stale_prefix_max_all_pairs,uniform_arbitrary_stream_transfer
0,learned,adam,5000,33.89887827553162,0.007302240142849003,0.0851573283970617,1183.2099456813073,1.7507703216164936,3.4048877777972426,5.257455021787536e-233,0.007296790750680032,True,reference_theta,0.25,,,1,0.09775361615746317,0.0978414206206845,-2.3253050868626786,-2.3244072678733447,True,,infinite_stale_prefix_max_all_pairs,uniform_arbitrary_stream_transfer
0,learned,adam,5000,33.89887827553162,0.007302240142849003,0.0851573283970617,1183.2099456813073,1.7507703216164936,3.4048877777972426,5.257455021787536e-233,0.007296790750680032,True,adaptive_theta,0.5,,,1,0.09775361615746317,0.0978414206206845,-2.3253050868626786,-2.3244072678733447,True,,infinite_stale_prefix_max_all_pairs,uniform_arbitrary_stream_transfer
0,learned,adam,5000,33.89887827553162,0.007302240142849003,0.0851573283970617,1183.2099456813073,1.7507703216164936,3.4048877777972426,5.257455021787536e-233,0.007296790750680032,True,reference_theta,0.5,,,1,0.09775361615746317,0.0978414206206845,-2.3253050868626786,-2.3244072678733447,True,,infinite_stale_prefix_max_all_pairs,uniform_arbitrary_stream_transfer
0,learned,adam,5000,33.89887827553162,0.007302240142849003,0.0851573283970617,1183.2099456813073,1.7507703216164936,3.4048877777972426,5.257455021787536e-233,0.007296790750680032,True,adaptive_theta,0.75,,,2,0.09817183154947724,0.098259822512729,-2.3210359525354036,-2.3201400585456375,True,,infinite_stale_prefix_max_all_pairs,uniform_arbitrary_stream_transfer
0,learned,adam,5000,33.89887827553162,0.007302240142849003,0.0851573283970617,1183.2099456813073,1.7507703216164936,3.4048877777972426,5.257455021787536e-233,0.007296790750680032,True,reference_theta,0.75,,,2,0.09817183154947724,0.098259822512729,-2.3210359525354036,-2.3201400585456375,True,,infinite_stale_prefix_max_all_pairs,uniform_arbitrary_stream_transfer
0,learned,adam,5000,33.89887827553162,0.007302240142849003,0.0851573283970617,1183.2099456813073,1.7507703216164936,3.4048877777972426,5.257455021787536e-233,0.007296790750680032,True,clock,,1,0.001,1,0.09775361615746317,0.0978414206206845,-2.3253050868626786,-2.3244072678733447,True,,infinite_stale_prefix_max_all_pairs,uniform_arbitrary_stream_transfer
0,learned,adam,5000,33.89887827553162,0.007302240142849003,0.0851573283970617,1183.2099456813073,1.7507703216164936,3.4048877777972426,5.257455021787536e-233,0.007296790750680032,True,clock,,1,0.003,1,0.09775361615746317,0.0978414206206845,-2.3253050868626786,-2.3244072678733447,True,,infinite_stale_prefix_max_all_pairs,uniform_arbitrary_stream_transfer
0,learned,adam,5000,33.89887827553162,0.007302240142849003,0.0851573283970617,1183.2099456813073,1.7507703216164936,3.4048877777972426,5.257455021787536e-233,0.007296790750680032,True,clock,,1,0.01,1,0.09775361615746317,0.0978414206206845,-2.3253050868626786,-2.3244072678733447,True,,infinite_stale_prefix_max_all_pairs,uniform_arbitrary_stream_transfer
0,learned,adam,5000,33.89887827553162,0.007302240142849003,0.0851573283970617,1183.2099456813073,1.7507703216164936,3.4048877777972426,5.257455021787536e-233,0.007296790750680032,True,clock,,1,0.03,2,0.09817183154947724,0.098259822512729,-2.3210359525354036,-2.3201400585456375,True,,infinite_stale_prefix_max_all_pairs,uniform_arbitrary_stream_transfer
0,learned,adam,5000,33.89887827553162,0.007302240142849003,0.0851573283970617,1183.2099456813073,1.7507703216164936,3.4048877777972426,5.257455021787536e-233,0.007296790750680032,True,clock,,1,0.1,4,0.11512081008297727,0.11521573274448958,-2.161773179570788,-2.1609489710824548,True,,infinite_stale_prefix_max_all_pairs,uniform_arbitrary_stream_transfer
0,learned,adam,6000,37.589893042687706,0.007302409886081345,0.08515810058309342,1450.759177515602,1.9056221520848706,3.7739892514736724,3.4993688952879605e-276,0.007296790750680032,True,fixed,,,,1,0.06590414050623043,0.065914055427077,-2.719554009307339,-2.7194035760413535,True,,infinite_stale_prefix_max_all_pairs,uniform_arbitrary_stream_transfer
0,learned,adam,6000,37.589893042687706,0.007302409886081345,0.08515810058309342,1450.759177515602,1.9056221520848706,3.7739892514736724,3.4993688952879605e-276,0.007296790750680032,True,fixed,,,,2,0.06596090146310367,0.06597082147358044,-2.718693114569337,-2.718542733595381,True,,infinite_stale_prefix_max_all_pairs,uniform_arbitrary_stream_transfer
0,learned,adam,6000,37.589893042687706,0.007302409886081345,0.08515810058309342,1450.759177515602,1.9056221520848706,3.7739892514736724,3.4993688952879605e-276,0.007296790750680032,True,fixed,,,,3,0.0663432951183182,0.06635324934160569,-2.7129125765382023,-2.712762546658424,True,,infinite_stale_prefix_max_all_pairs,uniform_arbitrary_stream_transfer
0,learned,adam,6000,37.589893042687706,0.007302409886081345,0.08515810058309342,1450.759177515602,1.9056221520848706,3.7739892514736724,3.4993688952879605e-276,0.007296790750680032,True,fixed,,,,4,0.06894850348097274,0.06895868734007395,-2.6743953793877577,-2.674247687899604,True,,infinite_stale_prefix_max_all_pairs,uniform_arbitrary_stream_transfer
0,learned,adam,6000,37.589893042687706,0.007302409886081345,0.08515810058309342,1450.759177515602,1.9056221520848706,3.7739892514736724,3.4993688952879605e-276,0.007296790750680032,True,fixed,,,,5,0.08798988271124551,0.08800157889074188,-2.4305334403037864,-2.4304005227246366,True,,infinite_stale_prefix_max_all_pairs,uniform_arbitrary_stream_transfer
0,learned,adam,6000,37.589893042687706,0.007302409886081345,0.08515810058309342,1450.759177515602,1.9056221520848706,3.7739892514736724,3.4993688952879605e-276,0.007296790750680032,True,fixed,,,,8,0.9672706772080298,0.9672706957788005,-0.03327690831490687,-0.03327688911576141,True,,infinite_stale_prefix_max_all_pairs,uniform_arbitrary_stream_transfer
0,learned,adam,6000,37.589893042687706,0.007302409886081345,0.08515810058309342,1450.759177515602,1.9056221520848706,3.7739892514736724,3.4993688952879605e-276,0.007296790750680032,True,fixed,,,,16,0.9775550541647746,0.9775550541647746,-0.02270066731241764,-0.02270066731241764,True,,infinite_stale_prefix_max_all_pairs,uniform_arbitrary_stream_transfer
0,learned,adam,6000,37.589893042687706,0.007302409886081345,0.08515810058309342,1450.759177515602,1.9056221520848706,3.7739892514736724,3.4993688952879605e-276,0.007296790750680032,True,fixed,,,,32,0.9775550563328393,0.9775550563328393,-0.02270066509457356,-0.02270066509457356,True,,infinite_stale_prefix_max_all_pairs,uniform_arbitrary_stream_transfer
0,learned,adam,6000,37.589893042687706,0.007302409886081345,0.08515810058309342,1450.759177515602,1.9056221520848706,3.7739892514736724,3.4993688952879605e-276,0.007296790750680032,True,fixed,,,,64,0.9775550563328393,0.9775550563328393,-0.02270066509457356,-0.02270066509457356,True,,infinite_stale_prefix_max_all_pairs,uniform_arbitrary_stream_transfer
0,learned,adam,6000,37.589893042687706,0.007302409886081345,0.08515810058309342,1450.759177515602,1.9056221520848706,3.7739892514736724,3.4993688952879605e-276,0.007296790750680032,True,fixed,,,,128,0.9775550563328393,0.9775550563328393,-0.02270066509457356,-0.02270066509457356,True,,infinite_stale_prefix_max_all_pairs,uniform_arbitrary_stream_transfer
0,learned,adam,6000,37.589893042687706,0.007302409886081345,0.08515810058309342,1450.759177515602,1.9056221520848706,3.7739892514736724,3.4993688952879605e-276,0.007296790750680032,True,fixed,,,,256,0.9775550563328393,0.9775550563328393,-0.02270066509457356,-0.02270066509457356,True,,infinite_stale_prefix_max_all_pairs,uniform_arbitrary_stream_transfer
0,learned,adam,6000,37.589893042687706,0.007302409886081345,0.08515810058309342,1450.759177515602,1.9056221520848706,3.7739892514736724,3.4993688952879605e-276,0.007296790750680032,True,fixed,,,,512,0.9775550563328393,0.9775550563328393,-0.02270066509457356,-0.02270066509457356,True,,infinite_stale_prefix_max_all_pairs,uniform_arbitrary_stream_transfer
0,learned,adam,6000,37.589893042687706,0.007302409886081345,0.08515810058309342,1450.759177515602,1.9056221520848706,3.7739892514736724,3.4993688952879605e-276,0.007296790750680032,True,adaptive_theta,0.25,,,1,0.06590414050623043,0.065914055427077,-2.719554009307339,-2.7194035760413535,True,,infinite_stale_prefix_max_all_pairs,uniform_arbitrary_stream_transfer
0,learned,adam,6000,37.589893042687706,0.007302409886081345,0.08515810058309342,1450.759177515602,1.9056221520848706,3.7739892514736724,3.4993688952879605e-276,0.007296790750680032,True,reference_theta,0.25,,,1,0.06590414050623043,0.065914055427077,-2.719554009307339,-2.7194035760413535,True,,infinite_stale_prefix_max_all_pairs,uniform_arbitrary_stream_transfer
0,learned,adam,6000,37.589893042687706,0.007302409886081345,0.08515810058309342,1450.759177515602,1.9056221520848706,3.7739892514736724,3.4993688952879605e-276,0.007296790750680032,True,adaptive_theta,0.5,,,1,0.06590414050623043,0.065914055427077,-2.719554009307339,-2.7194035760413535,True,,infinite_stale_prefix_max_all_pairs,uniform_arbitrary_stream_transfer
0,learned,adam,6000,37.589893042687706,0.007302409886081345,0.08515810058309342,1450.759177515602,1.9056221520848706,3.7739892514736724,3.4993688952879605e-276,0.007296790750680032,True,reference_theta,0.5,,,1,0.06590414050623043,0.065914055427077,-2.719554009307339,-2.7194035760413535,True,,infinite_stale_prefix_max_all_pairs,uniform_arbitrary_stream_transfer
0,learned,adam,6000,37.589893042687706,0.007302409886081345,0.08515810058309342,1450.759177515602,1.9056221520848706,3.7739892514736724,3.4993688952879605e-276,0.007296790750680032,True,adaptive_theta,0.75,,,3,0.0663432951183182,0.06635324934160569,-2.7129125765382023,-2.712762546658424,True,,infinite_stale_prefix_max_all_pairs,uniform_arbitrary_stream_transfer
0,learned,adam,6000,37.589893042687706,0.007302409886081345,0.08515810058309342,1450.759177515602,1.9056221520848706,3.7739892514736724,3.4993688952879605e-276,0.007296790750680032,True,reference_theta,0.75,,,3,0.0663432951183182,0.06635324934160569,-2.7129125765382023,-2.712762546658424,True,,infinite_stale_prefix_max_all_pairs,uniform_arbitrary_stream_transfer
0,learned,adam,6000,37.589893042687706,0.007302409886081345,0.08515810058309342,1450.759177515602,1.9056221520848706,3.7739892514736724,3.4993688952879605e-276,0.007296790750680032,True,clock,,1,0.001,1,0.06590414050623043,0.065914055427077,-2.719554009307339,-2.7194035760413535,True,,infinite_stale_prefix_max_all_pairs,uniform_arbitrary_stream_transfer
0,learned,adam,6000,37.589893042687706,0.007302409886081345,0.08515810058309342,1450.759177515602,1.9056221520848706,3.7739892514736724,3.4993688952879605e-276,0.007296790750680032,True,clock,,1,0.003,1,0.06590414050623043,0.065914055427077,-2.719554009307339,-2.7194035760413535,True,,infinite_stale_prefix_max_all_pairs,uniform_arbitrary_stream_transfer
0,learned,adam,6000,37.589893042687706,0.007302409886081345,0.08515810058309342,1450.759177515602,1.9056221520848706,3.7739892514736724,3.4993688952879605e-276,0.007296790750680032,True,clock,,1,0.01,1,0.06590414050623043,0.065914055427077,-2.719554009307339,-2.7194035760413535,True,,infinite_stale_prefix_max_all_pairs,uniform_arbitrary_stream_transfer
0,learned,adam,6000,37.589893042687706,0.007302409886081345,0.08515810058309342,1450.759177515602,1.9056221520848706,3.7739892514736724,3.4993688952879605e-276,0.007296790750680032,True,clock,,1,0.03,2,0.06596090146310367,0.06597082147358044,-2.718693114569337,-2.718542733595381,True,,infinite_stale_prefix_max_all_pairs,uniform_arbitrary_stream_transfer
0,learned,adam,6000,37.589893042687706,0.007302409886081345,0.08515810058309342,1450.759177515602,1.9056221520848706,3.7739892514736724,3.4993688952879605e-276,0.007296790750680032,True,clock,,1,0.1,4,0.06894850348097274,0.06895868734007395,-2.6743953793877577,-2.674247687899604,True,,infinite_stale_prefix_max_all_pairs,uniform_arbitrary_stream_transfer
0,learned,adam,7000,40.904032203641215,0.007302538357096613,0.0851586796380247,1714.206010215898,2.0483553164837796,4.105403165339053,2.202e-319,0.007296790750680032,True,fixed,,,,1,0.04536250000743052,0.04536363357461327,-3.093069506279145,-3.093044517510462,True,,infinite_stale_prefix_max_all_pairs,uniform_arbitrary_stream_transfer
0,learned,adam,7000,40.904032203641215,0.007302538357096613,0.0851586796380247,1714.206010215898,2.0483553164837796,4.105403165339053,2.202e-319,0.007296790750680032,True,fixed,,,,2,0.045370157770930696,0.04537129146431984,-3.0929007078838184,-3.092875720551155,True,,infinite_stale_prefix_max_all_pairs,uniform_arbitrary_stream_transfer
0,learned,adam,7000,40.904032203641215,0.007302538357096613,0.0851586796380247,1714.206010215898,2.0483553164837796,4.105403165339053,2.202e-319,0.007296790750680032,True,fixed,,,,3,0.04542957371199023,0.045430708384240896,-3.091591982658102,-3.0915670064589413,True,,infinite_stale_prefix_max_all_pairs,uniform_arbitrary_stream_transfer
0,learned,adam,7000,40.904032203641215,0.007302538357096613,0.0851586796380247,1714.206010215898,2.0483553164837796,4.105403165339053,2.202e-319,0.007296790750680032,True,fixed,,,,4,0.04589209425566509,0.045893236525892146,-3.08146241518905,-3.081437525150143,True,,infinite_stale_prefix_max_all_pairs,uniform_arbitrary_stream_transfer
0,learned,adam,7000,40.904032203641215,0.007302538357096613,0.0851586796380247,1714.206010215898,2.0483553164837796,4.105403165339053,2.202e-319,0.007296790750680032,True,fixed,,,,5,0.04958422493407813,0.04958542650291946,-3.004082541522419,-3.004058308930613,True,,infinite_stale_prefix_max_all_pairs,uniform_arbitrary_stream_transfer
0,learned,adam,7000,40.904032203641215,0.007302538357096613,0.0851586796380247,1714.206010215898,2.0483553164837796,4.105403165339053,2.202e-319,0.007296790750680032,True,fixed,,,,8,0.9572434561183314,0.9572434769319187,-0.043697524774157136,-0.04369750303090369,True,,infinite_stale_prefix_max_all_pairs,uniform_arbitrary_stream_transfer
0,learned,adam,7000,40.904032203641215,0.007302538357096613,0.0851586796380247,1714.206010215898,2.0483553164837796,4.105403165339053,2.202e-319,0.007296790750680032,True,fixed,,,,16,0.9837839222318292,0.9837839222318292,-0.016348997271383288,-0.016348997271383288,True,,infinite_stale_prefix_max_all_pairs,uniform_arbitrary_stream_transfer
0,learned,adam,7000,40.904032203641215,0.007302538357096613,0.0851586796380247,1714.206010215898,2.0483553164837796,4.105403165339053,2.202e-319,0.007296790750680032,True,fixed,,,,32,0.9837839236442273,0.9837839236442273,-0.01634899583570416,-0.01634899583570416,True,,infinite_stale_prefix_max_all_pairs,uniform_arbitrary_stream_transfer
0,learned,adam,7000,40.904032203641215,0.007302538357096613,0.0851586796380247,1714.206010215898,2.0483553164837796,4.105403165339053,2.202e-319,0.007296790750680032,True,fixed,,,,64,0.9837839236442273,0.9837839236442273,-0.01634899583570416,-0.01634899583570416,True,,infinite_stale_prefix_max_all_pairs,uniform_arbitrary_stream_transfer
0,learned,adam,7000,40.904032203641215,0.007302538357096613,0.0851586796380247,1714.206010215898,2.0483553164837796,4.105403165339053,2.202e-319,0.007296790750680032,True,fixed,,,,128,0.9837839236442273,0.9837839236442273,-0.01634899583570416,-0.01634899583570416,True,,infinite_stale_prefix_max_all_pairs,uniform_arbitrary_stream_transfer
0,learned,adam,7000,40.904032203641215,0.007302538357096613,0.0851586796380247,1714.206010215898,2.0483553164837796,4.105403165339053,2.202e-319,0.007296790750680032,True,fixed,,,,256,0.9837839236442273,0.9837839236442273,-0.01634899583570416,-0.01634899583570416,True,,infinite_stale_prefix_max_all_pairs,uniform_arbitrary_stream_transfer
0,learned,adam,7000,40.904032203641215,0.007302538357096613,0.0851586796380247,1714.206010215898,2.0483553164837796,4.105403165339053,2.202e-319,0.007296790750680032,True,fixed,,,,512,0.9837839236442273,0.9837839236442273,-0.01634899583570416,-0.01634899583570416,True,,infinite_stale_prefix_max_all_pairs,uniform_arbitrary_stream_transfer
0,learned,adam,7000,40.904032203641215,0.007302538357096613,0.0851586796380247,1714.206010215898,2.0483553164837796,4.105403165339053,2.202e-319,0.007296790750680032,True,adaptive_theta,0.25,,,1,0.04536250000743052,0.04536363357461327,-3.093069506279145,-3.093044517510462,True,,infinite_stale_prefix_max_all_pairs,uniform_arbitrary_stream_transfer
0,learned,adam,7000,40.904032203641215,0.007302538357096613,0.0851586796380247,1714.206010215898,2.0483553164837796,4.105403165339053,2.202e-319,0.007296790750680032,True,reference_theta,0.25,,,1,0.04536250000743052,0.04536363357461327,-3.093069506279145,-3.093044517510462,True,,infinite_stale_prefix_max_all_pairs,uniform_arbitrary_stream_transfer
0,learned,adam,7000,40.904032203641215,0.007302538357096613,0.0851586796380247,1714.206010215898,2.0483553164837796,4.105403165339053,2.202e-319,0.007296790750680032,True,adaptive_theta,0.5,,,2,0.045370157770930696,0.04537129146431984,-3.0929007078838184,-3.092875720551155,True,,infinite_stale_prefix_max_all_pairs,uniform_arbitrary_stream_transfer
0,learned,adam,7000,40.904032203641215,0.007302538357096613,0.0851586796380247,1714.206010215898,2.0483553164837796,4.105403165339053,2.202e-319,0.007296790750680032,True,reference_theta,0.5,,,2,0.045370157770930696,0.04537129146431984,-3.0929007078838184,-3.092875720551155,True,,infinite_stale_prefix_max_all_pairs,uniform_arbitrary_stream_transfer
0,learned,adam,7000,40.904032203641215,0.007302538357096613,0.0851586796380247,1714.206010215898,2.0483553164837796,4.105403165339053,2.202e-319,0.007296790750680032,True,adaptive_theta,0.75,,,3,0.04542957371199023,0.045430708384240896,-3.091591982658102,-3.0915670064589413,True,,infinite_stale_prefix_max_all_pairs,uniform_arbitrary_stream_transfer
0,learned,adam,7000,40.904032203641215,0.007302538357096613,0.0851586796380247,1714.206010215898,2.0483553164837796,4.105403165339053,2.202e-319,0.007296790750680032,True,reference_theta,0.75,,,3,0.04542957371199023,0.045430708384240896,-3.091591982658102,-3.0915670064589413,True,,infinite_stale_prefix_max_all_pairs,uniform_arbitrary_stream_transfer
0,learned,adam,7000,40.904032203641215,0.007302538357096613,0.0851586796380247,1714.206010215898,2.0483553164837796,4.105403165339053,2.202e-319,0.007296790750680032,True,clock,,1,0.001,1,0.04536250000743052,0.04536363357461327,-3.093069506279145,-3.093044517510462,True,,infinite_stale_prefix_max_all_pairs,uniform_arbitrary_stream_transfer
0,learned,adam,7000,40.904032203641215,0.007302538357096613,0.0851586796380247,1714.206010215898,2.0483553164837796,4.105403165339053,2.202e-319,0.007296790750680032,True,clock,,1,0.003,1,0.04536250000743052,0.04536363357461327,-3.093069506279145,-3.093044517510462,True,,infinite_stale_prefix_max_all_pairs,uniform_arbitrary_stream_transfer
0,learned,adam,7000,40.904032203641215,0.007302538357096613,0.0851586796380247,1714.206010215898,2.0483553164837796,4.105403165339053,2.202e-319,0.007296790750680032,True,clock,,1,0.01,1,0.04536250000743052,0.04536363357461327,-3.093069506279145,-3.093044517510462,True,,infinite_stale_prefix_max_all_pairs,uniform_arbitrary_stream_transfer
0,learned,adam,7000,40.904032203641215,0.007302538357096613,0.0851586796380247,1714.206010215898,2.0483553164837796,4.105403165339053,2.202e-319,0.007296790750680032,True,clock,,1,0.03,2,0.045370157770930696,0.04537129146431984,-3.0929007078838184,-3.092875720551155,True,,infinite_stale_prefix_max_all_pairs,uniform_arbitrary_stream_transfer
0,learned,adam,7000,40.904032203641215,0.007302538357096613,0.0851586796380247,1714.206010215898,2.0483553164837796,4.105403165339053,2.202e-319,0.007296790750680032,True,clock,,1,0.1,5,0.04958422493407813,0.04958542650291946,-3.004082541522419,-3.004058308930613,True,,infinite_stale_prefix_max_all_pairs,uniform_arbitrary_stream_transfer
0,learned,adam,8000,43.92044429817172,0.007302639473891853,0.08515912995496783,1973.0815311234019,2.1809586889128645,4.407044373098026,0.0,0.007296790750680032,True,fixed,,,,1,0.03193362792165691,0.03193376147892765,-3.4440956576119044,-3.4440914752812346,True,,infinite_stale_prefix_max_all_pairs,uniform_arbitrary_stream_transfer
0,learned,adam,8000,43.92044429817172,0.007302639473891853,0.08515912995496783,1973.0815311234019,2.1809586889128645,4.407044373098026,0.0,0.007296790750680032,True,fixed,,,,2,0.03193467699669749,0.031934810557051684,-3.44406280641781,-3.444058624127978,True,,infinite_stale_prefix_max_all_pairs,uniform_arbitrary_stream_transfer
0,learned,adam,8000,43.92044429817172,0.007302639473891853,0.08515912995496783,1973.0815311234019,2.1809586889128645,4.407044373098026,0.0,0.007296790750680032,True,fixed,,,,3,0.03194396739389258,0.03194410098155161,-3.443771929948867,-3.443767748020616,True,,infinite_stale_prefix_max_all_pairs,uniform_arbitrary_stream_transfer
0,learned,adam,8000,43.92044429817172,0.007302639473891853,0.08515912995496783,1973.0815311234019,2.1809586889128645,4.407044373098026,0.0,0.007296790750680032,True,fixed,,,,4,0.03202631480376759,0.03202644863330732,-3.4411973764990007,-3.4411931977709473,True,,infinite_stale_prefix_max_all_pairs,uniform_arbitrary_stream_transfer
0,learned,adam,8000,43.92044429817172,0.007302639473891853,0.08515912995496783,1973.0815311234019,2.1809586889128645,4.407044373098026,0.0,0.007296790750680032,True,fixed,,,,5,0.032761998834849024,0.032762134814140566,-3.418486007363796,-3.418481856853626,True,,infinite_stale_prefix_max_all_pairs,uniform_arbitrary_stream_transfer
0,learned,adam,8000,43.92044429817172,0.007302639473891853,0.08515912995496783,1973.0815311234019,2.1809586889128645,4.407044373098026,0.0,0.007296790750680032,True,fixed,,,,8,0.8888438335098803,0.8888438713535161,-0.11783372424241277,-0.1178336816661654,True,,infinite_stale_prefix_max_all_pairs,uniform_arbitrary_stream_transfer
0,learned,adam,8000,43.92044429817172,0.007302639473891853,0.08515912995496783,1973.0815311234019,2.1809586889128645,4.407044373098026,0.0,0.007296790750680032,True,fixed,,,,16,0.9879556755550624,0.9879556755550624,-0.012117445039154606,-0.012117445039154606,True,,infinite_stale_prefix_max_all_pairs,uniform_arbitrary_stream_transfer
0,learned,adam,8000,43.92044429817172,0.007302639473891853,0.08515912995496783,1973.0815311234019,2.1809586889128645,4.407044373098026,0.0,0.007296790750680032,True,fixed,,,,32,0.9879556765988183,0.9879556765988183,-0.012117443982673974,-0.012117443982673974,True,,infinite_stale_prefix_max_all_pairs,uniform_arbitrary_stream_transfer
0,learned,adam,8000,43.92044429817172,0.007302639473891853,0.08515912995496783,1973.0815311234019,2.1809586889128645,4.407044373098026,0.0,0.007296790750680032,True,fixed,,,,64,0.9879556765988183,0.9879556765988183,-0.012117443982673974,-0.012117443982673974,True,,infinite_stale_prefix_max_all_pairs,uniform_arbitrary_stream_transfer
0,learned,adam,8000,43.92044429817172,0.007302639473891853,0.08515912995496783,1973.0815311234019,2.1809586889128645,4.407044373098026,0.0,0.007296790750680032,True,fixed,,,,128,0.9879556765988183,0.9879556765988183,-0.012117443982673974,-0.012117443982673974,True,,infinite_stale_prefix_max_all_pairs,uniform_arbitrary_stream_transfer
0,learned,adam,8000,43.92044429817172,0.007302639473891853,0.08515912995496783,1973.0815311234019,2.1809586889128645,4.407044373098026,0.0,0.007296790750680032,True,fixed,,,,256,0.9879556765988183,0.9879556765988183,-0.012117443982673974,-0.012117443982673974,True,,infinite_stale_prefix_max_all_pairs,uniform_arbitrary_stream_transfer
0,learned,adam,8000,43.92044429817172,0.007302639473891853,0.08515912995496783,1973.0815311234019,2.1809586889128645,4.407044373098026,0.0,0.007296790750680032,True,fixed,,,,512,0.9879556765988183,0.9879556765988183,-0.012117443982673974,-0.012117443982673974,True,,infinite_stale_prefix_max_all_pairs,uniform_arbitrary_stream_transfer
0,learned,adam,8000,43.92044429817172,0.007302639473891853,0.08515912995496783,1973.0815311234019,2.1809586889128645,4.407044373098026,0.0,0.007296790750680032,True,adaptive_theta,0.25,,,1,0.03193362792165691,0.03193376147892765,-3.4440956576119044,-3.4440914752812346,True,,infinite_stale_prefix_max_all_pairs,uniform_arbitrary_stream_transfer
0,learned,adam,8000,43.92044429817172,0.007302639473891853,0.08515912995496783,1973.0815311234019,2.1809586889128645,4.407044373098026,0.0,0.007296790750680032,True,reference_theta,0.25,,,1,0.03193362792165691,0.03193376147892765,-3.4440956576119044,-3.4440914752812346,True,,infinite_stale_prefix_max_all_pairs,uniform_arbitrary_stream_transfer
0,learned,adam,8000,43.92044429817172,0.007302639473891853,0.08515912995496783,1973.0815311234019,2.1809586889128645,4.407044373098026,0.0,0.007296790750680032,True,adaptive_theta,0.5,,,2,0.03193467699669749,0.031934810557051684,-3.44406280641781,-3.444058624127978,True,,infinite_stale_prefix_max_all_pairs,uniform_arbitrary_stream_transfer
0,learned,adam,8000,43.92044429817172,0.007302639473891853,0.08515912995496783,1973.0815311234019,2.1809586889128645,4.407044373098026,0.0,0.007296790750680032,True,reference_theta,0.5,,,2,0.03193467699669749,0.031934810557051684,-3.44406280641781,-3.444058624127978,True,,infinite_stale_prefix_max_all_pairs,uniform_arbitrary_stream_transfer
0,learned,adam,8000,43.92044429817172,0.007302639473891853,0.08515912995496783,1973.0815311234019,2.1809586889128645,4.407044373098026,0.0,0.007296790750680032,True,adaptive_theta,0.75,,,3,0.03194396739389258,0.03194410098155161,-3.443771929948867,-3.443767748020616,True,,infinite_stale_prefix_max_all_pairs,uniform_arbitrary_stream_transfer
0,learned,adam,8000,43.92044429817172,0.007302639473891853,0.08515912995496783,1973.0815311234019,2.1809586889128645,4.407044373098026,0.0,0.007296790750680032,True,reference_theta,0.75,,,3,0.03194396739389258,0.03194410098155161,-3.443771929948867,-3.443767748020616,True,,infinite_stale_prefix_max_all_pairs,uniform_arbitrary_stream_transfer
0,learned,adam,8000,43.92044429817172,0.007302639473891853,0.08515912995496783,1973.0815311234019,2.1809586889128645,4.407044373098026,0.0,0.007296790750680032,True,clock,,1,0.001,1,0.03193362792165691,0.03193376147892765,-3.4440956576119044,-3.4440914752812346,True,,infinite_stale_prefix_max_all_pairs,uniform_arbitrary_stream_transfer
0,learned,adam,8000,43.92044429817172,0.007302639473891853,0.08515912995496783,1973.0815311234019,2.1809586889128645,4.407044373098026,0.0,0.007296790750680032,True,clock,,1,0.003,1,0.03193362792165691,0.03193376147892765,-3.4440956576119044,-3.4440914752812346,True,,infinite_stale_prefix_max_all_pairs,uniform_arbitrary_stream_transfer
0,learned,adam,8000,43.92044429817172,0.007302639473891853,0.08515912995496783,1973.0815311234019,2.1809586889128645,4.407044373098026,0.0,0.007296790750680032,True,clock,,1,0.01,1,0.03193362792165691,0.03193376147892765,-3.4440956576119044,-3.4440914752812346,True,,infinite_stale_prefix_max_all_pairs,uniform_arbitrary_stream_transfer
0,learned,adam,8000,43.92044429817172,0.007302639473891853,0.08515912995496783,1973.0815311234019,2.1809586889128645,4.407044373098026,0.0,0.007296790750680032,True,clock,,1,0.03,2,0.03193467699669749,0.031934810557051684,-3.44406280641781,-3.444058624127978,True,,infinite_stale_prefix_max_all_pairs,uniform_arbitrary_stream_transfer
0,learned,adam,8000,43.92044429817172,0.007302639473891853,0.08515912995496783,1973.0815311234019,2.1809586889128645,4.407044373098026,0.0,0.007296790750680032,True,clock,,1,0.1,5,0.032761998834849024,0.032762134814140566,-3.418486007363796,-3.418481856853626,True,,infinite_stale_prefix_max_all_pairs,uniform_arbitrary_stream_transfer
0,learned,adam,9000,46.69492835567756,0.007302721433584716,0.08515948978995327,2227.2609669810827,2.3049463820996356,4.68449277752513,0.0,0.007296790750680032,True,fixed,,,,1,0.02298177263999568,0.022981788989575303,-3.7730538711555264,-3.7730531597406993,True,,infinite_stale_prefix_max_all_pairs,uniform_arbitrary_stream_transfer
0,learned,adam,9000,46.69492835567756,0.007302721433584716,0.08515948978995327,2227.2609669810827,2.3049463820996356,4.68449277752513,0.0,0.007296790750680032,True,fixed,,,,2,0.022981920173038205,0.02298193652269485,-3.7730474516085537,-3.773046740194942,True,,infinite_stale_prefix_max_all_pairs,uniform_arbitrary_stream_transfer
0,learned,adam,9000,46.69492835567756,0.007302721433584716,0.08515948978995327,2227.2609669810827,2.3049463820996356,4.68449277752513,0.0,0.007296790750680032,True,fixed,,,,3,0.022983399029656765,0.022983415380085387,-3.7729831049818046,-3.77298239358038,True,,infinite_stale_prefix_max_all_pairs,uniform_arbitrary_stream_transfer
0,learned,adam,9000,46.69492835567756,0.007302721433584716,0.08515948978995327,2227.2609669810827,2.3049463820996356,4.68449277752513,0.0,0.007296790750680032,True,fixed,,,,4,0.022998226415257495,0.022998242773425194,-3.7723381784064087,-3.7723374671271306,True,,infinite_stale_prefix_max_all_pairs,uniform_arbitrary_stream_transfer
0,learned,adam,9000,46.69492835567756,0.007302721433584716,0.08515948978995327,2227.2609669810827,2.3049463820996356,4.68449277752513,0.0,0.007296790750680032,True,fixed,,,,5,0.023147238794432177,0.0231472552302803,-3.7658797801022343,-3.7658790700459535,True,,infinite_stale_prefix_max_all_pairs,uniform_arbitrary_stream_transfer
0,learned,adam,9000,46.69492835567756,0.007302721433584716,0.08515948978995327,2227.2609669810827,2.3049463820996356,4.68449277752513,0.0,0.007296790750680032,True,fixed,,,,8,0.5480233822803448,0.5480234334343229,-0.6014373245496019,-0.6014372312069135,True,,infinite_stale_prefix_max_all_pairs,uniform_arbitrary_stream_transfer
0,learned,adam,9000,46.69492835567756,0.007302721433584716,0.08515948978995327,2227.2609669810827,2.3049463820996356,4.68449277752513,0.0,0.007296790750680032,True,fixed,,,,16,0.9908471291876897,0.9908471291876897,-0.009195015695926418,-0.009195015695926418,True,,infinite_stale_prefix_max_all_pairs,uniform_arbitrary_stream_transfer
0,learned,adam,9000,46.69492835567756,0.007302721433584716,0.08515948978995327,2227.2609669810827,2.3049463820996356,4.68449277752513,0.0,0.007296790750680032,True,fixed,,,,32,0.9908471300428726,0.9908471300428726,-0.009195014832843844,-0.009195014832843844,True,,infinite_stale_prefix_max_all_pairs,uniform_arbitrary_stream_transfer
0,learned,adam,9000,46.69492835567756,0.007302721433584716,0.08515948978995327,2227.2609669810827,2.3049463820996356,4.68449277752513,0.0,0.007296790750680032,True,fixed,,,,64,0.9908471300428726,0.9908471300428726,-0.009195014832843844,-0.009195014832843844,True,,infinite_stale_prefix_max_all_pairs,uniform_arbitrary_stream_transfer
0,learned,adam,9000,46.69492835567756,0.007302721433584716,0.08515948978995327,2227.2609669810827,2.3049463820996356,4.68449277752513,0.0,0.007296790750680032,True,fixed,,,,128,0.9908471300428726,0.9908471300428726,-0.009195014832843844,-0.009195014832843844,True,,infinite_stale_prefix_max_all_pairs,uniform_arbitrary_stream_transfer
0,learned,adam,9000,46.69492835567756,0.007302721433584716,0.08515948978995327,2227.2609669810827,2.3049463820996356,4.68449277752513,0.0,0.007296790750680032,True,fixed,,,,256,0.9908471300428726,0.9908471300428726,-0.009195014832843844,-0.009195014832843844,True,,infinite_stale_prefix_max_all_pairs,uniform_arbitrary_stream_transfer
0,learned,adam,9000,46.69492835567756,0.007302721433584716,0.08515948978995327,2227.2609669810827,2.3049463820996356,4.68449277752513,0.0,0.007296790750680032,True,fixed,,,,512,0.9908471300428726,0.9908471300428726,-0.009195014832843844,-0.009195014832843844,True,,infinite_stale_prefix_max_all_pairs,uniform_arbitrary_stream_transfer
0,learned,adam,9000,46.69492835567756,0.007302721433584716,0.08515948978995327,2227.2609669810827,2.3049463820996356,4.68449277752513,0.0,0.007296790750680032,True,adaptive_theta,0.25,,,1,0.02298177263999568,0.022981788989575303,-3.7730538711555264,-3.7730531597406993,True,,infinite_stale_prefix_max_all_pairs,uniform_arbitrary_stream_transfer
0,learned,adam,9000,46.69492835567756,0.007302721433584716,0.08515948978995327,2227.2609669810827,2.3049463820996356,4.68449277752513,0.0,0.007296790750680032,True,reference_theta,0.25,,,1,0.02298177263999568,0.022981788989575303,-3.7730538711555264,-3.7730531597406993,True,,infinite_stale_prefix_max_all_pairs,uniform_arbitrary_stream_transfer
0,learned,adam,9000,46.69492835567756,0.007302721433584716,0.08515948978995327,2227.2609669810827,2.3049463820996356,4.68449277752513,0.0,0.007296790750680032,True,adaptive_theta,0.5,,,2,0.022981920173038205,0.02298193652269485,-3.7730474516085537,-3.773046740194942,True,,infinite_stale_prefix_max_all_pairs,uniform_arbitrary_stream_transfer
0,learned,adam,9000,46.69492835567756,0.007302721433584716,0.08515948978995327,2227.2609669810827,2.3049463820996356,4.68449277752513,0.0,0.007296790750680032,True,reference_theta,0.5,,,2,0.022981920173038205,0.02298193652269485,-3.7730474516085537,-3.773046740194942,True,,infinite_stale_prefix_max_all_pairs,uniform_arbitrary_stream_transfer
0,learned,adam,9000,46.69492835567756,0.007302721433584716,0.08515948978995327,2227.2609669810827,2.3049463820996356,4.68449277752513,0.0,0.007296790750680032,True,adaptive_theta,0.75,,,4,0.022998226415257495,0.022998242773425194,-3.7723381784064087,-3.7723374671271306,True,,infinite_stale_prefix_max_all_pairs,uniform_arbitrary_stream_transfer
0,learned,adam,9000,46.69492835567756,0.007302721433584716,0.08515948978995327,2227.2609669810827,2.3049463820996356,4.68449277752513,0.0,0.007296790750680032,True,reference_theta,0.75,,,4,0.022998226415257495,0.022998242773425194,-3.7723381784064087,-3.7723374671271306,True,,infinite_stale_prefix_max_all_pairs,uniform_arbitrary_stream_transfer
0,learned,adam,9000,46.69492835567756,0.007302721433584716,0.08515948978995327,2227.2609669810827,2.3049463820996356,4.68449277752513,0.0,0.007296790750680032,True,clock,,1,0.001,1,0.02298177263999568,0.022981788989575303,-3.7730538711555264,-3.7730531597406993,True,,infinite_stale_prefix_max_all_pairs,uniform_arbitrary_stream_transfer
0,learned,adam,9000,46.69492835567756,0.007302721433584716,0.08515948978995327,2227.2609669810827,2.3049463820996356,4.68449277752513,0.0,0.007296790750680032,True,clock,,1,0.003,1,0.02298177263999568,0.022981788989575303,-3.7730538711555264,-3.7730531597406993,True,,infinite_stale_prefix_max_all_pairs,uniform_arbitrary_stream_transfer
0,learned,adam,9000,46.69492835567756,0.007302721433584716,0.08515948978995327,2227.2609669810827,2.3049463820996356,4.68449277752513,0.0,0.007296790750680032,True,clock,,1,0.01,1,0.02298177263999568,0.022981788989575303,-3.7730538711555264,-3.7730531597406993,True,,infinite_stale_prefix_max_all_pairs,uniform_arbitrary_stream_transfer
0,learned,adam,9000,46.69492835567756,0.007302721433584716,0.08515948978995327,2227.2609669810827,2.3049463820996356,4.68449277752513,0.0,0.007296790750680032,True,clock,,1,0.03,2,0.022981920173038205,0.02298193652269485,-3.7730474516085537,-3.773046740194942,True,,infinite_stale_prefix_max_all_pairs,uniform_arbitrary_stream_transfer
0,learned,adam,9000,46.69492835567756,0.007302721433584716,0.08515948978995327,2227.2609669810827,2.3049463820996356,4.68449277752513,0.0,0.007296790750680032,True,clock,,1,0.1,5,0.023147238794432177,0.0231472552302803,-3.7658797801022343,-3.7658790700459535,True,,infinite_stale_prefix_max_all_pairs,uniform_arbitrary_stream_transfer
0,learned,adam,10000,49.26842521616799,0.007302788982295223,0.0851597839398367,2476.7903249885408,2.421502546491431,4.941842462515987,0.0,0.007296790750680032,True,fixed,,,,1,0.01688519387844268,0.01688519596464817,-4.081318142921947,-4.081318019369598,True,,infinite_stale_prefix_max_all_pairs,uniform_arbitrary_stream_transfer
0,learned,adam,10000,49.26842521616799,0.007302788982295223,0.0851597839398367,2476.7903249885408,2.421502546491431,4.941842462515987,0.0,0.007296790750680032,True,fixed,,,,2,0.016885215288697956,0.01688521737490545,-4.081316874932852,-4.081316751380541,True,,infinite_stale_prefix_max_all_pairs,uniform_arbitrary_stream_transfer
0,learned,adam,10000,49.26842521616799,0.007302788982295223,0.0851597839398367,2476.7903249885408,2.421502546491431,4.941842462515987,0.0,0.007296790750680032,True,fixed,,,,3,0.01688545642888592,0.01688545851511598,-4.081302593891007,-4.081302470339124,True,,infinite_stale_prefix_max_all_pairs,uniform_arbitrary_stream_transfer
0,learned,adam,10000,49.26842521616799,0.007302788982295223,0.0851597839398367,2476.7903249885408,2.421502546491431,4.941842462515987,0.0,0.007296790750680032,True,fixed,,,,4,0.01688817251523989,0.01688817460172394,-4.0811417532324965,-4.081141629685445,True,,infinite_stale_prefix_max_all_pairs,uniform_arbitrary_stream_transfer
0,learned,adam,10000,49.26842521616799,0.007302788982295223,0.0851597839398367,2476.7903249885408,2.421502546491431,4.941842462515987,0.0,0.007296790750680032,True,fixed,,,,5,0.016918786011185086,0.016918788100531216,-4.079330676126051,-4.079330552633384,True,,infinite_stale_prefix_max_all_pairs,uniform_arbitrary_stream_transfer
0,learned,adam,10000,49.26842521616799,0.007302788982295223,0.0851597839398367,2476.7903249885408,2.421502546491431,4.941842462515987,0.0,0.007296790750680032,True,fixed,,,,8,0.1327467362534518,0.13274674454712812,-2.0193122048237013,-2.0193121423462626,True,,infinite_stale_prefix_max_all_pairs,uniform_arbitrary_stream_transfer
0,learned,adam,10000,49.26842521616799,0.007302788982295223,0.0851597839398367,2476.7903249885408,2.421502546491431,4.941842462515987,0.0,0.007296790750680032,True,fixed,,,,16,0.9929092091770252,0.9929092091770252,-0.007116049955865133,-0.007116049955865133,True,,infinite_stale_prefix_max_all_pairs,uniform_arbitrary_stream_transfer
0,learned,adam,10000,49.26842521616799,0.007302788982295223,0.0851597839398367,2476.7903249885408,2.421502546491431,4.941842462515987,0.0,0.007296790750680032,True,fixed,,,,32,0.992909209940432,0.992909209940432,-0.007116049187006486,-0.007116049187006486,True,,infinite_stale_prefix_max_all_pairs,uniform_arbitrary_stream_transfer
0,learned,adam,10000,49.26842521616799,0.007302788982295223,0.0851597839398367,2476.7903249885408,2.421502546491431,4.941842462515987,0.0,0.007296790750680032,True,fixed,,,,64,0.992909209940432,0.992909209940432,-0.007116049187006486,-0.007116049187006486,True,,infinite_stale_prefix_max_all_pairs,uniform_arbitrary_stream_transfer
0,learned,adam,10000,49.26842521616799,0.007302788982295223,0.0851597839398367,2476.7903249885408,2.421502546491431,4.941842462515987,0.0,0.007296790750680032,True,fixed,,,,128,0.992909209940432,0.992909209940432,-0.007116049187006486,-0.007116049187006486,True,,infinite_stale_prefix_max_all_pairs,uniform_arbitrary_stream_transfer
0,learned,adam,10000,49.26842521616799,0.007302788982295223,0.0851597839398367,2476.7903249885408,2.421502546491431,4.941842462515987,0.0,0.007296790750680032,True,fixed,,,,256,0.992909209940432,0.992909209940432,-0.007116049187006486,-0.007116049187006486,True,,infinite_stale_prefix_max_all_pairs,uniform_arbitrary_stream_transfer
0,learned,adam,10000,49.26842521616799,0.007302788982295223,0.0851597839398367,2476.7903249885408,2.421502546491431,4.941842462515987,0.0,0.007296790750680032,True,fixed,,,,512,0.992909209940432,0.992909209940432,-0.007116049187006486,-0.007116049187006486,True,,infinite_stale_prefix_max_all_pairs,uniform_arbitrary_stream_transfer
0,learned,adam,10000,49.26842521616799,0.007302788982295223,0.0851597839398367,2476.7903249885408,2.421502546491431,4.941842462515987,0.0,0.007296790750680032,True,adaptive_theta,0.25,,,1,0.01688519387844268,0.01688519596464817,-4.081318142921947,-4.081318019369598,True,,infinite_stale_prefix_max_all_pairs,uniform_arbitrary_stream_transfer
0,learned,adam,10000,49.26842521616799,0.007302788982295223,0.0851597839398367,2476.7903249885408,2.421502546491431,4.941842462515987,0.0,0.007296790750680032,True,reference_theta,0.25,,,1,0.01688519387844268,0.01688519596464817,-4.081318142921947,-4.081318019369598,True,,infinite_stale_prefix_max_all_pairs,uniform_arbitrary_stream_transfer
0,learned,adam,10000,49.26842521616799,0.007302788982295223,0.0851597839398367,2476.7903249885408,2.421502546491431,4.941842462515987,0.0,0.007296790750680032,True,adaptive_theta,0.5,,,2,0.016885215288697956,0.01688521737490545,-4.081316874932852,-4.081316751380541,True,,infinite_stale_prefix_max_all_pairs,uniform_arbitrary_stream_transfer
0,learned,adam,10000,49.26842521616799,0.007302788982295223,0.0851597839398367,2476.7903249885408,2.421502546491431,4.941842462515987,0.0,0.007296790750680032,True,reference_theta,0.5,,,2,0.016885215288697956,0.01688521737490545,-4.081316874932852,-4.081316751380541,True,,infinite_stale_prefix_max_all_pairs,uniform_arbitrary_stream_transfer
0,learned,adam,10000,49.26842521616799,0.007302788982295223,0.0851597839398367,2476.7903249885408,2.421502546491431,4.941842462515987,0.0,0.007296790750680032,True,adaptive_theta,0.75,,,4,0.01688817251523989,0.01688817460172394,-4.0811417532324965,-4.081141629685445,True,,infinite_stale_prefix_max_all_pairs,uniform_arbitrary_stream_transfer
0,learned,adam,10000,49.26842521616799,0.007302788982295223,0.0851597839398367,2476.7903249885408,2.421502546491431,4.941842462515987,0.0,0.007296790750680032,True,reference_theta,0.75,,,4,0.01688817251523989,0.01688817460172394,-4.0811417532324965,-4.081141629685445,True,,infinite_stale_prefix_max_all_pairs,uniform_arbitrary_stream_transfer
0,learned,adam,10000,49.26842521616799,0.007302788982295223,0.0851597839398367,2476.7903249885408,2.421502546491431,4.941842462515987,0.0,0.007296790750680032,True,clock,,1,0.001,1,0.01688519387844268,0.01688519596464817,-4.081318142921947,-4.081318019369598,True,,infinite_stale_prefix_max_all_pairs,uniform_arbitrary_stream_transfer
0,learned,adam,10000,49.26842521616799,0.007302788982295223,0.0851597839398367,2476.7903249885408,2.421502546491431,4.941842462515987,0.0,0.007296790750680032,True,clock,,1,0.003,1,0.01688519387844268,0.01688519596464817,-4.081318142921947,-4.081318019369598,True,,infinite_stale_prefix_max_all_pairs,uniform_arbitrary_stream_transfer
0,learned,adam,10000,49.26842521616799,0.007302788982295223,0.0851597839398367,2476.7903249885408,2.421502546491431,4.941842462515987,0.0,0.007296790750680032,True,clock,,1,0.01,1,0.01688519387844268,0.01688519596464817,-4.081318142921947,-4.081318019369598,True,,infinite_stale_prefix_max_all_pairs,uniform_arbitrary_stream_transfer
0,learned,adam,10000,49.26842521616799,0.007302788982295223,0.0851597839398367,2476.7903249885408,2.421502546491431,4.941842462515987,0.0,0.007296790750680032,True,clock,,1,0.03,2,0.016885215288697956,0.01688521737490545,-4.081316874932852,-4.081316751380541,True,,infinite_stale_prefix_max_all_pairs,uniform_arbitrary_stream_transfer
0,learned,adam,10000,49.26842521616799,0.007302788982295223,0.0851597839398367,2476.7903249885408,2.421502546491431,4.941842462515987,0.0,0.007296790750680032,True,clock,,1,0.1,5,0.016918786011185086,0.016918788100531216,-4.079330676126051,-4.079330552633384,True,,infinite_stale_prefix_max_all_pairs,uniform_arbitrary_stream_transfer
0,learned,adam,11000,51.67194035252699,0.007302845912278235,0.08516002787546054,2721.8003703552836,2.531573459831696,5.182193975289194,0.0,0.007296790750680032,True,fixed,,,,1,0.012643660811149936,0.012643661088785563,-4.370599311060251,-4.370599289101767,True,,infinite_stale_prefix_max_all_pairs,uniform_arbitrary_stream_transfer
0,learned,adam,11000,51.67194035252699,0.007302845912278235,0.08516002787546054,2721.8003703552836,2.531573459831696,5.182193975289194,0.0,0.007296790750680032,True,fixed,,,,2,0.012643664024303426,0.012643664301939112,-4.370599056928704,-4.370599034970221,True,,infinite_stale_prefix_max_all_pairs,uniform_arbitrary_stream_transfer
0,learned,adam,11000,51.67194035252699,0.007302845912278235,0.08516002787546054,2721.8003703552836,2.531573459831696,5.182193975289194,0.0,0.007296790750680032,True,fixed,,,,3,0.012643704424216947,0.012643704701853307,-4.3705958616643485,-4.370595839705882,True,,infinite_stale_prefix_max_all_pairs,uniform_arbitrary_stream_transfer
0,learned,adam,11000,51.67194035252699,0.007302845912278235,0.08516002787546054,2721.8003703552836,2.531573459831696,5.182193975289194,0.0,0.007296790750680032,True,fixed,,,,4,0.01264421239193951,0.012644212669584508,-4.37055568692585,-4.370555664967583,True,,infinite_stale_prefix_max_all_pairs,uniform_arbitrary_stream_transfer
0,learned,adam,11000,51.67194035252699,0.007302845912278235,0.08516002787546054,2721.8003703552836,2.531573459831696,5.182193975289194,0.0,0.007296790750680032,True,fixed,,,,5,0.012650600558812099,0.012650600836565795,-4.370050589930601,-4.37005056797483,True,,infinite_stale_prefix_max_all_pairs,uniform_arbitrary_stream_transfer
0,learned,adam,11000,51.67194035252699,0.007302845912278235,0.08516002787546054,2721.8003703552836,2.531573459831696,5.182193975289194,0.0,0.007296790750680032,True,fixed,,,,8,0.03331796647726248,0.03331796705259162,-3.4016584936400704,-3.4016584763722357,True,,infinite_stale_prefix_max_all_pairs,uniform_arbitrary_stream_transfer
0,learned,adam,11000,51.67194035252699,0.007302845912278235,0.08516002787546054,2721.8003703552836,2.531573459831696,5.182193975289194,0.0,0.007296790750680032,True,fixed,,,,16,0.9944156866938657,0.9944156866938657,-0.005599963876003851,-0.005599963876003851,True,,infinite_stale_prefix_max_all_pairs,uniform_arbitrary_stream_transfer
0,learned,adam,11000,51.67194035252699,0.007302845912278235,0.08516002787546054,2721.8003703552836,2.531573459831696,5.182193975289194,0.0,0.007296790750680032,True,fixed,,,,32,0.9944156874263301,0.9944156874263301,-0.005599963139426128,-0.005599963139426128,True,,infinite_stale_prefix_max_all_pairs,uniform_arbitrary_stream_transfer
0,learned,adam,11000,51.67194035252699,0.007302845912278235,0.08516002787546054,2721.8003703552836,2.531573459831696,5.182193975289194,0.0,0.007296790750680032,True,fixed,,,,64,0.9944156874263301,0.9944156874263301,-0.005599963139426128,-0.005599963139426128,True,,infinite_stale_prefix_max_all_pairs,uniform_arbitrary_stream_transfer
0,learned,adam,11000,51.67194035252699,0.007302845912278235,0.08516002787546054,2721.8003703552836,2.531573459831696,5.182193975289194,0.0,0.007296790750680032,True,fixed,,,,128,0.9944156874263301,0.9944156874263301,-0.005599963139426128,-0.005599963139426128,True,,infinite_stale_prefix_max_all_pairs,uniform_arbitrary_stream_transfer
0,learned,adam,11000,51.67194035252699,0.007302845912278235,0.08516002787546054,2721.8003703552836,2.531573459831696,5.182193975289194,0.0,0.007296790750680032,True,fixed,,,,256,0.9944156874263301,0.9944156874263301,-0.005599963139426128,-0.005599963139426128,True,,infinite_stale_prefix_max_all_pairs,uniform_arbitrary_stream_transfer
0,learned,adam,11000,51.67194035252699,0.007302845912278235,0.08516002787546054,2721.8003703552836,2.531573459831696,5.182193975289194,0.0,0.007296790750680032,True,fixed,,,,512,0.9944156874263301,0.9944156874263301,-0.005599963139426128,-0.005599963139426128,True,,infinite_stale_prefix_max_all_pairs,uniform_arbitrary_stream_transfer
0,learned,adam,11000,51.67194035252699,0.007302845912278235,0.08516002787546054,2721.8003703552836,2.531573459831696,5.182193975289194,0.0,0.007296790750680032,True,adaptive_theta,0.25,,,1,0.012643660811149936,0.012643661088785563,-4.370599311060251,-4.370599289101767,True,,infinite_stale_prefix_max_all_pairs,uniform_arbitrary_stream_transfer
0,learned,adam,11000,51.67194035252699,0.007302845912278235,0.08516002787546054,2721.8003703552836,2.531573459831696,5.182193975289194,0.0,0.007296790750680032,True,reference_theta,0.25,,,1,0.012643660811149936,0.012643661088785563,-4.370599311060251,-4.370599289101767,True,,infinite_stale_prefix_max_all_pairs,uniform_arbitrary_stream_transfer
0,learned,adam,11000,51.67194035252699,0.007302845912278235,0.08516002787546054,2721.8003703552836,2.531573459831696,5.182193975289194,0.0,0.007296790750680032,True,adaptive_theta,0.5,,,2,0.012643664024303426,0.012643664301939112,-4.370599056928704,-4.370599034970221,True,,infinite_stale_prefix_max_all_pairs,uniform_arbitrary_stream_transfer
0,learned,adam,11000,51.67194035252699,0.007302845912278235,0.08516002787546054,2721.8003703552836,2.531573459831696,5.182193975289194,0.0,0.007296790750680032,True,reference_theta,0.5,,,2,0.012643664024303426,0.012643664301939112,-4.370599056928704,-4.370599034970221,True,,infinite_stale_prefix_max_all_pairs,uniform_arbitrary_stream_transfer
0,learned,adam,11000,51.67194035252699,0.007302845912278235,0.08516002787546054,2721.8003703552836,2.531573459831696,5.182193975289194,0.0,0.007296790750680032,True,adaptive_theta,0.75,,,4,0.01264421239193951,0.012644212669584508,-4.37055568692585,-4.370555664967583,True,,infinite_stale_prefix_max_all_pairs,uniform_arbitrary_stream_transfer
0,learned,adam,11000,51.67194035252699,0.007302845912278235,0.08516002787546054,2721.8003703552836,2.531573459831696,5.182193975289194,0.0,0.007296790750680032,True,reference_theta,0.75,,,4,0.01264421239193951,0.012644212669584508,-4.37055568692585,-4.370555664967583,True,,infinite_stale_prefix_max_all_pairs,uniform_arbitrary_stream_transfer
0,learned,adam,11000,51.67194035252699,0.007302845912278235,0.08516002787546054,2721.8003703552836,2.531573459831696,5.182193975289194,0.0,0.007296790750680032,True,clock,,1,0.001,1,0.012643660811149936,0.012643661088785563,-4.370599311060251,-4.370599289101767,True,,infinite_stale_prefix_max_all_pairs,uniform_arbitrary_stream_transfer
0,learned,adam,11000,51.67194035252699,0.007302845912278235,0.08516002787546054,2721.8003703552836,2.531573459831696,5.182193975289194,0.0,0.007296790750680032,True,clock,,1,0.003,1,0.012643660811149936,0.012643661088785563,-4.370599311060251,-4.370599289101767,True,,infinite_stale_prefix_max_all_pairs,uniform_arbitrary_stream_transfer
0,learned,adam,11000,51.67194035252699,0.007302845912278235,0.08516002787546054,2721.8003703552836,2.531573459831696,5.182193975289194,0.0,0.007296790750680032,True,clock,,1,0.01,1,0.012643660811149936,0.012643661088785563,-4.370599311060251,-4.370599289101767,True,,infinite_stale_prefix_max_all_pairs,uniform_arbitrary_stream_transfer
0,learned,adam,11000,51.67194035252699,0.007302845912278235,0.08516002787546054,2721.8003703552836,2.531573459831696,5.182193975289194,0.0,0.007296790750680032,True,clock,,1,0.03,2,0.012643664024303426,0.012643664301939112,-4.370599056928704,-4.370599034970221,True,,infinite_stale_prefix_max_all_pairs,uniform_arbitrary_stream_transfer
0,learned,adam,11000,51.67194035252699,0.007302845912278235,0.08516002787546054,2721.8003703552836,2.531573459831696,5.182193975289194,0.0,0.007296790750680032,True,clock,,1,0.1,6,0.012731134308499004,0.012731134587621555,-4.363704765237202,-4.3637047433127965,True,,infinite_stale_prefix_max_all_pairs,uniform_arbitrary_stream_transfer
0,learned,adam,12000,53.929567147825715,0.007302894595787143,0.08516023178178099,2962.461934696146,2.635928853627882,5.407956654104015,0.0,0.007296790750680032,True,fixed,,,,1,0.009632143292463511,0.009632143330969546,-4.642649513817077,-4.642649509819417,True,,infinite_stale_prefix_max_all_pairs,uniform_arbitrary_stream_transfer
0,learned,adam,12000,53.929567147825715,0.007302894595787143,0.08516023178178099,2962.461934696146,2.635928853627882,5.407956654104015,0.0,0.007296790750680032,True,fixed,,,,2,0.009632143791358096,0.00963214382986414,-4.642649462022315,-4.642649458024654,True,,infinite_stale_prefix_max_all_pairs,uniform_arbitrary_stream_transfer
0,learned,adam,12000,53.929567147825715,0.007302894595787143,0.08516023178178099,2962.461934696146,2.635928853627882,5.407956654104015,0.0,0.007296790750680032,True,fixed,,,,3,0.009632150754067741,0.009632150792573796,-4.6426487391606885,-4.6426487351630294,True,,infinite_stale_prefix_max_all_pairs,uniform_arbitrary_stream_transfer
0,learned,adam,12000,53.929567147825715,0.007302894595787143,0.08516023178178099,2962.461934696146,2.635928853627882,5.407956654104015,0.0,0.007296790750680032,True,fixed,,,,4,0.009632247927936408,0.009632247966442775,-4.64263865072032,-4.642638646722669,True,,infinite_stale_prefix_max_all_pairs,uniform_arbitrary_stream_transfer
0,learned,adam,12000,53.929567147825715,0.007302894595787143,0.08516023178178099,2962.461934696146,2.635928853627882,5.407956654104015,0.0,0.007296790750680032,True,fixed,,,,5,0.009633604193406425,0.009633604231917066,-4.64249785596453,-4.642497851966998,True,,infinite_stale_prefix_max_all_pairs,uniform_arbitrary_stream_transfer
0,learned,adam,12000,53.929567147825715,0.007302894595787143,0.08516023178178099,2962.461934696146,2.635928853627882,5.407956654104015,0.0,0.007296790750680032,True,fixed,,,,8,0.014297727588433557,0.014297727640882588,-4.247654664243543,-4.247654660575195,True,,infinite_stale_prefix_max_all_pairs,uniform_arbitrary_stream_transfer
0,learned,adam,12000,53.929567147825715,0.007302894595787143,0.08516023178178099,2962.461934696146,2.635928853627882,5.407956654104015,0.0,0.007296790750680032,True,fixed,,,,16,0.9955392004798617,0.9955392004798617,-0.004470778573747453,-0.004470778573747453,True,,infinite_stale_prefix_max_all_pairs,uniform_arbitrary_stream_transfer
0,learned,adam,12000,53.929567147825715,0.007302894595787143,0.08516023178178099,2962.461934696146,2.635928853627882,5.407956654104015,0.0,0.007296790750680032,True,fixed,,,,32,0.995539201227117,0.995539201227117,-0.004470777823143862,-0.004470777823143862,True,,infinite_stale_prefix_max_all_pairs,uniform_arbitrary_stream_transfer
0,learned,adam,12000,53.929567147825715,0.007302894595787143,0.08516023178178099,2962.461934696146,2.635928853627882,5.407956654104015,0.0,0.007296790750680032,True,fixed,,,,64,0.995539201227117,0.995539201227117,-0.004470777823143862,-0.004470777823143862,True,,infinite_stale_prefix_max_all_pairs,uniform_arbitrary_stream_transfer
0,learned,adam,12000,53.929567147825715,0.007302894595787143,0.08516023178178099,2962.461934696146,2.635928853627882,5.407956654104015,0.0,0.007296790750680032,True,fixed,,,,128,0.995539201227117,0.995539201227117,-0.004470777823143862,-0.004470777823143862,True,,infinite_stale_prefix_max_all_pairs,uniform_arbitrary_stream_transfer
0,learned,adam,12000,53.929567147825715,0.007302894595787143,0.08516023178178099,2962.461934696146,2.635928853627882,5.407956654104015,0.0,0.007296790750680032,True,fixed,,,,256,0.995539201227117,0.995539201227117,-0.004470777823143862,-0.004470777823143862,True,,infinite_stale_prefix_max_all_pairs,uniform_arbitrary_stream_transfer
0,learned,adam,12000,53.929567147825715,0.007302894595787143,0.08516023178178099,2962.461934696146,2.635928853627882,5.407956654104015,0.0,0.007296790750680032,True,fixed,,,,512,0.995539201227117,0.995539201227117,-0.004470777823143862,-0.004470777823143862,True,,infinite_stale_prefix_max_all_pairs,uniform_arbitrary_stream_transfer
0,learned,adam,12000,53.929567147825715,0.007302894595787143,0.08516023178178099,2962.461934696146,2.635928853627882,5.407956654104015,0.0,0.007296790750680032,True,adaptive_theta,0.25,,,1,0.009632143292463511,0.009632143330969546,-4.642649513817077,-4.642649509819417,True,,infinite_stale_prefix_max_all_pairs,uniform_arbitrary_stream_transfer
0,learned,adam,12000,53.929567147825715,0.007302894595787143,0.08516023178178099,2962.461934696146,2.635928853627882,5.407956654104015,0.0,0.007296790750680032,True,reference_theta,0.25,,,1,0.009632143292463511,0.009632143330969546,-4.642649513817077,-4.642649509819417,True,,infinite_stale_prefix_max_all_pairs,uniform_arbitrary_stream_transfer
0,learned,adam,12000,53.929567147825715,0.007302894595787143,0.08516023178178099,2962.461934696146,2.635928853627882,5.407956654104015,0.0,0.007296790750680032,True,adaptive_theta,0.5,,,3,0.009632150754067741,0.009632150792573796,-4.6426487391606885,-4.6426487351630294,True,,infinite_stale_prefix_max_all_pairs,uniform_arbitrary_stream_transfer
0,learned,adam,12000,53.929567147825715,0.007302894595787143,0.08516023178178099,2962.461934696146,2.635928853627882,5.407956654104015,0.0,0.007296790750680032,True,reference_theta,0.5,,,3,0.009632150754067741,0.009632150792573796,-4.6426487391606885,-4.6426487351630294,True,,infinite_stale_prefix_max_all_pairs,uniform_arbitrary_stream_transfer
0,learned,adam,12000,53.929567147825715,0.007302894595787143,0.08516023178178099,2962.461934696146,2.635928853627882,5.407956654104015,0.0,0.007296790750680032,True,adaptive_theta,0.75,,,5,0.009633604193406425,0.009633604231917066,-4.64249785596453,-4.642497851966998,True,,infinite_stale_prefix_max_all_pairs,uniform_arbitrary_stream_transfer
0,learned,adam,12000,53.929567147825715,0.007302894595787143,0.08516023178178099,2962.461934696146,2.635928853627882,5.407956654104015,0.0,0.007296790750680032,True,reference_theta,0.75,,,5,0.009633604193406425,0.009633604231917066,-4.64249785596453,-4.642497851966998,True,,infinite_stale_prefix_max_all_pairs,uniform_arbitrary_stream_transfer
0,learned,adam,12000,53.929567147825715,0.007302894595787143,0.08516023178178099,2962.461934696146,2.635928853627882,5.407956654104015,0.0,0.007296790750680032,True,clock,,1,0.001,1,0.009632143292463511,0.009632143330969546,-4.642649513817077,-4.642649509819417,True,,infinite_stale_prefix_max_all_pairs,uniform_arbitrary_stream_transfer
0,learned,adam,12000,53.929567147825715,0.007302894595787143,0.08516023178178099,2962.461934696146,2.635928853627882,5.407956654104015,0.0,0.007296790750680032,True,clock,,1,0.003,1,0.009632143292463511,0.009632143330969546,-4.642649513817077,-4.642649509819417,True,,infinite_stale_prefix_max_all_pairs,uniform_arbitrary_stream_transfer
0,learned,adam,12000,53.929567147825715,0.007302894595787143,0.08516023178178099,2962.461934696146,2.635928853627882,5.407956654104015,0.0,0.007296790750680032,True,clock,,1,0.01,1,0.009632143292463511,0.009632143330969546,-4.642649513817077,-4.642649509819417,True,,infinite_stale_prefix_max_all_pairs,uniform_arbitrary_stream_transfer
0,learned,adam,12000,53.929567147825715,0.007302894595787143,0.08516023178178099,2962.461934696146,2.635928853627882,5.407956654104015,0.0,0.007296790750680032,True,clock,,1,0.03,2,0.009632143791358096,0.00963214382986414,-4.642649462022315,-4.642649458024654,True,,infinite_stale_prefix_max_all_pairs,uniform_arbitrary_stream_transfer
0,learned,adam,12000,53.929567147825715,0.007302894595787143,0.08516023178178099,2962.461934696146,2.635928853627882,5.407956654104015,0.0,0.007296790750680032,True,clock,,1,0.1,6,0.009652548333195348,0.00965254837176574,-4.640533322514374,-4.640533318518497,True,,infinite_stale_prefix_max_all_pairs,uniform_arbitrary_stream_transfer
0,retrieval_frozen,adam,0,0.0,-1.817513499889216e-10,4.655738713312595e-05,0.25,1.0,0.0,0.0006910930088240085,,,fixed,,,,1,0.5,,-0.6931471805599453,,False,nonpositive_matching_gap,infinite_stale_prefix_max_all_pairs,
0,retrieval_frozen,adam,0,0.0,-1.817513499889216e-10,4.655738713312595e-05,0.25,1.0,0.0,0.0006910930088240085,,,fixed,,,,2,0.5,,-0.6931471805599453,,False,nonpositive_matching_gap,infinite_stale_prefix_max_all_pairs,
0,retrieval_frozen,adam,0,0.0,-1.817513499889216e-10,4.655738713312595e-05,0.25,1.0,0.0,0.0006910930088240085,,,fixed,,,,3,0.5,,-0.6931471805599453,,False,nonpositive_matching_gap,infinite_stale_prefix_max_all_pairs,
0,retrieval_frozen,adam,0,0.0,-1.817513499889216e-10,4.655738713312595e-05,0.25,1.0,0.0,0.0006910930088240085,,,fixed,,,,4,0.5,,-0.6931471805599453,,False,nonpositive_matching_gap,infinite_stale_prefix_max_all_pairs,
0,retrieval_frozen,adam,0,0.0,-1.817513499889216e-10,4.655738713312595e-05,0.25,1.0,0.0,0.0006910930088240085,,,fixed,,,,5,0.5,,-0.6931471805599453,,False,nonpositive_matching_gap,infinite_stale_prefix_max_all_pairs,
0,retrieval_frozen,adam,0,0.0,-1.817513499889216e-10,4.655738713312595e-05,0.25,1.0,0.0,0.0006910930088240085,,,fixed,,,,8,0.5,,-0.6931471805599453,,False,nonpositive_matching_gap,infinite_stale_prefix_max_all_pairs,
0,retrieval_frozen,adam,0,0.0,-1.817513499889216e-10,4.655738713312595e-05,0.25,1.0,0.0,0.0006910930088240085,,,fixed,,,,16,0.5,,-0.6931471805599453,,False,nonpositive_matching_gap,infinite_stale_prefix_max_all_pairs,
0,retrieval_frozen,adam,0,0.0,-1.817513499889216e-10,4.655738713312595e-05,0.25,1.0,0.0,0.0006910930088240085,,,fixed,,,,32,0.5,,-0.6931471805599453,,False,nonpositive_matching_gap,infinite_stale_prefix_max_all_pairs,
0,retrieval_frozen,adam,0,0.0,-1.817513499889216e-10,4.655738713312595e-05,0.25,1.0,0.0,0.0006910930088240085,,,fixed,,,,64,0.5,,-0.6931471805599453,,False,nonpositive_matching_gap,infinite_stale_prefix_max_all_pairs,
0,retrieval_frozen,adam,0,0.0,-1.817513499889216e-10,4.655738713312595e-05,0.25,1.0,0.0,0.0006910930088240085,,,fixed,,,,128,0.5,,-0.6931471805599453,,False,nonpositive_matching_gap,infinite_stale_prefix_max_all_pairs,
0,retrieval_frozen,adam,0,0.0,-1.817513499889216e-10,4.655738713312595e-05,0.25,1.0,0.0,0.0006910930088240085,,,fixed,,,,256,0.5,,-0.6931471805599453,,False,nonpositive_matching_gap,infinite_stale_prefix_max_all_pairs,
0,retrieval_frozen,adam,0,0.0,-1.817513499889216e-10,4.655738713312595e-05,0.25,1.0,0.0,0.0006910930088240085,,,fixed,,,,512,0.5,,-0.6931471805599453,,False,nonpositive_matching_gap,infinite_stale_prefix_max_all_pairs,
0,retrieval_frozen,adam,0,0.0,-1.817513499889216e-10,4.655738713312595e-05,0.25,1.0,0.0,0.0006910930088240085,,,adaptive_theta,0.25,,,1,0.5,,-0.6931471805599453,,False,nonpositive_matching_gap,infinite_stale_prefix_max_all_pairs,
0,retrieval_frozen,adam,0,0.0,-1.817513499889216e-10,4.655738713312595e-05,0.25,1.0,0.0,0.0006910930088240085,,,adaptive_theta,0.5,,,1,0.5,,-0.6931471805599453,,False,nonpositive_matching_gap,infinite_stale_prefix_max_all_pairs,
0,retrieval_frozen,adam,0,0.0,-1.817513499889216e-10,4.655738713312595e-05,0.25,1.0,0.0,0.0006910930088240085,,,adaptive_theta,0.75,,,1,0.5,,-0.6931471805599453,,False,nonpositive_matching_gap,infinite_stale_prefix_max_all_pairs,
0,retrieval_frozen,adam,0,0.0,-1.817513499889216e-10,4.655738713312595e-05,0.25,1.0,0.0,0.0006910930088240085,,,clock,,2,0.001,1,0.5,,-0.6931471805599453,,False,nonpositive_matching_gap,infinite_stale_prefix_max_all_pairs,
0,retrieval_frozen,adam,0,0.0,-1.817513499889216e-10,4.655738713312595e-05,0.25,1.0,0.0,0.0006910930088240085,,,clock,,2,0.003,1,0.5,,-0.6931471805599453,,False,nonpositive_matching_gap,infinite_stale_prefix_max_all_pairs,
0,retrieval_frozen,adam,0,0.0,-1.817513499889216e-10,4.655738713312595e-05,0.25,1.0,0.0,0.0006910930088240085,,,clock,,2,0.01,1,0.5,,-0.6931471805599453,,False,nonpositive_matching_gap,infinite_stale_prefix_max_all_pairs,
0,retrieval_frozen,adam,0,0.0,-1.817513499889216e-10,4.655738713312595e-05,0.25,1.0,0.0,0.0006910930088240085,,,clock,,2,0.03,1,0.5,,-0.6931471805599453,,False,nonpositive_matching_gap,infinite_stale_prefix_max_all_pairs,
0,retrieval_frozen,adam,0,0.0,-1.817513499889216e-10,4.655738713312595e-05,0.25,1.0,0.0,0.0006910930088240085,,,clock,,2,0.1,1,0.5,,-0.6931471805599453,,False,nonpositive_matching_gap,infinite_stale_prefix_max_all_pairs,
0,retrieval_frozen,adam,3,0.0,0.007296790750299142,0.08513033326526565,0.24998097685362677,1.0,0.014999995771104346,0.0006911233281133953,0.007296790750299142,True,fixed,,,,1,0.49900909738542476,0.5013818639183073,-0.6951309521634892,-0.6903872647970338,True,,infinite_stale_prefix_max_all_pairs,uniform_arbitrary_stream_transfer
0,retrieval_frozen,adam,3,0.0,0.007296790750299142,0.08513033326526565,0.24998097685362677,1.0,0.014999995771104346,0.0006911233281133953,0.007296790750299142,True,fixed,,,,2,0.5020039016300137,0.502476178595881,-0.6891473871492689,-0.688207045951937,True,,infinite_stale_prefix_max_all_pairs,uniform_arbitrary_stream_transfer
0,retrieval_frozen,adam,3,0.0,0.007296790750299142,0.08513033326526565,0.24998097685362677,1.0,0.014999995771104346,0.0006911233281133953,0.007296790750299142,True,fixed,,,,3,0.5031073356382486,0.503185362804943,-0.6869517407160924,-0.6867966622444479,True,,infinite_stale_prefix_max_all_pairs,uniform_arbitrary_stream_transfer
0,retrieval_frozen,adam,3,0.0,0.007296790750299142,0.08513033326526565,0.24998097685362677,1.0,0.014999995771104346,0.0006911233281133953,0.007296790750299142,True,fixed,,,,4,0.5035134961143931,0.5035253112420223,-0.686144762586147,-0.6861212974971287,True,,infinite_stale_prefix_max_all_pairs,uniform_arbitrary_stream_transfer
0,retrieval_frozen,adam,3,0.0,0.007296790750299142,0.08513033326526565,0.24998097685362677,1.0,0.014999995771104346,0.0006911233281133953,0.007296790750299142,True,fixed,,,,5,0.5036629451377083,0.5036647427141795,-0.6858479942776542,-0.6858444252772329,True,,infinite_stale_prefix_max_all_pairs,uniform_arbitrary_stream_transfer
0,retrieval_frozen,adam,3,0.0,0.007296790750299142,0.08513033326526565,0.24998097685362677,1.0,0.014999995771104346,0.0006911233281133953,0.007296790750299142,True,fixed,,,,8,0.5037455978458134,0.5037456137294722,-0.6856839045270436,-0.6856838729959323,True,,infinite_stale_prefix_max_all_pairs,uniform_arbitrary_stream_transfer
0,retrieval_frozen,adam,3,0.0,0.007296790750299142,0.08513033326526565,0.24998097685362677,1.0,0.014999995771104346,0.0006911233281133953,0.007296790750299142,True,fixed,,,,16,0.5037499271790983,0.5037499271831095,-0.685675310278876,-0.6856753102709132,True,,infinite_stale_prefix_max_all_pairs,uniform_arbitrary_stream_transfer
0,retrieval_frozen,adam,3,0.0,0.007296790750299142,0.08513033326526565,0.24998097685362677,1.0,0.014999995771104346,0.0006911233281133953,0.007296790750299142,True,fixed,,,,32,0.5037499286319174,0.5037499286319174,-0.6856753073948675,-0.6856753073948675,True,,infinite_stale_prefix_max_all_pairs,uniform_arbitrary_stream_transfer
0,retrieval_frozen,adam,3,0.0,0.007296790750299142,0.08513033326526565,0.24998097685362677,1.0,0.014999995771104346,0.0006911233281133953,0.007296790750299142,True,fixed,,,,64,0.5037499286319176,0.5037499286319176,-0.6856753073948672,-0.6856753073948672,True,,infinite_stale_prefix_max_all_pairs,uniform_arbitrary_stream_transfer
0,retrieval_frozen,adam,3,0.0,0.007296790750299142,0.08513033326526565,0.24998097685362677,1.0,0.014999995771104346,0.0006911233281133953,0.007296790750299142,True,fixed,,,,128,0.5037499286319176,0.5037499286319176,-0.6856753073948672,-0.6856753073948672,True,,infinite_stale_prefix_max_all_pairs,uniform_arbitrary_stream_transfer
0,retrieval_frozen,adam,3,0.0,0.007296790750299142,0.08513033326526565,0.24998097685362677,1.0,0.014999995771104346,0.0006911233281133953,0.007296790750299142,True,fixed,,,,256,0.5037499286319176,0.5037499286319176,-0.6856753073948672,-0.6856753073948672,True,,infinite_stale_prefix_max_all_pairs,uniform_arbitrary_stream_transfer
0,retrieval_frozen,adam,3,0.0,0.007296790750299142,0.08513033326526565,0.24998097685362677,1.0,0.014999995771104346,0.0006911233281133953,0.007296790750299142,True,fixed,,,,512,0.5037499286319176,0.5037499286319176,-0.6856753073948672,-0.6856753073948672,True,,infinite_stale_prefix_max_all_pairs,uniform_arbitrary_stream_transfer
0,retrieval_frozen,adam,3,0.0,0.007296790750299142,0.08513033326526565,0.24998097685362677,1.0,0.014999995771104346,0.0006911233281133953,0.007296790750299142,True,adaptive_theta,0.25,,,1,0.49900909738542476,0.5013818639183073,-0.6951309521634892,-0.6903872647970338,True,,infinite_stale_prefix_max_all_pairs,uniform_arbitrary_stream_transfer
0,retrieval_frozen,adam,3,0.0,0.007296790750299142,0.08513033326526565,0.24998097685362677,1.0,0.014999995771104346,0.0006911233281133953,0.007296790750299142,True,reference_theta,0.25,,,1,0.49900909738542476,0.5013818639183073,-0.6951309521634892,-0.6903872647970338,True,,infinite_stale_prefix_max_all_pairs,uniform_arbitrary_stream_transfer
0,retrieval_frozen,adam,3,0.0,0.007296790750299142,0.08513033326526565,0.24998097685362677,1.0,0.014999995771104346,0.0006911233281133953,0.007296790750299142,True,adaptive_theta,0.5,,,1,0.49900909738542476,0.5013818639183073,-0.6951309521634892,-0.6903872647970338,True,,infinite_stale_prefix_max_all_pairs,uniform_arbitrary_stream_transfer
0,retrieval_frozen,adam,3,0.0,0.007296790750299142,0.08513033326526565,0.24998097685362677,1.0,0.014999995771104346,0.0006911233281133953,0.007296790750299142,True,reference_theta,0.5,,,1,0.49900909738542476,0.5013818639183073,-0.6951309521634892,-0.6903872647970338,True,,infinite_stale_prefix_max_all_pairs,uniform_arbitrary_stream_transfer
0,retrieval_frozen,adam,3,0.0,0.007296790750299142,0.08513033326526565,0.24998097685362677,1.0,0.014999995771104346,0.0006911233281133953,0.007296790750299142,True,adaptive_theta,0.75,,,1,0.49900909738542476,0.5013818639183073,-0.6951309521634892,-0.6903872647970338,True,,infinite_stale_prefix_max_all_pairs,uniform_arbitrary_stream_transfer
0,retrieval_frozen,adam,3,0.0,0.007296790750299142,0.08513033326526565,0.24998097685362677,1.0,0.014999995771104346,0.0006911233281133953,0.007296790750299142,True,reference_theta,0.75,,,1,0.49900909738542476,0.5013818639183073,-0.6951309521634892,-0.6903872647970338,True,,infinite_stale_prefix_max_all_pairs,uniform_arbitrary_stream_transfer
0,retrieval_frozen,adam,3,0.0,0.007296790750299142,0.08513033326526565,0.24998097685362677,1.0,0.014999995771104346,0.0006911233281133953,0.007296790750299142,True,clock,,2,0.001,1,0.49900909738542476,0.5013818639183073,-0.6951309521634892,-0.6903872647970338,True,,infinite_stale_prefix_max_all_pairs,uniform_arbitrary_stream_transfer
0,retrieval_frozen,adam,3,0.0,0.007296790750299142,0.08513033326526565,0.24998097685362677,1.0,0.014999995771104346,0.0006911233281133953,0.007296790750299142,True,clock,,2,0.003,1,0.49900909738542476,0.5013818639183073,-0.6951309521634892,-0.6903872647970338,True,,infinite_stale_prefix_max_all_pairs,uniform_arbitrary_stream_transfer
0,retrieval_frozen,adam,3,0.0,0.007296790750299142,0.08513033326526565,0.24998097685362677,1.0,0.014999995771104346,0.0006911233281133953,0.007296790750299142,True,clock,,2,0.01,1,0.49900909738542476,0.5013818639183073,-0.6951309521634892,-0.6903872647970338,True,,infinite_stale_prefix_max_all_pairs,uniform_arbitrary_stream_transfer
0,retrieval_frozen,adam,3,0.0,0.007296790750299142,0.08513033326526565,0.24998097685362677,1.0,0.014999995771104346,0.0006911233281133953,0.007296790750299142,True,clock,,2,0.03,1,0.49900909738542476,0.5013818639183073,-0.6951309521634892,-0.6903872647970338,True,,infinite_stale_prefix_max_all_pairs,uniform_arbitrary_stream_transfer
0,retrieval_frozen,adam,3,0.0,0.007296790750299142,0.08513033326526565,0.24998097685362677,1.0,0.014999995771104346,0.0006911233281133953,0.007296790750299142,True,clock,,2,0.1,1,0.49900909738542476,0.5013818639183073,-0.6951309521634892,-0.6903872647970338,True,,infinite_stale_prefix_max_all_pairs,uniform_arbitrary_stream_transfer
0,retrieval_frozen,adam,1000,11.328690783793768,0.007299929327171637,0.085146505659098,139.89293503299535,1.0,1.1478690551871835,8.429220451323488e-61,0.007296790750299142,True,fixed,,,,1,0.42474749952509866,0.5202258570375063,-0.8562604053806817,-0.6534922212484332,True,,infinite_stale_prefix_max_all_pairs,uniform_arbitrary_stream_transfer
0,retrieval_frozen,adam,1000,11.328690783793768,0.007299929327171637,0.085146505659098,139.89293503299535,1.0,1.1478690551871835,8.429220451323488e-61,0.007296790750299142,True,fixed,,,,2,0.5625317736187478,0.6021863683012465,-0.5753076600655309,-0.5071882996881449,True,,infinite_stale_prefix_max_all_pairs,uniform_arbitrary_stream_transfer
0,retrieval_frozen,adam,1000,11.328690783793768,0.007299929327171637,0.085146505659098,139.89293503299535,1.0,1.1478690551871835,8.429220451323488e-61,0.007296790750299142,True,fixed,,,,3,0.6700166244738976,0.6795065377978302,-0.4004527542573455,-0.386388423954031,True,,infinite_stale_prefix_max_all_pairs,uniform_arbitrary_stream_transfer
0,retrieval_frozen,adam,1000,11.328690783793768,0.007299929327171637,0.085146505659098,139.89293503299535,1.0,1.1478690551871835,8.429220451323488e-61,0.007296790750299142,True,fixed,,,,4,0.7238349230523946,0.7254435044839711,-0.32319191942763964,-0.3209720808354664,True,,infinite_stale_prefix_max_all_pairs,uniform_arbitrary_stream_transfer
0,retrieval_frozen,adam,1000,11.328690783793768,0.007299929327171637,0.085146505659098,139.89293503299535,1.0,1.1478690551871835,8.429220451323488e-61,0.007296790750299142,True,fixed,,,,5,0.7458113255726819,0.7460474141603407,-0.2932826255486411,-0.29296612294240654,True,,infinite_stale_prefix_max_all_pairs,uniform_arbitrary_stream_transfer
0,retrieval_frozen,adam,1000,11.328690783793768,0.007299929327171637,0.085146505659098,139.89293503299535,1.0,1.1478690551871835,8.429220451323488e-61,0.007296790750299142,True,fixed,,,,8,0.7584500702840468,0.7584506815597025,-0.2764783092764571,-0.27647750332306165,True,,infinite_stale_prefix_max_all_pairs,uniform_arbitrary_stream_transfer
0,retrieval_frozen,adam,1000,11.328690783793768,0.007299929327171637,0.085146505659098,139.89293503299535,1.0,1.1478690551871835,8.429220451323488e-61,0.007296790750299142,True,fixed,,,,16,0.7591212505793123,0.7591212505793813,-0.27559376391137225,-0.27559376391128143,True,,infinite_stale_prefix_max_all_pairs,uniform_arbitrary_stream_transfer
0,retrieval_frozen,adam,1000,11.328690783793768,0.007299929327171637,0.085146505659098,139.89293503299535,1.0,1.1478690551871835,8.429220451323488e-61,0.007296790750299142,True,fixed,,,,32,0.7591214759614416,0.7591214759614416,-0.2755934670126942,-0.2755934670126942,True,,infinite_stale_prefix_max_all_pairs,uniform_arbitrary_stream_transfer
0,retrieval_frozen,adam,1000,11.328690783793768,0.007299929327171637,0.085146505659098,139.89293503299535,1.0,1.1478690551871835,8.429220451323488e-61,0.007296790750299142,True,fixed,,,,64,0.759121475961467,0.759121475961467,-0.27559346701266085,-0.27559346701266085,True,,infinite_stale_prefix_max_all_pairs,uniform_arbitrary_stream_transfer
0,retrieval_frozen,adam,1000,11.328690783793768,0.007299929327171637,0.085146505659098,139.89293503299535,1.0,1.1478690551871835,8.429220451323488e-61,0.007296790750299142,True,fixed,,,,128,0.759121475961467,0.759121475961467,-0.27559346701266085,-0.27559346701266085,True,,infinite_stale_prefix_max_all_pairs,uniform_arbitrary_stream_transfer
0,retrieval_frozen,adam,1000,11.328690783793768,0.007299929327171637,0.085146505659098,139.89293503299535,1.0,1.1478690551871835,8.429220451323488e-61,0.007296790750299142,True,fixed,,,,256,0.759121475961467,0.759121475961467,-0.27559346701266085,-0.27559346701266085,True,,infinite_stale_prefix_max_all_pairs,uniform_arbitrary_stream_transfer
0,retrieval_frozen,adam,1000,11.328690783793768,0.007299929327171637,0.085146505659098,139.89293503299535,1.0,1.1478690551871835,8.429220451323488e-61,0.007296790750299142,True,fixed,,,,512,0.759121475961467,0.759121475961467,-0.27559346701266085,-0.27559346701266085,True,,infinite_stale_prefix_max_all_pairs,uniform_arbitrary_stream_transfer
0,retrieval_frozen,adam,1000,11.328690783793768,0.007299929327171637,0.085146505659098,139.89293503299535,1.0,1.1478690551871835,8.429220451323488e-61,0.007296790750299142,True,adaptive_theta,0.25,,,1,0.42474749952509866,0.5202258570375063,-0.8562604053806817,-0.6534922212484332,True,,infinite_stale_prefix_max_all_pairs,uniform_arbitrary_stream_transfer
0,retrieval_frozen,adam,1000,11.328690783793768,0.007299929327171637,0.085146505659098,139.89293503299535,1.0,1.1478690551871835,8.429220451323488e-61,0.007296790750299142,True,reference_theta,0.25,,,1,0.42474749952509866,0.5202258570375063,-0.8562604053806817,-0.6534922212484332,True,,infinite_stale_prefix_max_all_pairs,uniform_arbitrary_stream_transfer
0,retrieval_frozen,adam,1000,11.328690783793768,0.007299929327171637,0.085146505659098,139.89293503299535,1.0,1.1478690551871835,8.429220451323488e-61,0.007296790750299142,True,adaptive_theta,0.5,,,1,0.42474749952509866,0.5202258570375063,-0.8562604053806817,-0.6534922212484332,True,,infinite_stale_prefix_max_all_pairs,uniform_arbitrary_stream_transfer
0,retrieval_frozen,adam,1000,11.328690783793768,0.007299929327171637,0.085146505659098,139.89293503299535,1.0,1.1478690551871835,8.429220451323488e-61,0.007296790750299142,True,reference_theta,0.5,,,1,0.42474749952509866,0.5202258570375063,-0.8562604053806817,-0.6534922212484332,True,,infinite_stale_prefix_max_all_pairs,uniform_arbitrary_stream_transfer
0,retrieval_frozen,adam,1000,11.328690783793768,0.007299929327171637,0.085146505659098,139.89293503299535,1.0,1.1478690551871835,8.429220451323488e-61,0.007296790750299142,True,adaptive_theta,0.75,,,1,0.42474749952509866,0.5202258570375063,-0.8562604053806817,-0.6534922212484332,True,,infinite_stale_prefix_max_all_pairs,uniform_arbitrary_stream_transfer
0,retrieval_frozen,adam,1000,11.328690783793768,0.007299929327171637,0.085146505659098,139.89293503299535,1.0,1.1478690551871835,8.429220451323488e-61,0.007296790750299142,True,reference_theta,0.75,,,1,0.42474749952509866,0.5202258570375063,-0.8562604053806817,-0.6534922212484332,True,,infinite_stale_prefix_max_all_pairs,uniform_arbitrary_stream_transfer
0,retrieval_frozen,adam,1000,11.328690783793768,0.007299929327171637,0.085146505659098,139.89293503299535,1.0,1.1478690551871835,8.429220451323488e-61,0.007296790750299142,True,clock,,2,0.001,1,0.42474749952509866,0.5202258570375063,-0.8562604053806817,-0.6534922212484332,True,,infinite_stale_prefix_max_all_pairs,uniform_arbitrary_stream_transfer
0,retrieval_frozen,adam,1000,11.328690783793768,0.007299929327171637,0.085146505659098,139.89293503299535,1.0,1.1478690551871835,8.429220451323488e-61,0.007296790750299142,True,clock,,2,0.003,1,0.42474749952509866,0.5202258570375063,-0.8562604053806817,-0.6534922212484332,True,,infinite_stale_prefix_max_all_pairs,uniform_arbitrary_stream_transfer
0,retrieval_frozen,adam,1000,11.328690783793768,0.007299929327171637,0.085146505659098,139.89293503299535,1.0,1.1478690551871835,8.429220451323488e-61,0.007296790750299142,True,clock,,2,0.01,2,0.5625317736187478,0.6021863683012465,-0.5753076600655309,-0.5071882996881449,True,,infinite_stale_prefix_max_all_pairs,uniform_arbitrary_stream_transfer
0,retrieval_frozen,adam,1000,11.328690783793768,0.007299929327171637,0.085146505659098,139.89293503299535,1.0,1.1478690551871835,8.429220451323488e-61,0.007296790750299142,True,clock,,2,0.03,4,0.7238349230523946,0.7254435044839711,-0.32319191942763964,-0.3209720808354664,True,,infinite_stale_prefix_max_all_pairs,uniform_arbitrary_stream_transfer
0,retrieval_frozen,adam,1000,11.328690783793768,0.007299929327171637,0.085146505659098,139.89293503299535,1.0,1.1478690551871835,8.429220451323488e-61,0.007296790750299142,True,clock,,2,0.1,13,0.7591169490592399,0.7591169490870538,-0.27559943037408347,-0.27559943033744355,True,,infinite_stale_prefix_max_all_pairs,uniform_arbitrary_stream_transfer
0,retrieval_frozen,adam,2000,18.94890040505393,0.007301076127357715,0.08515191989202041,378.2186164890619,1.0,1.9098900122449016,5.550731403979613e-104,0.007296790750299142,True,fixed,,,,1,0.37644348532467364,0.4106846620360861,-0.9769873483884817,-0.8899296046237783,True,,infinite_stale_prefix_max_all_pairs,uniform_arbitrary_stream_transfer
0,retrieval_frozen,adam,2000,18.94890040505393,0.007301076127357715,0.08515191989202041,378.2186164890619,1.0,1.9098900122449016,5.550731403979613e-104,0.007296790750299142,True,fixed,,,,2,0.4333646570434334,0.4624057824314051,-0.836175741328242,-0.7713124564439303,True,,infinite_stale_prefix_max_all_pairs,uniform_arbitrary_stream_transfer
0,retrieval_frozen,adam,2000,18.94890040505393,0.007301076127357715,0.08515191989202041,378.2186164890619,1.0,1.9098900122449016,5.550731403979613e-104,0.007296790750299142,True,fixed,,,,3,0.5473282240625844,0.5656154607080756,-0.6027066125244679,-0.5698408297166592,True,,infinite_stale_prefix_max_all_pairs,uniform_arbitrary_stream_transfer
0,retrieval_frozen,adam,2000,18.94890040505393,0.007301076127357715,0.08515191989202041,378.2186164890619,1.0,1.9098900122449016,5.550731403979613e-104,0.007296790750299142,True,fixed,,,,4,0.6932756263565563,0.699718281335076,-0.3663276296352983,-0.35707748018118163,True,,infinite_stale_prefix_max_all_pairs,uniform_arbitrary_stream_transfer
0,retrieval_frozen,adam,2000,18.94890040505393,0.007301076127357715,0.08515191989202041,378.2186164890619,1.0,1.9098900122449016,5.550731403979613e-104,0.007296790750299142,True,fixed,,,,5,0.7956899448016965,0.796957440618925,-0.2285456855998259,-0.22695400109209726,True,,infinite_stale_prefix_max_all_pairs,uniform_arbitrary_stream_transfer
0,retrieval_frozen,adam,2000,18.94890040505393,0.007301076127357715,0.08515191989202041,378.2186164890619,1.0,1.9098900122449016,5.550731403979613e-104,0.007296790750299142,True,fixed,,,,8,0.8670954349181219,0.8670989955551917,-0.14260623338266332,-0.14260212699527428,True,,infinite_stale_prefix_max_all_pairs,uniform_arbitrary_stream_transfer
0,retrieval_frozen,adam,2000,18.94890040505393,0.007301076127357715,0.08515191989202041,378.2186164890619,1.0,1.9098900122449016,5.550731403979613e-104,0.007296790750299142,True,fixed,,,,16,0.871005477777909,0.8710054777783107,-0.13810701308177656,-0.13810701308131543,True,,infinite_stale_prefix_max_all_pairs,uniform_arbitrary_stream_transfer
0,retrieval_frozen,adam,2000,18.94890040505393,0.007301076127357715,0.08515191989202041,378.2186164890619,1.0,1.9098900122449016,5.550731403979613e-104,0.007296790750299142,True,fixed,,,,32,0.8710067907979068,0.8710067907979068,-0.13810550560674736,-0.13810550560674736,True,,infinite_stale_prefix_max_all_pairs,uniform_arbitrary_stream_transfer
0,retrieval_frozen,adam,2000,18.94890040505393,0.007301076127357715,0.08515191989202041,378.2186164890619,1.0,1.9098900122449016,5.550731403979613e-104,0.007296790750299142,True,fixed,,,,64,0.8710067907980545,0.8710067907980545,-0.13810550560657772,-0.13810550560657772,True,,infinite_stale_prefix_max_all_pairs,uniform_arbitrary_stream_transfer
0,retrieval_frozen,adam,2000,18.94890040505393,0.007301076127357715,0.08515191989202041,378.2186164890619,1.0,1.9098900122449016,5.550731403979613e-104,0.007296790750299142,True,fixed,,,,128,0.8710067907980545,0.8710067907980545,-0.13810550560657772,-0.13810550560657772,True,,infinite_stale_prefix_max_all_pairs,uniform_arbitrary_stream_transfer
0,retrieval_frozen,adam,2000,18.94890040505393,0.007301076127357715,0.08515191989202041,378.2186164890619,1.0,1.9098900122449016,5.550731403979613e-104,0.007296790750299142,True,fixed,,,,256,0.8710067907980545,0.8710067907980545,-0.13810550560657772,-0.13810550560657772,True,,infinite_stale_prefix_max_all_pairs,uniform_arbitrary_stream_transfer
0,retrieval_frozen,adam,2000,18.94890040505393,0.007301076127357715,0.08515191989202041,378.2186164890619,1.0,1.9098900122449016,5.550731403979613e-104,0.007296790750299142,True,fixed,,,,512,0.8710067907980545,0.8710067907980545,-0.13810550560657772,-0.13810550560657772,True,,infinite_stale_prefix_max_all_pairs,uniform_arbitrary_stream_transfer
0,retrieval_frozen,adam,2000,18.94890040505393,0.007301076127357715,0.08515191989202041,378.2186164890619,1.0,1.9098900122449016,5.550731403979613e-104,0.007296790750299142,True,adaptive_theta,0.25,,,1,0.37644348532467364,0.4106846620360861,-0.9769873483884817,-0.8899296046237783,True,,infinite_stale_prefix_max_all_pairs,uniform_arbitrary_stream_transfer
0,retrieval_frozen,adam,2000,18.94890040505393,0.007301076127357715,0.08515191989202041,378.2186164890619,1.0,1.9098900122449016,5.550731403979613e-104,0.007296790750299142,True,reference_theta,0.25,,,1,0.37644348532467364,0.4106846620360861,-0.9769873483884817,-0.8899296046237783,True,,infinite_stale_prefix_max_all_pairs,uniform_arbitrary_stream_transfer
0,retrieval_frozen,adam,2000,18.94890040505393,0.007301076127357715,0.08515191989202041,378.2186164890619,1.0,1.9098900122449016,5.550731403979613e-104,0.007296790750299142,True,adaptive_theta,0.5,,,2,0.4333646570434334,0.4624057824314051,-0.836175741328242,-0.7713124564439303,True,,infinite_stale_prefix_max_all_pairs,uniform_arbitrary_stream_transfer
0,retrieval_frozen,adam,2000,18.94890040505393,0.007301076127357715,0.08515191989202041,378.2186164890619,1.0,1.9098900122449016,5.550731403979613e-104,0.007296790750299142,True,reference_theta,0.5,,,2,0.4333646570434334,0.4624057824314051,-0.836175741328242,-0.7713124564439303,True,,infinite_stale_prefix_max_all_pairs,uniform_arbitrary_stream_transfer
0,retrieval_frozen,adam,2000,18.94890040505393,0.007301076127357715,0.08515191989202041,378.2186164890619,1.0,1.9098900122449016,5.550731403979613e-104,0.007296790750299142,True,adaptive_theta,0.75,,,3,0.5473282240625844,0.5656154607080756,-0.6027066125244679,-0.5698408297166592,True,,infinite_stale_prefix_max_all_pairs,uniform_arbitrary_stream_transfer
0,retrieval_frozen,adam,2000,18.94890040505393,0.007301076127357715,0.08515191989202041,378.2186164890619,1.0,1.9098900122449016,5.550731403979613e-104,0.007296790750299142,True,reference_theta,0.75,,,3,0.5473282240625844,0.5656154607080756,-0.6027066125244679,-0.5698408297166592,True,,infinite_stale_prefix_max_all_pairs,uniform_arbitrary_stream_transfer
0,retrieval_frozen,adam,2000,18.94890040505393,0.007301076127357715,0.08515191989202041,378.2186164890619,1.0,1.9098900122449016,5.550731403979613e-104,0.007296790750299142,True,clock,,2,0.001,1,0.37644348532467364,0.4106846620360861,-0.9769873483884817,-0.8899296046237783,True,,infinite_stale_prefix_max_all_pairs,uniform_arbitrary_stream_transfer
0,retrieval_frozen,adam,2000,18.94890040505393,0.007301076127357715,0.08515191989202041,378.2186164890619,1.0,1.9098900122449016,5.550731403979613e-104,0.007296790750299142,True,clock,,2,0.003,2,0.4333646570434334,0.4624057824314051,-0.836175741328242,-0.7713124564439303,True,,infinite_stale_prefix_max_all_pairs,uniform_arbitrary_stream_transfer
0,retrieval_frozen,adam,2000,18.94890040505393,0.007301076127357715,0.08515191989202041,378.2186164890619,1.0,1.9098900122449016,5.550731403979613e-104,0.007296790750299142,True,clock,,2,0.01,4,0.6932756263565563,0.699718281335076,-0.3663276296352983,-0.35707748018118163,True,,infinite_stale_prefix_max_all_pairs,uniform_arbitrary_stream_transfer
0,retrieval_frozen,adam,2000,18.94890040505393,0.007301076127357715,0.08515191989202041,378.2186164890619,1.0,1.9098900122449016,5.550731403979613e-104,0.007296790750299142,True,clock,,2,0.03,11,0.8708119270763657,0.8708119359224985,-0.13832925302702062,-0.1383292428685323,True,,infinite_stale_prefix_max_all_pairs,uniform_arbitrary_stream_transfer
0,retrieval_frozen,adam,2000,18.94890040505393,0.007301076127357715,0.08515191989202041,378.2186164890619,1.0,1.9098900122449016,5.550731403979613e-104,0.007296790750299142,True,clock,,2,0.1,36,0.8710067907980518,0.8710067907980518,-0.13810550560658083,-0.13810550560658083,True,,infinite_stale_prefix_max_all_pairs,uniform_arbitrary_stream_transfer
0,retrieval_frozen,adam,3000,24.84174707475492,0.007301657769276147,0.08515462491788484,642.1504992141237,1.0,2.4991746701953255,3.5872214551728104e-147,0.007296790750299142,True,fixed,,,,1,0.3406531975120268,0.3471506004080825,-1.0768903353041592,-1.0579965862493295,True,,infinite_stale_prefix_max_all_pairs,uniform_arbitrary_stream_transfer
0,retrieval_frozen,adam,3000,24.84174707475492,0.007301657769276147,0.08515462491788484,642.1504992141237,1.0,2.4991746701953255,3.5872214551728104e-147,0.007296790750299142,True,fixed,,,,2,0.3517797414908192,0.35817050460976546,-1.044750033638598,-1.0267461361022479,True,,infinite_stale_prefix_max_all_pairs,uniform_arbitrary_stream_transfer
0,retrieval_frozen,adam,3000,24.84174707475492,0.007301657769276147,0.08515462491788484,642.1504992141237,1.0,2.4991746701953255,3.5872214551728104e-147,0.007296790750299142,True,fixed,,,,3,0.38106901830821155,0.3871492011755792,-0.9647747698459379,-0.9489451274975769,True,,infinite_stale_prefix_max_all_pairs,uniform_arbitrary_stream_transfer
0,retrieval_frozen,adam,3000,24.84174707475492,0.007301657769276147,0.08515462491788484,642.1504992141237,1.0,2.4991746701953255,3.5872214551728104e-147,0.007296790750299142,True,fixed,,,,4,0.4530005778804336,0.45817606873091227,-0.7918618778256704,-0.7805017391985801,True,,infinite_stale_prefix_max_all_pairs,uniform_arbitrary_stream_transfer
0,retrieval_frozen,adam,3000,24.84174707475492,0.007301657769276147,0.08515462491788484,642.1504992141237,1.0,2.4991746701953255,3.5872214551728104e-147,0.007296790750299142,True,fixed,,,,5,0.5945781808273163,0.5976978918025617,-0.5199030646391736,-0.5146698503414154,True,,infinite_stale_prefix_max_all_pairs,uniform_arbitrary_stream_transfer
0,retrieval_frozen,adam,3000,24.84174707475492,0.007301657769276147,0.08515462491788484,642.1504992141237,1.0,2.4991746701953255,3.5872214551728104e-147,0.007296790750299142,True,fixed,,,,8,0.9014958300360436,0.9015168407299974,-0.10369986193344133,-0.10367655572567547,True,,infinite_stale_prefix_max_all_pairs,uniform_arbitrary_stream_transfer
0,retrieval_frozen,adam,3000,24.84174707475492,0.007301657769276147,0.08515462491788484,642.1504992141237,1.0,2.4991746701953255,3.5872214551728104e-147,0.007296790750299142,True,fixed,,,,16,0.9240765694068035,0.9240765694090585,-0.07896034345037946,-0.07896034344793917,True,,infinite_stale_prefix_max_all_pairs,uniform_arbitrary_stream_transfer
0,retrieval_frozen,adam,3000,24.84174707475492,0.007301657769276147,0.08515462491788484,642.1504992141237,1.0,2.4991746701953255,3.5872214551728104e-147,0.007296790750299142,True,fixed,,,,32,0.9240839410336062,0.9240839410336062,-0.07895236619216932,-0.07895236619216932,True,,infinite_stale_prefix_max_all_pairs,uniform_arbitrary_stream_transfer
0,retrieval_frozen,adam,3000,24.84174707475492,0.007301657769276147,0.08515462491788484,642.1504992141237,1.0,2.4991746701953255,3.5872214551728104e-147,0.007296790750299142,True,fixed,,,,64,0.9240839410344358,0.9240839410344358,-0.07895236619127163,-0.07895236619127163,True,,infinite_stale_prefix_max_all_pairs,uniform_arbitrary_stream_transfer
0,retrieval_frozen,adam,3000,24.84174707475492,0.007301657769276147,0.08515462491788484,642.1504992141237,1.0,2.4991746701953255,3.5872214551728104e-147,0.007296790750299142,True,fixed,,,,128,0.9240839410344358,0.9240839410344358,-0.07895236619127163,-0.07895236619127163,True,,infinite_stale_prefix_max_all_pairs,uniform_arbitrary_stream_transfer
0,retrieval_frozen,adam,3000,24.84174707475492,0.007301657769276147,0.08515462491788484,642.1504992141237,1.0,2.4991746701953255,3.5872214551728104e-147,0.007296790750299142,True,fixed,,,,256,0.9240839410344358,0.9240839410344358,-0.07895236619127163,-0.07895236619127163,True,,infinite_stale_prefix_max_all_pairs,uniform_arbitrary_stream_transfer
0,retrieval_frozen,adam,3000,24.84174707475492,0.007301657769276147,0.08515462491788484,642.1504992141237,1.0,2.4991746701953255,3.5872214551728104e-147,0.007296790750299142,True,fixed,,,,512,0.9240839410344358,0.9240839410344358,-0.07895236619127163,-0.07895236619127163,True,,infinite_stale_prefix_max_all_pairs,uniform_arbitrary_stream_transfer
0,retrieval_frozen,adam,3000,24.84174707475492,0.007301657769276147,0.08515462491788484,642.1504992141237,1.0,2.4991746701953255,3.5872214551728104e-147,0.007296790750299142,True,adaptive_theta,0.25,,,2,0.3517797414908192,0.35817050460976546,-1.044750033638598,-1.0267461361022479,True,,infinite_stale_prefix_max_all_pairs,uniform_arbitrary_stream_transfer
0,retrieval_frozen,adam,3000,24.84174707475492,0.007301657769276147,0.08515462491788484,642.1504992141237,1.0,2.4991746701953255,3.5872214551728104e-147,0.007296790750299142,True,reference_theta,0.25,,,2,0.3517797414908192,0.35817050460976546,-1.044750033638598,-1.0267461361022479,True,,infinite_stale_prefix_max_all_pairs,uniform_arbitrary_stream_transfer
0,retrieval_frozen,adam,3000,24.84174707475492,0.007301657769276147,0.08515462491788484,642.1504992141237,1.0,2.4991746701953255,3.5872214551728104e-147,0.007296790750299142,True,adaptive_theta,0.5,,,3,0.38106901830821155,0.3871492011755792,-0.9647747698459379,-0.9489451274975769,True,,infinite_stale_prefix_max_all_pairs,uniform_arbitrary_stream_transfer
0,retrieval_frozen,adam,3000,24.84174707475492,0.007301657769276147,0.08515462491788484,642.1504992141237,1.0,2.4991746701953255,3.5872214551728104e-147,0.007296790750299142,True,reference_theta,0.5,,,3,0.38106901830821155,0.3871492011755792,-0.9647747698459379,-0.9489451274975769,True,,infinite_stale_prefix_max_all_pairs,uniform_arbitrary_stream_transfer
0,retrieval_frozen,adam,3000,24.84174707475492,0.007301657769276147,0.08515462491788484,642.1504992141237,1.0,2.4991746701953255,3.5872214551728104e-147,0.007296790750299142,True,adaptive_theta,0.75,,,4,0.4530005778804336,0.45817606873091227,-0.7918618778256704,-0.7805017391985801,True,,infinite_stale_prefix_max_all_pairs,uniform_arbitrary_stream_transfer
0,retrieval_frozen,adam,3000,24.84174707475492,0.007301657769276147,0.08515462491788484,642.1504992141237,1.0,2.4991746701953255,3.5872214551728104e-147,0.007296790750299142,True,reference_theta,0.75,,,4,0.4530005778804336,0.45817606873091227,-0.7918618778256704,-0.7805017391985801,True,,infinite_stale_prefix_max_all_pairs,uniform_arbitrary_stream_transfer
0,retrieval_frozen,adam,3000,24.84174707475492,0.007301657769276147,0.08515462491788484,642.1504992141237,1.0,2.4991746701953255,3.5872214551728104e-147,0.007296790750299142,True,clock,,2,0.001,1,0.3406531975120268,0.3471506004080825,-1.0768903353041592,-1.0579965862493295,True,,infinite_stale_prefix_max_all_pairs,uniform_arbitrary_stream_transfer
0,retrieval_frozen,adam,3000,24.84174707475492,0.007301657769276147,0.08515462491788484,642.1504992141237,1.0,2.4991746701953255,3.5872214551728104e-147,0.007296790750299142,True,clock,,2,0.003,2,0.3517797414908192,0.35817050460976546,-1.044750033638598,-1.0267461361022479,True,,infinite_stale_prefix_max_all_pairs,uniform_arbitrary_stream_transfer
0,retrieval_frozen,adam,3000,24.84174707475492,0.007301657769276147,0.08515462491788484,642.1504992141237,1.0,2.4991746701953255,3.5872214551728104e-147,0.007296790750299142,True,clock,,2,0.01,7,0.8614220259413607,0.8615785905265501,-0.14917073675478454,-0.1489890019554771,True,,infinite_stale_prefix_max_all_pairs,uniform_arbitrary_stream_transfer
0,retrieval_frozen,adam,3000,24.84174707475492,0.007301657769276147,0.08515462491788484,642.1504992141237,1.0,2.4991746701953255,3.5872214551728104e-147,0.007296790750299142,True,clock,,2,0.03,19,0.9240835740267557,0.9240835740267612,-0.07895276334972956,-0.07895276334972352,True,,infinite_stale_prefix_max_all_pairs,uniform_arbitrary_stream_transfer
0,retrieval_frozen,adam,3000,24.84174707475492,0.007301657769276147,0.08515462491788484,642.1504992141237,1.0,2.4991746701953255,3.5872214551728104e-147,0.007296790750299142,True,clock,,2,0.1,62,0.9240839410344358,0.9240839410344358,-0.07895236619127163,-0.07895236619127163,True,,infinite_stale_prefix_max_all_pairs,uniform_arbitrary_stream_transfer
0,retrieval_frozen,adam,4000,29.71272255340369,0.007302008608825519,0.08515624725571087,912.7445604753865,1.0,2.9862722127050603,1.5206085460972048e-190,0.007296790750299142,True,fixed,,,,1,0.3123628286496755,0.3133963038509543,-1.1635898544927343,-1.1602867428408215,True,,infinite_stale_prefix_max_all_pairs,uniform_arbitrary_stream_transfer
0,retrieval_frozen,adam,4000,29.71272255340369,0.007302008608825519,0.08515624725571087,912.7445604753865,1.0,2.9862722127050603,1.5206085460972048e-190,0.007296790750299142,True,fixed,,,,2,0.3141381497410397,0.3151702782855841,-1.1579224225029776,-1.1546422202236835,True,,infinite_stale_prefix_max_all_pairs,uniform_arbitrary_stream_transfer
0,retrieval_frozen,adam,4000,29.71272255340369,0.007302008608825519,0.08515624725571087,912.7445604753865,1.0,2.9862722127050603,1.5206085460972048e-190,0.007296790750299142,True,fixed,,,,3,0.31895206101197354,0.31998036760452386,-1.1427144664496374,-1.1394956363062918,True,,infinite_stale_prefix_max_all_pairs,uniform_arbitrary_stream_transfer
0,retrieval_frozen,adam,4000,29.71272255340369,0.007302008608825519,0.08515624725571087,912.7445604753865,1.0,2.9862722127050603,1.5206085460972048e-190,0.007296790750299142,True,fixed,,,,4,0.33194226420373457,0.3329590553272477,-1.1027942281893282,-1.099735753536754,True,,infinite_stale_prefix_max_all_pairs,uniform_arbitrary_stream_transfer
0,retrieval_frozen,adam,4000,29.71272255340369,0.007302008608825519,0.08515624725571087,912.7445604753865,1.0,2.9862722127050603,1.5206085460972048e-190,0.007296790750299142,True,fixed,,,,5,0.36641840901188205,0.3673968520321606,-1.0039794045079367,-1.0013126744681933,True,,infinite_stale_prefix_max_all_pairs,uniform_arbitrary_stream_transfer
0,retrieval_frozen,adam,4000,29.71272255340369,0.007302008608825519,0.08515624725571087,912.7445604753865,1.0,2.9862722127050603,1.5206085460972048e-190,0.007296790750299142,True,fixed,,,,8,0.8039447766042488,0.8040767314618992,-0.2182246979777603,-0.21806057721533925,True,,infinite_stale_prefix_max_all_pairs,uniform_arbitrary_stream_transfer
0,retrieval_frozen,adam,4000,29.71272255340369,0.007302008608825519,0.08515624725571087,912.7445604753865,1.0,2.9862722127050603,1.5206085460972048e-190,0.007296790750299142,True,fixed,,,,16,0.951908642200958,0.9519086422136374,-0.04928621287024202,-0.049286212856922154,True,,infinite_stale_prefix_max_all_pairs,uniform_arbitrary_stream_transfer
0,retrieval_frozen,adam,4000,29.71272255340369,0.007302008608825519,0.08515624725571087,912.7445604753865,1.0,2.9862722127050603,1.5206085460972048e-190,0.007296790750299142,True,fixed,,,,32,0.9519500839631923,0.9519500839631923,-0.04924267837719252,-0.04924267837719252,True,,infinite_stale_prefix_max_all_pairs,uniform_arbitrary_stream_transfer
0,retrieval_frozen,adam,4000,29.71272255340369,0.007302008608825519,0.08515624725571087,912.7445604753865,1.0,2.9862722127050603,1.5206085460972048e-190,0.007296790750299142,True,fixed,,,,64,0.9519500839678551,0.9519500839678551,-0.04924267837229428,-0.04924267837229428,True,,infinite_stale_prefix_max_all_pairs,uniform_arbitrary_stream_transfer
0,retrieval_frozen,adam,4000,29.71272255340369,0.007302008608825519,0.08515624725571087,912.7445604753865,1.0,2.9862722127050603,1.5206085460972048e-190,0.007296790750299142,True,fixed,,,,128,0.9519500839678551,0.9519500839678551,-0.04924267837229428,-0.04924267837229428,True,,infinite_stale_prefix_max_all_pairs,uniform_arbitrary_stream_transfer
0,retrieval_frozen,adam,4000,29.71272255340369,0.007302008608825519,0.08515624725571087,912.7445604753865,1.0,2.9862722127050603,1.5206085460972048e-190,0.007296790750299142,True,fixed,,,,256,0.9519500839678551,0.9519500839678551,-0.04924267837229428,-0.04924267837229428,True,,infinite_stale_prefix_max_all_pairs,uniform_arbitrary_stream_transfer
0,retrieval_frozen,adam,4000,29.71272255340369,0.007302008608825519,0.08515624725571087,912.7445604753865,1.0,2.9862722127050603,1.5206085460972048e-190,0.007296790750299142,True,fixed,,,,512,0.9519500839678551,0.9519500839678551,-0.04924267837229428,-0.04924267837229428,True,,infinite_stale_prefix_max_all_pairs,uniform_arbitrary_stream_transfer
0,retrieval_frozen,adam,4000,29.71272255340369,0.007302008608825519,0.08515624725571087,912.7445604753865,1.0,2.9862722127050603,1.5206085460972048e-190,0.007296790750299142,True,adaptive_theta,0.25,,,2,0.3141381497410397,0.3151702782855841,-1.1579224225029776,-1.1546422202236835,True,,infinite_stale_prefix_max_all_pairs,uniform_arbitrary_stream_transfer
0,retrieval_frozen,adam,4000,29.71272255340369,0.007302008608825519,0.08515624725571087,912.7445604753865,1.0,2.9862722127050603,1.5206085460972048e-190,0.007296790750299142,True,reference_theta,0.25,,,2,0.3141381497410397,0.3151702782855841,-1.1579224225029776,-1.1546422202236835,True,,infinite_stale_prefix_max_all_pairs,uniform_arbitrary_stream_transfer
0,retrieval_frozen,adam,4000,29.71272255340369,0.007302008608825519,0.08515624725571087,912.7445604753865,1.0,2.9862722127050603,1.5206085460972048e-190,0.007296790750299142,True,adaptive_theta,0.5,,,4,0.33194226420373457,0.3329590553272477,-1.1027942281893282,-1.099735753536754,True,,infinite_stale_prefix_max_all_pairs,uniform_arbitrary_stream_transfer
0,retrieval_frozen,adam,4000,29.71272255340369,0.007302008608825519,0.08515624725571087,912.7445604753865,1.0,2.9862722127050603,1.5206085460972048e-190,0.007296790750299142,True,reference_theta,0.5,,,4,0.33194226420373457,0.3329590553272477,-1.1027942281893282,-1.099735753536754,True,,infinite_stale_prefix_max_all_pairs,uniform_arbitrary_stream_transfer
0,retrieval_frozen,adam,4000,29.71272255340369,0.007302008608825519,0.08515624725571087,912.7445604753865,1.0,2.9862722127050603,1.5206085460972048e-190,0.007296790750299142,True,adaptive_theta,0.75,,,5,0.36641840901188205,0.3673968520321606,-1.0039794045079367,-1.0013126744681933,True,,infinite_stale_prefix_max_all_pairs,uniform_arbitrary_stream_transfer
0,retrieval_frozen,adam,4000,29.71272255340369,0.007302008608825519,0.08515624725571087,912.7445604753865,1.0,2.9862722127050603,1.5206085460972048e-190,0.007296790750299142,True,reference_theta,0.75,,,5,0.36641840901188205,0.3673968520321606,-1.0039794045079367,-1.0013126744681933,True,,infinite_stale_prefix_max_all_pairs,uniform_arbitrary_stream_transfer
0,retrieval_frozen,adam,4000,29.71272255340369,0.007302008608825519,0.08515624725571087,912.7445604753865,1.0,2.9862722127050603,1.5206085460972048e-190,0.007296790750299142,True,clock,,2,0.001,1,0.3123628286496755,0.3133963038509543,-1.1635898544927343,-1.1602867428408215,True,,infinite_stale_prefix_max_all_pairs,uniform_arbitrary_stream_transfer
0,retrieval_frozen,adam,4000,29.71272255340369,0.007302008608825519,0.08515624725571087,912.7445604753865,1.0,2.9862722127050603,1.5206085460972048e-190,0.007296790750299142,True,clock,,2,0.003,3,0.31895206101197354,0.31998036760452386,-1.1427144664496374,-1.1394956363062918,True,,infinite_stale_prefix_max_all_pairs,uniform_arbitrary_stream_transfer
0,retrieval_frozen,adam,4000,29.71272255340369,0.007302008608825519,0.08515624725571087,912.7445604753865,1.0,2.9862722127050603,1.5206085460972048e-190,0.007296790750299142,True,clock,,2,0.01,9,0.9002144287232408,0.9002331944038893,-0.10512228989890167,-0.10510144432649166,True,,infinite_stale_prefix_max_all_pairs,uniform_arbitrary_stream_transfer
0,retrieval_frozen,adam,4000,29.71272255340369,0.007302008608825519,0.08515624725571087,912.7445604753865,1.0,2.9862722127050603,1.5206085460972048e-190,0.007296790750299142,True,clock,,2,0.03,27,0.9519500832758246,0.9519500832758246,-0.04924267909925522,-0.04924267909925522,True,,infinite_stale_prefix_max_all_pairs,uniform_arbitrary_stream_transfer
0,retrieval_frozen,adam,4000,29.71272255340369,0.007302008608825519,0.08515624725571087,912.7445604753865,1.0,2.9862722127050603,1.5206085460972048e-190,0.007296790750299142,True,clock,,2,0.1,89,0.9519500839678551,0.9519500839678551,-0.04924267837229428,-0.04924267837229428,True,,infinite_stale_prefix_max_all_pairs,uniform_arbitrary_stream_transfer
0,retrieval_frozen,adam,5000,33.89887827553162,0.00730224394963549,0.08515732852280082,1183.2098241084593,1.0,3.4048877815495904,6.146559673943473e-234,0.007296790750299142,True,fixed,,,,1,0.2891098180556722,0.2892662944953101,-1.2409486697766416,-1.2404075808898083,True,,infinite_stale_prefix_max_all_pairs,uniform_arbitrary_stream_transfer
0,retrieval_frozen,adam,5000,33.89887827553162,0.00730224394963549,0.08515732852280082,1183.2098241084593,1.0,3.4048877815495904,6.146559673943473e-234,0.007296790750299142,True,fixed,,,,2,0.2893786855037498,0.28953515306851585,-1.240019118140669,-1.2394785625064768,True,,infinite_stale_prefix_max_all_pairs,uniform_arbitrary_stream_transfer
0,retrieval_frozen,adam,5000,33.89887827553162,0.00730224394963549,0.08515732852280082,1183.2098241084593,1.0,3.4048877815495904,6.146559673943473e-234,0.007296790750299142,True,fixed,,,,3,0.2901094650339884,0.29026590780318345,-1.2374969615894051,-1.2369578526598883,True,,infinite_stale_prefix_max_all_pairs,uniform_arbitrary_stream_transfer
0,retrieval_frozen,adam,5000,33.89887827553162,0.00730224394963549,0.08515732852280082,1183.2098241084593,1.0,3.4048877815495904,6.146559673943473e-234,0.007296790750299142,True,fixed,,,,4,0.29209532218651535,0.2922516926217963,-1.230675084141476,-1.2301398869553837,True,,infinite_stale_prefix_max_all_pairs,uniform_arbitrary_stream_transfer
0,retrieval_frozen,adam,5000,33.89887827553162,0.00730224394963549,0.08515732852280082,1183.2098241084593,1.0,3.4048877815495904,6.146559673943473e-234,0.007296790750299142,True,fixed,,,,5,0.29748832771427486,0.2976444656187349,-1.2123802893400146,-1.2118555731429184,True,,infinite_stale_prefix_max_all_pairs,uniform_arbitrary_stream_transfer
0,retrieval_frozen,adam,5000,33.89887827553162,0.00730224394963549,0.08515732852280082,1183.2098241084593,1.0,3.4048877815495904,6.146559673943473e-234,0.007296790750299142,True,fixed,,,,8,0.44993102781631455,0.4500632328071759,-0.7986609794843523,-0.7983671887401298,True,,infinite_stale_prefix_max_all_pairs,uniform_arbitrary_stream_transfer
0,retrieval_frozen,adam,5000,33.89887827553162,0.00730224394963549,0.08515732852280082,1183.2098241084593,1.0,3.4048877815495904,6.146559673943473e-234,0.007296790750299142,True,fixed,,,,16,0.967624926729502,0.9676249268005999,-0.03291073917926018,-0.0329107391057834,True,,infinite_stale_prefix_max_all_pairs,uniform_arbitrary_stream_transfer
0,retrieval_frozen,adam,5000,33.89887827553162,0.00730224394963549,0.08515732852280082,1183.2098241084593,1.0,3.4048877815495904,6.146559673943473e-234,0.007296790750299142,True,fixed,,,,32,0.9678569417998191,0.9678569417998191,-0.032670990024074524,-0.032670990024074524,True,,infinite_stale_prefix_max_all_pairs,uniform_arbitrary_stream_transfer
0,retrieval_frozen,adam,5000,33.89887827553162,0.00730224394963549,0.08515732852280082,1183.2098241084593,1.0,3.4048877815495904,6.146559673943473e-234,0.007296790750299142,True,fixed,,,,64,0.9678569418258833,0.9678569418258833,-0.03267098999714474,-0.03267098999714474,True,,infinite_stale_prefix_max_all_pairs,uniform_arbitrary_stream_transfer
0,retrieval_frozen,adam,5000,33.89887827553162,0.00730224394963549,0.08515732852280082,1183.2098241084593,1.0,3.4048877815495904,6.146559673943473e-234,0.007296790750299142,True,fixed,,,,128,0.9678569418258833,0.9678569418258833,-0.03267098999714474,-0.03267098999714474,True,,infinite_stale_prefix_max_all_pairs,uniform_arbitrary_stream_transfer
0,retrieval_frozen,adam,5000,33.89887827553162,0.00730224394963549,0.08515732852280082,1183.2098241084593,1.0,3.4048877815495904,6.146559673943473e-234,0.007296790750299142,True,fixed,,,,256,0.9678569418258833,0.9678569418258833,-0.03267098999714474,-0.03267098999714474,True,,infinite_stale_prefix_max_all_pairs,uniform_arbitrary_stream_transfer
0,retrieval_frozen,adam,5000,33.89887827553162,0.00730224394963549,0.08515732852280082,1183.2098241084593,1.0,3.4048877815495904,6.146559673943473e-234,0.007296790750299142,True,fixed,,,,512,0.9678569418258833,0.9678569418258833,-0.03267098999714474,-0.03267098999714474,True,,infinite_stale_prefix_max_all_pairs,uniform_arbitrary_stream_transfer
0,retrieval_frozen,adam,5000,33.89887827553162,0.00730224394963549,0.08515732852280082,1183.2098241084593,1.0,3.4048877815495904,6.146559673943473e-234,0.007296790750299142,True,adaptive_theta,0.25,,,3,0.2901094650339884,0.29026590780318345,-1.2374969615894051,-1.2369578526598883,True,,infinite_stale_prefix_max_all_pairs,uniform_arbitrary_stream_transfer
0,retrieval_frozen,adam,5000,33.89887827553162,0.00730224394963549,0.08515732852280082,1183.2098241084593,1.0,3.4048877815495904,6.146559673943473e-234,0.007296790750299142,True,reference_theta,0.25,,,3,0.2901094650339884,0.29026590780318345,-1.2374969615894051,-1.2369578526598883,True,,infinite_stale_prefix_max_all_pairs,uniform_arbitrary_stream_transfer
0,retrieval_frozen,adam,5000,33.89887827553162,0.00730224394963549,0.08515732852280082,1183.2098241084593,1.0,3.4048877815495904,6.146559673943473e-234,0.007296790750299142,True,adaptive_theta,0.5,,,5,0.29748832771427486,0.2976444656187349,-1.2123802893400146,-1.2118555731429184,True,,infinite_stale_prefix_max_all_pairs,uniform_arbitrary_stream_transfer
0,retrieval_frozen,adam,5000,33.89887827553162,0.00730224394963549,0.08515732852280082,1183.2098241084593,1.0,3.4048877815495904,6.146559673943473e-234,0.007296790750299142,True,reference_theta,0.5,,,5,0.29748832771427486,0.2976444656187349,-1.2123802893400146,-1.2118555731429184,True,,infinite_stale_prefix_max_all_pairs,uniform_arbitrary_stream_transfer
0,retrieval_frozen,adam,5000,33.89887827553162,0.00730224394963549,0.08515732852280082,1183.2098241084593,1.0,3.4048877815495904,6.146559673943473e-234,0.007296790750299142,True,adaptive_theta,0.75,,,7,0.35122085538432185,0.35137204277540063,-1.0463400357715271,-1.045909665940553,True,,infinite_stale_prefix_max_all_pairs,uniform_arbitrary_stream_transfer
0,retrieval_frozen,adam,5000,33.89887827553162,0.00730224394963549,0.08515732852280082,1183.2098241084593,1.0,3.4048877815495904,6.146559673943473e-234,0.007296790750299142,True,reference_theta,0.75,,,7,0.35122085538432185,0.35137204277540063,-1.0463400357715271,-1.045909665940553,True,,infinite_stale_prefix_max_all_pairs,uniform_arbitrary_stream_transfer
0,retrieval_frozen,adam,5000,33.89887827553162,0.00730224394963549,0.08515732852280082,1183.2098241084593,1.0,3.4048877815495904,6.146559673943473e-234,0.007296790750299142,True,clock,,2,0.001,2,0.2893786855037498,0.28953515306851585,-1.240019118140669,-1.2394785625064768,True,,infinite_stale_prefix_max_all_pairs,uniform_arbitrary_stream_transfer
0,retrieval_frozen,adam,5000,33.89887827553162,0.00730224394963549,0.08515732852280082,1183.2098241084593,1.0,3.4048877815495904,6.146559673943473e-234,0.007296790750299142,True,clock,,2,0.003,4,0.29209532218651535,0.2922516926217963,-1.230675084141476,-1.2301398869553837,True,,infinite_stale_prefix_max_all_pairs,uniform_arbitrary_stream_transfer
0,retrieval_frozen,adam,5000,33.89887827553162,0.00730224394963549,0.08515732852280082,1183.2098241084593,1.0,3.4048877815495904,6.146559673943473e-234,0.007296790750299142,True,clock,,2,0.01,12,0.954063790095349,0.9540640384998633,-0.047024743841238184,-0.04702448347659114,True,,infinite_stale_prefix_max_all_pairs,uniform_arbitrary_stream_transfer
0,retrieval_frozen,adam,5000,33.89887827553162,0.00730224394963549,0.08515732852280082,1183.2098241084593,1.0,3.4048877815495904,6.146559673943473e-234,0.007296790750299142,True,clock,,2,0.03,35,0.9678569418245856,0.9678569418245856,-0.032670989998485486,-0.032670989998485486,True,,infinite_stale_prefix_max_all_pairs,uniform_arbitrary_stream_transfer
0,retrieval_frozen,adam,5000,33.89887827553162,0.00730224394963549,0.08515732852280082,1183.2098241084593,1.0,3.4048877815495904,6.146559673943473e-234,0.007296790750299142,True,clock,,2,0.1,115,0.9678569418258833,0.9678569418258833,-0.03267098999714474,-0.03267098999714474,True,,infinite_stale_prefix_max_all_pairs,uniform_arbitrary_stream_transfer
0,retrieval_frozen,adam,6000,37.589893042687706,0.0073024136772996155,0.08515810070941489,1450.7590343413935,1.0,3.7739892559571095,2.5005079847459934e-277,0.007296790750299142,True,fixed,,,,1,0.2694837982855542,0.2695073411835248,-1.3112470081190595,-1.3111596489910085,True,,infinite_stale_prefix_max_all_pairs,uniform_arbitrary_stream_transfer
0,retrieval_frozen,adam,6000,37.589893042687706,0.0073024136772996155,0.08515810070941489,1450.7590343413935,1.0,3.7739892559571095,2.5005079847459934e-277,0.007296790750299142,True,fixed,,,,2,0.26952425169195166,0.2695477947920108,-1.3110969049564996,-1.3110095581900416,True,,infinite_stale_prefix_max_all_pairs,uniform_arbitrary_stream_transfer
0,retrieval_frozen,adam,6000,37.589893042687706,0.0073024136772996155,0.08515810070941489,1450.7590343413935,1.0,3.7739892559571095,2.5005079847459934e-277,0.007296790750299142,True,fixed,,,,3,0.26963421720296643,0.26965776084986104,-1.3106889895888156,-1.310601676415738,True,,infinite_stale_prefix_max_all_pairs,uniform_arbitrary_stream_transfer
0,retrieval_frozen,adam,6000,37.589893042687706,0.0073024136772996155,0.08515810070941489,1450.7590343413935,1.0,3.7739892559571095,2.5005079847459934e-277,0.007296790750299142,True,fixed,,,,4,0.2699331472778889,0.26995669239278686,-1.3095809533168508,-1.3094937313942185,True,,infinite_stale_prefix_max_all_pairs,uniform_arbitrary_stream_transfer
0,retrieval_frozen,adam,6000,37.589893042687706,0.0073024136772996155,0.08515810070941489,1450.7590343413935,1.0,3.7739892559571095,2.5005079847459934e-277,0.007296790750299142,True,fixed,,,,5,0.27074581587457475,0.27076936484378716,-1.3065748470539678,-1.3064878726899396,True,,infinite_stale_prefix_max_all_pairs,uniform_arbitrary_stream_transfer
0,retrieval_frozen,adam,6000,37.589893042687706,0.0073024136772996155,0.08515810070941489,1450.7590343413935,1.0,3.7739892559571095,2.5005079847459934e-277,0.007296790750299142,True,fixed,,,,8,0.2953129805472272,0.2953365550821971,-1.2197195340455291,-1.2196397082484691,True,,infinite_stale_prefix_max_all_pairs,uniform_arbitrary_stream_transfer
0,retrieval_frozen,adam,6000,37.589893042687706,0.0073024136772996155,0.08515810070941489,1450.7590343413935,1.0,3.7739892559571095,2.5005079847459934e-277,0.007296790750299142,True,fixed,,,,16,0.9762575355702594,0.97625753597324,-0.024028858964040185,-0.024028858551259063,True,,infinite_stale_prefix_max_all_pairs,uniform_arbitrary_stream_transfer
0,retrieval_frozen,adam,6000,37.589893042687706,0.0073024136772996155,0.08515810070941489,1450.7590343413935,1.0,3.7739892559571095,2.5005079847459934e-277,0.007296790750299142,True,fixed,,,,32,0.9775550562874321,0.9775550562874321,-0.02270066514102333,-0.02270066514102333,True,,infinite_stale_prefix_max_all_pairs,uniform_arbitrary_stream_transfer
0,retrieval_frozen,adam,6000,37.589893042687706,0.0073024136772996155,0.08515810070941489,1450.7590343413935,1.0,3.7739892559571095,2.5005079847459934e-277,0.007296790750299142,True,fixed,,,,64,0.9775550564312111,0.9775550564312111,-0.022700664993943066,-0.022700664993943066,True,,infinite_stale_prefix_max_all_pairs,uniform_arbitrary_stream_transfer
0,retrieval_frozen,adam,6000,37.589893042687706,0.0073024136772996155,0.08515810070941489,1450.7590343413935,1.0,3.7739892559571095,2.5005079847459934e-277,0.007296790750299142,True,fixed,,,,128,0.9775550564312111,0.9775550564312111,-0.022700664993943066,-0.022700664993943066,True,,infinite_stale_prefix_max_all_pairs,uniform_arbitrary_stream_transfer
0,retrieval_frozen,adam,6000,37.589893042687706,0.0073024136772996155,0.08515810070941489,1450.7590343413935,1.0,3.7739892559571095,2.5005079847459934e-277,0.007296790750299142,True,fixed,,,,256,0.9775550564312111,0.9775550564312111,-0.022700664993943066,-0.022700664993943066,True,,infinite_stale_prefix_max_all_pairs,uniform_arbitrary_stream_transfer
0,retrieval_frozen,adam,6000,37.589893042687706,0.0073024136772996155,0.08515810070941489,1450.7590343413935,1.0,3.7739892559571095,2.5005079847459934e-277,0.007296790750299142,True,fixed,,,,512,0.9775550564312111,0.9775550564312111,-0.022700664993943066,-0.022700664993943066,True,,infinite_stale_prefix_max_all_pairs,uniform_arbitrary_stream_transfer
0,retrieval_frozen,adam,6000,37.589893042687706,0.0073024136772996155,0.08515810070941489,1450.7590343413935,1.0,3.7739892559571095,2.5005079847459934e-277,0.007296790750299142,True,adaptive_theta,0.25,,,3,0.26963421720296643,0.26965776084986104,-1.3106889895888156,-1.310601676415738,True,,infinite_stale_prefix_max_all_pairs,uniform_arbitrary_stream_transfer
0,retrieval_frozen,adam,6000,37.589893042687706,0.0073024136772996155,0.08515810070941489,1450.7590343413935,1.0,3.7739892559571095,2.5005079847459934e-277,0.007296790750299142,True,reference_theta,0.25,,,3,0.26963421720296643,0.26965776084986104,-1.3106889895888156,-1.310601676415738,True,,infinite_stale_prefix_max_all_pairs,uniform_arbitrary_stream_transfer
0,retrieval_frozen,adam,6000,37.589893042687706,0.0073024136772996155,0.08515810070941489,1450.7590343413935,1.0,3.7739892559571095,2.5005079847459934e-277,0.007296790750299142,True,adaptive_theta,0.5,,,6,0.2729555137772278,0.27297907222153855,-1.2984464502724598,-1.2983601452647553,True,,infinite_stale_prefix_max_all_pairs,uniform_arbitrary_stream_transfer
0,retrieval_frozen,adam,6000,37.589893042687706,0.0073024136772996155,0.08515810070941489,1450.7590343413935,1.0,3.7739892559571095,2.5005079847459934e-277,0.007296790750299142,True,reference_theta,0.5,,,6,0.2729555137772278,0.27297907222153855,-1.2984464502724598,-1.2983601452647553,True,,infinite_stale_prefix_max_all_pairs,uniform_arbitrary_stream_transfer
0,retrieval_frozen,adam,6000,37.589893042687706,0.0073024136772996155,0.08515810070941489,1450.7590343413935,1.0,3.7739892559571095,2.5005079847459934e-277,0.007296790750299142,True,adaptive_theta,0.75,,,8,0.2953129805472272,0.2953365550821971,-1.2197195340455291,-1.2196397082484691,True,,infinite_stale_prefix_max_all_pairs,uniform_arbitrary_stream_transfer
0,retrieval_frozen,adam,6000,37.589893042687706,0.0073024136772996155,0.08515810070941489,1450.7590343413935,1.0,3.7739892559571095,2.5005079847459934e-277,0.007296790750299142,True,reference_theta,0.75,,,8,0.2953129805472272,0.2953365550821971,-1.2197195340455291,-1.2196397082484691,True,,infinite_stale_prefix_max_all_pairs,uniform_arbitrary_stream_transfer
0,retrieval_frozen,adam,6000,37.589893042687706,0.0073024136772996155,0.08515810070941489,1450.7590343413935,1.0,3.7739892559571095,2.5005079847459934e-277,0.007296790750299142,True,clock,,2,0.001,2,0.26952425169195166,0.2695477947920108,-1.3110969049564996,-1.3110095581900416,True,,infinite_stale_prefix_max_all_pairs,uniform_arbitrary_stream_transfer
0,retrieval_frozen,adam,6000,37.589893042687706,0.0073024136772996155,0.08515810070941489,1450.7590343413935,1.0,3.7739892559571095,2.5005079847459934e-277,0.007296790750299142,True,clock,,2,0.003,5,0.27074581587457475,0.27076936484378716,-1.3065748470539678,-1.3064878726899396,True,,infinite_stale_prefix_max_all_pairs,uniform_arbitrary_stream_transfer
0,retrieval_frozen,adam,6000,37.589893042687706,0.0073024136772996155,0.08515810070941489,1450.7590343413935,1.0,3.7739892559571095,2.5005079847459934e-277,0.007296790750299142,True,clock,,2,0.01,15,0.9739358800699758,0.9739358831999825,-0.026409809056926442,-0.026409805843155644,True,,infinite_stale_prefix_max_all_pairs,uniform_arbitrary_stream_transfer
0,retrieval_frozen,adam,6000,37.589893042687706,0.0073024136772996155,0.08515810070941489,1450.7590343413935,1.0,3.7739892559571095,2.5005079847459934e-277,0.007296790750299142,True,clock,,2,0.03,43,0.9775550564312088,0.9775550564312088,-0.02270066499394552,-0.02270066499394552,True,,infinite_stale_prefix_max_all_pairs,uniform_arbitrary_stream_transfer
0,retrieval_frozen,adam,6000,37.589893042687706,0.0073024136772996155,0.08515810070941489,1450.7590343413935,1.0,3.7739892559571095,2.5005079847459934e-277,0.007296790750299142,True,clock,,2,0.1,142,0.9775550564312111,0.9775550564312111,-0.022700664993943066,-0.022700664993943066,True,,infinite_stale_prefix_max_all_pairs,uniform_arbitrary_stream_transfer
0,retrieval_frozen,adam,7000,40.904032203641215,0.007302542147667306,0.08515867976477486,1714.2058468440248,1.0,4.105403170385797,8.47e-321,0.007296790750299142,True,fixed,,,,1,0.2525956549406164,0.2525992412115307,-1.3759652705572525,-1.375951072983438,True,,infinite_stale_prefix_max_all_pairs,uniform_arbitrary_stream_transfer
0,retrieval_frozen,adam,7000,40.904032203641215,0.007302542147667306,0.08515867976477486,1714.2058468440248,1.0,4.105403170385797,8.47e-321,0.007296790750299142,True,fixed,,,,2,0.25260181716936203,0.25260540345308896,-1.3759408752303313,-1.3759266779521429,True,,infinite_stale_prefix_max_all_pairs,uniform_arbitrary_stream_transfer
0,retrieval_frozen,adam,7000,40.904032203641215,0.007302542147667306,0.08515867976477486,1714.2058468440248,1.0,4.105403170385797,8.47e-321,0.007296790750299142,True,fixed,,,,3,0.2526185679550317,0.25262215427357765,-1.375874564423527,-1.3758603679489032,True,,infinite_stale_prefix_max_all_pairs,uniform_arbitrary_stream_transfer
0,retrieval_frozen,adam,7000,40.904032203641215,0.007302542147667306,0.08515867976477486,1714.2058468440248,1.0,4.105403170385797,8.47e-321,0.007296790750299142,True,fixed,,,,4,0.25266410213290685,0.25266768854603194,-1.3756943319291473,-1.3756801376386185,True,,infinite_stale_prefix_max_all_pairs,uniform_arbitrary_stream_transfer
0,retrieval_frozen,adam,7000,40.904032203641215,0.007302542147667306,0.08515867976477486,1714.2058468440248,1.0,4.105403170385797,8.47e-321,0.007296790750299142,True,fixed,,,,5,0.25278788292308996,0.25279146959279974,-1.3752045493333034,-1.3751903609781342,True,,infinite_stale_prefix_max_all_pairs,uniform_arbitrary_stream_transfer
0,retrieval_frozen,adam,7000,40.904032203641215,0.007302542147667306,0.08515867976477486,1714.2058468440248,1.0,4.105403170385797,8.47e-321,0.007296790750299142,True,fixed,,,,8,0.256529227739966,0.25653282180776055,-1.3605126725589667,-1.3604986622933555,True,,infinite_stale_prefix_max_all_pairs,uniform_arbitrary_stream_transfer
0,retrieval_frozen,adam,7000,40.904032203641215,0.007302542147667306,0.08515867976477486,1714.2058468440248,1.0,4.105403170385797,8.47e-321,0.007296790750299142,True,fixed,,,,16,0.97599184221968,0.9759918448679255,-0.024301050985451413,-0.02430104827206249,True,,infinite_stale_prefix_max_all_pairs,uniform_arbitrary_stream_transfer
0,retrieval_frozen,adam,7000,40.904032203641215,0.007302542147667306,0.08515867976477486,1714.2058468440248,1.0,4.105403170385797,8.47e-321,0.007296790750299142,True,fixed,,,,32,0.983783922945937,0.983783922945937,-0.016348996545504695,-0.016348996545504695,True,,infinite_stale_prefix_max_all_pairs,uniform_arbitrary_stream_transfer
0,retrieval_frozen,adam,7000,40.904032203641215,0.007302542147667306,0.08515867976477486,1714.2058468440248,1.0,4.105403170385797,8.47e-321,0.007296790750299142,True,fixed,,,,64,0.9837839237247386,0.9837839237247386,-0.016348995753865767,-0.016348995753865767,True,,infinite_stale_prefix_max_all_pairs,uniform_arbitrary_stream_transfer
0,retrieval_frozen,adam,7000,40.904032203641215,0.007302542147667306,0.08515867976477486,1714.2058468440248,1.0,4.105403170385797,8.47e-321,0.007296790750299142,True,fixed,,,,128,0.9837839237247386,0.9837839237247386,-0.016348995753865767,-0.016348995753865767,True,,infinite_stale_prefix_max_all_pairs,uniform_arbitrary_stream_transfer
0,retrieval_frozen,adam,7000,40.904032203641215,0.007302542147667306,0.08515867976477486,1714.2058468440248,1.0,4.105403170385797,8.47e-321,0.007296790750299142,True,fixed,,,,256,0.9837839237247386,0.9837839237247386,-0.016348995753865767,-0.016348995753865767,True,,infinite_stale_prefix_max_all_pairs,uniform_arbitrary_stream_transfer
0,retrieval_frozen,adam,7000,40.904032203641215,0.007302542147667306,0.08515867976477486,1714.2058468440248,1.0,4.105403170385797,8.47e-321,0.007296790750299142,True,fixed,,,,512,0.9837839237247386,0.9837839237247386,-0.016348995753865767,-0.016348995753865767,True,,infinite_stale_prefix_max_all_pairs,uniform_arbitrary_stream_transfer
0,retrieval_frozen,adam,7000,40.904032203641215,0.007302542147667306,0.08515867976477486,1714.2058468440248,1.0,4.105403170385797,8.47e-321,0.007296790750299142,True,adaptive_theta,0.25,,,4,0.25266410213290685,0.25266768854603194,-1.3756943319291473,-1.3756801376386185,True,,infinite_stale_prefix_max_all_pairs,uniform_arbitrary_stream_transfer
0,retrieval_frozen,adam,7000,40.904032203641215,0.007302542147667306,0.08515867976477486,1714.2058468440248,1.0,4.105403170385797,8.47e-321,0.007296790750299142,True,reference_theta,0.25,,,4,0.25266410213290685,0.25266768854603194,-1.3756943319291473,-1.3756801376386185,True,,infinite_stale_prefix_max_all_pairs,uniform_arbitrary_stream_transfer
0,retrieval_frozen,adam,7000,40.904032203641215,0.007302542147667306,0.08515867976477486,1714.2058468440248,1.0,4.105403170385797,8.47e-321,0.007296790750299142,True,adaptive_theta,0.5,,,7,0.2540394692130782,0.2540430584345139,-1.3702656334327996,-1.3702515049350046,True,,infinite_stale_prefix_max_all_pairs,uniform_arbitrary_stream_transfer
0,retrieval_frozen,adam,7000,40.904032203641215,0.007302542147667306,0.08515867976477486,1714.2058468440248,1.0,4.105403170385797,8.47e-321,0.007296790750299142,True,reference_theta,0.5,,,7,0.2540394692130782,0.2540430584345139,-1.3702656334327996,-1.3702515049350046,True,,infinite_stale_prefix_max_all_pairs,uniform_arbitrary_stream_transfer
0,retrieval_frozen,adam,7000,40.904032203641215,0.007302542147667306,0.08515867976477486,1714.2058468440248,1.0,4.105403170385797,8.47e-321,0.007296790750299142,True,adaptive_theta,0.75,,,10,0.2818422174837587,0.28184584413037195,-1.2664078770984761,-1.2663950095326706,True,,infinite_stale_prefix_max_all_pairs,uniform_arbitrary_stream_transfer
0,retrieval_frozen,adam,7000,40.904032203641215,0.007302542147667306,0.08515867976477486,1714.2058468440248,1.0,4.105403170385797,8.47e-321,0.007296790750299142,True,reference_theta,0.75,,,10,0.2818422174837587,0.28184584413037195,-1.2664078770984761,-1.2663950095326706,True,,infinite_stale_prefix_max_all_pairs,uniform_arbitrary_stream_transfer
0,retrieval_frozen,adam,7000,40.904032203641215,0.007302542147667306,0.08515867976477486,1714.2058468440248,1.0,4.105403170385797,8.47e-321,0.007296790750299142,True,clock,,2,0.001,2,0.25260181716936203,0.25260540345308896,-1.3759408752303313,-1.3759266779521429,True,,infinite_stale_prefix_max_all_pairs,uniform_arbitrary_stream_transfer
0,retrieval_frozen,adam,7000,40.904032203641215,0.007302542147667306,0.08515867976477486,1714.2058468440248,1.0,4.105403170385797,8.47e-321,0.007296790750299142,True,clock,,2,0.003,6,0.25312439861097064,0.25312798597439673,-1.3738742169820497,-1.3738600447488498,True,,infinite_stale_prefix_max_all_pairs,uniform_arbitrary_stream_transfer
0,retrieval_frozen,adam,7000,40.904032203641215,0.007302542147667306,0.08515867976477486,1714.2058468440248,1.0,4.105403170385797,8.47e-321,0.007296790750299142,True,clock,,2,0.01,17,0.981119716822624,0.9811197171357453,-0.019060791365431214,-0.019060791046284293,True,,infinite_stale_prefix_max_all_pairs,uniform_arbitrary_stream_transfer
0,retrieval_frozen,adam,7000,40.904032203641215,0.007302542147667306,0.08515867976477486,1714.2058468440248,1.0,4.105403170385797,8.47e-321,0.007296790750299142,True,clock,,2,0.03,51,0.9837839237247386,0.9837839237247386,-0.016348995753865767,-0.016348995753865767,True,,infinite_stale_prefix_max_all_pairs,uniform_arbitrary_stream_transfer
0,retrieval_frozen,adam,7000,40.904032203641215,0.007302542147667306,0.08515867976477486,1714.2058468440248,1.0,4.105403170385797,8.47e-321,0.007296790750299142,True,clock,,2,0.1,168,0.9837839237247386,0.9837839237247386,-0.016348995753865767,-0.016348995753865767,True,,infinite_stale_prefix_max_all_pairs,uniform_arbitrary_stream_transfer
0,retrieval_frozen,adam,8000,43.92044429817172,0.007302643263769478,0.08515913008205499,1973.0813489113061,1.0,4.4070443785893,0.0,0.007296790750299142,True,fixed,,,,1,0.23784652523225377,0.23784708330881685,-1.4361296652824382,-1.4361273189126194,True,,infinite_stale_prefix_max_all_pairs,uniform_arbitrary_stream_transfer
0,retrieval_frozen,adam,8000,43.92044429817172,0.007302643263769478,0.08515913008205499,1973.0813489113061,1.0,4.4070443785893,0.0,0.007296790750299142,True,fixed,,,,2,0.23784748416524612,0.23784804224229722,-1.4361256335604766,-1.4361232871980658,True,,infinite_stale_prefix_max_all_pairs,uniform_arbitrary_stream_transfer
0,retrieval_frozen,adam,8000,43.92044429817172,0.007302643263769478,0.08515913008205499,1973.0813489113061,1.0,4.4070443785893,0.0,0.007296790750299142,True,fixed,,,,3,0.2378500908196124,0.2378506488979903,-1.4361146742682567,-1.4361123279259818,True,,infinite_stale_prefix_max_all_pairs,uniform_arbitrary_stream_transfer
0,retrieval_frozen,adam,8000,43.92044429817172,0.007302643263769478,0.08515913008205499,1973.0813489113061,1.0,4.4070443785893,0.0,0.007296790750299142,True,fixed,,,,4,0.23785717647212626,0.2378577345541105,-1.4360848842986615,-1.4360825380111213,True,,infinite_stale_prefix_max_all_pairs,uniform_arbitrary_stream_transfer
0,retrieval_frozen,adam,8000,43.92044429817172,0.007302643263769478,0.08515913008205499,1973.0813489113061,1.0,4.4070443785893,0.0,0.007296790750299142,True,fixed,,,,5,0.2378764375039668,0.237876995595752,-1.4360039102775488,-1.436001564138787,True,,infinite_stale_prefix_max_all_pairs,uniform_arbitrary_stream_transfer
0,retrieval_frozen,adam,8000,43.92044429817172,0.007302643263769478,0.08515913008205499,1973.0813489113061,1.0,4.4070443785893,0.0,0.007296790750299142,True,fixed,,,,8,0.23845814223413506,0.23845870062047944,-1.4335614883158077,-1.433559146665045,True,,infinite_stale_prefix_max_all_pairs,uniform_arbitrary_stream_transfer
0,retrieval_frozen,adam,8000,43.92044429817172,0.007302643263769478,0.08515913008205499,1973.0813489113061,1.0,4.4070443785893,0.0,0.007296790750299142,True,fixed,,,,16,0.9184655600043159,0.91846558927848,-0.0850508709425035,-0.08505083906960062,True,,infinite_stale_prefix_max_all_pairs,uniform_arbitrary_stream_transfer
0,retrieval_frozen,adam,8000,43.92044429817172,0.007302643263769478,0.08515913008205499,1973.0813489113061,1.0,4.4070443785893,0.0,0.007296790750299142,True,fixed,,,,32,0.9879556725337689,0.9879556725337689,-0.01211744809728103,-0.01211744809728103,True,,infinite_stale_prefix_max_all_pairs,uniform_arbitrary_stream_transfer
0,retrieval_frozen,adam,8000,43.92044429817172,0.007302643263769478,0.08515913008205499,1973.0813489113061,1.0,4.4070443785893,0.0,0.007296790750299142,True,fixed,,,,64,0.9879556766641604,0.9879556766641604,-0.012117443916535292,-0.012117443916535292,True,,infinite_stale_prefix_max_all_pairs,uniform_arbitrary_stream_transfer
0,retrieval_frozen,adam,8000,43.92044429817172,0.007302643263769478,0.08515913008205499,1973.0813489113061,1.0,4.4070443785893,0.0,0.007296790750299142,True,fixed,,,,128,0.9879556766641604,0.9879556766641604,-0.012117443916535292,-0.012117443916535292,True,,infinite_stale_prefix_max_all_pairs,uniform_arbitrary_stream_transfer
0,retrieval_frozen,adam,8000,43.92044429817172,0.007302643263769478,0.08515913008205499,1973.0813489113061,1.0,4.4070443785893,0.0,0.007296790750299142,True,fixed,,,,256,0.9879556766641604,0.9879556766641604,-0.012117443916535292,-0.012117443916535292,True,,infinite_stale_prefix_max_all_pairs,uniform_arbitrary_stream_transfer
0,retrieval_frozen,adam,8000,43.92044429817172,0.007302643263769478,0.08515913008205499,1973.0813489113061,1.0,4.4070443785893,0.0,0.007296790750299142,True,fixed,,,,512,0.9879556766641604,0.9879556766641604,-0.012117443916535292,-0.012117443916535292,True,,infinite_stale_prefix_max_all_pairs,uniform_arbitrary_stream_transfer
0,retrieval_frozen,adam,8000,43.92044429817172,0.007302643263769478,0.08515913008205499,1973.0813489113061,1.0,4.4070443785893,0.0,0.007296790750299142,True,adaptive_theta,0.25,,,4,0.23785717647212626,0.2378577345541105,-1.4360848842986615,-1.4360825380111213,True,,infinite_stale_prefix_max_all_pairs,uniform_arbitrary_stream_transfer
0,retrieval_frozen,adam,8000,43.92044429817172,0.007302643263769478,0.08515913008205499,1973.0813489113061,1.0,4.4070443785893,0.0,0.007296790750299142,True,reference_theta,0.25,,,4,0.23785717647212626,0.2378577345541105,-1.4360848842986615,-1.4360825380111213,True,,infinite_stale_prefix_max_all_pairs,uniform_arbitrary_stream_transfer
0,retrieval_frozen,adam,8000,43.92044429817172,0.007302643263769478,0.08515913008205499,1973.0813489113061,1.0,4.4070443785893,0.0,0.007296790750299142,True,adaptive_theta,0.5,,,8,0.23845814223413506,0.23845870062047944,-1.4335614883158077,-1.433559146665045,True,,infinite_stale_prefix_max_all_pairs,uniform_arbitrary_stream_transfer
0,retrieval_frozen,adam,8000,43.92044429817172,0.007302643263769478,0.08515913008205499,1973.0813489113061,1.0,4.4070443785893,0.0,0.007296790750299142,True,reference_theta,0.5,,,8,0.23845814223413506,0.23845870062047944,-1.4335614883158077,-1.433559146665045,True,,infinite_stale_prefix_max_all_pairs,uniform_arbitrary_stream_transfer
0,retrieval_frozen,adam,8000,43.92044429817172,0.007302643263769478,0.08515913008205499,1973.0813489113061,1.0,4.4070443785893,0.0,0.007296790750299142,True,adaptive_theta,0.75,,,11,0.2502030081254056,0.2502035718714878,-1.3854826581382849,-1.3854804049861293,True,,infinite_stale_prefix_max_all_pairs,uniform_arbitrary_stream_transfer
0,retrieval_frozen,adam,8000,43.92044429817172,0.007302643263769478,0.08515913008205499,1973.0813489113061,1.0,4.4070443785893,0.0,0.007296790750299142,True,reference_theta,0.75,,,11,0.2502030081254056,0.2502035718714878,-1.3854826581382849,-1.3854804049861293,True,,infinite_stale_prefix_max_all_pairs,uniform_arbitrary_stream_transfer
0,retrieval_frozen,adam,8000,43.92044429817172,0.007302643263769478,0.08515913008205499,1973.0813489113061,1.0,4.4070443785893,0.0,0.007296790750299142,True,clock,,2,0.001,2,0.23784748416524612,0.23784804224229722,-1.4361256335604766,-1.4361232871980658,True,,infinite_stale_prefix_max_all_pairs,uniform_arbitrary_stream_transfer
0,retrieval_frozen,adam,8000,43.92044429817172,0.007302643263769478,0.08515913008205499,1973.0813489113061,1.0,4.4070443785893,0.0,0.007296790750299142,True,clock,,2,0.003,6,0.23792879612572965,0.23792935424414216,-1.435783826015025,-1.4357814802806415,True,,infinite_stale_prefix_max_all_pairs,uniform_arbitrary_stream_transfer
0,retrieval_frozen,adam,8000,43.92044429817172,0.007302643263769478,0.08515913008205499,1973.0813489113061,1.0,4.4070443785893,0.0,0.007296790750299142,True,clock,,2,0.01,20,0.9872716960942736,0.9872716960981717,-0.012810002764856861,-0.012810002760908497,True,,infinite_stale_prefix_max_all_pairs,uniform_arbitrary_stream_transfer
0,retrieval_frozen,adam,8000,43.92044429817172,0.007302643263769478,0.08515913008205499,1973.0813489113061,1.0,4.4070443785893,0.0,0.007296790750299142,True,clock,,2,0.03,58,0.9879556766641604,0.9879556766641604,-0.012117443916535292,-0.012117443916535292,True,,infinite_stale_prefix_max_all_pairs,uniform_arbitrary_stream_transfer
0,retrieval_frozen,adam,8000,43.92044429817172,0.007302643263769478,0.08515913008205499,1973.0813489113061,1.0,4.4070443785893,0.0,0.007296790750299142,True,clock,,2,0.1,193,0.9879556766641604,0.9879556766641604,-0.012117443916535292,-0.012117443916535292,True,,infinite_stale_prefix_max_all_pairs,uniform_arbitrary_stream_transfer
0,retrieval_frozen,adam,9000,46.69492835567756,0.007302725223362282,0.08515948991735685,2227.2607671713145,1.0,4.684492783375041,0.0,0.007296790750299142,True,fixed,,,,1,0.22481295404538762,0.2248130431476496,-1.4924865378657812,-1.4924861415263233,True,,infinite_stale_prefix_max_all_pairs,uniform_arbitrary_stream_transfer
0,retrieval_frozen,adam,9000,46.69492835567756,0.007302725223362282,0.08515948991735685,2227.2607671713145,1.0,4.684492783375041,0.0,0.007296790750299142,True,fixed,,,,2,0.2248131071481913,0.22481319625047003,-1.4924858568429629,-1.4924854605037006,True,,infinite_stale_prefix_max_all_pairs,uniform_arbitrary_stream_transfer
0,retrieval_frozen,adam,9000,46.69492835567756,0.007302725223362282,0.08515948991735685,2227.2607671713145,1.0,4.684492783375041,0.0,0.007296790750299142,True,fixed,,,,3,0.22481352332490517,0.22481361242722916,-1.4924840056327113,-1.4924836092939813,True,,infinite_stale_prefix_max_all_pairs,uniform_arbitrary_stream_transfer
0,retrieval_frozen,adam,9000,46.69492835567756,0.007302725223362282,0.08515948991735685,2227.2607671713145,1.0,4.684492783375041,0.0,0.007296790750299142,True,fixed,,,,4,0.22481465461157202,0.22481474371401897,-1.4924789735340913,-1.4924785771968088,True,,infinite_stale_prefix_max_all_pairs,uniform_arbitrary_stream_transfer
0,retrieval_frozen,adam,9000,46.69492835567756,0.007302725223362282,0.08515948991735685,2227.2607671713145,1.0,4.684492783375041,0.0,0.007296790750299142,True,fixed,,,,5,0.2248177297754537,0.22481781887823502,-1.4924652949647155,-1.4924648986313669,True,,infinite_stale_prefix_max_all_pairs,uniform_arbitrary_stream_transfer
0,retrieval_frozen,adam,9000,46.69492835567756,0.007302725223362282,0.08515948991735685,2227.2607671713145,1.0,4.684492783375041,0.0,0.007296790750299142,True,fixed,,,,8,0.22491058324572907,0.22491067235860007,-1.4920523635618825,-1.4920519673472978,True,,infinite_stale_prefix_max_all_pairs,uniform_arbitrary_stream_transfer
0,retrieval_frozen,adam,9000,46.69492835567756,0.007302725223362282,0.08515948991735685,2227.2607671713145,1.0,4.684492783375041,0.0,0.007296790750299142,True,fixed,,,,16,0.5164138663391553,0.5164139440011416,-0.6608467684353087,-0.6608466180482151,True,,infinite_stale_prefix_max_all_pairs,uniform_arbitrary_stream_transfer
0,retrieval_frozen,adam,9000,46.69492835567756,0.007302725223362282,0.08515948991735685,2227.2607671713145,1.0,4.684492783375041,0.0,0.007296790750299142,True,fixed,,,,32,0.9908471086788864,0.9908471086788864,-0.009195036394178388,-0.009195036394178388,True,,infinite_stale_prefix_max_all_pairs,uniform_arbitrary_stream_transfer
0,retrieval_frozen,adam,9000,46.69492835567756,0.007302725223362282,0.08515948991735685,2227.2607671713145,1.0,4.684492783375041,0.0,0.007296790750299142,True,fixed,,,,64,0.990847130095926,0.990847130095926,-0.009195014779300372,-0.009195014779300372,True,,infinite_stale_prefix_max_all_pairs,uniform_arbitrary_stream_transfer
0,retrieval_frozen,adam,9000,46.69492835567756,0.007302725223362282,0.08515948991735685,2227.2607671713145,1.0,4.684492783375041,0.0,0.007296790750299142,True,fixed,,,,128,0.990847130095926,0.990847130095926,-0.009195014779300372,-0.009195014779300372,True,,infinite_stale_prefix_max_all_pairs,uniform_arbitrary_stream_transfer
0,retrieval_frozen,adam,9000,46.69492835567756,0.007302725223362282,0.08515948991735685,2227.2607671713145,1.0,4.684492783375041,0.0,0.007296790750299142,True,fixed,,,,256,0.990847130095926,0.990847130095926,-0.009195014779300372,-0.009195014779300372,True,,infinite_stale_prefix_max_all_pairs,uniform_arbitrary_stream_transfer
0,retrieval_frozen,adam,9000,46.69492835567756,0.007302725223362282,0.08515948991735685,2227.2607671713145,1.0,4.684492783375041,0.0,0.007296790750299142,True,fixed,,,,512,0.990847130095926,0.990847130095926,-0.009195014779300372,-0.009195014779300372,True,,infinite_stale_prefix_max_all_pairs,uniform_arbitrary_stream_transfer
0,retrieval_frozen,adam,9000,46.69492835567756,0.007302725223362282,0.08515948991735685,2227.2607671713145,1.0,4.684492783375041,0.0,0.007296790750299142,True,adaptive_theta,0.25,,,5,0.2248177297754537,0.22481781887823502,-1.4924652949647155,-1.4924648986313669,True,,infinite_stale_prefix_max_all_pairs,uniform_arbitrary_stream_transfer
0,retrieval_frozen,adam,9000,46.69492835567756,0.007302725223362282,0.08515948991735685,2227.2607671713145,1.0,4.684492783375041,0.0,0.007296790750299142,True,reference_theta,0.25,,,5,0.2248177297754537,0.22481781887823502,-1.4924652949647155,-1.4924648986313669,True,,infinite_stale_prefix_max_all_pairs,uniform_arbitrary_stream_transfer
0,retrieval_frozen,adam,9000,46.69492835567756,0.007302725223362282,0.08515948991735685,2227.2607671713145,1.0,4.684492783375041,0.0,0.007296790750299142,True,adaptive_theta,0.5,,,9,0.22507851800142373,0.22507860713251213,-1.4913059687579833,-1.4913055727580826,True,,infinite_stale_prefix_max_all_pairs,uniform_arbitrary_stream_transfer
0,retrieval_frozen,adam,9000,46.69492835567756,0.007302725223362282,0.08515948991735685,2227.2607671713145,1.0,4.684492783375041,0.0,0.007296790750299142,True,reference_theta,0.5,,,9,0.22507851800142373,0.22507860713251213,-1.4913059687579833,-1.4913055727580826,True,,infinite_stale_prefix_max_all_pairs,uniform_arbitrary_stream_transfer
0,retrieval_frozen,adam,9000,46.69492835567756,0.007302725223362282,0.08515948991735685,2227.2607671713145,1.0,4.684492783375041,0.0,0.007296790750299142,True,adaptive_theta,0.75,,,13,0.23943575304832795,0.23943584359373224,-1.4294701526133393,-1.429469774451824,True,,infinite_stale_prefix_max_all_pairs,uniform_arbitrary_stream_transfer
0,retrieval_frozen,adam,9000,46.69492835567756,0.007302725223362282,0.08515948991735685,2227.2607671713145,1.0,4.684492783375041,0.0,0.007296790750299142,True,reference_theta,0.75,,,13,0.23943575304832795,0.23943584359373224,-1.4294701526133393,-1.429469774451824,True,,infinite_stale_prefix_max_all_pairs,uniform_arbitrary_stream_transfer
0,retrieval_frozen,adam,9000,46.69492835567756,0.007302725223362282,0.08515948991735685,2227.2607671713145,1.0,4.684492783375041,0.0,0.007296790750299142,True,clock,,2,0.001,3,0.22481352332490517,0.22481361242722916,-1.4924840056327113,-1.4924836092939813,True,,infinite_stale_prefix_max_all_pairs,uniform_arbitrary_stream_transfer
0,retrieval_frozen,adam,9000,46.69492835567756,0.007302725223362282,0.08515948991735685,2227.2607671713145,1.0,4.684492783375041,0.0,0.007296790750299142,True,clock,,2,0.003,7,0.22484881214366012,0.22484890124982024,-1.492327048662808,-1.4923266523692202,True,,infinite_stale_prefix_max_all_pairs,uniform_arbitrary_stream_transfer
0,retrieval_frozen,adam,9000,46.69492835567756,0.007302725223362282,0.08515948991735685,2227.2607671713145,1.0,4.684492783375041,0.0,0.007296790750299142,True,clock,,2,0.01,22,0.9903674620151096,0.9903674620154794,-0.00967923096880199,-0.009679230968428649,True,,infinite_stale_prefix_max_all_pairs,uniform_arbitrary_stream_transfer
0,retrieval_frozen,adam,9000,46.69492835567756,0.007302725223362282,0.08515948991735685,2227.2607671713145,1.0,4.684492783375041,0.0,0.007296790750299142,True,clock,,2,0.03,66,0.990847130095926,0.990847130095926,-0.009195014779300372,-0.009195014779300372,True,,infinite_stale_prefix_max_all_pairs,uniform_arbitrary_stream_transfer
0,retrieval_frozen,adam,9000,46.69492835567756,0.007302725223362282,0.08515948991735685,2227.2607671713145,1.0,4.684492783375041,0.0,0.007296790750299142,True,clock,,2,0.1,219,0.990847130095926,0.990847130095926,-0.009195014779300372,-0.009195014779300372,True,,infinite_stale_prefix_max_all_pairs,uniform_arbitrary_stream_transfer
0,retrieval_frozen,adam,10000,49.26842521616799,0.007302792772008674,0.08515978406745124,2476.7901086986185,1.0,4.941842468660969,0.0,0.007296790750299142,True,fixed,,,,1,0.21318413453632729,0.21318414915984712,-1.545599005330331,-1.5455989367346104,True,,infinite_stale_prefix_max_all_pairs,uniform_arbitrary_stream_transfer
0,retrieval_frozen,adam,10000,49.26842521616799,0.007302792772008674,0.08515978406745124,2476.7901086986185,1.0,4.941842468660969,0.0,0.007296790750299142,True,fixed,,,,2,0.21318415966365586,0.21318417428717618,-1.545598887463553,-1.545598818867838,True,,infinite_stale_prefix_max_all_pairs,uniform_arbitrary_stream_transfer
0,retrieval_frozen,adam,10000,49.26842521616799,0.007302792772008674,0.08515978406745124,2476.7901086986185,1.0,4.941842468660969,0.0,0.007296790750299142,True,fixed,,,,3,0.21318422796682118,0.21318424259034308,-1.54559856706848,-1.5455984984727797,True,,infinite_stale_prefix_max_all_pairs,uniform_arbitrary_stream_transfer
0,retrieval_frozen,adam,10000,49.26842521616799,0.007302792772008674,0.08515978406745124,2476.7901086986185,1.0,4.941842468660969,0.0,0.007296790750299142,True,fixed,,,,4,0.21318441363411,0.213184428257636,-1.5455976961447266,-1.5455976275490668,True,,infinite_stale_prefix_max_all_pairs,uniform_arbitrary_stream_transfer
0,retrieval_frozen,adam,10000,49.26842521616799,0.007302792772008674,0.08515978406745124,2476.7901086986185,1.0,4.941842468660969,0.0,0.007296790750299142,True,fixed,,,,5,0.21318491833039063,0.21318493295392776,-1.5455953287311122,-1.5455952601355627,True,,infinite_stale_prefix_max_all_pairs,uniform_arbitrary_stream_transfer
0,retrieval_frozen,adam,10000,49.26842521616799,0.007302792772008674,0.08515978406745124,2476.7901086986185,1.0,4.941842468660969,0.0,0.007296790750299142,True,fixed,,,,8,0.21320015674330547,0.2132001713671794,-1.5455238514969774,-1.545523782904751,True,,infinite_stale_prefix_max_all_pairs,uniform_arbitrary_stream_transfer
0,retrieval_frozen,adam,10000,49.26842521616799,0.007302792772008674,0.08515978406745124,2476.7901086986185,1.0,4.941842468660969,0.0,0.007296790750299142,True,fixed,,,,16,0.26244987836008626,0.26244989379545336,-1.3376951547623648,-1.3376950959497385,True,,infinite_stale_prefix_max_all_pairs,uniform_arbitrary_stream_transfer
0,retrieval_frozen,adam,10000,49.26842521616799,0.007302792772008674,0.08515978406745124,2476.7901086986185,1.0,4.941842468660969,0.0,0.007296790750299142,True,fixed,,,,32,0.9929091014683532,0.9929091014683532,-0.007116158433736885,-0.007116158433736885,True,,infinite_stale_prefix_max_all_pairs,uniform_arbitrary_stream_transfer
0,retrieval_frozen,adam,10000,49.26842521616799,0.007302792772008674,0.08515978406745124,2476.7901086986185,1.0,4.941842468660969,0.0,0.007296790750299142,True,fixed,,,,64,0.9929092099836958,0.9929092099836958,-0.007116049143433706,-0.007116049143433706,True,,infinite_stale_prefix_max_all_pairs,uniform_arbitrary_stream_transfer
0,retrieval_frozen,adam,10000,49.26842521616799,0.007302792772008674,0.08515978406745124,2476.7901086986185,1.0,4.941842468660969,0.0,0.007296790750299142,True,fixed,,,,128,0.9929092099836958,0.9929092099836958,-0.007116049143433706,-0.007116049143433706,True,,infinite_stale_prefix_max_all_pairs,uniform_arbitrary_stream_transfer
0,retrieval_frozen,adam,10000,49.26842521616799,0.007302792772008674,0.08515978406745124,2476.7901086986185,1.0,4.941842468660969,0.0,0.007296790750299142,True,fixed,,,,256,0.9929092099836958,0.9929092099836958,-0.007116049143433706,-0.007116049143433706,True,,infinite_stale_prefix_max_all_pairs,uniform_arbitrary_stream_transfer
0,retrieval_frozen,adam,10000,49.26842521616799,0.007302792772008674,0.08515978406745124,2476.7901086986185,1.0,4.941842468660969,0.0,0.007296790750299142,True,fixed,,,,512,0.9929092099836958,0.9929092099836958,-0.007116049143433706,-0.007116049143433706,True,,infinite_stale_prefix_max_all_pairs,uniform_arbitrary_stream_transfer
0,retrieval_frozen,adam,10000,49.26842521616799,0.007302792772008674,0.08515978406745124,2476.7901086986185,1.0,4.941842468660969,0.0,0.007296790750299142,True,adaptive_theta,0.25,,,5,0.21318491833039063,0.21318493295392776,-1.5455953287311122,-1.5455952601355627,True,,infinite_stale_prefix_max_all_pairs,uniform_arbitrary_stream_transfer
0,retrieval_frozen,adam,10000,49.26842521616799,0.007302792772008674,0.08515978406745124,2476.7901086986185,1.0,4.941842468660969,0.0,0.007296790750299142,True,reference_theta,0.25,,,5,0.21318491833039063,0.21318493295392776,-1.5455953287311122,-1.5455952601355627,True,,infinite_stale_prefix_max_all_pairs,uniform_arbitrary_stream_transfer
0,retrieval_frozen,adam,10000,49.26842521616799,0.007302792772008674,0.08515978406745124,2476.7901086986185,1.0,4.941842468660969,0.0,0.007296790750299142,True,adaptive_theta,0.5,,,10,0.21330262612385276,0.21330264074998972,-1.5450433417013318,-1.5450432731314472,True,,infinite_stale_prefix_max_all_pairs,uniform_arbitrary_stream_transfer
0,retrieval_frozen,adam,10000,49.26842521616799,0.007302792772008674,0.08515978406745124,2476.7901086986185,1.0,4.941842468660969,0.0,0.007296790750299142,True,reference_theta,0.5,,,10,0.21330262612385276,0.21330264074998972,-1.5450433417013318,-1.5450432731314472,True,,infinite_stale_prefix_max_all_pairs,uniform_arbitrary_stream_transfer
0,retrieval_frozen,adam,10000,49.26842521616799,0.007302792772008674,0.08515978406745124,2476.7901086986185,1.0,4.941842468660969,0.0,0.007296790750299142,True,adaptive_theta,0.75,,,14,0.21968474147192554,0.21968475623402609,-1.5155617536560422,-1.515561686459295,True,,infinite_stale_prefix_max_all_pairs,uniform_arbitrary_stream_transfer
0,retrieval_frozen,adam,10000,49.26842521616799,0.007302792772008674,0.08515978406745124,2476.7901086986185,1.0,4.941842468660969,0.0,0.007296790750299142,True,reference_theta,0.75,,,14,0.21968474147192554,0.21968475623402609,-1.5155617536560422,-1.515561686459295,True,,infinite_stale_prefix_max_all_pairs,uniform_arbitrary_stream_transfer
0,retrieval_frozen,adam,10000,49.26842521616799,0.007302792772008674,0.08515978406745124,2476.7901086986185,1.0,4.941842468660969,0.0,0.007296790750299142,True,clock,,2,0.001,3,0.21318422796682118,0.21318424259034308,-1.54559856706848,-1.5455984984727797,True,,infinite_stale_prefix_max_all_pairs,uniform_arbitrary_stream_transfer
0,retrieval_frozen,adam,10000,49.26842521616799,0.007302792772008674,0.08515978406745124,2476.7901086986185,1.0,4.941842468660969,0.0,0.007296790750299142,True,clock,,2,0.003,8,0.21320015674330547,0.2132001713671794,-1.5455238514969774,-1.545523782904751,True,,infinite_stale_prefix_max_all_pairs,uniform_arbitrary_stream_transfer
0,retrieval_frozen,adam,10000,49.26842521616799,0.007302792772008674,0.08515978406745124,2476.7901086986185,1.0,4.941842468660969,0.0,0.007296790750299142,True,clock,,2,0.01,25,0.9927895386498659,0.9927895386498704,-0.007236582365360957,-0.007236582365356377,True,,infinite_stale_prefix_max_all_pairs,uniform_arbitrary_stream_transfer
0,retrieval_frozen,adam,10000,49.26842521616799,0.007302792772008674,0.08515978406745124,2476.7901086986185,1.0,4.941842468660969,0.0,0.007296790750299142,True,clock,,2,0.03,73,0.9929092099836958,0.9929092099836958,-0.007116049143433706,-0.007116049143433706,True,,infinite_stale_prefix_max_all_pairs,uniform_arbitrary_stream_transfer
0,retrieval_frozen,adam,10000,49.26842521616799,0.007302792772008674,0.08515978406745124,2476.7901086986185,1.0,4.941842468660969,0.0,0.007296790750299142,True,clock,,2,0.1,243,0.9929092099836958,0.9929092099836958,-0.007116049143433706,-0.007116049143433706,True,,infinite_stale_prefix_max_all_pairs,uniform_arbitrary_stream_transfer
0,retrieval_frozen,adam,11000,51.67194035252699,0.007302849701904372,0.08516002800351767,2721.800138585043,1.0,5.1821939816811335,0.0,0.007296790750299142,True,fixed,,,,1,0.2027250893356016,0.20272509180409712,-1.595904457477786,-1.5959044453012197,True,,infinite_stale_prefix_max_all_pairs,uniform_arbitrary_stream_transfer
0,retrieval_frozen,adam,11000,51.67194035252699,0.007302849701904372,0.08516002800351767,2721.800138585043,1.0,5.1821939816811335,0.0,0.007296790750299142,True,fixed,,,,2,0.20272509357717264,0.2027250960456682,-1.5959044365550132,-1.5959044243784468,True,,infinite_stale_prefix_max_all_pairs,uniform_arbitrary_stream_transfer
0,retrieval_frozen,adam,11000,51.67194035252699,0.007302849701904372,0.08516002800351767,2721.800138585043,1.0,5.1821939816811335,0.0,0.007296790750299142,True,fixed,,,,3,0.2027251051069583,0.2027251075754539,-1.5959043796810213,-1.5959043675044555,True,,infinite_stale_prefix_max_all_pairs,uniform_arbitrary_stream_transfer
0,retrieval_frozen,adam,11000,51.67194035252699,0.007302849701904372,0.08516002800351767,2721.800138585043,1.0,5.1821939816811335,0.0,0.007296790750299142,True,fixed,,,,4,0.20272513644816634,0.20272513891666208,-1.595904225081493,-1.5959042129049283,True,,infinite_stale_prefix_max_all_pairs,uniform_arbitrary_stream_transfer
0,retrieval_frozen,adam,11000,51.67194035252699,0.007302849701904372,0.08516002800351767,2721.800138585043,1.0,5.1821939816811335,0.0,0.007296790750299142,True,fixed,,,,5,0.20272522164241152,0.20272522411090765,-1.5959038048364815,-1.5959037926599202,True,,infinite_stale_prefix_max_all_pairs,uniform_arbitrary_stream_transfer
0,retrieval_frozen,adam,11000,51.67194035252699,0.007302849701904372,0.08516002800351767,2721.800138585043,1.0,5.1821939816811335,0.0,0.007296790750299142,True,fixed,,,,8,0.20272779390771065,0.20272779637621818,-1.5958911164844383,-1.595891104307975,True,,infinite_stale_prefix_max_all_pairs,uniform_arbitrary_stream_transfer
0,retrieval_frozen,adam,11000,51.67194035252699,0.007302849701904372,0.08516002800351767,2721.800138585043,1.0,5.1821939816811335,0.0,0.007296790750299142,True,fixed,,,,16,0.2108516513275138,0.2108516538304992,-1.5566004670558835,-1.5566004551850474,True,,infinite_stale_prefix_max_all_pairs,uniform_arbitrary_stream_transfer
0,retrieval_frozen,adam,11000,51.67194035252699,0.007302849701904372,0.08516002800351767,2721.800138585043,1.0,5.1821939816811335,0.0,0.007296790750299142,True,fixed,,,,32,0.994415150190689,0.994415150190689,-0.005600503392152372,-0.005600503392152372,True,,infinite_stale_prefix_max_all_pairs,uniform_arbitrary_stream_transfer
0,retrieval_frozen,adam,11000,51.67194035252699,0.007302849701904372,0.08516002800351767,2721.800138585043,1.0,5.1821939816811335,0.0,0.007296790750299142,True,fixed,,,,64,0.9944156874618254,0.9944156874618254,-0.005599963103731541,-0.005599963103731541,True,,infinite_stale_prefix_max_all_pairs,uniform_arbitrary_stream_transfer
0,retrieval_frozen,adam,11000,51.67194035252699,0.007302849701904372,0.08516002800351767,2721.800138585043,1.0,5.1821939816811335,0.0,0.007296790750299142,True,fixed,,,,128,0.9944156874618254,0.9944156874618254,-0.005599963103731541,-0.005599963103731541,True,,infinite_stale_prefix_max_all_pairs,uniform_arbitrary_stream_transfer
0,retrieval_frozen,adam,11000,51.67194035252699,0.007302849701904372,0.08516002800351767,2721.800138585043,1.0,5.1821939816811335,0.0,0.007296790750299142,True,fixed,,,,256,0.9944156874618254,0.9944156874618254,-0.005599963103731541,-0.005599963103731541,True,,infinite_stale_prefix_max_all_pairs,uniform_arbitrary_stream_transfer
0,retrieval_frozen,adam,11000,51.67194035252699,0.007302849701904372,0.08516002800351767,2721.800138585043,1.0,5.1821939816811335,0.0,0.007296790750299142,True,fixed,,,,512,0.9944156874618254,0.9944156874618254,-0.005599963103731541,-0.005599963103731541,True,,infinite_stale_prefix_max_all_pairs,uniform_arbitrary_stream_transfer
0,retrieval_frozen,adam,11000,51.67194035252699,0.007302849701904372,0.08516002800351767,2721.800138585043,1.0,5.1821939816811335,0.0,0.007296790750299142,True,adaptive_theta,0.25,,,5,0.20272522164241152,0.20272522411090765,-1.5959038048364815,-1.5959037926599202,True,,infinite_stale_prefix_max_all_pairs,uniform_arbitrary_stream_transfer
0,retrieval_frozen,adam,11000,51.67194035252699,0.007302849701904372,0.08516002800351767,2721.800138585043,1.0,5.1821939816811335,0.0,0.007296790750299142,True,reference_theta,0.25,,,5,0.20272522164241152,0.20272522411090765,-1.5959038048364815,-1.5959037926599202,True,,infinite_stale_prefix_max_all_pairs,uniform_arbitrary_stream_transfer
0,retrieval_frozen,adam,11000,51.67194035252699,0.007302849701904372,0.08516002800351767,2721.800138585043,1.0,5.1821939816811335,0.0,0.007296790750299142,True,adaptive_theta,0.5,,,10,0.20274508965156382,0.20274509212014777,-1.5958058050144734,-1.5958057928386722,True,,infinite_stale_prefix_max_all_pairs,uniform_arbitrary_stream_transfer
0,retrieval_frozen,adam,11000,51.67194035252699,0.007302849701904372,0.08516002800351767,2721.800138585043,1.0,5.1821939816811335,0.0,0.007296790750299142,True,reference_theta,0.5,,,10,0.20274508965156382,0.20274509212014777,-1.5958058050144734,-1.5958057928386722,True,,infinite_stale_prefix_max_all_pairs,uniform_arbitrary_stream_transfer
0,retrieval_frozen,adam,11000,51.67194035252699,0.007302849701904372,0.08516002800351767,2721.800138585043,1.0,5.1821939816811335,0.0,0.007296790750299142,True,adaptive_theta,0.75,,,15,0.20570153393541962,0.20570153641687428,-1.5813290252026604,-1.5813290131392859,True,,infinite_stale_prefix_max_all_pairs,uniform_arbitrary_stream_transfer
0,retrieval_frozen,adam,11000,51.67194035252699,0.007302849701904372,0.08516002800351767,2721.800138585043,1.0,5.1821939816811335,0.0,0.007296790750299142,True,reference_theta,0.75,,,15,0.20570153393541962,0.20570153641687428,-1.5813290252026604,-1.5813290131392859,True,,infinite_stale_prefix_max_all_pairs,uniform_arbitrary_stream_transfer
0,retrieval_frozen,adam,11000,51.67194035252699,0.007302849701904372,0.08516002800351767,2721.800138585043,1.0,5.1821939816811335,0.0,0.007296790750299142,True,clock,,2,0.001,3,0.2027251051069583,0.2027251075754539,-1.5959043796810213,-1.5959043675044555,True,,infinite_stale_prefix_max_all_pairs,uniform_arbitrary_stream_transfer
0,retrieval_frozen,adam,11000,51.67194035252699,0.007302849701904372,0.08516002800351767,2721.800138585043,1.0,5.1821939816811335,0.0,0.007296790750299142,True,clock,,2,0.003,9,0.20273244539701946,0.20273244786554753,-1.595868172240549,-1.595868160064264,True,,infinite_stale_prefix_max_all_pairs,uniform_arbitrary_stream_transfer
0,retrieval_frozen,adam,11000,51.67194035252699,0.007302849701904372,0.08516002800351767,2721.800138585043,1.0,5.1821939816811335,0.0,0.007296790750299142,True,clock,,2,0.01,27,0.9943355601405508,0.9943355601405511,-0.005680543640301467,-0.00568054364030106,True,,infinite_stale_prefix_max_all_pairs,uniform_arbitrary_stream_transfer
0,retrieval_frozen,adam,11000,51.67194035252699,0.007302849701904372,0.08516002800351767,2721.800138585043,1.0,5.1821939816811335,0.0,0.007296790750299142,True,clock,,2,0.03,81,0.9944156874618254,0.9944156874618254,-0.005599963103731541,-0.005599963103731541,True,,infinite_stale_prefix_max_all_pairs,uniform_arbitrary_stream_transfer
0,retrieval_frozen,adam,11000,51.67194035252699,0.007302849701904372,0.08516002800351767,2721.800138585043,1.0,5.1821939816811335,0.0,0.007296790750299142,True,clock,,2,0.1,267,0.9944156874618254,0.9944156874618254,-0.005599963103731541,-0.005599963103731541,True,,infinite_stale_prefix_max_all_pairs,uniform_arbitrary_stream_transfer
0,retrieval_frozen,adam,12000,53.929567147825715,0.00730289838534798,0.0851602319102205,2962.461688339889,1.0,5.407956660705743,0.0,0.007296790750299142,True,fixed,,,,1,0.19325384014214797,0.19325384057065662,-1.6437507203425796,-1.643750718125244,True,,infinite_stale_prefix_max_all_pairs,uniform_arbitrary_stream_transfer
0,retrieval_frozen,adam,12000,53.929567147825715,0.00730289838534798,0.0851602319102205,2962.461688339889,1.0,5.407956660705743,0.0,0.007296790750299142,True,fixed,,,,2,0.19325384087844658,0.19325384130695517,-1.643750716532572,-1.6437507143152366,True,,infinite_stale_prefix_max_all_pairs,uniform_arbitrary_stream_transfer
0,retrieval_frozen,adam,12000,53.929567147825715,0.00730289838534798,0.0851602319102205,2962.461688339889,1.0,5.407956660705743,0.0,0.007296790750299142,True,fixed,,,,3,0.19325384287991362,0.1932538433084223,-1.643750706175898,-1.6437507039585622,True,,infinite_stale_prefix_max_all_pairs,uniform_arbitrary_stream_transfer
0,retrieval_frozen,adam,12000,53.929567147825715,0.00730289838534798,0.0851602319102205,2962.461688339889,1.0,5.407956660705743,0.0,0.007296790750299142,True,fixed,,,,4,0.19325384832046524,0.19325384874897383,-1.6437506780235391,-1.6437506758062037,True,,infinite_stale_prefix_max_all_pairs,uniform_arbitrary_stream_transfer
0,retrieval_frozen,adam,12000,53.929567147825715,0.00730289838534798,0.0851602319102205,2962.461688339889,1.0,5.407956660705743,0.0,0.007296790750299142,True,fixed,,,,5,0.1932538631094181,0.1932538635379268,-1.643750601497496,-1.6437505992801604,True,,infinite_stale_prefix_max_all_pairs,uniform_arbitrary_stream_transfer
0,retrieval_frozen,adam,12000,53.929567147825715,0.00730289838534798,0.0851602319102205,2962.461688339889,1.0,5.407956660705743,0.0,0.007296790750299142,True,fixed,,,,8,0.19325430963063348,0.19325431005914254,-1.643748290957917,-1.6437482887405845,True,,infinite_stale_prefix_max_all_pairs,uniform_arbitrary_stream_transfer
0,retrieval_frozen,adam,12000,53.929567147825715,0.00730289838534798,0.0851602319102205,2962.461688339889,1.0,5.407956660705743,0.0,0.007296790750299142,True,fixed,,,,16,0.19465665516588265,0.194656655595621,-1.6365180150869167,-1.6365180128792431,True,,infinite_stale_prefix_max_all_pairs,uniform_arbitrary_stream_transfer
0,retrieval_frozen,adam,12000,53.929567147825715,0.00730289838534798,0.0851602319102205,2962.461688339889,1.0,5.407956660705743,0.0,0.007296790750299142,True,fixed,,,,32,0.995536600722291,0.995536600722291,-0.004473389983688884,-0.004473389983688884,True,,infinite_stale_prefix_max_all_pairs,uniform_arbitrary_stream_transfer
0,retrieval_frozen,adam,12000,53.929567147825715,0.00730289838534798,0.0851602319102205,2962.461688339889,1.0,5.407956660705743,0.0,0.007296790750299142,True,fixed,,,,64,0.9955392012564346,0.9955392012564346,-0.004470777793694881,-0.004470777793694881,True,,infinite_stale_prefix_max_all_pairs,uniform_arbitrary_stream_transfer
0,retrieval_frozen,adam,12000,53.929567147825715,0.00730289838534798,0.0851602319102205,2962.461688339889,1.0,5.407956660705743,0.0,0.007296790750299142,True,fixed,,,,128,0.9955392012564346,0.9955392012564346,-0.004470777793694881,-0.004470777793694881,True,,infinite_stale_prefix_max_all_pairs,uniform_arbitrary_stream_transfer
0,retrieval_frozen,adam,12000,53.929567147825715,0.00730289838534798,0.0851602319102205,2962.461688339889,1.0,5.407956660705743,0.0,0.007296790750299142,True,fixed,,,,256,0.9955392012564346,0.9955392012564346,-0.004470777793694881,-0.004470777793694881,True,,infinite_stale_prefix_max_all_pairs,uniform_arbitrary_stream_transfer
0,retrieval_frozen,adam,12000,53.929567147825715,0.00730289838534798,0.0851602319102205,2962.461688339889,1.0,5.407956660705743,0.0,0.007296790750299142,True,fixed,,,,512,0.9955392012564346,0.9955392012564346,-0.004470777793694881,-0.004470777793694881,True,,infinite_stale_prefix_max_all_pairs,uniform_arbitrary_stream_transfer
0,retrieval_frozen,adam,12000,53.929567147825715,0.00730289838534798,0.0851602319102205,2962.461688339889,1.0,5.407956660705743,0.0,0.007296790750299142,True,adaptive_theta,0.25,,,6,0.19325390330996228,0.19325390373847093,-1.6437503934781617,-1.6437503912608267,True,,infinite_stale_prefix_max_all_pairs,uniform_arbitrary_stream_transfer
0,retrieval_frozen,adam,12000,53.929567147825715,0.00730289838534798,0.0851602319102205,2962.461688339889,1.0,5.407956660705743,0.0,0.007296790750299142,True,reference_theta,0.25,,,6,0.19325390330996228,0.19325390373847093,-1.6437503934781617,-1.6437503912608267,True,,infinite_stale_prefix_max_all_pairs,uniform_arbitrary_stream_transfer
0,retrieval_frozen,adam,12000,53.929567147825715,0.00730289838534798,0.0851602319102205,2962.461688339889,1.0,5.407956660705743,0.0,0.007296790750299142,True,adaptive_theta,0.5,,,11,0.19326327833590867,0.19326327876442567,-1.643701883210606,-1.6437018809933355,True,,infinite_stale_prefix_max_all_pairs,uniform_arbitrary_stream_transfer
0,retrieval_frozen,adam,12000,53.929567147825715,0.00730289838534798,0.0851602319102205,2962.461688339889,1.0,5.407956660705743,0.0,0.007296790750299142,True,reference_theta,0.5,,,11,0.19326327833590867,0.19326327876442567,-1.643701883210606,-1.6437018809933355,True,,infinite_stale_prefix_max_all_pairs,uniform_arbitrary_stream_transfer
0,retrieval_frozen,adam,12000,53.929567147825715,0.00730289838534798,0.0851602319102205,2962.461688339889,1.0,5.407956660705743,0.0,0.007296790750299142,True,adaptive_theta,0.75,,,17,0.197076408032694,0.19707640846451735,-1.6241637674076528,-1.624163765216506,True,,infinite_stale_prefix_max_all_pairs,uniform_arbitrary_stream_transfer
0,retrieval_frozen,adam,12000,53.929567147825715,0.00730289838534798,0.0851602319102205,2962.461688339889,1.0,5.407956660705743,0.0,0.007296790750299142,True,reference_theta,0.75,,,17,0.197076408032694,0.19707640846451735,-1.6241637674076528,-1.624163765216506,True,,infinite_stale_prefix_max_all_pairs,uniform_arbitrary_stream_transfer
0,retrieval_frozen,adam,12000,53.929567147825715,0.00730289838534798,0.0851602319102205,2962.461688339889,1.0,5.407956660705743,0.0,0.007296790750299142,True,clock,,2,0.001,3,0.19325384287991362,0.1932538433084223,-1.643750706175898,-1.6437507039585622,True,,infinite_stale_prefix_max_all_pairs,uniform_arbitrary_stream_transfer
0,retrieval_frozen,adam,12000,53.929567147825715,0.00730289838534798,0.0851602319102205,2962.461688339889,1.0,5.407956660705743,0.0,0.007296790750299142,True,clock,,2,0.003,9,0.19325511708152707,0.19325511751003688,-1.6437441127887042,-1.643744110571377,True,,infinite_stale_prefix_max_all_pairs,uniform_arbitrary_stream_transfer
0,retrieval_frozen,adam,12000,53.929567147825715,0.00730289838534798,0.0851602319102205,2962.461688339889,1.0,5.407956660705743,0.0,0.007296790750299142,True,clock,,2,0.01,30,0.9955199606503259,0.9955199606503259,-0.004490104799619605,-0.0044901047996196005,True,,infinite_stale_prefix_max_all_pairs,uniform_arbitrary_stream_transfer
0,retrieval_frozen,adam,12000,53.929567147825715,0.00730289838534798,0.0851602319102205,2962.461688339889,1.0,5.407956660705743,0.0,0.007296790750299142,True,clock,,2,0.03,88,0.9955392012564346,0.9955392012564346,-0.004470777793694881,-0.004470777793694881,True,,infinite_stale_prefix_max_all_pairs,uniform_arbitrary_stream_transfer
0,retrieval_frozen,adam,12000,53.929567147825715,0.00730289838534798,0.0851602319102205,2962.461688339889,1.0,5.407956660705743,0.0,0.007296790750299142,True,clock,,2,0.1,291,0.9955392012564346,0.9955392012564346,-0.004470777793694881,-0.004470777793694881,True,,infinite_stale_prefix_max_all_pairs,uniform_arbitrary_stream_transfer
