seed,gate_mode,optimizer,step,S,lag,prefix,mean_probability,min_probability,mean_attention,min_attention,certified_probability_lower_bound,example_count,train_R
0,learned,adam,0,0.0,1,0,0.5,0.5,1.0,1.0,,112,2
0,learned,adam,0,0.0,1,64,0.5,0.5,0.6321205588285578,0.6321205588285577,,112,2
0,learned,adam,0,0.0,2,0,0.5,0.5,0.2689414213690497,0.2689414213610862,,112,2
0,learned,adam,0,0.0,2,64,0.5,0.5,0.23254415793412278,0.23254415792816893,,112,2
0,learned,adam,0,0.0,3,0,0.5,0.5,0.09003057316998572,0.09003057316666072,,112,2
0,learned,adam,0,0.0,3,64,0.5,0.5,0.08554821486839234,0.08554821486539019,,112,2
0,learned,adam,0,0.0,4,0,0.5,0.5,0.03205860327993539,0.032058603278675366,,112,2
0,learned,adam,0,0.0,4,64,0.5,0.5,0.0314714294789856,0.0314714294777713,,112,2
0,learned,adam,0,0.0,5,0,0.5,0.5,0.011656230955984061,0.0116562309555162,,112,2
0,learned,adam,0,0.0,5,64,0.5,0.5,0.011577691889593913,0.011577691889132331,,112,2
0,learned,adam,0,0.0,6,0,0.5,0.5,0.004269778545261609,0.004269778545088934,,112,2
0,learned,adam,0,0.0,6,64,0.5,0.5,0.004259194822398709,0.004259194822226892,,112,2
0,learned,adam,0,0.0,7,0,0.5,0.5,0.0015683003158789223,0.0015683003158153256,,112,2
0,learned,adam,0,0.0,7,64,0.5,0.5,0.001566870211104306,0.001566870211040825,,112,2
0,learned,adam,0,0.0,8,0,0.5,0.5,0.0005766127696842267,0.0005766127696608212,,112,2
0,learned,adam,0,0.0,8,64,0.5,0.5,0.0005764193376492274,0.0005764193376258372,,112,2
0,learned,adam,0,0.0,9,0,0.5,0.5,0.00021207899644221169,0.00021207899643359976,,112,2
0,learned,adam,0,0.0,9,64,0.5,0.5,0.0002120528238148101,0.00021205282380620046,,112,2
0,learned,adam,0,0.0,10,0,0.5,0.5,7.80134161274313e-05,7.801341612426298e-05,,112,2
0,learned,adam,0,0.0,10,64,0.5,0.5,7.800987432381864e-05,7.800987432065062e-05,,112,2
0,learned,adam,0,0.0,11,0,0.5,0.5,2.8698708289339755e-05,2.8698708288174173e-05,,112,2
0,learned,adam,0,0.0,11,64,0.5,0.5,2.8698228972100827e-05,2.869822897093526e-05,,112,2
0,learned,adam,0,0.0,12,0,0.5,0.5,1.0557553304715978e-05,1.0557553304287181e-05,,112,2
0,learned,adam,0,0.0,12,64,0.5,0.5,1.0557488436866557e-05,1.0557488436437765e-05,,112,2
0,learned,adam,0,0.0,13,0,0.5,0.5,3.883891725203109e-06,3.8838917250453626e-06,,112,2
0,learned,adam,0,0.0,13,64,0.5,0.5,3.883882946328426e-06,3.88388294617068e-06,,112,2
0,learned,adam,0,0.0,14,0,0.5,0.5,1.4288018759603902e-06,1.4288018759023587e-06,,112,2
0,learned,adam,0,0.0,14,64,0.5,0.5,1.4288006878705968e-06,1.4288006878125653e-06,,112,2
0,learned,adam,0,0.0,15,0,0.5,0.5,5.256265593895918e-07,5.256265593682431e-07,,112,2
0,learned,adam,0,0.0,15,64,0.5,0.5,5.256263985992075e-07,5.256263985778588e-07,,112,2
0,learned,adam,0,0.0,16,0,0.5,0.5,1.9336716754224223e-07,1.9336716753438852e-07,,112,2
0,learned,adam,0,0.0,16,64,0.5,0.5,1.9336714578163428e-07,1.933671457737806e-07,,112,2
0,learned,adam,0,0.0,17,0,0.5,0.5,7.113580047604236e-08,7.113580047315297e-08,,112,2
0,learned,adam,0,0.0,17,64,0.5,0.5,7.113579753106447e-08,7.113579752817508e-08,,112,2
0,learned,adam,0,0.0,18,0,0.5,0.5,2.6169397841572313e-08,2.616939784050938e-08,,112,2
0,learned,adam,0,0.0,18,64,0.5,0.5,2.616939744301285e-08,2.616939744194992e-08,,112,2
0,learned,adam,0,0.0,19,0,0.5,0.5,9.627183361068068e-09,9.627183360677038e-09,,112,2
0,learned,adam,0,0.0,19,64,0.5,0.5,9.627183307128918e-09,9.62718330673789e-09,,112,2
0,learned,adam,0,0.0,20,0,0.5,0.5,3.54164282238151e-09,3.5416428222376583e-09,,112,2
0,learned,adam,0,0.0,20,64,0.5,0.5,3.541642815081642e-09,3.5416428149377907e-09,,112,2
0,learned,adam,0,0.0,21,0,0.5,0.5,1.3028975806290122e-09,1.302897580576092e-09,,112,2
0,learned,adam,0,0.0,21,64,0.5,0.5,1.3028975796410827e-09,1.3028975795881626e-09,,112,2
0,learned,adam,0,0.0,22,0,0.5,0.5,4.793092336356896e-10,4.793092336162214e-10,,112,2
0,learned,adam,0,0.0,22,64,0.5,0.5,4.793092335019871e-10,4.793092334825188e-10,,112,2
0,learned,adam,0,0.0,23,0,0.5,0.5,1.7632801298711732e-10,1.7632801297995536e-10,,112,2
0,learned,adam,0,0.0,23,64,0.5,0.5,1.7632801296902313e-10,1.7632801296186117e-10,,112,2
0,learned,adam,0,0.0,24,0,0.5,0.5,6.486745087636398e-11,6.486745087372924e-11,,112,2
0,learned,adam,0,0.0,24,64,0.5,0.5,6.486745087391515e-11,6.486745087128042e-11,,112,2
0,learned,adam,0,0.0,25,0,0.5,0.5,2.3863401578043267e-11,2.3863401577074002e-11,,112,2
0,learned,adam,0,0.0,25,64,0.5,0.5,2.386340157771186e-11,2.3863401576742597e-11,,112,2
0,learned,adam,0,0.0,26,0,0.5,0.5,8.778854836903203e-12,8.778854836546629e-12,,112,2
0,learned,adam,0,0.0,26,64,0.5,0.5,8.778854836858351e-12,8.77885483650178e-12,,112,2
0,learned,adam,0,0.0,27,0,0.5,0.5,3.2295602115147337e-12,3.2295602113835577e-12,,112,2
0,learned,adam,0,0.0,27,64,0.5,0.5,3.2295602115086636e-12,3.2295602113774884e-12,,112,2
0,learned,adam,0,0.0,28,0,0.5,0.5,1.1880888058401538e-12,1.188088805791897e-12,,112,2
0,learned,adam,0,0.0,28,64,0.5,0.5,1.1880888058393308e-12,1.1880888057910739e-12,,112,2
0,learned,adam,0,0.0,29,0,0.5,0.5,4.3707344595433167e-13,4.3707344593657894e-13,,112,2
0,learned,adam,0,0.0,29,64,0.5,0.5,4.3707344595421984e-13,4.3707344593646706e-13,,112,2
0,learned,adam,0,0.0,30,0,0.5,0.5,1.607903350485303e-13,1.6079033504199945e-13,,112,2
0,learned,adam,0,0.0,30,64,0.5,0.5,1.6079033504851544e-13,1.6079033504198455e-13,,112,2
0,learned,adam,0,0.0,31,0,0.5,0.5,5.915145860341885e-14,5.915145860101628e-14,,112,2
0,learned,adam,0,0.0,31,64,0.5,0.5,5.915145860341675e-14,5.915145860101419e-14,,112,2
0,learned,adam,0,0.0,32,0,0.5,0.5,2.1760605535500932e-14,2.1760605534617074e-14,,112,2
0,learned,adam,0,0.0,32,64,0.5,0.5,2.1760605535500702e-14,2.1760605534616843e-14,,112,2
0,learned,adam,3,0.0,1,0,0.5037499286321144,0.5037499286321145,1.0,1.0,0.49861815297920875,112,2
0,learned,adam,3,0.0,1,64,0.5009909364134933,0.5009909364134933,0.632125065362997,0.6321250653629968,0.49861815297920875,112,2
0,learned,adam,3,0.0,2,0,0.49826987074001033,0.4982697334046976,0.2693151129480271,0.26929680134857803,0.4975238190821473,112,2
0,learned,adam,3,0.0,2,64,0.4979961920830568,0.4979960894428319,0.23282410538931408,0.23281041980231112,0.4975238190821473,112,2
0,learned,adam,3,0.0,3,0,0.4969264339861721,0.49692637660810074,0.09018592067659971,0.09017826997583528,0.49681462903755724,112,2
0,learned,adam,3,0.0,3,64,0.49689270500122795,0.496892653202997,0.08568854960143701,0.08568164290195496,0.49681462903755724,112,2
0,learned,adam,3,0.0,4,0,0.4964909372946669,0.4964909155464928,0.03211715892596751,0.032114259025756785,0.4964746824960872,112,2
0,learned,adam,3,0.0,4,64,0.49648651784034026,0.49648649688290014,0.03152786912147515,0.03152507465735271,0.4964746824960872,112,2
0,learned,adam,3,0.0,5,0,0.4963376503663106,0.4963376422904044,0.011677844713995748,0.011676767868432322,0.49633525379395727,112,2
0,learned,adam,3,0.0,5,64,0.4963370591874581,0.496337051220209,0.011599016614870065,0.01159795425769429,0.49633525379395727,112,2
0,learned,adam,3,0.0,6,0,0.49628215236119794,0.4962821493806045,0.004277705539896246,0.004277308105356683,0.49628176821083225,112,2
0,learned,adam,3,0.0,6,64,0.49628207269460123,0.49628206972879224,0.004267082736653739,0.004266687273495521,0.49628176821083225,112,2
0,learned,adam,3,0.0,7,0,0.4962618547116519,0.49626185361388275,0.0015712010443329034,0.0015710546668945438,0.49626178138099997,112,2
0,learned,adam,3,0.0,7,64,0.49626184394698386,0.4962618428512195,0.0015697656746302424,0.0015696195645073122,0.49626178138099997,112,2
0,learned,adam,3,0.0,8,0,0.4962544036732241,0.49625440326920983,0.0005776733300071061,0.0005776194584082824,0.4962543859314371,112,2
0,learned,adam,3,0.0,8,64,0.4962544022172534,0.4962544018135107,0.0005774791896413457,0.0005774253542448638,0.4962543859314371,112,2
0,learned,adam,3,0.0,9,0,0.4962516647775169,0.49625166462886683,0.00021246662313088318,0.00021244680201441918,0.49625165950220135,112,2
0,learned,adam,3,0.0,9,64,0.496251664580519,0.49625166443190577,0.00021244035525702724,0.00021242053904119127,0.49625165950220135,112,2
0,learned,adam,3,0.0,10,0,0.4962506574977677,0.49625065744308,7.815506836631879e-05,7.814777625451941e-05,0.49625065572655597,112,2
0,learned,adam,3,0.0,10,64,0.4962506574711097,0.49625065741642677,7.815151375819213e-05,7.814422230966868e-05,0.49625065572655597,112,2
0,learned,adam,3,0.0,11,0,0.4962502869842096,0.4962502869640909,2.875046837837007e-05,2.8747785736416172e-05,0.4962502863555607,112,2
0,learned,adam,3,0.0,11,64,0.4962502869806019,0.4962502869604839,2.8749987339944234e-05,2.874730478775597e-05,0.4962502863555607,112,2
0,learned,adam,3,0.0,12,0,0.4962501506868918,0.49625015067949063,1.0576465397917109e-05,1.0575478513497484e-05,0.4962501504587318,112,2
0,learned,adam,3,0.0,12,64,0.49625015068640366,0.49625015067900247,1.0576400298721803e-05,1.0575413426450512e-05,0.4962501504587318,112,2
0,learned,adam,3,0.0,13,0,0.4962501005472467,0.496250100544524,3.890801457755009e-06,3.890438406673511e-06,0.49625010046373247,112,2
0,learned,adam,3,0.0,13,64,0.4962501005471807,0.49625010054445795,3.890792647786742e-06,3.89042959834931e-06,0.49625010046373247,112,2
0,learned,adam,3,0.0,14,0,0.49625008210222576,0.4962500821012242,1.431326293977578e-06,1.4311927364439432e-06,0.49625008207155985,112,2
0,learned,adam,3,0.0,14,64,0.4962500821022168,0.4962500821012152,1.4313251017089277e-06,1.4311915443977866e-06,0.49625008207155985,112,2
0,learned,adam,3,0.0,15,0,0.49625007531677806,0.49625007531640963,5.265487910379738e-07,5.264996585499681e-07,0.4962500753055045,112,2
0,learned,adam,3,0.0,15,64,0.49625007531677695,0.49625007531640847,5.265486296859956e-07,5.264994972280999e-07,0.4962500753055045,112,2
0,learned,adam,3,0.0,16,0,0.49625007282058375,0.4962500728204483,1.9370406476131728e-07,1.9368599014792554e-07,0.4962500728164375,112,2
0,learned,adam,3,0.0,16,64,0.4962500728205836,0.4962500728204481,1.9370404292524081e-07,1.9368596831592407e-07,0.4962500728164375,112,2
0,learned,adam,3,0.0,17,0,0.4962500719022967,0.49625007190224685,7.125886511173123e-08,7.125221591416242e-08,0.4962500719007715,112,2
0,learned,adam,3,0.0,17,64,0.4962500719022967,0.49625007190224674,7.125886215661227e-08,7.125221295959487e-08,0.4962500719007715,112,2
0,learned,adam,3,0.0,18,0,0.4962500715644819,0.4962500715644636,2.6214349661688213e-08,2.621190358851993e-08,0.4962500715639208,112,2
0,learned,adam,3,0.0,18,64,0.4962500715644819,0.4962500715644636,2.6214349261766157e-08,2.6211903188672515e-08,0.4962500715639208,112,2
0,learned,adam,3,0.0,19,0,0.49625007144020833,0.49625007144020167,9.643602075832607e-09,9.642702226819307e-09,0.496250071440002,112,2
0,learned,adam,3,0.0,19,64,0.49625007144020833,0.49625007144020167,9.643602021710373e-09,9.642702172707187e-09,0.496250071440002,112,2
0,learned,adam,3,0.0,20,0,0.4962500713944912,0.49625007139448873,3.5476394707922793e-09,3.5473084388944643e-09,0.49625007139441524,112,2
0,learned,adam,3,0.0,20,64,0.4962500713944912,0.49625007139448873,3.547639463467809e-09,3.547308431571362e-09,0.49625007139441524,112,2
0,learned,adam,3,0.0,21,0,0.496250071377673,0.49625007137767213,1.3050876367390188e-09,1.3049658584011309e-09,0.49625007137764504,112,2
0,learned,adam,3,0.0,21,64,0.496250071377673,0.49625007137767213,1.3050876357477833e-09,1.3049658574100802e-09,0.49625007137764504,112,2
0,learned,adam,3,0.0,22,0,0.4962500713714861,0.4962500713714857,4.801090288316293e-10,4.800642296335229e-10,0.49625007137147575,112,2
0,learned,adam,3,0.0,22,64,0.4962500713714861,0.4962500713714857,4.801090286974839e-10,4.800642294994033e-10,0.49625007137147575,112,2
0,learned,adam,3,0.0,23,0,0.49625007136920996,0.49625007136920984,1.7662007756903948e-10,1.7660359706696277e-10,0.49625007136920624,112,2
0,learned,adam,3,0.0,23,64,0.49625007136920996,0.49625007136920984,1.7662007755088553e-10,1.7660359704881145e-10,0.49625007136920624,112,2
0,learned,adam,3,0.0,24,0,0.4962500713683728,0.4962500713683727,6.497409948709331e-11,6.496803672346855e-11,0.49625007136837124,112,2
0,learned,adam,3,0.0,24,64,0.4962500713683728,0.4962500713683727,6.497409948463641e-11,6.496803672101224e-11,0.49625007136837124,112,2
0,learned,adam,3,0.0,25,0,0.49625007136806465,0.4962500713680646,2.3902342601344267e-11,2.3900112262572055e-11,0.49625007136806415,112,2
0,learned,adam,3,0.0,25,64,0.49625007136806465,0.4962500713680646,2.3902342601011808e-11,2.390011226223963e-11,0.49625007136806415,112,2
0,learned,adam,3,0.0,26,0,0.4962500713679514,0.4962500713679513,8.793072722063858e-12,8.792252236333804e-12,0.4962500713679512,112,2
0,learned,adam,3,0.0,26,64,0.4962500713679514,0.4962500713679513,8.793072722018864e-12,8.792252236288823e-12,0.4962500713679512,112,2
0,learned,adam,3,0.0,27,0,0.4962500713679097,0.4962500713679097,3.234751052877248e-12,3.234449216742933e-12,0.4962500713679096,112,2
0,learned,adam,3,0.0,27,64,0.4962500713679097,0.4962500713679097,3.2347510528711564e-12,3.2344492167368427e-12,0.4962500713679096,112,2
0,learned,adam,3,0.0,28,0,0.49625007136789445,0.4962500713678944,1.1899838321427839e-12,1.1898727941946018e-12,0.4962500713678943,112,2
0,learned,adam,3,0.0,28,64,0.49625007136789445,0.4962500713678944,1.1899838321419593e-12,1.1898727941937772e-12,0.4962500713678943,112,2
0,learned,adam,3,0.0,29,0,0.49625007136788873,0.49625007136788873,4.3776522446842804e-13,4.377243763904984e-13,0.49625007136788873,112,2
0,learned,adam,3,0.0,29,64,0.49625007136788873,0.49625007136788873,4.377652244683161e-13,4.3772437639038643e-13,0.49625007136788873,112,2
0,learned,adam,3,0.0,30,0,0.4962500713678866,0.4962500713678866,1.6104285333765004e-13,1.6102782635365162e-13,0.4962500713678866,112,2
0,learned,adam,3,0.0,30,64,0.4962500713678866,0.4962500713678866,1.6104285333763517e-13,1.6102782635363672e-13,0.4962500713678866,112,2
0,learned,adam,3,0.0,31,0,0.4962500713678858,0.4962500713678859,5.924362914534099e-14,5.923810109458478e-14,0.4962500713678859,112,2
0,learned,adam,3,0.0,31,64,0.4962500713678858,0.4962500713678859,5.924362914533889e-14,5.923810109458267e-14,0.4962500713678859,112,2
0,learned,adam,3,0.0,32,0,0.4962500713678856,0.49625007136788557,2.1794246199500733e-14,2.1792212568190118e-14,0.49625007136788557,112,2
0,learned,adam,3,0.0,32,64,0.4962500713678856,0.49625007136788557,2.1794246199500497e-14,2.1792212568189885e-14,0.49625007136788557,112,2
0,learned,adam,1000,11.328690783793768,1,0,0.7591214758913953,0.7591214758913954,1.0,1.0,0.4815030787288716,112,2
0,learned,adam,1000,11.328690783793768,1,64,0.5775527001781319,0.5775527001781319,0.6362241571786517,0.6362241571786516,0.4815030787288716,112,2
0,learned,adam,1000,11.328690783793768,2,0,0.5089220830740923,0.5014334950463666,0.5155483111913198,0.5024976698657172,0.39797280949213615,112,2
0,learned,adam,1000,11.328690783793768,2,64,0.4418173822350188,0.4373958459055612,0.39816108894382546,0.3903456505925958,0.39797280949213615,112,2
0,learned,adam,1000,11.328690783793768,3,0,0.34521147776307287,0.3405992938532319,0.22114570250010254,0.21223864613202237,0.31964487545254333,112,2
0,learned,adam,1000,11.328690783793768,3,64,0.33243877349352313,0.3288581278811485,0.19631129778473735,0.18927025692571706,0.31964487545254333,112,2
0,learned,adam,1000,11.328690783793768,4,0,0.2788265665305983,0.2769603414315676,0.0860607646394661,0.08201253652581253,0.27375376111967203,112,2
0,learned,adam,1000,11.328690783793768,4,64,0.2769656869242012,0.2752746991418151,0.08202185141273786,0.07833901934452553,0.27375376111967203,112,2
0,learned,adam,1000,11.328690783793768,5,0,0.25461976360055427,0.253924282532966,0.03212247168706492,0.030525295470908126,0.2534788942176551,112,2
0,learned,adam,1000,11.328690783793768,5,64,0.25436720575997346,0.25369661041684743,0.03154266233836347,0.03000166023215772,0.2534788942176551,112,2
0,learned,adam,1000,11.328690783793768,6,0,0.24586559124976645,0.24561090318763376,0.011797203535072687,0.011198736323372292,0.24555097125971398,112,2
0,learned,adam,1000,11.328690783793768,6,64,0.24583191741801316,0.24558059659760045,0.01171809315687575,0.011127485521296582,0.24555097125971398,112,2
0,learned,adam,1000,11.328690783793768,7,0,0.24269099342184738,0.24259814671436516,0.004306530298789669,0.004086463351933957,0.24259016857752028,112,2
0,learned,adam,1000,11.328690783793768,7,64,0.24268652616273156,0.24259412844450073,0.004295942861676172,0.0040769374663888296,0.24259016857752028,112,2
0,learned,adam,1000,11.328690783793768,8,0,0.2415376231577669,0.24150382294144374,0.0015686052122301948,0.001488235570139771,0.2415027649131176,112,2
0,learned,adam,1000,11.328690783793768,8,64,0.24153703147700892,0.24150329083675415,0.0015671983706455983,0.001486970258034879,0.2415027649131176,112,2
0,learned,adam,1000,11.328690783793768,9,0,0.24111825714206184,0.2411059582169468,0.0005708849517030296,0.0005416066675014125,0.24110581809652554,112,2
0,learned,adam,1000,11.328690783793768,9,64,0.24111817881877226,0.2411058877851738,0.0005706985010545872,0.0005414389967792022,0.24110581809652554,112,2
0,learned,adam,1000,11.328690783793768,10,0,0.24096572903746874,0.24096125456213652,0.00020770914806040678,0.00019705288498746026,0.2409612360143807,112,2
0,learned,adam,1000,11.328690783793768,10,64,0.240965718671551,0.24096124524089277,0.00020768446104640754,0.00019703068563192401,0.2409612360143807,112,2
0,learned,adam,1000,11.328690783793768,11,0,0.24091024660405683,0.2409086188421264,7.556420226943228e-05,7.168697904027285e-05,0.24090861638739758,112,2
0,learned,adam,1000,11.328690783793768,11,64,0.24091024523224888,0.24090861760858082,7.556093471755671e-05,7.168404080574393e-05,0.24090861638739758,112,2
0,learned,adam,1000,11.328690783793768,12,0,0.24089006391316062,0.24088947176530265,2.74890443680376e-05,2.6078507319569926e-05,0.24088947144044928,112,2
0,learned,adam,1000,11.328690783793768,12,64,0.24089006373162267,0.24088947160206223,2.748861193230963e-05,2.6078118469049908e-05,0.24088947144044928,112,2
0,learned,adam,1000,11.328690783793768,13,0,0.2408827220010754,0.24088250659101174,9.999931405905827e-06,9.486799278517517e-06,0.24088250654802237,112,2
0,learned,adam,1000,11.328690783793768,13,64,0.24088272197705182,0.2408825065694096,9.999874178943978e-06,9.486747819585506e-06,0.24088250654802237,112,2
0,learned,adam,1000,11.328690783793768,14,0,0.24088005119919811,0.24087997283809126,3.6377442106402735e-06,3.451077441486627e-06,0.24087997283240237,112,2
0,learned,adam,1000,11.328690783793768,14,64,0.240880051196019,0.2408799728352326,3.637736637560141e-06,3.4510706317196135e-06,0.24087997283240237,112,2
0,learned,adam,1000,11.328690783793768,15,0,0.24087907962710314,0.2408790511212084,1.3233248868330418e-06,1.2554198009825636e-06,0.24087905112045546,112,2
0,learned,adam,1000,11.328690783793768,15,64,0.2408790796266824,0.24087905112083002,1.3233238846621768e-06,1.2554188998237452e-06,0.24087905112045546,112,2
0,learned,adam,1000,11.328690783793768,16,0,0.2408787261927922,0.240878715823034,4.813938140316453e-07,4.566915544758249e-07,0.24087871582293444,112,2
0,learned,adam,1000,11.328690783793768,16,64,0.2408787261927365,0.2408787158229839,4.813936814113365e-07,4.566914352227602e-07,0.24087871582293444,112,2
0,learned,adam,1000,11.328690783793768,17,0,0.24087859762194722,0.24087859384967944,1.7511946530660458e-07,1.6613337608432934e-07,0.24087859384966626,112,2
0,learned,adam,1000,11.328690783793768,17,64,0.24087859762193986,0.2408785938496728,1.7511944775657144e-07,1.661333603032233e-07,0.24087859384966626,112,2
0,learned,adam,1000,11.328690783793768,18,0,0.24087855085098234,0.24087854947872236,6.370423437854615e-08,6.04353116776108e-08,0.24087854947872067,112,2
0,learned,adam,1000,11.328690783793768,18,64,0.24087855085098134,0.2408785494787215,6.370423205609948e-08,6.043530958925134e-08,0.24087854947872067,112,2
0,learned,adam,1000,11.328690783793768,19,0,0.2408785338368355,0.24087853333764048,2.317406198801215e-08,2.1984906808491e-08,0.2408785333376402,112,2
0,learned,adam,1000,11.328690783793768,19,64,0.24087853383683536,0.24087853333764037,2.3174061680676102e-08,2.198490653213241e-08,0.2408785333376402,112,2
0,learned,adam,1000,11.328690783793768,20,0,0.24087852764749992,0.24087852746590485,8.430163988936459e-09,7.997578052146944e-09,0.24087852746590485,112,2
0,learned,adam,1000,11.328690783793768,20,64,0.2408785276474999,0.24087852746590485,8.430163948265811e-09,7.997578015575642e-09,0.24087852746590485,112,2
0,learned,adam,1000,11.328690783793768,21,0,0.24087852539596918,0.2408785253299093,3.0666900178269473e-09,2.909325702872618e-09,0.24087852532990925,112,2
0,learned,adam,1000,11.328690783793768,21,64,0.24087852539596918,0.2408785253299093,3.0666900124448863e-09,2.909325698033034e-09,0.24087852532990925,112,2
0,learned,adam,1000,11.328690783793768,22,0,0.2408785245769167,0.2408785245528857,1.1155877469164373e-09,1.0583424104543205e-09,0.2408785245528857,112,2
0,learned,adam,1000,11.328690783793768,22,64,0.2408785245769167,0.2408785245528857,1.115587746204215e-09,1.0583424098138857e-09,0.2408785245528857,112,2
0,learned,adam,1000,11.328690783793768,23,0,0.2408785242789652,0.2408785242702233,4.058238730093041e-10,3.849994024690854e-10,0.2408785242702233,112,2
0,learned,adam,1000,11.328690783793768,23,64,0.2408785242789652,0.2408785242702233,4.0582387291505285e-10,3.8499940238433424e-10,0.2408785242702233,112,2
0,learned,adam,1000,11.328690783793768,24,0,0.24087852417057762,0.24087852416739752,1.4762892145866374e-10,1.400534821337924e-10,0.24087852416739752,112,2
0,learned,adam,1000,11.328690783793768,24,64,0.24087852417057762,0.24087852416739752,1.476289214461915e-10,1.4005348212257718e-10,0.24087852416739752,112,2
0,learned,adam,1000,11.328690783793768,25,0,0.24087852413114888,0.24087852412999203,5.370383533077176e-11,5.0948073505254844e-11,0.24087852412999203,112,2
0,learned,adam,1000,11.328690783793768,25,64,0.24087852413114888,0.24087852412999203,5.3703835329121217e-11,5.094807350377061e-11,0.24087852412999203,112,2
0,learned,adam,1000,11.328690783793768,26,0,0.24087852411680563,0.24087852411638475,1.953615796050002e-11,1.8533678379758755e-11,0.24087852411638475,112,2
0,learned,adam,1000,11.328690783793768,26,64,0.24087852411680563,0.24087852411638475,1.9536157960281608e-11,1.853367837956234e-11,0.24087852411638475,112,2
0,learned,adam,1000,11.328690783793768,27,0,0.2408785241115879,0.2408785241114348,7.106782327612856e-12,6.742104473211036e-12,0.2408785241114348,112,2
0,learned,adam,1000,11.328690783793768,27,64,0.2408785241115879,0.2408785241114348,7.106782327583957e-12,6.742104473185048e-12,0.2408785241114348,112,2
0,learned,adam,1000,11.328690783793768,28,0,0.2408785241096898,0.24087852410963412,2.5852757309806572e-12,2.452614737136497e-12,0.24087852410963412,112,2
0,learned,adam,1000,11.328690783793768,28,64,0.2408785241096898,0.24087852410963412,2.585275730976828e-12,2.452614737133055e-12,0.24087852410963412,112,2
0,learned,adam,1000,11.328690783793768,29,0,0.2408785241089993,0.24087852410897906,9.404608579637857e-13,8.922019931184948e-13,0.24087852410897906,112,2
0,learned,adam,1000,11.328690783793768,29,64,0.2408785241089993,0.24087852410897906,9.404608579632808e-13,8.922019931180415e-13,0.24087852410897906,112,2
0,learned,adam,1000,11.328690783793768,30,0,0.24087852410874813,0.24087852410874078,3.4211694124635997e-13,3.2456153201364776e-13,0.24087852410874078,112,2
0,learned,adam,1000,11.328690783793768,30,64,0.24087852410874813,0.24087852410874078,3.421169412462924e-13,3.245615320135866e-13,0.24087852410874078,112,2
0,learned,adam,1000,11.328690783793768,31,0,0.2408785241086568,0.2408785241086541,1.2445387864536838e-13,1.1806764485566285e-13,0.2408785241086541,112,2
0,learned,adam,1000,11.328690783793768,31,64,0.2408785241086568,0.2408785241086541,1.2445387864535957e-13,1.180676448556549e-13,0.2408785241086541,112,2
0,learned,adam,1000,11.328690783793768,32,0,0.24087852410862354,0.24087852410862257,4.5273314596606505e-14,4.295015701730193e-14,0.24087852410862257,112,2
0,learned,adam,1000,11.328690783793768,32,64,0.24087852410862354,0.24087852410862257,4.5273314596605357e-14,4.295015701730086e-14,0.24087852410862257,112,2
0,learned,adam,2000,18.94890040505393,1,0,0.8710067907553273,0.8710067907553273,1.0,1.0,0.6407468293012498,112,2
0,learned,adam,2000,18.94890040505393,1,64,0.676095982957805,0.676095982957805,0.6926518856608866,0.6926518856608868,0.6407468293012498,112,2
0,learned,adam,2000,18.94890040505393,2,0,0.790780361434719,0.7787451783794381,0.8482076393620519,0.829434887478413,0.5706761679812985,112,2
0,learned,adam,2000,18.94890040505393,2,64,0.6092084349104219,0.6001324245321646,0.6162455315592167,0.6062932694894728,0.5706761679812985,112,2
0,learned,adam,2000,18.94890040505393,3,0,0.5646920009549448,0.5318645746333341,0.5682238329868672,0.5334132522510603,0.4195264594833191,112,2
0,learned,adam,2000,18.94890040505393,3,64,0.4559411984334506,0.43479119040938563,0.4537171478439696,0.43132344220248275,0.4195264594833191,112,2
0,learned,adam,2000,18.94890040505393,4,0,0.2970339767828751,0.2754547092288914,0.2742753492081705,0.24681236964554149,0.2540583393639371,112,2
0,learned,adam,2000,18.94890040505393,4,64,0.2737525804585831,0.25727524049842265,0.2444362273815742,0.22245023583271192,0.2540583393639371,112,2
0,learned,adam,2000,18.94890040505393,5,0,0.17961487875421067,0.17266785552618397,0.10227601638539283,0.08980978183827179,0.17043278580585491,112,2
0,learned,adam,2000,18.94890040505393,5,64,0.1771113617526124,0.1707978182729797,0.09781448010403723,0.08636793371076217,0.17043278580585491,112,2
0,learned,adam,2000,18.94890040505393,6,0,0.1441371832810391,0.14207817109096715,0.03364306985516813,0.02925677162105001,0.14186838003542585,112,2
0,learned,adam,2000,18.94890040505393,6,64,0.14390250663117302,0.14190368637609738,0.03314525973673484,0.0288818274531053,0.14186838003542585,112,2
0,learned,adam,2000,18.94890040505393,7,0,0.13359765169894505,0.1329759882044423,0.010568519226983363,0.009160713991520356,0.13295631458732748,112,2
0,learned,adam,2000,18.94890040505393,7,64,0.1335756940882539,0.13295965646134453,0.0105188724668685,0.00912362778474876,0.13295631458732748,112,2
0,learned,adam,2000,18.94890040505393,8,0,0.1304033272112534,0.13021343521640621,0.00327042057713076,0.002831857226979827,0.13021158201461255,112,2
0,learned,adam,2000,18.94890040505393,8,64,0.1304012607432023,0.13021189770790734,0.0032656504139853175,0.002828303264318461,0.13021158201461255,112,2
0,learned,adam,2000,18.94890040505393,9,0,0.1294261200218381,0.12936787158448493,0.001007274188806537,0.0008719201844181788,0.12936769668707,112,2
0,learned,adam,2000,18.94890040505393,9,64,0.12942592505594225,0.1293677265069159,0.0010068212115718351,0.0008715829739863045,0.12936769668707,112,2
0,learned,adam,2000,18.94890040505393,10,0,0.1291262173433019,0.12910832571469383,0.00030978431701187786,0.00026813018217935265,0.1291083091981541,112,2
0,learned,adam,2000,18.94890040505393,10,64,0.12912619893332491,0.1291083120149643,0.00030974145819850956,0.0002680982847803609,0.1291083091981541,112,2
0,learned,adam,2000,18.94890040505393,11,0,0.1290340846596901,0.12902858673575365,9.523058113317683e-05,8.242321680389753e-05,0.1290285851756933,112,2
0,learned,adam,2000,18.94890040505393,11,64,0.12903408292083712,0.12902858544177545,9.52265305520846e-05,8.242020241855758e-05,0.1290285851756933,112,2
0,learned,adam,2000,18.94890040505393,12,0,0.12900577181305747,0.12900408213429912,2.9270730594379776e-05,2.5333934617187546e-05,0.12900408198693544,112,2
0,learned,adam,2000,18.94890040505393,12,64,0.12900577164880644,0.12900408201207025,2.927034790636489e-05,2.5333649832954706e-05,0.12900408198693544,112,2
0,learned,adam,2000,18.94890040505393,13,0,0.12899707028732466,0.12899655097698506,8.996473055402654e-06,7.786461199517534e-06,0.12899655096306478,112,2
0,learned,adam,2000,18.94890040505393,13,64,0.12899707027180923,0.12899655096543908,8.996436903897533e-06,7.786434296916006e-06,0.12899655096306478,112,2
0,learned,adam,2000,18.94890040505393,14,0,0.12899439592516193,0.12899423631698126,2.7650650129719967e-06,2.39316589637952e-06,0.1289942363156663,112,2
0,learned,adam,2000,18.94890040505393,14,64,0.1289943959236963,0.1289942363158906,2.765061597947965e-06,2.3931633550517537e-06,0.1289942363156663,112,2
0,learned,adam,2000,18.94890040505393,15,0,0.12899357396833483,0.12899352491314395,8.498390276387516e-07,7.355361335464108e-07,0.1289935249130197,112,2
0,learned,adam,2000,18.94890040505393,15,64,0.12899357396819638,0.12899352491304092,8.49838705044371e-07,7.355358934844139e-07,0.1289935249130197,112,2
0,learned,adam,2000,18.94890040505393,16,0,0.12899332134176952,0.1289933062647569,2.611965652641725e-07,2.260657483382166e-07,0.12899330626474517,112,2
0,learned,adam,2000,18.94890040505393,16,64,0.12899332134175645,0.12899330626474717,2.611965347909419e-07,2.2606572566124674e-07,0.12899330626474517,112,2
0,learned,adam,2000,18.94890040505393,17,0,0.1289932436975009,0.1289932390636102,8.027828527881903e-08,6.948089135532037e-08,0.1289932390636091,112,2
0,learned,adam,2000,18.94890040505393,17,64,0.12899324369749965,0.12899323906360927,8.027828240022924e-08,6.948088921318802e-08,0.1289932390636091,112,2
0,learned,adam,2000,18.94890040505393,18,0,0.12899321983368414,0.12899321840946665,2.4673380875522964e-08,2.135482187460438e-08,0.12899321840946654,112,2
0,learned,adam,2000,18.94890040505393,18,64,0.128993219833684,0.12899321840946656,2.467338060360312e-08,2.1354821672252454e-08,0.12899321840946654,112,2
0,learned,adam,2000,18.94890040505393,19,0,0.12899321249918533,0.12899321206145475,7.583317206685698e-09,6.563364323430537e-09,0.12899321206145475,112,2
0,learned,adam,2000,18.94890040505393,19,64,0.1289932124991853,0.12899321206145475,7.58331718099936e-09,6.563364304315785e-09,0.12899321206145475,112,2
0,learned,adam,2000,18.94890040505393,20,0,0.12899321024494095,0.1289932101104053,2.3307182552668015e-09,2.0172376568607994e-09,0.1289932101104053,112,2
0,learned,adam,2000,18.94890040505393,20,64,0.12899321024494095,0.1289932101104053,2.3307182528403983e-09,2.017237655055165e-09,0.1289932101104053,112,2
0,learned,adam,2000,18.94890040505393,21,0,0.12899320955210322,0.12899320951075394,7.163418618847757e-10,6.199941907972532e-10,0.12899320951075394,112,2
0,learned,adam,2000,18.94890040505393,21,64,0.12899320955210322,0.12899320951075394,7.163418616555711e-10,6.199941906266878e-10,0.12899320951075394,112,2
0,learned,adam,2000,18.94890040505393,22,0,0.12899320933916084,0.12899320932645222,2.2016632057379332e-10,1.9055404551710506e-10,0.12899320932645222,112,2
0,learned,adam,2000,18.94890040505393,22,64,0.12899320933916084,0.12899320932645222,2.2016632055214218e-10,1.9055404550099283e-10,0.12899320932645222,112,2
0,learned,adam,2000,18.94890040505393,23,0,0.1289932092737134,0.12899320926980742,6.766770347890866e-11,5.856642657639642e-11,0.12899320926980742,112,2
0,learned,adam,2000,18.94890040505393,23,64,0.1289932092737134,0.12899320926980742,6.76677034768634e-11,5.85664265748744e-11,0.12899320926980742,112,2
0,learned,adam,2000,18.94890040505393,24,0,0.12899320925359825,0.12899320925239774,2.079754106680506e-11,1.8000280772499117e-11,0.12899320925239774,112,2
0,learned,adam,2000,18.94890040505393,24,64,0.12899320925359825,0.12899320925239774,2.079754106661186e-11,1.8000280772355356e-11,0.12899320925239774,112,2
0,learned,adam,2000,18.94890040505393,25,0,0.12899320924741592,0.12899320924704694,6.392085029858255e-12,5.532352353064901e-12,0.12899320924704694,112,2
0,learned,adam,2000,18.94890040505393,25,64,0.12899320924741592,0.12899320924704694,6.39208502984e-12,5.53235235305132e-12,0.12899320924704694,112,2
0,learned,adam,2000,18.94890040505393,26,0,0.12899320924551577,0.12899320924540236,1.9645952806302755e-12,1.7003580635799753e-12,0.12899320924540236,112,2
0,learned,adam,2000,18.94890040505393,26,64,0.12899320924551577,0.12899320924540236,1.964595280628549e-12,1.7003580635786889e-12,0.12899320924540236,112,2
0,learned,adam,2000,18.94890040505393,27,0,0.12899320924493177,0.1289932092448969,6.038146549419983e-13,5.226018445431708e-13,0.1289932092448969,112,2
0,learned,adam,2000,18.94890040505393,27,64,0.12899320924493177,0.1289932092448969,6.038146549418349e-13,5.226018445430482e-13,0.1289932092448969,112,2
0,learned,adam,2000,18.94890040505393,28,0,0.12899320924475227,0.12899320924474156,1.855812956068175e-13,1.6062069147053878e-13,0.12899320924474156,112,2
0,learned,adam,2000,18.94890040505393,28,64,0.12899320924475227,0.12899320924474156,1.8558129560680188e-13,1.6062069147052737e-13,0.12899320924474156,112,2
0,learned,adam,2000,18.94890040505393,29,0,0.12899320924469712,0.1289932092446938,5.703806126137145e-14,4.936646664731932e-14,0.1289932092446938,112,2
0,learned,adam,2000,18.94890040505393,29,64,0.12899320924469712,0.1289932092446938,5.703806126137002e-14,4.936646664731827e-14,0.1289932092446938,112,2
0,learned,adam,2000,18.94890040505393,30,0,0.12899320924468013,0.12899320924467914,1.753054057424201e-14,1.5172690435638822e-14,0.12899320924467914,112,2
0,learned,adam,2000,18.94890040505393,30,64,0.12899320924468013,0.12899320924467914,1.753054057424189e-14,1.5172690435638715e-14,0.12899320924467914,112,2
0,learned,adam,2000,18.94890040505393,31,0,0.12899320924467492,0.1289932092446746,5.3879785888386775e-15,4.663297794844752e-15,0.1289932092446746,112,2
0,learned,adam,2000,18.94890040505393,31,64,0.12899320924467492,0.1289932092446746,5.387978588838671e-15,4.663297794844752e-15,0.1289932092446746,112,2
0,learned,adam,2000,18.94890040505393,32,0,0.12899320924467333,0.12899320924467325,1.6559850593790827e-15,1.4332557838472775e-15,0.12899320924467325,112,2
0,learned,adam,2000,18.94890040505393,32,64,0.12899320924467333,0.12899320924467325,1.6559850593790827e-15,1.4332557838472775e-15,0.12899320924467325,112,2
0,learned,adam,3000,24.84174707475492,1,0,0.9240839409310323,0.9240839409310324,1.0,1.0,0.7726556651537893,112,2
0,learned,adam,3000,24.84174707475492,1,64,0.7786140556134492,0.7786140556134492,0.7516046537419866,0.7516046537419867,0.7726556651537893,112,2
0,learned,adam,3000,24.84174707475492,2,0,0.9134367094988486,0.9105765493802909,0.9714513071194694,0.9642922801110679,0.7546302824213765,112,2
0,learned,adam,3000,24.84174707475492,2,64,0.7642967587469338,0.760583430608109,0.7353600975657505,0.7312525055167715,0.7546302824213765,112,2
0,learned,adam,3000,24.84174707475492,3,0,0.8647016954395098,0.847471514089458,0.8715079482012761,0.8430944377355967,0.6835679471326923,112,2
0,learned,adam,3000,24.84174707475492,3,64,0.7072869027134979,0.6892465854571004,0.6765907483098339,0.6593724895388351,0.6835679471326923,112,2
0,learned,adam,3000,24.84174707475492,4,0,0.6416401181284821,0.5742069394803722,0.6172651476524561,0.5598270305028122,0.46221735294667493,112,2
0,learned,adam,3000,24.84174707475492,4,64,0.5155467247752138,0.4655930175628792,0.5124885457822923,0.4724217378363849,0.46221735294667493,112,2
0,learned,adam,3000,24.84174707475492,5,0,0.2553281732044627,0.2125246007496347,0.2849063466977163,0.23795861536613236,0.19790169563628263,112,2
0,learned,adam,3000,24.84174707475492,5,64,0.2323573881875549,0.19837340846579288,0.26019274495984346,0.22060941470552717,0.19790169563628263,112,2
0,learned,adam,3000,24.84174707475492,6,0,0.1143101960607046,0.10523728910384587,0.09012287145318877,0.071790462315457,0.10442866019029153,112,2
0,learned,adam,3000,24.84174707475492,6,64,0.11296395990991119,0.10445677267368375,0.08747706317457896,0.07012665186048873,0.10442866019029153,112,2
0,learned,adam,3000,24.84174707475492,7,0,0.08479026245166921,0.08279039237054713,0.024026059059656955,0.01883635115656734,0.08274454547592709,112,2
0,learned,adam,3000,24.84174707475492,7,64,0.08471525703556984,0.08274617204053238,0.02383333052994781,0.018719817230853822,0.08274454547592709,112,2
0,learned,adam,3000,24.84174707475492,8,0,0.07807576433908557,0.07759678916160642,0.006078764128252852,0.0047452202237312216,0.07759403279850603,112,2
0,learned,adam,3000,24.84174707475492,8,64,0.0780712907630805,0.07759413106629683,0.006066342252482537,0.004737790268469835,0.07759403279850603,112,2
0,learned,adam,3000,24.84174707475492,9,0,0.07644971679233173,0.07633186741171817,0.0015169357589514974,0.001182857689456186,0.07633169849124577,112,2
0,learned,adam,3000,24.84174707475492,9,64,0.07644944324864789,0.07633170452064778,0.001516160846816997,0.0011823954689075254,0.07633169849124577,112,2
0,learned,adam,3000,24.84174707475492,10,0,0.0760484434651569,0.07601924011127384,0.0003772341790853593,0.00029407459028030816,0.0760192297065737,112,2
0,learned,adam,3000,24.84174707475492,10,64,0.07604842662582849,0.07601923007806569,0.00037718623547591297,0.0002940460126121011,0.0760192297065737,112,2
0,learned,adam,3000,24.84174707475492,11,0,0.07594893200822041,0.0759416823492379,9.373005625892684e-05,7.306271094208835e-05,0.07594168170753766,112,2
0,learned,adam,3000,24.84174707475492,11,64,0.07594893096981956,0.07594168173045077,9.372709610810763e-05,7.306094679386044e-05,0.07594168170753766,112,2
0,learned,adam,3000,24.84174707475492,12,0,0.07592422389195905,0.07592242337693822,2.3283766524846255e-05,1.814942184825701e-05,0.07592242333734933,112,2
0,learned,adam,3000,24.84174707475492,12,64,0.07592422382789851,0.07592242333876296,2.328358385185474e-05,1.8149312986088837e-05,0.07592242333734933,112,2
0,learned,adam,3000,24.84174707475492,13,0,0.07591808713214496,0.07591763990903948,5.783681479015164e-06,4.508292670243985e-06,0.07591763990659692,112,2
0,learned,adam,3000,24.84174707475492,13,64,0.07591808712819252,0.07591763990668415,5.783670207571831e-06,4.5082859532099116e-06,0.07591763990659692,112,2
0,learned,adam,3000,24.84174707475492,14,0,0.07591656282790178,0.07591645174077842,1.436645871439079e-06,1.119842666955606e-06,0.0759164517406277,112,2
0,learned,adam,3000,24.84174707475492,14,64,0.07591656282765791,0.07591645174063309,1.436645175980958e-06,1.1198422525096996e-06,0.0759164517406277,112,2
0,learned,adam,3000,24.84174707475492,15,0,0.07591618420018685,0.07591615660672499,3.5685653788206334e-07,2.7816393827247116e-07,0.0759161566067157,112,2
0,learned,adam,3000,24.84174707475492,15,64,0.0759161842001718,0.07591615660671601,3.568564949720135e-07,2.781639127010066e-07,0.0759161566067157,112,2
0,learned,adam,3000,24.84174707475492,16,0,0.07591609015097044,0.07591608329688679,8.864152730516208e-08,6.909464203246845e-08,0.07591608329688622,112,2
0,learned,adam,3000,24.84174707475492,16,64,0.07591609015096952,0.07591608329688623,8.864152465759955e-08,6.909464045470177e-08,0.07591608329688622,112,2
0,learned,adam,3000,24.84174707475492,17,0,0.07591606678959176,0.07591606508706952,2.2018144349445006e-08,1.7162788412616392e-08,0.07591606508706948,112,2
0,learned,adam,3000,24.84174707475492,17,64,0.07591606678959172,0.0759160650870695,2.2018144186089726e-08,1.7162788315267782e-08,0.07591606508706948,112,2
0,learned,adam,3000,24.84174707475492,18,0,0.07591606098673458,0.075916060563836,5.469204681056887e-09,4.263156824825008e-09,0.075916060563836,112,2
0,learned,adam,3000,24.84174707475492,18,64,0.07591606098673458,0.075916060563836,5.469204670977826e-09,4.2631568188185726e-09,0.075916060563836,112,2
0,learned,adam,3000,24.84174707475492,19,0,0.0759160595453319,0.07591605944028584,1.3585249961475586e-09,1.0589483190061867e-09,0.07591605944028584,112,2
0,learned,adam,3000,24.84174707475492,19,64,0.0759160595453319,0.07591605944028584,1.3585249955256758e-09,1.0589483186355858e-09,0.07591605944028584,112,2
0,learned,adam,3000,24.84174707475492,20,0,0.07591605918729417,0.07591605916120123,3.3745128716625724e-10,2.630378345756754e-10,0.07591605916120123,112,2
0,learned,adam,3000,24.84174707475492,20,64,0.07591605918729417,0.07591605916120123,3.3745128712788753e-10,2.6303783455281006e-10,0.07591605916120123,112,2
0,learned,adam,3000,24.84174707475492,21,0,0.07591605909835929,0.07591605909187789,8.382132934234806e-11,6.533737401114215e-11,0.07591605909187789,112,2
0,learned,adam,3000,24.84174707475492,21,64,0.07591605909835929,0.07591605909187789,8.382132933998061e-11,6.533737400973129e-11,0.07591605909187789,112,2
0,learned,adam,3000,24.84174707475492,22,0,0.07591605907626826,0.07591605907465833,2.082082812712437e-11,1.6229499641874187e-11,0.07591605907465833,112,2
0,learned,adam,3000,24.84174707475492,22,64,0.07591605907626826,0.07591605907465833,2.0820828126978275e-11,1.6229499641787123e-11,0.07591605907465833,112,2
0,learned,adam,3000,24.84174707475492,23,0,0.07591605907078094,0.07591605907038106,5.171796812097392e-12,4.0313321831862345e-12,0.07591605907038106,112,2
0,learned,adam,3000,24.84174707475492,23,64,0.07591605907078094,0.07591605907038106,5.171796812088377e-12,4.031332183180864e-12,0.07591605907038106,112,2
0,learned,adam,3000,24.84174707475492,24,0,0.07591605906941794,0.07591605906931861,1.2846502599220685e-12,1.001364153526614e-12,0.07591605906931861,112,2
0,learned,adam,3000,24.84174707475492,24,64,0.07591605906941794,0.07591605906931861,1.2846502599215105e-12,1.0013641535262795e-12,0.07591605906931861,112,2
0,learned,adam,3000,24.84174707475492,25,0,0.07591605906907938,0.0759160590690547,3.1910114613409793e-13,2.4873419564578875e-13,0.0759160590690547,112,2
0,learned,adam,3000,24.84174707475492,25,64,0.07591605906907938,0.0759160590690547,3.191011461340642e-13,2.487341956457684e-13,0.0759160590690547,112,2
0,learned,adam,3000,24.84174707475492,26,0,0.07591605906899526,0.07591605906898913,7.926323968532792e-14,6.178441665365598e-14,0.07591605906898913,112,2
0,learned,adam,3000,24.84174707475492,26,64,0.07591605906899526,0.07591605906898913,7.92632396853259e-14,6.178441665365488e-14,0.07591605906898913,112,2
0,learned,adam,3000,24.84174707475492,27,0,0.07591605906897438,0.07591605906897284,1.968861986717008e-14,1.5346961568034918e-14,0.07591605906897282,112,2
0,learned,adam,3000,24.84174707475492,27,64,0.07591605906897438,0.07591605906897284,1.9688619867169943e-14,1.534696156803481e-14,0.07591605906897282,112,2
0,learned,adam,3000,24.84174707475492,28,0,0.07591605906896919,0.07591605906896881,4.890561549248176e-15,3.8121138327004914e-15,0.07591605906896881,112,2
0,learned,adam,3000,24.84174707475492,28,64,0.07591605906896919,0.07591605906896881,4.890561549248176e-15,3.8121138327004914e-15,0.07591605906896881,112,2
0,learned,adam,3000,24.84174707475492,29,0,0.07591605906896791,0.07591605906896781,1.2147927294216362e-15,9.469113354486082e-16,0.07591605906896781,112,2
0,learned,adam,3000,24.84174707475492,29,64,0.07591605906896791,0.07591605906896781,1.2147927294216362e-15,9.469113354486082e-16,0.07591605906896781,112,2
0,learned,adam,3000,24.84174707475492,30,0,0.07591605906896756,0.07591605906896753,3.0174886065640404e-16,2.352083690443945e-16,0.07591605906896753,112,2
0,learned,adam,3000,24.84174707475492,30,64,0.07591605906896756,0.07591605906896753,3.0174886065640404e-16,2.352083690443945e-16,0.07591605906896753,112,2
0,learned,adam,3000,24.84174707475492,31,0,0.07591605906896749,0.0759160590689675,7.495301272570834e-17,5.842466427156482e-17,0.0759160590689675,112,2
0,learned,adam,3000,24.84174707475492,31,64,0.07591605906896749,0.0759160590689675,7.495301272570834e-17,5.842466427156482e-17,0.0759160590689675,112,2
0,learned,adam,3000,24.84174707475492,32,0,0.07591605906896746,0.07591605906896746,1.86179795490837e-17,1.4512414711743594e-17,0.07591605906896746,112,2
0,learned,adam,3000,24.84174707475492,32,64,0.07591605906896746,0.07591605906896746,1.86179795490837e-17,1.4512414711743594e-17,0.07591605906896746,112,2
0,learned,adam,4000,29.71272255340369,1,0,0.9519500838407488,0.9519500838407489,1.0,1.0,0.852127050593549,112,2
0,learned,adam,4000,29.71272255340369,1,64,0.852886533434776,0.852886533434776,0.7942501928963789,0.7942501928963789,0.852127050593549,112,2
0,learned,adam,4000,29.71272255340369,2,0,0.9507142735693171,0.9502394394479505,0.9955325506845915,0.9938416650492586,0.8491831995556816,112,2
0,learned,adam,4000,29.71272255340369,2,64,0.8507595720102369,0.8499476177702913,0.7914292939895233,0.7903603810243348,0.8491831995556816,112,2
0,learned,adam,4000,29.71272255340369,3,0,0.9444330426604663,0.9414196689331104,0.9743943696948889,0.9649592927060305,0.8346205908815858,112,2
0,learned,adam,4000,29.71272255340369,3,64,0.8402800058188511,0.8354067458168728,0.7780088843294365,0.7719848206191136,0.8346205908815858,112,2
0,learned,adam,4000,29.71272255340369,4,0,0.9076632999421801,0.887324760165774,0.8835615301684289,0.8455313525230455,0.75982546459103,112,2
0,learned,adam,4000,29.71272255340369,4,64,0.7868380735096263,0.7606652194054196,0.7189419807224999,0.6936076034649431,0.75982546459103,112,2
0,learned,adam,4000,29.71272255340369,5,0,0.6563035461933594,0.5416396838467216,0.6102488099587234,0.5279521402229101,0.44658260172255826,112,2
0,learned,adam,4000,29.71272255340369,5,64,0.5392138158576366,0.4470933579406372,0.5266062364506451,0.46443362757831974,0.44658260172255826,112,2
0,learned,adam,4000,29.71272255340369,6,0,0.18204768609846742,0.13350836810465633,0.2459194244831206,0.18685234265952283,0.12762570383076116,112,2
0,learned,adam,4000,29.71272255340369,6,64,0.16867367876427866,0.12765960334150858,0.23090873748001073,0.17822552615694215,0.12762570383076116,112,2
0,learned,adam,4000,29.71272255340369,7,0,0.06874684129328387,0.06199396930014594,0.06328687877712683,0.045132011356633576,0.061811968431581404,112,2
0,learned,adam,4000,29.71272255340369,7,64,0.0683350557015056,0.06181307479001909,0.06223149680503513,0.04461045238084663,0.061811968431581404,112,2
0,learned,adam,4000,29.71272255340369,8,0,0.05195073738304544,0.05075035453922035,0.013736616155271497,0.009630566833331083,0.0507434165982866,112,2
0,learned,adam,4000,29.71272255340369,8,64,0.05193576248021812,0.05074345921538252,0.013686006110535621,0.009606600384819025,0.0507434165982866,112,2
0,learned,adam,4000,29.71272255340369,9,0,0.0488371884032755,0.04859835567616103,0.0028587032412978218,0.001996735943886547,0.04859806884663736,112,2
0,learned,adam,4000,29.71272255340369,9,64,0.04883657707891135,0.048598070612111556,0.002856502610773509,0.001995703660833503,0.04859806884663736,112,2
0,learned,adam,4000,29.71272255340369,10,0,0.04821124799743224,0.04816245356094636,0.0005895689118575127,0.0004114795564733698,0.04816244147875724,112,2
0,learned,adam,4000,29.71272255340369,10,64,0.04821122231675703,0.04816244155315548,0.0005894752330424259,0.00041143570013758493,0.04816244147875724,112,2
0,learned,adam,4000,29.71272255340369,11,0,0.04808308266376641,0.048073057840736046,0.00012136276174779151,8.468947296303349e-05,0.04807305732978541,112,2
0,learned,adam,4000,29.71272255340369,11,64,0.04808308157835846,0.04807305733293195,0.00012135879149481543,8.468761502407945e-05,0.04807305732978541,112,2
0,learned,adam,4000,29.71272255340369,12,0,0.048056738997385794,0.04805467701103529,2.497286703798267e-05,1.7426012998634272e-05,0.0480546769894098,112,2
0,learned,adam,4000,29.71272255340369,12,64,0.048056738951452335,0.04805467698954299,2.497269892566316e-05,1.7425934334600134e-05,0.0480546769894098,112,2
0,learned,adam,4000,29.71272255340369,13,0,0.048051319907615006,0.04805089568052777,5.138268515618213e-06,3.5854483582040344e-06,0.04805089567961234,112,2
0,learned,adam,4000,29.71272255340369,13,64,0.04805131990567064,0.04805089567961797,5.1382613985766485e-06,3.5854450280168313e-06,0.04805089567961234,112,2
0,learned,adam,4000,29.71272255340369,14,0,0.048050204978120625,0.048050117694588654,1.0572022407960383e-06,7.377074055094131e-07,0.04805011769454989,112,2
0,learned,adam,4000,29.71272255340369,14,64,0.04805020497803831,0.04805011769455014,1.0572019395074277e-06,7.377072645317493e-07,0.04805011769454989,112,2
0,learned,adam,4000,29.71272255340369,15,0,0.04804997558358951,0.04804995762506663,2.1751934697185748e-07,1.5178324517320277e-07,0.04804995762506496,112,2
0,learned,adam,4000,29.71272255340369,15,64,0.048049975583586035,0.048049957625064976,2.1751933421738555e-07,1.5178323920518992e-07,0.04804995762506496,112,2
0,learned,adam,4000,29.71272255340369,16,0,0.048049928385793535,0.04804992469083291,4.475457171805327e-08,3.122937717472726e-08,0.04804992469083283,112,2
0,learned,adam,4000,29.71272255340369,16,64,0.048049928385793396,0.04804992469083283,4.4754571178118196e-08,3.122937692208344e-08,0.04804992469083283,112,2
0,learned,adam,4000,29.71272255340369,17,0,0.0480499186748597,0.04804991791462235,9.208244838237081e-09,6.42543848878669e-09,0.048049917914622334,112,2
0,learned,adam,4000,29.71272255340369,17,64,0.04804991867485969,0.048049917914622334,9.208244815380016e-09,6.425438478091526e-09,0.048049917914622334,112,2
0,learned,adam,4000,29.71272255340369,18,0,0.0480499166768371,0.048049916520418415,1.894594613633672e-09,1.3220327363600873e-09,0.048049916520418415,112,2
0,learned,adam,4000,29.71272255340369,18,64,0.0480499166768371,0.048049916520418415,1.8945946126660654e-09,1.3220327359073294e-09,0.048049916520418415,112,2
0,learned,adam,4000,29.71272255340369,19,0,0.04804991626574433,0.04804991623356121,3.8981247690443016e-10,2.720079807759164e-10,0.04804991623356121,112,2
0,learned,adam,4000,29.71272255340369,19,64,0.04804991626574433,0.04804991623356121,3.8981247686346787e-10,2.7200798075674946e-10,0.04804991623356121,112,2
0,learned,adam,4000,29.71272255340369,20,0,0.04804991618116207,0.04804991617454039,8.020384195548309e-11,5.596558958736171e-11,0.04804991617454039,112,2
0,learned,adam,4000,29.71272255340369,20,64,0.04804991618116207,0.04804991617454039,8.020384195374917e-11,5.596558958655049e-11,0.04804991617454039,112,2
0,learned,adam,4000,29.71272255340369,21,0,0.048049916163759296,0.048049916162396886,1.6501925012402724e-11,1.1514909262551124e-11,0.048049916162396886,112,2
0,learned,adam,4000,29.71272255340369,21,64,0.048049916163759296,0.048049916162396886,1.6501925012329306e-11,1.151490926251676e-11,0.048049916162396886,112,2
0,learned,adam,4000,29.71272255340369,22,0,0.04804991616017867,0.04804991615989838,3.395267888186551e-12,2.369190359607236e-12,0.04804991615989838,112,2
0,learned,adam,4000,29.71272255340369,22,64,0.04804991616017867,0.04804991615989838,3.3952678881834417e-12,2.36919035960578e-12,0.04804991615989838,112,2
0,learned,adam,4000,29.71272255340369,23,0,0.04804991615944195,0.04804991615938428,6.985757130614572e-13,4.874604594818613e-13,0.04804991615938428,112,2
0,learned,adam,4000,29.71272255340369,23,64,0.04804991615944195,0.04804991615938428,6.985757130613259e-13,4.874604594818007e-13,0.04804991615938428,112,2
0,learned,adam,4000,29.71272255340369,24,0,0.04804991615929038,0.04804991615927851,1.4373181820975183e-13,1.0029489550907393e-13,0.04804991615927851,112,2
0,learned,adam,4000,29.71272255340369,24,64,0.04804991615929038,0.04804991615927851,1.4373181820974615e-13,1.0029489550907143e-13,0.04804991615927851,112,2
0,learned,adam,4000,29.71272255340369,25,0,0.048049916159259194,0.04804991615925676,2.957279387131268e-14,2.0635655404471438e-14,0.04804991615925676,112,2
0,learned,adam,4000,29.71272255340369,25,64,0.048049916159259194,0.04804991615925676,2.957279387131244e-14,2.063565540447129e-14,0.04804991615925676,112,2
0,learned,adam,4000,29.71272255340369,26,0,0.04804991615925277,0.048049916159252276,6.0845966345379264e-15,4.245782118926893e-15,0.048049916159252276,112,2
0,learned,adam,4000,29.71272255340369,26,64,0.04804991615925277,0.048049916159252276,6.0845966345379264e-15,4.245782118926893e-15,0.048049916159252276,112,2
0,learned,adam,4000,29.71272255340369,27,0,0.04804991615925146,0.04804991615925135,1.251904583859522e-15,8.735688519732117e-16,0.04804991615925135,112,2
0,learned,adam,4000,29.71272255340369,27,64,0.04804991615925146,0.04804991615925135,1.251904583859522e-15,8.735688519732117e-16,0.04804991615925135,112,2
0,learned,adam,4000,29.71272255340369,28,0,0.04804991615925119,0.04804991615925116,2.57579126641235e-16,1.797366227852195e-16,0.04804991615925116,112,2
0,learned,adam,4000,29.71272255340369,28,64,0.04804991615925119,0.04804991615925116,2.57579126641235e-16,1.797366227852195e-16,0.04804991615925116,112,2
0,learned,adam,4000,29.71272255340369,29,0,0.048049916159251124,0.04804991615925112,5.2996855620353496e-17,3.698077546751536e-17,0.04804991615925112,112,2
0,learned,adam,4000,29.71272255340369,29,64,0.048049916159251124,0.04804991615925112,5.2996855620353496e-17,3.698077546751536e-17,0.04804991615925112,112,2
0,learned,adam,4000,29.71272255340369,30,0,0.048049916159251124,0.04804991615925112,1.0904092820986227e-17,7.608787418983634e-18,0.04804991615925112,112,2
0,learned,adam,4000,29.71272255340369,30,64,0.048049916159251124,0.04804991615925112,1.0904092820986227e-17,7.608787418983634e-18,0.04804991615925112,112,2
0,learned,adam,4000,29.71272255340369,31,0,0.048049916159251124,0.04804991615925112,2.2435149945578875e-18,1.5655065437483359e-18,0.04804991615925112,112,2
0,learned,adam,4000,29.71272255340369,31,64,0.048049916159251124,0.04804991615925112,2.2435149945578875e-18,1.5655065437483359e-18,0.04804991615925112,112,2
0,learned,adam,4000,29.71272255340369,32,0,0.048049916159251124,0.04804991615925112,4.616027773643652e-19,3.2210266939567544e-19,0.04804991615925112,112,2
0,learned,adam,4000,29.71272255340369,32,64,0.048049916159251124,0.04804991615925112,4.616027773643652e-19,3.2210266939567544e-19,0.04804991615925112,112,2
0,learned,adam,5000,33.89887827553162,1,0,0.9678569417091483,0.9678569417091483,1.0,1.0,0.9021585793793154,112,2
0,learned,adam,5000,33.89887827553162,1,64,0.9022463838425365,0.9022463838425367,0.8263598668294857,0.8263598668294857,0.9021585793793154,112,2
0,learned,adam,5000,33.89887827553162,2,0,0.9677136994783674,0.9676406663776942,0.9993253907494939,0.998982422967881,0.901740177487271,112,2
0,learned,adam,5000,33.89887827553162,2,64,0.901969297547913,0.9018281684505227,0.8258991389026711,0.8256648705605636,0.901740177487271,112,2
0,learned,adam,5000,33.89887827553162,3,0,0.9668800510719037,0.96637636406617,0.9954589473309081,0.9931622300435412,0.8993133910689508,112,2
0,learned,adam,5000,33.89887827553162,3,64,0.9003655432600725,0.8994024483910703,0.8232563279456109,0.8216850040375459,0.8993133910689508,112,2
0,learned,adam,5000,33.89887827553162,4,0,0.9617869015860883,0.9584637764141707,0.9737927550034551,0.9609206045319922,0.8847842672555103,112,2
0,learned,adam,5000,33.89887827553162,4,64,0.8908697537968494,0.8848791899170227,0.8083773694346524,0.799491372521757,0.8847842672555103,112,2
0,learned,adam,5000,33.89887827553162,5,0,0.9225335417834636,0.8916849232193156,0.8660330789505652,0.8095650466663732,0.786825543992491,112,2
0,learned,adam,5000,33.89887827553162,5,64,0.828897414936506,0.7869425302484291,0.7325993191721308,0.6918702416695306,0.786825543992491,112,2
0,learned,adam,5000,33.89887827553162,6,0,0.5542972742537599,0.3742207435528366,0.5336362094603889,0.42449797610400813,0.3205804075331511,112,2
0,learned,adam,5000,33.89887827553162,6,64,0.4654925754440525,0.3206286263504022,0.4792601010239008,0.38973434031106535,0.3205804075331511,112,2
0,learned,adam,5000,33.89887827553162,7,0,0.09717767434779116,0.06711887886112648,0.16898859169748182,0.11352435230658381,0.06599874911280836,112,2
0,learned,adam,5000,33.89887827553162,7,64,0.0933444231243177,0.0659998537024604,0.16294805267234283,0.11087938246469797,0.06599874911280836,112,2
0,learned,adam,5000,33.89887827553162,8,0,0.0403522078291626,0.037084825777561226,0.03440830190038465,0.021752601219310552,0.03706074090688195,112,2
0,learned,adam,5000,33.89887827553162,8,64,0.04028095264296057,0.037060765295969494,0.03414561869516936,0.021653626850702955,0.03706074090688195,112,2
0,learned,adam,5000,33.89887827553162,9,0,0.033476169252518055,0.03296795218264337,0.006161537995557333,0.003846247913909761,0.03296727717650171,112,2
0,learned,adam,5000,33.89887827553162,9,64,0.03347428215651655,0.03296727786281099,0.006153021819990293,0.0038431418914902067,0.03296727717650171,112,2
0,learned,adam,5000,33.89887827553162,10,0,0.032371794656138014,0.03228530036712764,0.001075747812051464,0.0006699920367684595,0.032285280281474156,112,2
0,learned,adam,5000,33.89887827553162,10,64,0.03237173911577703,0.03228528030190998,0.0010754876995584686,0.0006698977264876366,0.032285280281474156,112,2
0,learned,adam,5000,33.89887827553162,11,0,0.032182693565711976,0.03216772734207704,0.00018697082192246532,0.00011640193915463152,0.03216772673786954,112,2
0,learned,adam,5000,33.89887827553162,11,64,0.03218269189820982,0.032167726738484344,0.00018696296158473086,0.00011639909213342813,0.03216772673786954,112,2
0,learned,adam,5000,33.89887827553162,12,0,0.032149938077902444,0.032147340927472026,3.2471006537324896e-05,2.0213992181648592e-05,0.03214734090926192,112,2
0,learned,adam,5000,33.89887827553162,12,64,0.032149938027662854,0.03214734090928046,3.247076944816737e-05,2.0213906323160765e-05,0.03214734090926192,112,2
0,learned,adam,5000,33.89887827553162,13,0,0.03214425282300203,0.032143801901288634,5.638431786641248e-06,3.5100189132477103e-06,0.03214380190073963,112,2
0,learned,adam,5000,33.89887827553162,13,64,0.03214425282148746,0.03214380190074018,5.6384246377040305e-06,3.5100163244418316e-06,0.03214380190073963,112,2
0,learned,adam,5000,33.89887827553162,14,0,0.032143265707312484,0.032143187410648304,9.790629275294387e-07,6.094819189749067e-07,0.032143187410631754,112,2
0,learned,adam,5000,33.89887827553162,14,64,0.03214326570726682,0.03214318741063177,9.79062711980028e-07,6.094818409195892e-07,0.032143187410631754,112,2
0,learned,adam,5000,33.89887827553162,15,0,0.032143094306605495,0.03214308071120578,1.700047642927308e-07,1.0583057486613135e-07,0.03214308071120528,112,2
0,learned,adam,5000,33.89887827553162,15,64,0.032143094306604114,0.03214308071120528,1.700047577937096e-07,1.0583057251269107e-07,0.03214308071120528,112,2
0,learned,adam,5000,33.89887827553162,16,0,0.03214306454463002,0.032143062183924306,2.9519654348850726e-08,1.8376436720018625e-08,0.03214306218392429,112,2
0,learned,adam,5000,33.89887827553162,16,64,0.03214306454462997,0.03214306218392429,2.9519654152899368e-08,1.8376436649060276e-08,0.03214306218392429,112,2
0,learned,adam,5000,33.89887827553162,17,0,0.03214305937675862,0.0321430589668454,5.125796846074782e-09,3.190886967708567e-09,0.0321430589668454,112,2
0,learned,adam,5000,33.89887827553162,17,64,0.03214305937675862,0.0321430589668454,5.125796840166674e-09,3.190886965569111e-09,0.0321430589668454,112,2
0,learned,adam,5000,33.89887827553162,18,0,0.032143058479408806,0.03214305840823143,8.900440509914003e-10,5.540660394656348e-10,0.03214305840823143,112,2
0,learned,adam,5000,33.89887827553162,18,64,0.032143058479408806,0.03214305840823143,8.900440508132659e-10,5.540660394011291e-10,0.03214305840823143,112,2
0,learned,adam,5000,33.89887827553162,19,0,0.03214305832359287,0.03214305831123362,1.545473676633986e-10,9.620810092211245e-11,0.03214305831123362,112,2
0,learned,adam,5000,33.89887827553162,19,64,0.03214305832359287,0.03214305831123362,1.545473676580279e-10,9.62081009201676e-11,0.03214305831123362,112,2
0,learned,adam,5000,33.89887827553162,20,0,0.03214305829653697,0.03214305829439091,2.6835625505892172e-11,1.6705587457525744e-11,0.03214305829439091,112,2
0,learned,adam,5000,33.89887827553162,20,64,0.03214305829653697,0.03214305829439091,2.6835625505730245e-11,1.6705587457467105e-11,0.03214305829439091,112,2
0,learned,adam,5000,33.89887827553162,21,0,0.032143058291838986,0.03214305829146634,4.659741586667755e-12,2.9007604308564913e-12,0.03214305829146634,112,2
0,learned,adam,5000,33.89887827553162,21,64,0.032143058291838986,0.03214305829146634,4.6597415866628744e-12,2.900760430854729e-12,0.03214305829146634,112,2
0,learned,adam,5000,33.89887827553162,22,0,0.03214305829102322,0.032143058290958516,8.091181496525021e-13,5.03688427510884e-13,0.032143058290958516,112,2
0,learned,adam,5000,33.89887827553162,22,64,0.03214305829102322,0.032143058290958516,8.091181496523544e-13,5.036884275108304e-13,0.032143058290958516,112,2
0,learned,adam,5000,33.89887827553162,23,0,0.03214305829088157,0.032143058290870344,1.4049538325644125e-13,8.746052562947334e-14,0.032143058290870344,112,2
0,learned,adam,5000,33.89887827553162,23,64,0.03214305829088157,0.032143058290870344,1.404953832564368e-13,8.746052562947179e-14,0.032143058290870344,112,2
0,learned,adam,5000,33.89887827553162,24,0,0.03214305829085697,0.03214305829085502,2.4395637058493962e-14,1.5186657317466045e-14,0.03214305829085502,112,2
0,learned,adam,5000,33.89887827553162,24,64,0.03214305829085697,0.03214305829085502,2.439563705849384e-14,1.518665731746599e-14,0.03214305829085502,112,2
0,learned,adam,5000,33.89887827553162,25,0,0.032143058290852705,0.03214305829085237,4.236061667616506e-15,2.637013199019796e-15,0.03214305829085237,112,2
0,learned,adam,5000,33.89887827553162,25,64,0.032143058290852705,0.03214305829085237,4.236061667616506e-15,2.637013199019796e-15,0.03214305829085237,112,2
0,learned,adam,5000,33.89887827553162,26,0,0.03214305829085196,0.03214305829085191,7.355503120834448e-16,4.578913230502029e-16,0.03214305829085191,112,2
0,learned,adam,5000,33.89887827553162,26,64,0.03214305829085196,0.03214305829085191,7.355503120834448e-16,4.578913230502029e-16,0.03214305829085191,112,2
0,learned,adam,5000,33.89887827553162,27,0,0.032143058290851845,0.03214305829085182,1.277210541437829e-16,7.950831031206034e-17,0.03214305829085182,112,2
0,learned,adam,5000,33.89887827553162,27,64,0.032143058290851845,0.03214305829085182,1.277210541437829e-16,7.950831031206034e-17,0.03214305829085182,112,2
0,learned,adam,5000,33.89887827553162,28,0,0.032143058290851796,0.0321430582908518,2.2177500850204967e-17,1.3805833590748749e-17,0.0321430582908518,112,2
0,learned,adam,5000,33.89887827553162,28,64,0.032143058290851796,0.0321430582908518,2.2177500850204967e-17,1.3805833590748749e-17,0.0321430582908518,112,2
0,learned,adam,5000,33.89887827553162,29,0,0.032143058290851796,0.0321430582908518,3.850904201018761e-18,2.3972467832275583e-18,0.0321430582908518,112,2
0,learned,adam,5000,33.89887827553162,29,64,0.032143058290851796,0.0321430582908518,3.850904201018761e-18,2.3972467832275583e-18,0.0321430582908518,112,2
0,learned,adam,5000,33.89887827553162,30,0,0.032143058290851796,0.0321430582908518,6.686715182917913e-19,4.162582506822207e-19,0.0321430582908518,112,2
0,learned,adam,5000,33.89887827553162,30,64,0.032143058290851796,0.0321430582908518,6.686715182917913e-19,4.162582506822207e-19,0.0321430582908518,112,2
0,learned,adam,5000,33.89887827553162,31,0,0.032143058290851796,0.0321430582908518,1.1610821148351681e-19,7.227913808178622e-20,0.0321430582908518,112,2
0,learned,adam,5000,33.89887827553162,31,64,0.032143058290851796,0.0321430582908518,1.1610821148351681e-19,7.227913808178622e-20,0.0321430582908518,112,2
0,learned,adam,5000,33.89887827553162,32,0,0.032143058290851796,0.0321430582908518,2.0161045304188117e-20,1.2550559161971366e-20,0.0321430582908518,112,2
0,learned,adam,5000,33.89887827553162,32,64,0.032143058290851796,0.0321430582908518,2.0161045304188117e-20,1.2550559161971366e-20,0.0321430582908518,112,2
0,learned,adam,6000,37.589893042687706,1,0,0.9775550563328393,0.9775550563328393,1.0,1.0,0.934085944572923,112,2
0,learned,adam,6000,37.589893042687706,1,64,0.9340958594937696,0.9340958594937696,0.8512699188985857,0.8512699188985856,0.934085944572923,112,2
0,learned,adam,6000,37.589893042687706,2,0,0.977538060710395,0.977527134116689,0.9998974177230243,0.9998315016365512,0.9340291785264195,112,2
0,learned,adam,6000,37.589893042687706,2,64,0.9340613082456259,0.9340390985368964,0.8511955803458153,0.8511478117344221,0.9340291785264195,112,2
0,learned,adam,6000,37.589893042687706,3,0,0.9774235329684424,0.9773387596815425,0.9992082893580365,0.9987000605418425,0.9336467506583943,112,2
0,learned,adam,6000,37.589893042687706,3,64,0.9338286955604643,0.9336567048816818,0.8506961241503544,0.8503277219891524,0.9336467506583943,112,2
0,learned,adam,6000,37.589893042687706,4,0,0.9766418588992997,0.9760432162369757,0.9946015010669554,0.9911587032575749,0.9310413126599261,112,2
0,learned,adam,6000,37.589893042687706,4,64,0.9322509587076616,0.9310514965190272,0.8473544299095208,0.8448545445990864,0.9310413126599261,112,2
0,learned,adam,6000,37.589893042687706,5,0,0.9708438984999257,0.9659662994686704,0.9647821766752088,0.9432680511492637,0.9119984211092581,112,2
0,learned,adam,6000,37.589893042687706,5,64,0.9210263313098734,0.9120101172887545,0.8256037451986751,0.809808678434856,0.9119984211092581,112,2
0,learned,adam,6000,37.589893042687706,6,0,0.904976851473828,0.8320113524213982,0.8050494454360283,0.7119706199027307,0.732106770227803,112,2
0,learned,adam,6000,37.589893042687706,6,64,0.8217734588464308,0.7321242460867979,0.7055278160952513,0.6332047999401633,0.732106770227803,112,2
0,learned,adam,6000,37.589893042687706,7,0,0.313201055182375,0.1486690069492127,0.3894256064242955,0.26880185956560587,0.1375126602240363,112,2
0,learned,adam,6000,37.589893042687706,7,64,0.27305573373552094,0.13751439773136315,0.3638671635464898,0.25674416234373615,0.1375126602240363,112,2
0,learned,adam,6000,37.589893042687706,8,0,0.043803219177113675,0.03284069853507853,0.08903828385251908,0.051840977930942986,0.03272930422119951,112,2
0,learned,adam,6000,37.589893042687706,8,64,0.043284860058919745,0.03272932279197013,0.08756087460516257,0.05137564689813336,0.03272930422119951,112,2
0,learned,adam,6000,37.589893042687706,9,0,0.02497980318703828,0.02382037740227248,0.014441127753248137,0.008066272333567404,0.023818384756711313,112,2
0,learned,adam,6000,37.589893042687706,9,64,0.024972254926853822,0.023818385091982634,0.01440100306972161,0.008054920509097967,0.023818384756711313,112,2
0,learned,adam,6000,37.589893042687706,10,0,0.022808708156478324,0.022645874490325187,0.002177442064131485,0.0012079918608304408,0.02264583189986189,112,2
0,learned,adam,6000,37.589893042687706,10,64,0.022808553269431493,0.022645831907036788,0.0021765247177495286,0.0012077369619702034,0.02264583189986189,112,2
0,learned,adam,6000,37.589893042687706,11,0,0.022498757270225878,0.02247474815111911,0.00032451772179970407,0.00017984966627738075,0.022474747213851082,112,2
0,learned,adam,6000,37.589893042687706,11,64,0.022498753883108496,0.02247474721400901,0.000324497328465292,0.00017984401512323285,0.022474747213851082,112,2
0,learned,adam,6000,37.589893042687706,12,0,0.022452940986278275,0.02244937472303992,4.828033117116465e-05,2.6753151254694397e-05,0.02244937470232293,112,2
0,learned,adam,6000,37.589893042687706,12,64,0.02245294091148131,0.022449374702326406,4.827987972358866e-05,2.6753026205934957e-05,0.02244937470232293,112,2
0,learned,adam,6000,37.589893042687706,13,0,0.022446132967941346,0.022445602659369516,7.1810647320554935e-06,3.979088973541523e-06,0.0224456026589113,112,2
0,learned,adam,6000,37.589893042687706,13,64,0.022446132966287204,0.022445602658911375,7.181054744647799e-06,3.979086207246305e-06,0.0224456026589113,112,2
0,learned,adam,6000,37.589893042687706,14,0,0.022445120548840285,0.022445041678260648,1.0680475774318922e-06,5.918122303185393e-07,0.022445041678250517,112,2
0,learned,adam,6000,37.589893042687706,14,64,0.022445120548803692,0.022445041678250517,1.0680473565004544e-06,5.918121691258766e-07,0.022445041678250517,112,2
0,learned,adam,6000,37.589893042687706,15,0,0.022444969974718187,0.02244495824434041,1.588509629097556e-07,8.802032535471114e-08,0.022444958244340184,112,2
0,learned,adam,6000,37.589893042687706,15,64,0.022444969974717375,0.022444958244340184,1.5885095802259958e-07,8.80203240010888e-08,0.022444958244340184,112,2
0,learned,adam,6000,37.589893042687706,16,0,0.02244494757988433,0.0224449458352254,2.3625920138083176e-08,1.3091271109466715e-08,0.02244494583522539,112,2
0,learned,adam,6000,37.589893042687706,16,64,0.022444947579884307,0.02244494583522539,2.3625920029976126e-08,1.3091271079523735e-08,0.02244494583522539,112,2
0,learned,adam,6000,37.589893042687706,17,0,0.022444944249100367,0.02244494398961713,3.5138850965724053e-09,1.9470658355294586e-09,0.02244494398961713,112,2
0,learned,adam,6000,37.589893042687706,17,64,0.022444944249100367,0.02244494398961713,3.5138850941810043e-09,1.9470658348671e-09,0.02244494398961713,112,2
0,learned,adam,6000,37.589893042687706,18,0,0.022444943753712625,0.022444943715119663,5.226204171271861e-10,2.8958726010805773e-10,0.022444943715119663,112,2
0,learned,adam,6000,37.589893042687706,18,64,0.022444943753712625,0.022444943715119663,5.226204170742874e-10,2.895872600934063e-10,0.022444943715119663,112,2
0,learned,adam,6000,37.589893042687706,19,0,0.022444943680033573,0.02244494367429363,7.772937706291537e-11,4.307033669242537e-11,0.02244494367429363,112,2
0,learned,adam,6000,37.589893042687706,19,64,0.022444943680033573,0.02244494367429363,7.772937706174519e-11,4.3070336692101275e-11,0.02244494367429363,112,2
0,learned,adam,6000,37.589893042687706,20,0,0.022444943669075283,0.022444943668221584,1.156069655537775e-11,6.405854669564491e-12,0.022444943668221584,112,2
0,learned,adam,6000,37.589893042687706,20,64,0.022444943669075283,0.022444943668221584,1.1560696555351854e-11,6.405854669557323e-12,0.022444943668221584,112,2
0,learned,adam,6000,37.589893042687706,21,0,0.02244494366744545,0.022444943667318477,1.719423336288932e-12,9.52743284533396e-13,0.022444943667318477,112,2
0,learned,adam,6000,37.589893042687706,21,64,0.02244494366744545,0.022444943667318477,1.7194233362883596e-12,9.52743284533237e-13,0.022444943667318477,112,2
0,learned,adam,6000,37.589893042687706,22,0,0.022444943667203048,0.02244494366718417,2.557299722543313e-13,1.4170158597759433e-13,0.02244494366718417,112,2
0,learned,adam,6000,37.589893042687706,22,64,0.022444943667203048,0.02244494366718417,2.5572997225431865e-13,1.417015859775908e-13,0.02244494366718417,112,2
0,learned,adam,6000,37.589893042687706,23,0,0.022444943667167,0.022444943667164194,3.803473951345845e-14,2.107528837464926e-14,0.022444943667164194,112,2
0,learned,adam,6000,37.589893042687706,23,64,0.022444943667167,0.022444943667164194,3.803473951345817e-14,2.1075288374649185e-14,0.022444943667164194,112,2
0,learned,adam,6000,37.589893042687706,24,0,0.02244494366716163,0.02244494366716121,5.656909892508049e-15,3.1345293491973354e-15,0.02244494366716121,112,2
0,learned,adam,6000,37.589893042687706,24,64,0.02244494366716163,0.02244494366716121,5.656909892508049e-15,3.1345293491973354e-15,0.02244494366716121,112,2
0,learned,adam,6000,37.589893042687706,25,0,0.022444943667160832,0.022444943667160773,8.413526670961167e-16,4.661988043208828e-16,0.022444943667160773,112,2
0,learned,adam,6000,37.589893042687706,25,64,0.022444943667160832,0.022444943667160773,8.413526670961167e-16,4.661988043208828e-16,0.022444943667160773,112,2
0,learned,adam,6000,37.589893042687706,26,0,0.022444943667160717,0.022444943667160707,1.2513445041209725e-16,6.933778597602758e-17,0.022444943667160707,112,2
0,learned,adam,6000,37.589893042687706,26,64,0.022444943667160717,0.022444943667160707,1.2513445041209725e-16,6.933778597602758e-17,0.022444943667160707,112,2
0,learned,adam,6000,37.589893042687706,27,0,0.022444943667160693,0.022444943667160697,1.8611256958372072e-17,1.0312614531607057e-17,0.022444943667160697,112,2
0,learned,adam,6000,37.589893042687706,27,64,0.022444943667160693,0.022444943667160697,1.8611256958372072e-17,1.0312614531607057e-17,0.022444943667160697,112,2
0,learned,adam,6000,37.589893042687706,28,0,0.022444943667160693,0.022444943667160697,2.7680537568179505e-18,1.5337959956535473e-18,0.022444943667160697,112,2
0,learned,adam,6000,37.589893042687706,28,64,0.022444943667160693,0.022444943667160697,2.7680537568179505e-18,1.5337959956535473e-18,0.022444943667160697,112,2
0,learned,adam,6000,37.589893042687706,29,0,0.022444943667160693,0.022444943667160697,4.11692859744607e-19,2.2812160282657586e-19,0.022444943667160697,112,2
0,learned,adam,6000,37.589893042687706,29,64,0.022444943667160693,0.022444943667160697,4.11692859744607e-19,2.2812160282657586e-19,0.022444943667160697,112,2
0,learned,adam,6000,37.589893042687706,30,0,0.022444943667160693,0.022444943667160697,6.123111241868883e-20,3.392854448938138e-20,0.022444943667160697,112,2
0,learned,adam,6000,37.589893042687706,30,64,0.022444943667160693,0.022444943667160697,6.123111241868883e-20,3.392854448938138e-20,0.022444943667160697,112,2
0,learned,adam,6000,37.589893042687706,31,0,0.022444943667160693,0.022444943667160697,9.106908315961375e-21,5.04619517355862e-21,0.022444943667160697,112,2
0,learned,adam,6000,37.589893042687706,31,64,0.022444943667160693,0.022444943667160697,9.106908315961375e-21,5.04619517355862e-21,0.022444943667160697,112,2
0,learned,adam,6000,37.589893042687706,32,0,0.022444943667160693,0.022444943667160697,1.3544712124160848e-21,7.505210174169418e-22,0.022444943667160697,112,2
0,learned,adam,6000,37.589893042687706,32,64,0.022444943667160693,0.022444943667160697,1.3544712124160848e-21,7.505210174169418e-22,0.022444943667160697,112,2
0,learned,adam,7000,40.904032203641215,1,0,0.9837839236442274,0.9837839236442273,1.0,1.0,0.9546363664253869,112,2
0,learned,adam,7000,40.904032203641215,1,64,0.9546374999925697,0.9546374999925695,0.8710531940298909,0.8710531940298911,0.9546363664253869,112,2
0,learned,adam,7000,40.904032203641215,2,0,0.983781836152232,0.9837802054241868,0.9999840646070928,0.9999716172277636,0.95462870853568,112,2
0,learned,adam,7000,40.904032203641215,2,64,0.9546332007067166,0.9546298422290693,0.8710411032830248,0.871031658986222,0.95462870853568,112,2
0,learned,adam,7000,40.904032203641215,3,0,0.9837656398622131,0.9837513488199088,0.999860502741571,0.9997515596575343,0.9545692916157591,112,2
0,learned,adam,7000,40.904032203641215,3,64,0.9545998489614951,0.9545704262880098,0.8709473506351824,0.8708646879389599,0.9545692916157591,112,2
0,learned,adam,7000,40.904032203641215,4,0,0.9836395833511465,0.9835262780372189,0.9989034211638496,0.9980482657410314,0.9541067634741077,112,2
0,learned,adam,7000,40.904032203641215,4,64,0.9543405879823776,0.9541079057443348,0.870221051238284,0.8695719747606032,0.9541067634741077,112,2
0,learned,adam,7000,40.904032203641215,5,0,0.9826345044723163,0.9817023541866362,0.9915500188214439,0.9850334538270017,0.9504145734970805,112,2
0,learned,adam,7000,40.904032203641215,5,64,0.9522929626474753,0.9504157750659218,0.8646341030676429,0.8596756141136245,0.9504145734970805,112,2
0,learned,adam,7000,40.904032203641215,6,0,0.9730525097265643,0.9623016471178863,0.9383588026837286,0.8945667977252605,0.9153469603319109,112,2
0,learned,adam,7000,40.904032203641215,6,64,0.9341530474656486,0.9153486285255151,0.8238696899078493,0.7899549205587508,0.9153469603319109,112,2
0,learned,adam,7000,40.904032203641215,7,0,0.7834271040122077,0.5459608191440036,0.6697096132591359,0.5224537895759606,0.46913823630752866,112,2
0,learned,adam,7000,40.904032203641215,7,64,0.6984180489275561,0.46914025694859135,0.6086475121078266,0.4849471458796386,0.46913823630752866,112,2
0,learned,adam,7000,40.904032203641215,8,0,0.09893662658916234,0.04350952250686744,0.217179785102162,0.12363123833909768,0.042756523068081295,112,2
0,learned,adam,7000,40.904032203641215,8,64,0.09260164412905168,0.0427565438816686,0.2098827604664617,0.1214092292409976,0.042756523068081295,112,2
0,learned,adam,7000,40.904032203641215,9,0,0.02170117921477757,0.018730195069428596,0.03543914503103674,0.0178658025026174,0.018723084377938903,112,2
0,learned,adam,7000,40.904032203641215,9,64,0.021661171213397674,0.018723084579190183,0.03522830749459159,0.017818676144968872,0.018723084377938903,112,2
0,learned,adam,7000,40.904032203641215,10,0,0.0168503449530302,0.016525475082795546,0.004737618500284009,0.002340155668856298,0.01652536693472277,112,2
0,learned,adam,7000,40.904032203641215,10,64,0.016849817304733974,0.016525366937791233,0.004733787656220934,0.002339345258499594,0.01652536693472277,112,2
0,learned,adam,7000,40.904032203641215,11,0,0.01629670723590585,0.016255731043468828,0.000613826172120354,0.000302371951388919,0.01625572926635065,112,2
0,learned,adam,7000,40.904032203641215,11,64,0.0162966987377324,0.01625572926640109,0.0006137617161510753,0.0003023584172859131,0.01625572926635065,112,2
0,learned,adam,7000,40.904032203641215,12,0,0.016226454357353443,0.016221185699070478,7.919987006018283e-05,3.9000169248074146e-05,0.01622118566956692,112,2
0,learned,adam,7000,40.904032203641215,12,64,0.016226454216636006,0.016221185669567754,7.919879668576526e-05,3.899994408540535e-05,0.01622118566956692,112,2
0,learned,adam,7000,40.904032203641215,13,0,0.016217414248743383,0.016216735122750237,1.0213384769250861e-05,5.02911810140243e-06,0.016216735122259778,112,2
0,learned,adam,7000,40.904032203641215,13,64,0.016217414246404886,0.016216735122259792,1.0213366918418619e-05,5.029114357286762e-06,0.016216735122259778,112,2
0,learned,adam,7000,40.904032203641215,14,0,0.016216248867524687,0.01621616130056433,1.3169968883303015e-06,6.484915568115343e-07,0.016216161300556184,112,2
0,learned,adam,7000,40.904032203641215,14,64,0.016216248867485804,0.016216161300556184,1.3169965915119538e-06,6.484914945564937e-07,0.016216161300556184,112,2
0,learned,adam,7000,40.904032203641215,15,0,0.016216098600524455,0.01621608730911391,1.6982276742883867e-07,8.362096218425882e-08,0.016216087309113766,112,2
0,learned,adam,7000,40.904032203641215,15,64,0.01621609860052381,0.016216087309113766,1.6982276249354093e-07,8.362096114912563e-08,0.016216087309113766,112,2
0,learned,adam,7000,40.904032203641215,16,0,0.016216079224160955,0.016216077768170776,2.189810718552411e-08,1.0782656771194604e-08,0.016216077768170776,112,2
0,learned,adam,7000,40.904032203641215,16,64,0.016216079224160945,0.016216077768170776,2.1898107103463496e-08,1.078265675398315e-08,0.016216077768170776,112,2
0,learned,adam,7000,40.904032203641215,17,0,0.016216076725642205,0.01621607653789693,2.8236910406264527e-09,1.3903891635763604e-09,0.01621607653789693,112,2
0,learned,adam,7000,40.904032203641215,17,64,0.016216076725642205,0.01621607653789693,2.8236910392620075e-09,1.3903891632901816e-09,0.01621607653789693,112,2
0,learned,adam,7000,40.904032203641215,18,0,0.01621607640346621,0.016216076379257066,3.6410594177044316e-10,1.792862419157565e-10,0.016216076379257066,112,2
0,learned,adam,7000,40.904032203641215,18,64,0.01621607640346621,0.016216076379257066,3.6410594174775545e-10,1.7928624191099787e-10,0.016216076379257066,112,2
0,learned,adam,7000,40.904032203641215,19,0,0.01621607636192265,0.016216076358800957,4.695029824325053e-11,2.311838825303143e-11,0.016216076358800957,112,2
0,learned,adam,7000,40.904032203641215,19,64,0.01621607636192265,0.016216076358800957,4.695029824287326e-11,2.3118388252952335e-11,0.016216076358800957,112,2
0,learned,adam,7000,40.904032203641215,20,0,0.01621607635656574,0.016216076356163216,6.054090998097387e-12,2.9810423244653207e-12,0.016216076356163216,112,2
0,learned,adam,7000,40.904032203641215,20,64,0.01621607635656574,0.016216076356163216,6.054090998091114e-12,2.9810423244640077e-12,0.016216076356163216,112,2
0,learned,adam,7000,40.904032203641215,21,0,0.016216076355874985,0.016216076355823086,7.806556972618061e-13,3.8439588620251057e-13,0.016216076355823086,112,2
0,learned,adam,7000,40.904032203641215,21,64,0.016216076355874985,0.016216076355823086,7.806556972617019e-13,3.843958862024887e-13,0.016216076355823086,112,2
0,learned,adam,7000,40.904032203641215,22,0,0.016216076355785914,0.016216076355779218,1.0066305872435667e-13,4.9566621753879474e-14,0.016216076355779218,112,2
0,learned,adam,7000,40.904032203641215,22,64,0.016216076355785914,0.016216076355779218,1.0066305872435494e-13,4.956662175387912e-14,0.016216076355779218,112,2
0,learned,adam,7000,40.904032203641215,23,0,0.01621607635577443,0.016216076355773566,1.2980179901688622e-14,6.391457557891534e-15,0.016216076355773566,112,2
0,learned,adam,7000,40.904032203641215,23,64,0.01621607635577443,0.016216076355773566,1.2980179901688597e-14,6.391457557891534e-15,0.016216076355773566,112,2
0,learned,adam,7000,40.904032203641215,24,0,0.016216076355772945,0.01621607635577284,1.673752739240173e-15,8.241580375836308e-16,0.01621607635577284,112,2
0,learned,adam,7000,40.904032203641215,24,64,0.016216076355772945,0.01621607635577284,1.673752739240173e-15,8.241580375836308e-16,0.01621607635577284,112,2
0,learned,adam,7000,40.904032203641215,25,0,0.016216076355772758,0.016216076355772744,2.158250697087414e-16,1.062725465610023e-16,0.016216076355772744,112,2
0,learned,adam,7000,40.904032203641215,25,64,0.016216076355772758,0.016216076355772744,2.158250697087414e-16,1.062725465610023e-16,0.016216076355772744,112,2
0,learned,adam,7000,40.904032203641215,26,0,0.01621607635577273,0.016216076355772727,2.782995338721833e-17,1.370350544135094e-17,0.016216076355772727,112,2
0,learned,adam,7000,40.904032203641215,26,64,0.01621607635577273,0.016216076355772727,2.782995338721833e-17,1.370350544135094e-17,0.016216076355772727,112,2
0,learned,adam,7000,40.904032203641215,27,0,0.016216076355772727,0.016216076355772727,3.58858359957882e-18,1.7670232572562124e-18,0.016216076355772727,112,2
0,learned,adam,7000,40.904032203641215,27,64,0.016216076355772727,0.016216076355772727,3.58858359957882e-18,1.7670232572562124e-18,0.016216076355772727,112,2
0,learned,adam,7000,40.904032203641215,28,0,0.016216076355772727,0.016216076355772727,4.627363931224054e-19,2.2785200509808682e-19,0.016216076355772727,112,2
0,learned,adam,7000,40.904032203641215,28,64,0.016216076355772727,0.016216076355772727,4.627363931224054e-19,2.2785200509808682e-19,0.016216076355772727,112,2
0,learned,adam,7000,40.904032203641215,29,0,0.016216076355772727,0.016216076355772727,5.966837989926247e-20,2.938078829128329e-20,0.016216076355772727,112,2
0,learned,adam,7000,40.904032203641215,29,64,0.016216076355772727,0.016216076355772727,5.966837989926247e-20,2.938078829128329e-20,0.016216076355772727,112,2
0,learned,adam,7000,40.904032203641215,30,0,0.016216076355772727,0.016216076355772727,7.694047005420949e-21,3.788558807044956e-21,0.016216076355772727,112,2
0,learned,adam,7000,40.904032203641215,30,64,0.016216076355772727,0.016216076355772727,7.694047005420949e-21,3.788558807044956e-21,0.016216076355772727,112,2
0,learned,adam,7000,40.904032203641215,31,0,0.016216076355772727,0.016216076355772727,9.921227863329132e-22,4.885225573983736e-22,0.016216076355772727,112,2
0,learned,adam,7000,40.904032203641215,31,64,0.016216076355772727,0.016216076355772727,9.921227863329132e-22,4.885225573983736e-22,0.016216076355772727,112,2
0,learned,adam,7000,40.904032203641215,32,0,0.016216076355772727,0.016216076355772727,1.2793106442779407e-22,6.299342342086952e-23,0.016216076355772727,112,2
0,learned,adam,7000,40.904032203641215,32,64,0.016216076355772727,0.016216076355772727,1.2793106442779407e-22,6.299342342086952e-23,0.016216076355772727,112,2
0,learned,adam,8000,43.92044429817172,1,0,0.9879556765988183,0.9879556765988183,1.0,1.0,0.9680662385210722,112,2
0,learned,adam,8000,43.92044429817172,1,64,0.9680663720783429,0.968066372078343,0.8870667890909092,0.8870667890909093,0.9680662385210722,112,2
0,learned,adam,8000,43.92044429817172,2,0,0.9879554098273265,0.9879551634274831,0.9999974564712852,0.9999951072169145,0.9680651894429483,112,2
0,learned,adam,8000,43.92044429817172,2,64,0.9680658267169598,0.9680653230033025,0.8870647876193238,0.887062939018989,0.9680651894429483,112,2
0,learned,adam,8000,43.92044429817172,3,0,0.9879530473958427,0.9879506186792,0.9999749347073325,0.9999517847333058,0.9680558990184484,112,2
0,learned,adam,8000,43.92044429817172,3,64,0.9680609973261175,0.9680560326061074,0.8870470654612678,0.887028848894214,0.9680558990184484,112,2
0,learned,adam,8000,43.92044429817172,4,0,0.9879321108603806,0.9879103191397117,0.9997755602721858,0.9995683369023296,0.9679735513666927,112,2
0,learned,adam,8000,43.92044429817172,4,64,0.9680182082247406,0.9679736851962324,0.886890175109844,0.88672710224076,0.9679735513666927,112,2
0,learned,adam,8000,43.92044429817172,5,0,0.9877453297833101,0.9875490033392486,0.9980141361938617,0.9961857739731926,0.9672378651858594,112,2
0,learned,adam,8000,43.92044429817172,5,64,0.9676372891052362,0.967238001165151,0.8855037332549163,0.8840641289485949,0.9672378651858594,112,2
0,learned,adam,8000,43.92044429817172,6,0,0.9859789396692419,0.9839832646781497,0.9827233690053981,0.967203686600165,0.9602019639974256,112,2
0,learned,adam,8000,43.92044429817172,6,64,0.9641028300700913,0.9602021195924192,0.8734414731875566,0.8611638412576492,0.9602019639974256,112,2
0,learned,adam,8000,43.92044429817172,7,0,0.9594589789865798,0.9146425931959415,0.8673733944883779,0.7690789963343613,0.8541034482513438,112,2
0,learned,adam,8000,43.92044429817172,7,64,0.9192263717522813,0.8541037839599931,0.7809282581332896,0.7004923304361286,0.8541034482513438,112,2
0,learned,adam,8000,43.92044429817172,8,0,0.3887019655856484,0.11941549993011968,0.44183622443445925,0.27332008543937625,0.11115612864648396,112,2
0,learned,adam,8000,43.92044429817172,8,64,0.34296611670156224,0.11115616649011968,0.4172278242422888,0.26412928247718953,0.11115612864648396,112,2
0,learned,adam,8000,43.92044429817172,9,0,0.02691826220000677,0.017159302359045326,0.08714365865262898,0.04074587537348884,0.01712807326938822,112,2
0,learned,adam,8000,43.92044429817172,9,64,0.026587720718707845,0.01712807342126086,0.08603351807364255,0.04053560134803652,0.01712807326938822,112,2
0,learned,adam,8000,43.92044429817172,10,0,0.013247313360686882,0.012555458067427383,0.010833417351086635,0.0047741197059107355,0.012555141178190189,112,2
0,learned,adam,8000,43.92044429817172,10,64,0.013245151878531326,0.012555141179739694,0.010815428915453854,0.004771219772123773,0.012555141178190189,112,2
0,learned,adam,8000,43.92044429817172,11,0,0.012174991061764283,0.012101243689893779,0.0012378364166875982,0.0005414496856302434,0.012101239757350135,112,2
0,learned,adam,8000,43.92044429817172,11,64,0.012174965880030498,0.012101239757369375,0.0012376000311964132,0.0005414123647711718,0.012101239757350135,112,2
0,learned,adam,8000,43.92044429817172,12,0,0.01205901529969855,0.01205074140523025,0.00013997919198910884,6.117703497997828e-05,0.012050741355230623,112,2
0,learned,adam,8000,43.92044429817172,12,64,0.012059014981856084,0.012050741355230864,0.0001399761668237491,6.117655850640017e-05,0.012050741355230623,112,2
0,learned,adam,8000,43.92044429817172,13,0,0.012045981779726194,0.012045048077156407,1.5810680570891505e-05,6.909293948318518e-06,0.012045048076518941,112,2
0,learned,adam,8000,43.92044429817172,13,64,0.012045981775677226,0.012045048076518941,1.581064197328151e-05,6.9092878707157194e-06,0.012045048076518941,112,2
0,learned,adam,8000,43.92044429817172,14,0,0.012044510676679915,0.012044405239510636,1.7855812962114235e-06,7.802935331184984e-07,0.012044405239502511,112,2
0,learned,adam,8000,43.92044429817172,14,64,0.012044510676628277,0.012044405239502511,1.7855808039194719e-06,7.802934556042868e-07,0.012044405239502511,112,2
0,learned,adam,8000,43.92044429817172,15,0,0.01204434455067088,0.012044332643425804,2.016518164996894e-07,8.812111514164385e-08,0.012044332643425698,112,2
0,learned,adam,8000,43.92044429817172,15,64,0.01204434455067022,0.012044332643425698,2.016518102210112e-07,8.81211141530331e-08,0.012044332643425698,112,2
0,learned,adam,8000,43.92044429817172,16,0,0.012044325789659666,0.012044324444937684,2.2773192063574382e-08,9.951801259760489e-09,0.012044324444937684,112,2
0,learned,adam,8000,43.92044429817172,16,64,0.012044325789659657,0.012044324444937684,2.277319198349665e-08,9.951801247151834e-09,0.012044324444937684,112,2
0,learned,adam,8000,43.92044429817172,17,0,0.012044323670920117,0.012044323519056366,2.5718497654010362e-09,1.1238888805154714e-09,0.012044323519056366,112,2
0,learned,adam,8000,43.92044429817172,17,64,0.012044323670920117,0.012044323519056366,2.5718497643797354e-09,1.1238888803546631e-09,0.012044323519056366,112,2
0,learned,adam,8000,43.92044429817172,18,0,0.012044323431644079,0.01204432341449362,2.904472527861815e-10,1.269243801081743e-10,0.01204432341449362,112,2
0,learned,adam,8000,43.92044429817172,18,64,0.012044323431644079,0.01204432341449362,2.9044725277315564e-10,1.2692438010612348e-10,0.01204432341449362,112,2
0,learned,adam,8000,43.92044429817172,19,0,0.01204432340462187,0.012044323402685008,3.280114086711765e-11,1.4333977789875974e-11,0.012044323402685008,112,2
0,learned,adam,8000,43.92044429817172,19,64,0.01204432340462187,0.012044323402685008,3.280114086695152e-11,1.4333977789849799e-11,0.012044323402685008,112,2
0,learned,adam,8000,43.92044429817172,20,0,0.012044323401570162,0.012044323401351422,3.704338159735705e-12,1.6187821369308637e-12,0.012044323401351422,112,2
0,learned,adam,8000,43.92044429817172,20,64,0.012044323401570162,0.012044323401351422,3.704338159733587e-12,1.61878213693053e-12,0.012044323401351422,112,2
0,learned,adam,8000,43.92044429817172,21,0,0.012044323401225524,0.01204432340120082,4.1834280267369135e-13,1.8281426448614377e-13,0.01204432340120082,112,2
0,learned,adam,8000,43.92044429817172,21,64,0.012044323401225524,0.01204432340120082,4.1834280267366434e-13,1.828142644861392e-13,0.01204432340120082,112,2
0,learned,adam,8000,43.92044429817172,22,0,0.012044323401186604,0.012044323401183814,4.724479596666957e-14,2.06458018884074e-14,0.012044323401183814,112,2
0,learned,adam,8000,43.92044429817172,22,64,0.012044323401186604,0.012044323401183814,4.724479596666922e-14,2.0645801888407327e-14,0.012044323401183814,112,2
0,learned,adam,8000,43.92044429817172,23,0,0.012044323401182208,0.01204432340118189,5.335506507261106e-15,2.331596699050852e-15,0.01204432340118189,112,2
0,learned,adam,8000,43.92044429817172,23,64,0.012044323401182208,0.01204432340118189,5.335506507261106e-15,2.331596699050852e-15,0.01204432340118189,112,2
0,learned,adam,8000,43.92044429817172,24,0,0.01204432340118171,0.01204432340118168,6.025558816913461e-16,2.633147017688493e-16,0.01204432340118168,112,2
0,learned,adam,8000,43.92044429817172,24,64,0.01204432340118171,0.01204432340118168,6.025558816913461e-16,2.633147017688493e-16,0.01204432340118168,112,2
0,learned,adam,8000,43.92044429817172,25,0,0.012044323401181656,0.01204432340118165,6.804857047156225e-17,2.973697475032591e-17,0.012044323401181648,112,2
0,learned,adam,8000,43.92044429817172,25,64,0.012044323401181656,0.01204432340118165,6.804857047156225e-17,2.973697475032591e-17,0.012044323401181648,112,2
0,learned,adam,8000,43.92044429817172,26,0,0.012044323401181651,0.01204432340118165,7.68494356112704e-18,3.3582920412768516e-18,0.012044323401181648,112,2
0,learned,adam,8000,43.92044429817172,26,64,0.012044323401181651,0.01204432340118165,7.68494356112704e-18,3.3582920412768516e-18,0.012044323401181648,112,2
0,learned,adam,8000,43.92044429817172,27,0,0.012044323401181651,0.01204432340118165,8.678853520132161e-19,3.7926270339183833e-19,0.012044323401181648,112,2
0,learned,adam,8000,43.92044429817172,27,64,0.012044323401181651,0.01204432340118165,8.678853520132161e-19,3.7926270339183833e-19,0.012044323401181648,112,2
0,learned,adam,8000,43.92044429817172,28,0,0.012044323401181651,0.01204432340118165,9.801307950381867e-20,4.2831354872102264e-20,0.012044323401181648,112,2
0,learned,adam,8000,43.92044429817172,28,64,0.012044323401181651,0.01204432340118165,9.801307950381867e-20,4.2831354872102264e-20,0.012044323401181648,112,2
0,learned,adam,8000,43.92044429817172,29,0,0.012044323401181651,0.01204432340118165,1.1068931779454275e-20,4.837082433293255e-21,0.012044323401181648,112,2
0,learned,adam,8000,43.92044429817172,29,64,0.012044323401181651,0.01204432340118165,1.1068931779454275e-20,4.837082433293255e-21,0.012044323401181648,112,2
0,learned,adam,8000,43.92044429817172,30,0,0.012044323401181651,0.01204432340118165,1.2500500071874426e-21,5.462672506237632e-22,0.012044323401181648,112,2
0,learned,adam,8000,43.92044429817172,30,64,0.012044323401181651,0.01204432340118165,1.2500500071874426e-21,5.462672506237632e-22,0.012044323401181648,112,2
0,learned,adam,8000,43.92044429817172,31,0,0.012044323401181651,0.01204432340118165,1.4117216110861044e-22,6.169171462742282e-23,0.012044323401181648,112,2
0,learned,adam,8000,43.92044429817172,31,64,0.012044323401181651,0.01204432340118165,1.4117216110861044e-22,6.169171462742282e-23,0.012044323401181648,112,2
0,learned,adam,8000,43.92044429817172,32,0,0.012044323401181651,0.01204432340118165,1.5943025444970788e-23,6.967043419362158e-24,0.012044323401181648,112,2
0,learned,adam,8000,43.92044429817172,32,64,0.012044323401181651,0.01204432340118165,1.5943025444970788e-23,6.967043419362158e-24,0.012044323401181648,112,2
0,learned,adam,9000,46.69492835567756,1,0,0.9908471300428727,0.9908471300428725,1.0,1.0,0.9770182110104247,112,2
0,learned,adam,9000,46.69492835567756,1,64,0.9770182273600041,0.9770182273600043,0.9002358503455474,0.9002358503455477,0.9770182110104247,112,2
0,learned,adam,9000,46.69492835567756,2,0,0.9908470945156108,0.9908470565145298,0.999999581876844,0.9999991346405653,0.9770180634773051,112,2
0,learned,adam,9000,46.69492835567756,2,64,0.9770181560752932,0.9770180798269618,0.9002355114882449,0.9002351490369253,0.9770180634773051,112,2
0,learned,adam,9000,46.69492835567756,3,0,0.9908467383960448,0.9908463194675303,0.9999953907835988,0.9999904606711822,0.9770165846199146,112,2
0,learned,adam,9000,46.69492835567756,3,64,0.9770174415322455,0.9770166009703433,0.9002321149212007,0.9002281194315801,0.9770165846199146,112,2
0,learned,adam,9000,46.69492835567756,4,0,0.9908431680723339,0.9908389290305802,0.999953383088968,0.9999035242306812,0.9770017572265748,112,2
0,learned,adam,9000,46.69492835567756,4,64,0.9770102781334032,0.9770017735847425,0.9001980706448123,0.9001576632575778,0.9770017572265748,112,2
0,learned,adam,9000,46.69492835567756,5,0,0.990807309112829,0.99076459409652,0.9995325458544203,0.9990329389905804,0.9768527447697196,112,2
0,learned,adam,9000,46.69492835567756,5,64,0.9769383666208844,0.9768527612055679,0.8998569929090099,0.8994520447070974,0.9768527447697196,112,2
0,learned,adam,9000,46.69492835567756,6,0,0.9904406343521186,0.9899933909087213,0.9953374666433065,0.9903895364597196,0.9753197560030807,112,2
0,learned,adam,9000,46.69492835567756,6,64,0.9762066164385412,0.9753197732281844,0.8964551209535472,0.8924398197311987,0.9753197560030807,112,2
0,learned,adam,9000,46.69492835567756,7,0,0.9859649856402605,0.9792446473265927,0.95548270773027,0.9113548164009885,0.9556690108554831,112,2
0,learned,adam,9000,46.69492835567756,7,64,0.967710181432034,0.9556690369365691,0.8639682569502595,0.8277546182568126,0.9556690108554831,112,2
0,learned,adam,9000,46.69492835567756,8,0,0.82786111978142,0.514834931983865,0.6928527039787874,0.5063354937479453,0.45197656656567703,112,2
0,learned,adam,9000,46.69492835567756,8,64,0.7671775830998923,0.45197661771965525,0.6426663568286867,0.47943347169072703,0.45197656656567703,112,2
0,learned,adam,9000,46.69492835567756,9,0,0.07204791159346448,0.02156666363240475,0.20044968854494222,0.09282636721330263,0.021380590204625,112,2
0,learned,adam,9000,46.69492835567756,9,64,0.06756250890099356,0.021380590363331373,0.19547316149079813,0.09188118370086744,0.021380590204625,112,2
0,learned,adam,9000,46.69492835567756,10,0,0.011681699244296517,0.01005263089607589,0.025498536369425846,0.010105190014994785,0.010051577035041732,112,2
0,learned,adam,9000,46.69492835567756,10,64,0.01167053151049048,0.010051577035952643,0.025408268203965627,0.010093886302730932,0.010051577035041732,112,2
0,learned,adam,9000,46.69492835567756,11,0,0.009378962105640824,0.009239721550822214,0.002620070531453793,0.001017390948786992,0.009239711713765765,112,2
0,learned,adam,9000,46.69492835567756,11,64,0.009378876326747906,0.00923971171377427,0.0026190994639746896,0.0010172762536570766,0.009239711713765765,112,2
0,learned,adam,9000,46.69492835567756,12,0,0.009175181276381197,0.009161506098761155,0.00026217945180776316,0.00010159219031760481,0.009161506001487185,112,2
0,learned,adam,9000,46.69492835567756,12,64,0.009175180445326189,0.009161506001487265,0.00026216970900055394,0.0001015910465600932,0.009161506001487185,112,2
0,learned,adam,9000,46.69492835567756,13,0,0.009155093408634256,0.009153731250908343,2.6164009253093103e-05,1.0136185502906871e-05,0.009153731249940818,112,2
0,learned,adam,9000,46.69492835567756,13,64,0.009155093400385145,0.009153731249940818,2.6163912206097415e-05,1.0136174117021337e-05,0.009153731249940818,112,2
0,learned,adam,9000,46.69492835567756,14,0,0.009153091753823126,0.009152955880547405,2.6103087873109975e-06,1.0112371549325427e-06,0.00915295588053777,112,2
0,learned,adam,9000,46.69492835567756,14,64,0.009153091753741044,0.00915295588053777,2.6103078213358953e-06,1.0112370416079454e-06,0.00915295588053777,112,2
0,learned,adam,9000,46.69492835567756,15,0,0.009152892084246756,0.009152878529176246,2.604160193549106e-07,1.0088530670195881e-07,0.00915287852917614,112,2
0,learned,adam,9000,46.69492835567756,15,64,0.00915289208424594,0.00915287852917614,2.6041600974059397e-07,1.0088530557405016e-07,0.00915287852917614,112,2
0,learned,adam,9000,46.69492835567756,16,0,0.009152872164618258,0.009152870812310282,2.5980190519021747e-08,1.0064737749834717e-08,0.009152870812310282,112,2
0,learned,adam,9000,46.69492835567756,16,64,0.00915287216461825,0.009152870812310282,2.5980190423331443e-08,1.0064737738608766e-08,0.009152870812310282,112,2
0,learned,adam,9000,46.69492835567756,17,0,0.00915287017735582,0.009152870042443983,2.5918916925406084e-09,1.004100012205109e-09,0.009152870042443983,112,2
0,learned,adam,9000,46.69492835567756,17,64,0.00915287017735582,0.009152870042443983,2.5918916915882117e-09,1.0041000120933782e-09,0.009152870042443983,112,2
0,learned,adam,9000,46.69492835567756,18,0,0.009152869979098293,0.00915286996563893,2.585778714745967e-10,1.0017318397621708e-10,0.00915286996563893,112,2
0,learned,adam,9000,46.69492835567756,18,64,0.009152869979098293,0.00915286996563893,2.585778714651176e-10,1.0017318397510493e-10,0.00915286996563893,112,2
0,learned,adam,9000,46.69492835567756,19,0,0.009152869959319302,0.00915286995797654,2.5796801474803464e-11,9.993692518467528e-12,0.00915286995797654,112,2
0,learned,adam,9000,46.69492835567756,19,64,0.009152869959319302,0.00915286995797654,2.5796801474709127e-11,9.99369251845645e-12,0.00915286995797654,112,2
0,learned,adam,9000,46.69492835567756,20,0,0.009152869957346066,0.009152869957212106,2.573595963014947e-12,9.970122360219443e-13,0.009152869957212106,112,2
0,learned,adam,9000,46.69492835567756,20,64,0.009152869957346066,0.009152869957212106,2.573595963014008e-12,9.970122360218344e-13,0.009152869957212106,112,2
0,learned,adam,9000,46.69492835567756,21,0,0.00915286995714921,0.009152869957135842,2.567526128050783e-13,9.946607792190261e-14,0.009152869957135842,112,2
0,learned,adam,9000,46.69492835567756,21,64,0.00915286995714921,0.009152869957135842,2.56752612805069e-13,9.946607792190156e-14,0.009152869957135842,112,2
0,learned,adam,9000,46.69492835567756,22,0,0.009152869957129566,0.009152869957128237,2.5614706088065234e-14,9.92314868334303e-15,0.009152869957128237,112,2
0,learned,adam,9000,46.69492835567756,22,64,0.009152869957129566,0.009152869957128237,2.5614706088065133e-14,9.92314868334303e-15,0.009152869957128237,112,2
0,learned,adam,9000,46.69492835567756,23,0,0.009152869957127609,0.00915286995712748,2.5554293715246243e-15,9.899744902884308e-16,0.00915286995712748,112,2
0,learned,adam,9000,46.69492835567756,23,64,0.009152869957127609,0.00915286995712748,2.5554293715246243e-15,9.899744902884308e-16,0.00915286995712748,112,2
0,learned,adam,9000,46.69492835567756,24,0,0.009152869957127413,0.009152869957127401,2.5494023825216646e-16,9.876396320322451e-17,0.0091528699571274,112,2
0,learned,adam,9000,46.69492835567756,24,64,0.009152869957127413,0.009152869957127401,2.5494023825216646e-16,9.876396320322451e-17,0.0091528699571274,112,2
0,learned,adam,9000,46.69492835567756,25,0,0.009152869957127394,0.009152869957127392,2.543389608193085e-17,9.85310280547338e-18,0.009152869957127392,112,2
0,learned,adam,9000,46.69492835567756,25,64,0.009152869957127394,0.009152869957127392,2.543389608193085e-17,9.85310280547338e-18,0.009152869957127392,112,2
0,learned,adam,9000,46.69492835567756,26,0,0.009152869957127394,0.009152869957127392,2.537391015013538e-18,9.829864228459429e-19,0.009152869957127392,112,2
0,learned,adam,9000,46.69492835567756,26,64,0.009152869957127394,0.009152869957127392,2.537391015013538e-18,9.829864228459429e-19,0.009152869957127392,112,2
0,learned,adam,9000,46.69492835567756,27,0,0.009152869957127394,0.009152869957127392,2.53140656953673e-19,9.806680459709804e-20,0.009152869957127392,112,2
0,learned,adam,9000,46.69492835567756,27,64,0.009152869957127394,0.009152869957127392,2.53140656953673e-19,9.806680459709804e-20,0.009152869957127392,112,2
0,learned,adam,9000,46.69492835567756,28,0,0.009152869957127394,0.009152869957127392,2.5254362383952624e-20,9.783551369958748e-21,0.009152869957127392,112,2
0,learned,adam,9000,46.69492835567756,28,64,0.009152869957127394,0.009152869957127392,2.5254362383952624e-20,9.783551369958748e-21,0.009152869957127392,112,2
0,learned,adam,9000,46.69492835567756,29,0,0.009152869957127394,0.009152869957127392,2.519479988300437e-21,9.760476830245931e-22,0.009152869957127392,112,2
0,learned,adam,9000,46.69492835567756,29,64,0.009152869957127394,0.009152869957127392,2.519479988300437e-21,9.760476830245931e-22,0.009152869957127392,112,2
0,learned,adam,9000,46.69492835567756,30,0,0.009152869957127394,0.009152869957127392,2.5135377860420067e-22,9.737456711914621e-23,0.009152869957127392,112,2
0,learned,adam,9000,46.69492835567756,30,64,0.009152869957127394,0.009152869957127392,2.5135377860420067e-22,9.737456711914621e-23,0.009152869957127392,112,2
0,learned,adam,9000,46.69492835567756,31,0,0.009152869957127394,0.009152869957127392,2.507609598488172e-23,9.71449088661208e-24,0.009152869957127392,112,2
0,learned,adam,9000,46.69492835567756,31,64,0.009152869957127394,0.009152869957127392,2.507609598488172e-23,9.71449088661208e-24,0.009152869957127392,112,2
0,learned,adam,9000,46.69492835567756,32,0,0.009152869957127394,0.009152869957127392,2.501695392585132e-24,9.691579226287736e-25,0.009152869957127392,112,2
0,learned,adam,9000,46.69492835567756,32,64,0.009152869957127394,0.009152869957127392,2.501695392585132e-24,9.691579226287736e-25,0.009152869957127392,112,2
0,learned,adam,10000,49.26842521616799,1,0,0.9929092099404321,0.9929092099404321,1.0,1.0,0.9831148040353518,112,2
0,learned,adam,10000,49.26842521616799,1,64,0.9831148061215574,0.9831148061215573,0.9112118910784294,0.9112118910784293,0.9831148040353518,112,2
0,learned,adam,10000,49.26842521616799,2,0,0.9929092050112897,0.9929091990039656,0.9999999291649628,0.9999998428357983,0.9831147826250947,112,2
0,learned,adam,10000,49.26842521616799,2,64,0.9831147964718039,0.983114784711302,0.9112118322635937,0.9112117605838731,0.9831147826250947,112,2
0,learned,adam,10000,49.26842521616799,3,0,0.9929091494952633,0.9929090758281471,0.9999991313671297,0.9999980727350415,0.983114541484884,112,2
0,learned,adam,10000,49.26842521616799,3,64,0.9831146877884984,0.9831145435711142,0.9112111698463118,0.9112102908563566,0.983114541484884,112,2
0,learned,adam,10000,49.26842521616799,4,0,0.9929085242017264,0.9929076884107078,0.9999901460629391,0.9999781369310615,0.983111825398276,112,2
0,learned,adam,10000,49.26842521616799,4,64,0.9831134636681994,0.9831118274847601,0.9112037092755564,0.9111937379815951,0.983111825398276,112,2
0,learned,adam,10000,49.26842521616799,5,0,0.9929014779429303,0.9928920474514015,0.9998889604610025,0.9997536594459903,0.9830812118994687,112,2
0,learned,adam,10000,49.26842521616799,5,64,0.9830996709377516,0.983081213988815,0.9111196930339752,0.9110073482910618,0.9830812118994687,112,2
0,learned,adam,10000,49.26842521616799,6,0,0.9928216439229062,0.9927140007709597,0.9987510786736455,0.99723236340782,0.9827335119112035,112,2
0,learned,adam,10000,49.26842521616799,6,64,0.9829435961421493,0.9827335140329462,0.9101747604612187,0.9089133379059501,0.9827335119112035,112,2
0,learned,adam,10000,49.26842521616799,7,0,0.9918602268475082,0.9904560991911144,0.9861527291341788,0.9696895223586776,0.9784348301311004,112,2
0,learned,adam,10000,49.26842521616799,7,64,0.9810908241502156,0.9784348326380041,0.8996969672542932,0.8859769735096589,0.9784348301311004,112,2
0,learned,adam,10000,49.26842521616799,8,0,0.9699683651384144,0.914377870844805,0.8667845726339891,0.7396171227135608,0.8672532554528719,112,2
0,learned,adam,10000,49.26842521616799,8,64,0.9454864523554429,0.8672532637465482,0.7990389800338628,0.6898975927752636,0.8672532554528719,112,2
0,learned,adam,10000,49.26842521616799,9,0,0.3015430941977312,0.04967991315888396,0.3943321363173447,0.2014070972382257,0.04790190956363073,112,2
0,learned,adam,10000,49.26842521616799,9,64,0.2725628841757058,0.04790190983297708,0.3784773142849288,0.19753055533693795,0.04790190956363073,112,2
0,learned,adam,10000,49.26842521616799,10,0,0.013520416762605037,0.008789503741135091,0.06008044777174077,0.021902134411169522,0.00878548829949591,112,2
0,learned,adam,10000,49.26842521616799,10,64,0.013433697728410996,0.008785488300125509,0.05963013094352239,0.02185549184332594,0.00878548829949591,112,2
0,learned,adam,10000,49.26842521616799,11,0,0.007506512352818759,0.007230209709820814,0.005749671455075765,0.0019842497299551345,0.007230182497741781,112,2
0,learned,adam,10000,49.26842521616799,11,64,0.0075061785282590525,0.007230182497746059,0.005745330385645332,0.0019838661604015947,0.007230182497741781,112,2
0,learned,adam,10000,49.26842521616799,12,0,0.007126689183003349,0.007103082372840038,0.0005141442426050577,0.00017649690024034304,0.00710308216126126,112,2
0,learned,adam,10000,49.26842521616799,12,64,0.007126686732762665,0.007103082161261297,0.0005141093443110469,0.00017649386493683643,0.00710308216126126,112,2
0,learned,adam,10000,49.26842521616799,13,0,0.00709396963915616,0.007091880791331309,4.5678898129040816e-05,1.5673346685638158e-05,0.007091880789665412,112,2
0,learned,adam,10000,49.26842521616799,13,64,0.0070939696199631575,0.007091880789665412,4.567862253169114e-05,1.5673322749270652e-05,0.007091880789665412,112,2
0,learned,adam,10000,49.26842521616799,14,0,0.0070910723067548346,0.007090886898223631,4.055971831746824e-06,1.3916266875400306e-06,0.007090886898210492,112,2
0,learned,adam,10000,49.26842521616799,14,64,0.007091072306603617,0.007090886898210492,4.055969658784027e-06,1.3916264988361343e-06,0.007090886898210492,112,2
0,learned,adam,10000,49.26842521616799,15,0,0.007090815119275834,0.007090798657646865,3.601238730195825e-07,1.2356005859387304e-07,0.007090798657646765,112,2
0,learned,adam,10000,49.26842521616799,15,64,0.007090815119274643,0.007090798657646765,3.6012385588916657e-07,1.2356005710625435e-07,0.007090798657646765,112,2
0,learned,adam,10000,49.26842521616799,16,0,0.007090792284568215,0.007090790822974808,3.1974731886436063e-08,1.0970665175969034e-08,0.007090790822974806,112,2
0,learned,adam,10000,49.26842521616799,16,64,0.007090792284568205,0.007090790822974808,3.197473175139115e-08,1.0970665164241618e-08,0.007090790822974806,112,2
0,learned,adam,10000,49.26842521616799,17,0,0.00709079025712151,0.007090790127349421,2.8389760895996096e-09,9.740646243233529e-10,0.007090790127349421,112,2
0,learned,adam,10000,49.26842521616799,17,64,0.00709079025712151,0.007090790127349421,2.8389760885350063e-09,9.740646242309004e-10,0.007090790127349421,112,2
0,learned,adam,10000,49.26842521616799,18,0,0.007090790077108381,0.007090790065586165,2.5206731915305256e-10,8.648535603783335e-11,0.007090790065586165,112,2
0,learned,adam,10000,49.26842521616799,18,64,0.007090790077108381,0.007090790065586165,2.520673191446599e-10,8.648535603710454e-11,0.007090790065586165,112,2
0,learned,adam,10000,49.26842521616799,19,0,0.007090790061125355,0.007090790060102321,2.238058059549801e-11,7.678871212613117e-12,0.007090790060102321,112,2
0,learned,adam,10000,49.26842521616799,19,64,0.007090790061125355,0.007090790060102321,2.2380580595431844e-11,7.678871212607361e-12,0.007090790060102321,112,2
0,learned,adam,10000,49.26842521616799,20,0,0.0070907900597062526,0.007090790059615418,1.9871294276960045e-12,6.817924536249779e-13,0.007090790059615418,112,2
0,learned,adam,10000,49.26842521616799,20,64,0.0070907900597062526,0.007090790059615418,1.9871294276954822e-12,6.81792453624932e-13,0.007090790059615418,112,2
0,learned,adam,10000,49.26842521616799,21,0,0.007090790059580253,0.0070907900595721905,1.764334640679644e-13,6.053506263439711e-14,0.0070907900595721905,112,2
0,learned,adam,10000,49.26842521616799,21,64,0.007090790059580253,0.0070907900595721905,1.7643346406796035e-13,6.053506263439668e-14,0.0070907900595721905,112,2
0,learned,adam,10000,49.26842521616799,22,0,0.007090790059569065,0.007090790059568351,1.5665193625079998e-14,5.374793734757312e-15,0.007090790059568351,112,2
0,learned,adam,10000,49.26842521616799,22,64,0.007090790059569065,0.007090790059568351,1.5665193625079973e-14,5.374793734757312e-15,0.007090790059568351,112,2
0,learned,adam,10000,49.26842521616799,23,0,0.007090790059568074,0.007090790059568013,1.3908829178611294e-15,4.772177715526105e-16,0.007090790059568013,112,2
0,learned,adam,10000,49.26842521616799,23,64,0.007090790059568074,0.007090790059568013,1.3908829178611294e-15,4.772177715526105e-16,0.007090790059568013,112,2
0,learned,adam,10000,49.26842521616799,24,0,0.007090790059567984,0.007090790059567976,1.2349386400820626e-16,4.2371263479922455e-17,0.007090790059567976,112,2
0,learned,adam,10000,49.26842521616799,24,64,0.007090790059567984,0.007090790059567976,1.2349386400820626e-16,4.2371263479922455e-17,0.007090790059567976,112,2
0,learned,adam,10000,49.26842521616799,25,0,0.007090790059567976,0.007090790059567976,1.0964786648706265e-17,3.762064356999927e-18,0.007090790059567976,112,2
0,learned,adam,10000,49.26842521616799,25,64,0.007090790059567976,0.007090790059567976,1.0964786648706265e-17,3.762064356999927e-18,0.007090790059567976,112,2
0,learned,adam,10000,49.26842521616799,26,0,0.007090790059567976,0.007090790059567976,9.73542671267116e-19,3.3402657989926846e-19,0.007090790059567976,112,2
0,learned,adam,10000,49.26842521616799,26,64,0.007090790059567976,0.007090790059567976,9.73542671267116e-19,3.3402657989926846e-19,0.007090790059567976,112,2
0,learned,adam,10000,49.26842521616799,27,0,0.007090790059567976,0.007090790059567976,8.643901273626165e-20,2.9657588358796e-20,0.007090790059567976,112,2
0,learned,adam,10000,49.26842521616799,27,64,0.007090790059567976,0.007090790059567976,8.643901273626165e-20,2.9657588358796e-20,0.007090790059567976,112,2
0,learned,adam,10000,49.26842521616799,28,0,0.007090790059567976,0.007090790059567976,7.674756477900238e-21,2.6332411855518874e-21,0.007090790059567976,112,2
0,learned,adam,10000,49.26842521616799,28,64,0.007090790059567976,0.007090790059567976,7.674756477900238e-21,2.6332411855518874e-21,0.007090790059567976,112,2
0,learned,adam,10000,49.26842521616799,29,0,0.007090790059567976,0.007090790059567976,6.814271141063418e-22,2.338005051995487e-22,0.007090790059567976,112,2
0,learned,adam,10000,49.26842521616799,29,64,0.007090790059567976,0.007090790059567976,6.814271141063418e-22,2.338005051995487e-22,0.007090790059567976,112,2
0,learned,adam,10000,49.26842521616799,30,0,0.007090790059567976,0.007090790059567976,6.050262482938505e-23,2.0758704721575647e-23,0.007090790059567976,112,2
0,learned,adam,10000,49.26842521616799,30,64,0.007090790059567976,0.007090790059567976,6.050262482938505e-23,2.0758704721575647e-23,0.007090790059567976,112,2
0,learned,adam,10000,49.26842521616799,31,0,0.007090790059567976,0.007090790059567976,5.371913643392408e-24,1.843126135889996e-24,0.007090790059567976,112,2
0,learned,adam,10000,49.26842521616799,31,64,0.007090790059567976,0.007090790059567976,5.371913643392408e-24,1.843126135889996e-24,0.007090790059567976,112,2
0,learned,adam,10000,49.26842521616799,32,0,0.007090790059567976,0.007090790059567976,4.769620536867936e-25,1.636476841095936e-25,0.007090790059567976,112,2
0,learned,adam,10000,49.26842521616799,32,64,0.007090790059567976,0.007090790059567976,4.769620536867936e-25,1.636476841095936e-25,0.007090790059567976,112,2
0,learned,adam,11000,51.67194035252699,1,0,0.99441568742633,0.99441568742633,1.0,1.0,0.9873563389112143,112,2
0,learned,adam,11000,51.67194035252699,1,64,0.9873563391888498,0.98735633918885,0.9204662214255137,0.9204662214255137,0.9873563389112143,112,2
0,learned,adam,11000,51.67194035252699,2,0,0.9944156867147047,0.9944156857393626,0.999999987635686,0.999999970689361,0.9873563356980609,112,2
0,learned,adam,11000,51.67194035252699,2,64,0.9873563378334228,0.9873563359756966,0.9204662109497489,0.9204661965918384,0.9873563356980609,112,2
0,learned,adam,11000,51.67194035252699,3,0,0.9944156777672363,0.9944156645286237,0.9999998321758105,0.9999996021588076,0.9873562952981466,112,2
0,learned,adam,11000,51.67194035252699,3,64,0.9873563207912534,0.9873562955757831,0.9204660792351133,0.9204658843513445,0.9873562952981466,112,2
0,learned,adam,11000,51.67194035252699,4,0,0.9944155652670036,0.994415397834688,0.9999978775414823,0.9999949685463169,0.9873557873304155,112,2
0,learned,adam,11000,51.67194035252699,4,64,0.9873561065134313,0.9873557876080606,0.9204644231550272,0.9204619584840972,0.9873557873304155,112,2
0,learned,adam,11000,51.67194035252699,5,0,0.9944141505717496,0.9944120437488281,0.9999733022264424,0.9999367125302246,0.9873493991634343,112,2
0,learned,adam,11000,51.67194035252699,5,64,0.987353412030948,0.9873493994411879,0.9204436014598103,0.9204126003364455,0.9873493991634343,112,2
0,learned,adam,11000,51.67194035252699,6,0,0.9943963317313674,0.9943697341741826,0.9996644424908683,0.9992048224309598,0.9872688654123786,112,2
0,learned,adam,11000,51.67194035252699,6,64,0.9873194847279344,0.987268865691501,0.9201819078667681,0.9197924582060795,0.9872688654123786,112,2
0,learned,adam,11000,51.67194035252699,7,0,0.9941672492440142,0.9938155626250839,0.9958018662865238,0.9900931562322636,0.9862220404116497,112,2
0,learned,adam,11000,51.67194035252699,7,64,0.9868851147068369,0.9862220407083547,0.9169077944469194,0.9120659493311033,0.9862220404116497,112,2
0,learned,adam,11000,51.67194035252699,8,0,0.990357818081311,0.9824325590895413,0.9502798316405708,0.8882510455919123,0.9666820329474084,112,2
0,learned,adam,11000,51.67194035252699,8,64,0.9800481348520899,0.9666820335227375,0.8781301321642262,0.8249369721246065,0.9666820329474084,112,2
0,learned,adam,11000,51.67194035252699,9,0,0.7270827751794376,0.23724999291106472,0.6255942775826107,0.38732417863467855,0.21453299245112867,112,2
0,learned,adam,11000,51.67194035252699,9,64,0.6791122146518,0.21453299307241333,0.5923769552334702,0.3747813262137258,0.21453299245112867,112,2
0,learned,adam,11000,51.67194035252699,10,0,0.030605999115005604,0.00913903038575206,0.13538333025118782,0.047872970533228656,0.00912053971746431,112,2
0,learned,adam,11000,51.67194035252699,10,64,0.029389017885867775,0.00912053971800351,0.13339599535703298,0.047675759251987145,0.00912053971746431,112,2
0,learned,adam,11000,51.67194035252699,11,0,0.006404845429958443,0.005818297577402043,0.012927433300428018,0.003983032360102278,0.0058182154242349925,112,2
0,learned,adam,11000,51.67194035252699,11,64,0.006403312286229222,0.005818215424237397,0.012906935964306592,0.003981662040123231,0.0058182154242349925,112,2
0,learned,adam,11000,51.67194035252699,12,0,0.00564498189978109,0.005602642036023872,0.0010459826267817773,0.0003179513017058028,0.005602641531653541,112,2
0,learned,adam,11000,51.67194035252699,12,64,0.005644973896342506,0.00560264153165355,0.0010458464853153164,0.00031794256690422917,0.005602641531653541,112,2
0,learned,adam,11000,51.67194035252699,13,0,0.0055891102153911715,0.00558576862600676,8.330653780067344e-05,2.529527142830211e-05,0.005585768622823912,112,2
0,learned,adam,11000,51.67194035252699,13,64,0.005589110165545004,0.005585768622823912,8.330567319633803e-05,2.5295216141496375e-05,0.005585768622823912,112,2
0,learned,adam,11000,51.67194035252699,14,0,0.005584693974237323,0.0055844283678937396,6.6264163957105235e-06,2.011875360145075e-06,0.005584428367873612,112,2
0,learned,adam,11000,51.67194035252699,14,64,0.0055846939739224045,0.005584428367873612,6.626410924820446e-06,2.0118750104046517e-06,0.005584428367873612,112,2
0,learned,adam,11000,51.67194035252699,15,0,0.0055843429067978165,0.005584321783151708,5.270285696756595e-07,1.6001234573423531e-07,0.005584321783151585,112,2
0,learned,adam,11000,51.67194035252699,15,64,0.005584342906795825,0.005584321783151585,5.27028535068007e-07,1.6001234352190133e-07,0.005584321783151585,112,2
0,learned,adam,11000,51.67194035252699,16,0,0.005584314986171207,0.00558431330613433,4.191660288465582e-08,1.2726388349229117e-08,0.00558431330613433,112,2
0,learned,adam,11000,51.67194035252699,16,64,0.005584314986171195,0.00558431330613433,4.191660266574043e-08,1.2726388335234722e-08,0.00558431330613433,112,2
0,learned,adam,11000,51.67194035252699,17,0,0.00558431276554519,0.00558431263192555,3.3337859979007036e-09,1.0121777648773709e-09,0.00558431263192555,112,2
0,learned,adam,11000,51.67194035252699,17,64,0.00558431276554519,0.00558431263192555,3.333785996515927e-09,1.0121777647888487e-09,0.00558431263192555,112,2
0,learned,adam,11000,51.67194035252699,18,0,0.005584312588930456,0.005584312578303182,2.651485985450192e-10,8.050232230477704e-11,0.005584312578303182,112,2
0,learned,adam,11000,51.67194035252699,18,64,0.005584312588930456,0.005584312578303182,2.6514859853625973e-10,8.050232230421705e-11,0.005584312578303182,112,2
0,learned,adam,11000,51.67194035252699,19,0,0.005584312574883619,0.00558431257403839,2.1088269933436467e-11,6.402653877394481e-12,0.00558431257403839,112,2
0,learned,adam,11000,51.67194035252699,19,64,0.005584312574883619,0.00558431257403839,2.108826993338106e-11,6.4026538773909314e-12,0.00558431257403839,112,2
0,learned,adam,11000,51.67194035252699,20,0,0.005584312573766422,0.005584312573699195,1.6772297914518855e-12,5.092272557767718e-13,0.005584312573699194,112,2
0,learned,adam,11000,51.67194035252699,20,64,0.005584312573766422,0.005584312573699195,1.6772297914515345e-12,5.092272557767501e-13,0.005584312573699194,112,2
0,learned,adam,11000,51.67194035252699,21,0,0.005584312573677566,0.005584312573672221,1.3339642285216258e-13,4.050076780506191e-14,0.005584312573672221,112,2
0,learned,adam,11000,51.67194035252699,21,64,0.005584312573677566,0.005584312573672221,1.3339642285216033e-13,4.050076780506177e-14,0.005584312573672221,112,2
0,learned,adam,11000,51.67194035252699,22,0,0.0055843125736705,0.005584312573670075,1.0609521557754289e-14,3.2211790987045758e-15,0.005584312573670075,112,2
0,learned,adam,11000,51.67194035252699,22,64,0.0055843125736705,0.005584312573670075,1.0609521557754278e-14,3.2211790987045758e-15,0.005584312573670075,112,2
0,learned,adam,11000,51.67194035252699,23,0,0.005584312573669937,0.0055843125736699025,8.438153383556835e-16,2.561925451851348e-16,0.0055843125736699025,112,2
0,learned,adam,11000,51.67194035252699,23,64,0.005584312573669937,0.0055843125736699025,8.438153383556835e-16,2.561925451851348e-16,0.0055843125736699025,112,2
0,learned,adam,11000,51.67194035252699,24,0,0.005584312573669891,0.005584312573669888,6.711182227853604e-17,2.0375961161188672e-17,0.005584312573669889,112,2
0,learned,adam,11000,51.67194035252699,24,64,0.005584312573669891,0.005584312573669888,6.711182227853604e-17,2.0375961161188672e-17,0.005584312573669889,112,2
0,learned,adam,11000,51.67194035252699,25,0,0.005584312573669889,0.005584312573669888,5.337656812831343e-18,1.6205771832362955e-18,0.005584312573669889,112,2
0,learned,adam,11000,51.67194035252699,25,64,0.005584312573669889,0.005584312573669888,5.337656812831343e-18,1.6205771832362955e-18,0.005584312573669889,112,2
0,learned,adam,11000,51.67194035252699,26,0,0.005584312573669889,0.005584312573669888,4.24524015058325e-19,1.2889062685438073e-19,0.005584312573669889,112,2
0,learned,adam,11000,51.67194035252699,26,64,0.005584312573669889,0.005584312573669888,4.24524015058325e-19,1.2889062685438073e-19,0.005584312573669889,112,2
0,learned,adam,11000,51.67194035252699,27,0,0.005584312573669889,0.005584312573669888,3.376399901320059e-20,1.0251158576562948e-20,0.005584312573669889,112,2
0,learned,adam,11000,51.67194035252699,27,64,0.005584312573669889,0.005584312573669888,3.376399901320059e-20,1.0251158576562948e-20,0.005584312573669889,112,2
0,learned,adam,11000,51.67194035252699,28,0,0.005584312573669889,0.005584312573669888,2.6853784213050797e-21,8.153133763603067e-22,0.005584312573669889,112,2
0,learned,adam,11000,51.67194035252699,28,64,0.005584312573669889,0.005584312573669888,2.6853784213050797e-21,8.153133763603067e-22,0.005584312573669889,112,2
0,learned,adam,11000,51.67194035252699,29,0,0.005584312573669889,0.005584312573669888,2.135782927487826e-22,6.48449535442577e-23,0.005584312573669889,112,2
0,learned,adam,11000,51.67194035252699,29,64,0.005584312573669889,0.005584312573669888,2.135782927487826e-22,6.48449535442577e-23,0.005584312573669889,112,2
0,learned,adam,11000,51.67194035252699,30,0,0.005584312573669889,0.005584312573669888,1.698668864379831e-23,5.157364176861788e-24,0.005584312573669889,112,2
0,learned,adam,11000,51.67194035252699,30,64,0.005584312573669889,0.005584312573669888,1.698668864379831e-23,5.157364176861788e-24,0.005584312573669889,112,2
0,learned,adam,11000,51.67194035252699,31,0,0.005584312573669889,0.005584312573669888,1.351015533309601e-24,4.101846604705148e-25,0.005584312573669889,112,2
0,learned,adam,11000,51.67194035252699,31,64,0.005584312573669889,0.005584312573669888,1.351015533309601e-24,4.101846604705148e-25,0.005584312573669889,112,2
0,learned,adam,11000,51.67194035252699,32,0,0.005584312573669889,0.005584312573669888,1.074513702769362e-25,3.262353596051243e-26,0.005584312573669889,112,2
0,learned,adam,11000,51.67194035252699,32,64,0.005584312573669889,0.005584312573669888,1.074513702769362e-25,3.262353596051243e-26,0.005584312573669889,112,2
0,learned,adam,12000,53.929567147825715,1,0,0.9955392012271168,0.9955392012271169,1.0,1.0,0.9903678566690304,112,2
0,learned,adam,12000,53.929567147825715,1,64,0.9903678567075367,0.9903678567075366,0.9283476160874552,0.9283476160874552,0.9903678566690304,112,2
0,learned,adam,12000,53.929567147825715,2,0,0.9955392011203832,0.9955392009576293,0.9999999977778743,0.9999999943894573,0.9903678561701359,112,2
0,learned,adam,12000,53.929567147825715,2,64,0.990367856509943,0.9903678562086419,0.9283476141723624,0.9283476112521252,0.9903678561701359,112,2
0,learned,adam,12000,53.929567147825715,3,0,0.9955391996307742,0.9955391971965837,0.9999999667652928,0.999999916087218,0.9903678492074262,112,2
0,learned,adam,12000,53.929567147825715,3,64,0.9903678537522753,0.9903678492459322,0.9283475874448109,0.928347543768961,0.9903678492074262,112,2
0,learned,adam,12000,53.929567147825715,4,0,0.995539178841336,0.9955391447061501,0.9999995339456059,0.9999988232813222,0.9903677520335572,112,2
0,learned,adam,12000,53.929567147825715,4,64,0.9903678152654337,0.9903677520720636,0.9283472144281067,0.9283466019567397,0.9903677520335572,112,2
0,learned,adam,12000,53.929567147825715,5,0,0.9955388886873892,0.9955384120832966,0.999993493449519,0.9999835720366962,0.9903663957680828,112,2
0,learned,adam,12000,53.929567147825715,5,64,0.9903672781157705,0.9903663958065935,0.9283420085481409,0.928333457970736,0.9903663957680828,112,2
0,learned,adam,12000,53.929567147825715,6,0,0.9955348370895484,0.9955281772283698,0.9999092008282213,0.9997707700935602,0.9903474516282342,112,2
0,learned,adam,12000,53.929567147825715,6,64,0.9903597782141281,0.9903474516668046,0.9282693620211308,0.9281500557935963,0.9903474516282342,112,2
0,learned,adam,12000,53.929567147825715,7,0,0.9954778749890144,0.9953833419208863,0.9987347674013923,0.9968102733684481,0.9900799814323086,112,2
0,learned,adam,12000,53.929567147825715,7,64,0.9902544633776368,0.9900799814717193,0.9272570696046155,0.9255979877974932,0.9900799814323086,112,2
0,learned,adam,12000,53.929567147825715,8,0,0.9945966119980092,0.9929354528397756,0.9827184275518395,0.957250035291887,0.9857022723591174,112,2
0,learned,adam,12000,53.929567147825715,8,64,0.9886531613385188,0.9857022724115664,0.9134294129990873,0.8913912416528033,0.9857022723591174,112,2
0,learned,adam,12000,53.929567147825715,9,0,0.9508497951364847,0.7781750462911483,0.8118890270001844,0.6160385521131129,0.7216443156935187,112,2
0,learned,adam,12000,53.929567147825715,9,64,0.9272812948977223,0.7216443160188903,0.7635278301810143,0.5880769490824364,0.7216443156935187,112,2
0,learned,adam,12000,53.929567147825715,10,0,0.1352544011078753,0.013482979666448586,0.2735870135658091,0.10310772362183625,0.013366364679778963,112,2
0,learned,adam,12000,53.929567147825715,10,64,0.1247333864606401,0.01336636468042529,0.26683904230748395,0.1022936570500932,0.013366364679778963,112,2
0,learned,adam,12000,53.929567147825715,11,0,0.006283997311862753,0.004870911889141551,0.029325076695373275,0.008169939222333543,0.004870641975509394,112,2
0,learned,adam,12000,53.929567147825715,11,64,0.00627463409771284,0.004870641975510909,0.029227076334991886,0.008164790684613354,0.004870641975509394,112,2
0,learned,adam,12000,53.929567147825715,12,0,0.004567974592584907,0.004489221377800094,0.002191164523548538,0.0005898695127368988,0.004489220079747549,112,2
0,learned,adam,12000,53.929567147825715,12,64,0.0045679458514477815,0.004489220079747557,0.002190596182373267,0.0005898426585413937,0.004489220079747549,112,2
0,learned,adam,12000,53.929567147825715,13,0,0.004468373437615353,0.004462830461352556,0.00015749433992838822,4.228871425213651e-05,0.00446283045471973,112,2
0,learned,adam,12000,53.929567147825715,13,64,0.004468373295635922,0.00446283045471973,0.00015749139493014097,4.228857622401987e-05,0.00446283045471973,112,2
0,learned,adam,12000,53.929567147825715,14,0,0.004461340983376022,0.00446094432329024,1.128738387488356e-05,3.0302061504951203e-06,0.004460944323256195,112,2
0,learned,adam,12000,53.929567147825715,14,64,0.004461340982649106,0.004460944323256195,1.1287368745012381e-05,3.0302054417921282e-06,0.004460944323256195,112,2
0,learned,adam,12000,53.929567147825715,15,0,0.004460837620826578,0.004460809201788759,8.087810024618533e-07,2.1712210521229323e-07,0.004460809201788582,112,2
0,learned,adam,12000,53.929567147825715,15,64,0.004460837620822847,0.004460809201788582,8.08780924780421e-07,2.1712210157374534e-07,0.004460809201788582,112,2
0,learned,adam,12000,53.929567147825715,16,0,0.004460801556416751,0.004460799520138307,5.7951153837823244e-08,1.5557319574379048e-08,0.004460799520138303,112,2
0,learned,adam,12000,53.929567147825715,16,64,0.004460801556416731,0.004460799520138303,5.795115343900041e-08,1.555731955569849e-08,0.004460799520138303,112,2
0,learned,adam,12000,53.929567147825715,17,0,0.0044607989723297594,0.004460798826425621,4.152338666679892e-09,1.114719050892998e-09,0.004460798826425621,112,2
0,learned,adam,12000,53.929567147825715,17,64,0.0044607989723297594,0.004460798826425621,4.152338664632309e-09,1.114719050797092e-09,0.004460798826425621,112,2
0,learned,adam,12000,53.929567147825715,18,0,0.004460798787173837,0.004460798776719457,2.9752496604451866e-10,7.987227747186828e-11,0.004460798776719457,112,2
0,learned,adam,12000,53.929567147825715,18,64,0.004460798787173837,0.004460798776719457,2.9752496603400633e-10,7.987227747137594e-11,0.004460798776719457,112,2
0,learned,adam,12000,53.929567147825715,19,0,0.004460798773906974,0.004460798773157894,2.1318373099648628e-11,5.72303908980797e-12,0.004460798773157894,112,2
0,learned,adam,12000,53.929567147825715,19,64,0.004460798773906974,0.004460798773157894,2.131837309959466e-11,5.7230390898054486e-12,0.004460798773157894,112,2
0,learned,adam,12000,53.929567147825715,20,0,0.004460798772956373,0.0044607987729027,1.5275122537734062e-12,4.100693940116005e-13,0.0044607987729027,112,2
0,learned,adam,12000,53.929567147825715,20,64,0.004460798772956373,0.0044607987729027,1.5275122537731283e-12,4.100693940115874e-13,0.0044607987729027,112,2
0,learned,adam,12000,53.929567147825715,21,0,0.0044607987728882605,0.004460798772884415,1.0944989443872753e-13,2.9382449650515e-14,0.004460798772884415,112,2
0,learned,adam,12000,53.929567147825715,21,64,0.0044607987728882605,0.004460798772884415,1.0944989443872611e-13,2.9382449650514895e-14,0.004460798772884415,112,2
0,learned,adam,12000,53.929567147825715,22,0,0.004460798772883379,0.004460798772883105,7.842345855512379e-15,2.105322562649754e-15,0.004460798772883105,112,2
0,learned,adam,12000,53.929567147825715,22,64,0.004460798772883379,0.004460798772883105,7.842345855512375e-15,2.105322562649754e-15,0.004460798772883105,112,2
0,learned,adam,12000,53.929567147825715,23,0,0.0044607987728830295,0.00446079877288301,5.619227760141339e-16,1.5085138051872431e-16,0.00446079877288301,112,2
0,learned,adam,12000,53.929567147825715,23,64,0.0044607987728830295,0.00446079877288301,5.619227760141339e-16,1.5085138051872431e-16,0.00446079877288301,112,2
0,learned,adam,12000,53.929567147825715,24,0,0.0044607987728830035,0.004460798772883003,4.0263106476167736e-17,1.0808861030664945e-17,0.004460798772883003,112,2
0,learned,adam,12000,53.929567147825715,24,64,0.0044607987728830035,0.004460798772883003,4.0263106476167736e-17,1.0808861030664945e-17,0.004460798772883003,112,2
0,learned,adam,12000,53.929567147825715,25,0,0.004460798772883003,0.004460798772883003,2.8849475627420373e-18,7.7448066022655505e-19,0.004460798772883003,112,2
0,learned,adam,12000,53.929567147825715,25,64,0.004460798772883003,0.004460798772883003,2.8849475627420373e-18,7.7448066022655505e-19,0.004460798772883003,112,2
0,learned,adam,12000,53.929567147825715,26,0,0.004460798772883003,0.004460798772883003,2.0671337033315324e-19,5.549338559939393e-20,0.004460798772883003,112,2
0,learned,adam,12000,53.929567147825715,26,64,0.004460798772883003,0.004460798772883003,2.0671337033315324e-19,5.549338559939393e-20,0.004460798772883003,112,2
0,learned,adam,12000,53.929567147825715,27,0,0.004460798772883003,0.004460798772883003,1.4811505770967048e-20,3.976233369574633e-21,0.004460798772883003,112,2
0,learned,adam,12000,53.929567147825715,27,64,0.004460798772883003,0.004460798772883003,1.4811505770967048e-20,3.976233369574633e-21,0.004460798772883003,112,2
0,learned,adam,12000,53.929567147825715,28,0,0.004460798772883003,0.004460798772883003,1.0612796978242117e-21,2.8490659992263534e-22,0.004460798772883003,112,2
0,learned,adam,12000,53.929567147825715,28,64,0.004460798772883003,0.004460798772883003,1.0612796978242117e-21,2.8490659992263534e-22,0.004460798772883003,112,2
0,learned,adam,12000,53.929567147825715,29,0,0.004460798772883003,0.004460798772883003,7.604322034708946e-23,2.041423707687434e-23,0.004460798772883003,112,2
0,learned,adam,12000,53.929567147825715,29,64,0.004460798772883003,0.004460798772883003,7.604322034708946e-23,2.041423707687434e-23,0.004460798772883003,112,2
0,learned,adam,12000,53.929567147825715,30,0,0.004460798772883003,0.004460798772883003,5.448678018255933e-24,1.4627287523139175e-24,0.004460798772883003,112,2
0,learned,adam,12000,53.929567147825715,30,64,0.004460798772883003,0.004460798772883003,5.448678018255933e-24,1.4627287523139175e-24,0.004460798772883003,112,2
0,learned,adam,12000,53.929567147825715,31,0,0.004460798772883003,0.004460798772883003,3.904107691799153e-25,1.0480800212071377e-25,0.004460798772883003,112,2
0,learned,adam,12000,53.929567147825715,31,64,0.004460798772883003,0.004460798772883003,3.904107691799153e-25,1.0480800212071377e-25,0.004460798772883003,112,2
0,learned,adam,12000,53.929567147825715,32,0,0.004460798772883003,0.004460798772883003,2.7973862316871417e-26,7.50974320506025e-27,0.004460798772883003,112,2
0,learned,adam,12000,53.929567147825715,32,64,0.004460798772883003,0.004460798772883003,2.7973862316871417e-26,7.50974320506025e-27,0.004460798772883003,112,2
0,retrieval_frozen,adam,0,0.0,1,0,0.5,0.5,1.0,1.0,,112,2
0,retrieval_frozen,adam,0,0.0,1,64,0.5,0.5,0.6321205588285578,0.6321205588285577,,112,2
0,retrieval_frozen,adam,0,0.0,2,0,0.5,0.5,0.2689414213690497,0.2689414213610862,,112,2
0,retrieval_frozen,adam,0,0.0,2,64,0.5,0.5,0.23254415793412278,0.23254415792816893,,112,2
0,retrieval_frozen,adam,0,0.0,3,0,0.5,0.5,0.09003057316998572,0.09003057316666072,,112,2
0,retrieval_frozen,adam,0,0.0,3,64,0.5,0.5,0.08554821486839234,0.08554821486539019,,112,2
0,retrieval_frozen,adam,0,0.0,4,0,0.5,0.5,0.03205860327993539,0.032058603278675366,,112,2
0,retrieval_frozen,adam,0,0.0,4,64,0.5,0.5,0.0314714294789856,0.0314714294777713,,112,2
0,retrieval_frozen,adam,0,0.0,5,0,0.5,0.5,0.011656230955984061,0.0116562309555162,,112,2
0,retrieval_frozen,adam,0,0.0,5,64,0.5,0.5,0.011577691889593913,0.011577691889132331,,112,2
0,retrieval_frozen,adam,0,0.0,6,0,0.5,0.5,0.004269778545261609,0.004269778545088934,,112,2
0,retrieval_frozen,adam,0,0.0,6,64,0.5,0.5,0.004259194822398709,0.004259194822226892,,112,2
0,retrieval_frozen,adam,0,0.0,7,0,0.5,0.5,0.0015683003158789223,0.0015683003158153256,,112,2
0,retrieval_frozen,adam,0,0.0,7,64,0.5,0.5,0.001566870211104306,0.001566870211040825,,112,2
0,retrieval_frozen,adam,0,0.0,8,0,0.5,0.5,0.0005766127696842267,0.0005766127696608212,,112,2
0,retrieval_frozen,adam,0,0.0,8,64,0.5,0.5,0.0005764193376492274,0.0005764193376258372,,112,2
0,retrieval_frozen,adam,0,0.0,9,0,0.5,0.5,0.00021207899644221169,0.00021207899643359976,,112,2
0,retrieval_frozen,adam,0,0.0,9,64,0.5,0.5,0.0002120528238148101,0.00021205282380620046,,112,2
0,retrieval_frozen,adam,0,0.0,10,0,0.5,0.5,7.80134161274313e-05,7.801341612426298e-05,,112,2
0,retrieval_frozen,adam,0,0.0,10,64,0.5,0.5,7.800987432381864e-05,7.800987432065062e-05,,112,2
0,retrieval_frozen,adam,0,0.0,11,0,0.5,0.5,2.8698708289339755e-05,2.8698708288174173e-05,,112,2
0,retrieval_frozen,adam,0,0.0,11,64,0.5,0.5,2.8698228972100827e-05,2.869822897093526e-05,,112,2
0,retrieval_frozen,adam,0,0.0,12,0,0.5,0.5,1.0557553304715978e-05,1.0557553304287181e-05,,112,2
0,retrieval_frozen,adam,0,0.0,12,64,0.5,0.5,1.0557488436866557e-05,1.0557488436437765e-05,,112,2
0,retrieval_frozen,adam,0,0.0,13,0,0.5,0.5,3.883891725203109e-06,3.8838917250453626e-06,,112,2
0,retrieval_frozen,adam,0,0.0,13,64,0.5,0.5,3.883882946328426e-06,3.88388294617068e-06,,112,2
0,retrieval_frozen,adam,0,0.0,14,0,0.5,0.5,1.4288018759603902e-06,1.4288018759023587e-06,,112,2
0,retrieval_frozen,adam,0,0.0,14,64,0.5,0.5,1.4288006878705968e-06,1.4288006878125653e-06,,112,2
0,retrieval_frozen,adam,0,0.0,15,0,0.5,0.5,5.256265593895918e-07,5.256265593682431e-07,,112,2
0,retrieval_frozen,adam,0,0.0,15,64,0.5,0.5,5.256263985992075e-07,5.256263985778588e-07,,112,2
0,retrieval_frozen,adam,0,0.0,16,0,0.5,0.5,1.9336716754224223e-07,1.9336716753438852e-07,,112,2
0,retrieval_frozen,adam,0,0.0,16,64,0.5,0.5,1.9336714578163428e-07,1.933671457737806e-07,,112,2
0,retrieval_frozen,adam,0,0.0,17,0,0.5,0.5,7.113580047604236e-08,7.113580047315297e-08,,112,2
0,retrieval_frozen,adam,0,0.0,17,64,0.5,0.5,7.113579753106447e-08,7.113579752817508e-08,,112,2
0,retrieval_frozen,adam,0,0.0,18,0,0.5,0.5,2.6169397841572313e-08,2.616939784050938e-08,,112,2
0,retrieval_frozen,adam,0,0.0,18,64,0.5,0.5,2.616939744301285e-08,2.616939744194992e-08,,112,2
0,retrieval_frozen,adam,0,0.0,19,0,0.5,0.5,9.627183361068068e-09,9.627183360677038e-09,,112,2
0,retrieval_frozen,adam,0,0.0,19,64,0.5,0.5,9.627183307128918e-09,9.62718330673789e-09,,112,2
0,retrieval_frozen,adam,0,0.0,20,0,0.5,0.5,3.54164282238151e-09,3.5416428222376583e-09,,112,2
0,retrieval_frozen,adam,0,0.0,20,64,0.5,0.5,3.541642815081642e-09,3.5416428149377907e-09,,112,2
0,retrieval_frozen,adam,0,0.0,21,0,0.5,0.5,1.3028975806290122e-09,1.302897580576092e-09,,112,2
0,retrieval_frozen,adam,0,0.0,21,64,0.5,0.5,1.3028975796410827e-09,1.3028975795881626e-09,,112,2
0,retrieval_frozen,adam,0,0.0,22,0,0.5,0.5,4.793092336356896e-10,4.793092336162214e-10,,112,2
0,retrieval_frozen,adam,0,0.0,22,64,0.5,0.5,4.793092335019871e-10,4.793092334825188e-10,,112,2
0,retrieval_frozen,adam,0,0.0,23,0,0.5,0.5,1.7632801298711732e-10,1.7632801297995536e-10,,112,2
0,retrieval_frozen,adam,0,0.0,23,64,0.5,0.5,1.7632801296902313e-10,1.7632801296186117e-10,,112,2
0,retrieval_frozen,adam,0,0.0,24,0,0.5,0.5,6.486745087636398e-11,6.486745087372924e-11,,112,2
0,retrieval_frozen,adam,0,0.0,24,64,0.5,0.5,6.486745087391515e-11,6.486745087128042e-11,,112,2
0,retrieval_frozen,adam,0,0.0,25,0,0.5,0.5,2.3863401578043267e-11,2.3863401577074002e-11,,112,2
0,retrieval_frozen,adam,0,0.0,25,64,0.5,0.5,2.386340157771186e-11,2.3863401576742597e-11,,112,2
0,retrieval_frozen,adam,0,0.0,26,0,0.5,0.5,8.778854836903203e-12,8.778854836546629e-12,,112,2
0,retrieval_frozen,adam,0,0.0,26,64,0.5,0.5,8.778854836858351e-12,8.77885483650178e-12,,112,2
0,retrieval_frozen,adam,0,0.0,27,0,0.5,0.5,3.2295602115147337e-12,3.2295602113835577e-12,,112,2
0,retrieval_frozen,adam,0,0.0,27,64,0.5,0.5,3.2295602115086636e-12,3.2295602113774884e-12,,112,2
0,retrieval_frozen,adam,0,0.0,28,0,0.5,0.5,1.1880888058401538e-12,1.188088805791897e-12,,112,2
0,retrieval_frozen,adam,0,0.0,28,64,0.5,0.5,1.1880888058393308e-12,1.1880888057910739e-12,,112,2
0,retrieval_frozen,adam,0,0.0,29,0,0.5,0.5,4.3707344595433167e-13,4.3707344593657894e-13,,112,2
0,retrieval_frozen,adam,0,0.0,29,64,0.5,0.5,4.3707344595421984e-13,4.3707344593646706e-13,,112,2
0,retrieval_frozen,adam,0,0.0,30,0,0.5,0.5,1.607903350485303e-13,1.6079033504199945e-13,,112,2
0,retrieval_frozen,adam,0,0.0,30,64,0.5,0.5,1.6079033504851544e-13,1.6079033504198455e-13,,112,2
0,retrieval_frozen,adam,0,0.0,31,0,0.5,0.5,5.915145860341885e-14,5.915145860101628e-14,,112,2
0,retrieval_frozen,adam,0,0.0,31,64,0.5,0.5,5.915145860341675e-14,5.915145860101419e-14,,112,2
0,retrieval_frozen,adam,0,0.0,32,0,0.5,0.5,2.1760605535500932e-14,2.1760605534617074e-14,,112,2
0,retrieval_frozen,adam,0,0.0,32,64,0.5,0.5,2.1760605535500702e-14,2.1760605534616843e-14,,112,2
0,retrieval_frozen,adam,3,0.0,1,0,0.5037499286319175,0.5037499286319175,1.0,1.0,0.4986181360816927,112,2
0,retrieval_frozen,adam,3,0.0,1,64,0.5009909026145752,0.5009909026145752,0.6321205588285578,0.6321205588285577,0.4986181360816927,112,2
0,retrieval_frozen,adam,3,0.0,2,0,0.498269888819661,0.4982697514835721,0.26931752358553596,0.26929921188259054,0.497523821404119,112,2
0,retrieval_frozen,adam,3,0.0,2,64,0.49799620101000347,0.49799609836998626,0.2328252956542689,0.23281161009498302,0.497523821404119,112,2
0,retrieval_frozen,adam,3,0.0,3,0,0.4969264470357636,0.49692638965669533,0.09018766066683084,0.0901800098331409,0.49681463719505703,112,2
0,retrieval_frozen,adam,3,0.0,3,64,0.49689271616068253,0.49689266436175145,0.08569003756483225,0.08568313077199068,0.49681463719505703,112,2
0,retrieval_frozen,adam,3,0.0,4,0,0.49649094464944926,0.49649092290063307,0.03211813958759671,0.032115239601792835,0.4964746887579778,112,2
0,retrieval_frozen,adam,3,0.0,4,64,0.4964865248436272,0.49648650388560694,0.03152880291483258,0.031526008373347514,0.4964746887579778,112,2
0,retrieval_frozen,adam,3,0.0,5,0,0.49633765406993013,0.49633764599368657,0.011678338530908494,0.01167726164034985,0.49633525728582045,112,2
0,retrieval_frozen,adam,3,0.0,5,64,0.49633706282986695,0.49633705486229174,0.011599502269928102,0.011598439869246953,0.49633525728582045,112,2
0,retrieval_frozen,adam,3,0.0,6,0,0.4962821541035519,0.49628215112279744,0.004277937840627517,0.004277540384598545,0.496281769913552,112,2
0,retrieval_frozen,adam,3,0.0,6,64,0.49628207442677275,0.4962820714608046,0.00426731367966842,0.004266918195272116,0.496281769913552,112,2
0,retrieval_frozen,adam,3,0.0,7,0,0.4962618554948716,0.49626185439702963,0.0015713054533073767,0.0015711590661573894,0.49626178215630373,112,2
0,retrieval_frozen,adam,3,0.0,7,64,0.4962618447285652,0.49626184363272813,0.0015698698651249968,0.0015697237453310901,0.49626178215630373,112,2
0,retrieval_frozen,adam,3,0.0,8,0,0.49625440401418885,0.496254403610143,0.0005777187683028923,0.0005776648924691322,0.4962543862705278,112,2
0,retrieval_frozen,adam,3,0.0,8,64,0.49625440255796105,0.4962544021541866,0.0005775245936382312,0.0005774707540132071,0.4962543862705278,112,2
0,retrieval_frozen,adam,3,0.0,9,0,0.49625166492253786,0.4962516647738742,0.00021248593408169063,0.0002124661111640838,0.49625165964666906,112,2
0,retrieval_frozen,adam,3,0.0,9,64,0.4962516647255003,0.4962516645768735,0.00021245966092388568,0.00021243984290789263,0.49625165964666906,112,2
0,retrieval_frozen,adam,3,0.0,10,0,0.4962506575584138,0.4962506575037204,7.816312870233861e-05,7.815583583854398e-05,0.4962506557870083,112,2
0,retrieval_frozen,adam,3,0.0,10,64,0.4962506575317497,0.4962506574770613,7.815957329210118e-05,7.815228109173217e-05,0.4962506557870083,112,2
0,retrieval_frozen,adam,3,0.0,11,0,0.49625028700928453,0.49625028698916357,2.8753785628968314e-05,2.875110267749814e-05,0.49625028638056135,112,2
0,retrieval_frozen,adam,3,0.0,11,64,0.496250287005676,0.4962502869855556,2.875330447020758e-05,2.875062160852552e-05,0.49625028638056135,112,2
0,retrieval_frozen,adam,3,0.0,12,0,0.49625015069721246,0.49625015068981027,1.057781528277519e-05,1.0576828272399872e-05,0.496250150469023,112,2
0,retrieval_frozen,adam,3,0.0,12,64,0.4962501506967241,0.496250150689322,1.0577750165699621e-05,1.0576763167475958e-05,0.496250150469023,112,2
0,retrieval_frozen,adam,3,0.0,13,0,0.49625010055152546,0.4962501005488024,3.891345711633493e-06,3.89098260976781e-06,0.4962501004679995,112,2
0,retrieval_frozen,adam,3,0.0,13,64,0.49625010055145935,0.49625010054873625,3.891336899029562e-06,3.890973798808439e-06,0.4962501004679995,112,2
0,retrieval_frozen,adam,3,0.0,14,0,0.49625008210405586,0.49625008210305416,1.4315440472007457e-06,1.4314104693485142e-06,0.4962500820733852,112,2
0,retrieval_frozen,adam,3,0.0,14,64,0.4962500821040469,0.49625008210304516,1.4315428545461863e-06,1.4314092769165216e-06,0.4962500820733852,112,2
0,retrieval_frozen,adam,3,0.0,15,0,0.49625007531762433,0.4962500753172558,5.266353482025613e-07,5.265862076378751e-07,0.4962500753063489,112,2
0,retrieval_frozen,adam,3,0.0,15,64,0.4962500753176231,0.4962500753172545,5.266351867944028e-07,5.265860462598376e-07,0.4962500753063489,112,2
0,retrieval_frozen,adam,3,0.0,16,0,0.49625007282103745,0.49625007282090183,1.9373828025972663e-07,1.9372020245367213e-07,0.4962500728168905,112,2
0,retrieval_frozen,adam,3,0.0,16,64,0.4962500728210372,0.4962500728209017,1.9373825841551195e-07,1.937201806135339e-07,0.4962500728168905,112,2
0,retrieval_frozen,adam,3,0.0,17,0,0.4962500719025947,0.49625007190254483,7.127232522229548e-08,7.126567476875741e-08,0.49625007190106923,112,2
0,retrieval_frozen,adam,3,0.0,17,64,0.49625007190259457,0.49625007190254483,7.127232226600271e-08,7.126567181301651e-08,0.49625007190106923,112,2
0,retrieval_frozen,adam,3,0.0,18,0,0.49625007156471856,0.49625007156470013,2.6219622489895343e-08,2.6217175924717094e-08,0.49625007156415735,112,2
0,retrieval_frozen,adam,3,0.0,18,64,0.4962500715647185,0.49625007156470013,2.6219622089804635e-08,2.621717552470104e-08,0.49625007156415735,112,2
0,retrieval_frozen,adam,3,0.0,19,0,0.4962500714404208,0.49625007144041405,9.645659976756853e-09,9.644759935719878e-09,0.4962500714402144,112,2
0,retrieval_frozen,adam,3,0.0,19,64,0.4962500714404208,0.49625007144041405,9.645659922610469e-09,9.644759881583602e-09,0.4962500714402144,112,2
0,retrieval_frozen,adam,3,0.0,20,0,0.4962500713946943,0.4962500713946917,3.5484399894535165e-09,3.5481088828589372e-09,0.4962500713946183,112,2
0,retrieval_frozen,adam,3,0.0,20,64,0.4962500713946943,0.4962500713946917,3.5484399821256e-09,3.5481088755323926e-09,0.4962500713946183,112,2
0,retrieval_frozen,adam,3,0.0,21,0,0.49625007137787236,0.4962500713778714,1.3053981186554063e-09,1.3052763113463065e-09,0.4962500713778445,112,2
0,retrieval_frozen,adam,3,0.0,21,64,0.49625007137787236,0.4962500713778714,1.3053981176636798e-09,1.3052763103547647e-09,0.4962500713778445,112,2
0,retrieval_frozen,adam,3,0.0,22,0,0.49625007137168403,0.49625007137168364,4.802291301677908e-10,4.80184319762973e-10,0.4962500713716737,112,2
0,retrieval_frozen,adam,3,0.0,22,64,0.49625007137168403,0.49625007137168364,4.802291300335753e-10,4.801843196287823e-10,0.4962500713716737,112,2
0,retrieval_frozen,adam,3,0.0,23,0,0.4962500713694074,0.49625007136940724,1.7666642400932654e-10,1.7664993918264135e-10,0.49625007136940363,112,2
0,retrieval_frozen,adam,3,0.0,23,64,0.4962500713694074,0.49625007136940724,1.766664239911623e-10,1.7664993916448027e-10,0.49625007136940363,112,2
0,retrieval_frozen,adam,3,0.0,24,0,0.49625007136856997,0.49625007136856986,6.499194533410638e-11,6.498588090527736e-11,0.4962500713685685,112,2
0,retrieval_frozen,adam,3,0.0,24,64,0.49625007136856997,0.49625007136856986,6.499194533164808e-11,6.498588090281944e-11,0.4962500713685685,112,2
0,retrieval_frozen,adam,3,0.0,25,0,0.49625007136826177,0.49625007136826177,2.3909200529587273e-11,2.3906969550898588e-11,0.4962500713682612,112,2
0,retrieval_frozen,adam,3,0.0,25,64,0.49625007136826177,0.49625007136826177,2.390920052925463e-11,2.3906969550565984e-11,0.4962500713682612,112,2
0,retrieval_frozen,adam,3,0.0,26,0,0.49625007136814847,0.49625007136814836,8.795703329603557e-12,8.794882598410292e-12,0.49625007136814825,112,2
0,retrieval_frozen,adam,3,0.0,26,64,0.49625007136814847,0.49625007136814836,8.795703329558528e-12,8.794882598365267e-12,0.49625007136814825,112,2
0,retrieval_frozen,adam,3,0.0,27,0,0.4962500713681068,0.4962500713681068,3.2357584255939353e-12,3.2354564954612047e-12,0.49625007136810656,112,2
0,retrieval_frozen,adam,3,0.0,27,64,0.4962500713681068,0.4962500713681068,3.235758425587843e-12,3.2354564954551123e-12,0.49625007136810656,112,2
0,retrieval_frozen,adam,3,0.0,28,0,0.49625007136809135,0.49625007136809135,1.1903690013718735e-12,1.1902579274833717e-12,0.49625007136809135,112,2
0,retrieval_frozen,adam,3,0.0,28,64,0.49625007136809135,0.49625007136809135,1.190369001371049e-12,1.1902579274825472e-12,0.49625007136809135,112,2
0,retrieval_frozen,adam,3,0.0,29,0,0.49625007136808585,0.4962500713680858,4.379122830123026e-13,4.3787142121227176e-13,0.4962500713680858,112,2
0,retrieval_frozen,adam,3,0.0,29,64,0.49625007136808585,0.4962500713680858,4.3791228301219066e-13,4.378714212121598e-13,0.4962500713680858,112,2
0,retrieval_frozen,adam,3,0.0,30,0,0.4962500713680837,0.49625007136808363,1.6109892595665056e-13,1.6108389374048995e-13,0.49625007136808363,112,2
0,retrieval_frozen,adam,3,0.0,30,64,0.4962500713680837,0.49625007136808363,1.610989259566357e-13,1.6108389374047509e-13,0.49625007136808363,112,2
0,retrieval_frozen,adam,3,0.0,31,0,0.4962500713680829,0.49625007136808297,5.926498285424874e-14,5.925945281096801e-14,0.49625007136808297,112,2
0,retrieval_frozen,adam,3,0.0,31,64,0.4962500713680829,0.49625007136808297,5.926498285424662e-14,5.92594528109659e-14,0.49625007136808297,112,2
0,retrieval_frozen,adam,3,0.0,32,0,0.49625007136808275,0.49625007136808263,2.1802368773455637e-14,2.1800334384223866e-14,0.49625007136808263,112,2
0,retrieval_frozen,adam,3,0.0,32,64,0.49625007136808275,0.49625007136808263,2.1802368773455404e-14,2.1800334384223633e-14,0.49625007136808263,112,2
0,retrieval_frozen,adam,1000,11.328690783793768,1,0,0.759121475961467,0.7591214759614668,1.0,1.0,0.4797741429624937,112,2
0,retrieval_frozen,adam,1000,11.328690783793768,1,64,0.5752525004749013,0.5752525004749013,0.6321205588285578,0.6321205588285577,0.4797741429624937,112,2
0,retrieval_frozen,adam,1000,11.328690783793768,2,0,0.5105286400935997,0.5030429265904391,0.5183487725716206,0.5053019360441819,0.3978136316987535,112,2
0,retrieval_frozen,adam,1000,11.328690783793768,2,64,0.4418421023697458,0.43746822638125216,0.39820480860669333,0.39047376961931957,0.3978136316987535,112,2
0,retrieval_frozen,adam,1000,11.328690783793768,3,0,0.34695942332994406,0.34228570024713134,0.22450996476629387,0.2155054968971817,0.3204934622021698,112,2
0,retrieval_frozen,adam,1000,11.328690783793768,3,64,0.33358273019658846,0.3299833755261023,0.19855471993386356,0.1914890921023339,0.3204934622021698,112,2
0,retrieval_frozen,adam,1000,11.328690783793768,4,0,0.27989026507930775,0.2779744150334771,0.08836216724931648,0.08421585938244784,0.27455649551602895,112,2
0,retrieval_frozen,adam,1000,11.328690783793768,4,64,0.27789336041040846,0.27616507694760534,0.08403753568774344,0.08028114644530264,0.27455649551602895,112,2
0,retrieval_frozen,adam,1000,11.328690783793768,5,0,0.2551612471175579,0.25443878768458134,0.033364343835757725,0.03170749403288462,0.2539525858396593,112,2
0,retrieval_frozen,adam,1000,11.328690783793768,5,64,0.2548838288850491,0.25418867442731813,0.032728332313183235,0.031132996140283878,0.2539525858396593,112,2
0,retrieval_frozen,adam,1000,11.328690783793768,6,0,0.24611988224261042,0.2458522773944054,0.012394384261129238,0.011765995797126748,0.2457853229531637,112,2
0,retrieval_frozen,adam,1000,11.328690783793768,6,64,0.24608204111108792,0.24581821838634915,0.012305545086170508,0.01168597566406625,0.2457853229531637,112,2
0,retrieval_frozen,adam,1000,11.328690783793768,7,0,0.2428047723343397,0.24270610882329421,0.004576143884497706,0.004342363059000111,0.24269699076736567,112,2
0,retrieval_frozen,adam,1000,11.328690783793768,7,64,0.2427996375981063,0.2427014900524285,0.004563978391881892,0.004331416900790436,0.24269699076736567,112,2
0,retrieval_frozen,adam,1000,11.328690783793768,8,0,0.24158687938447754,0.24155055524554872,0.0016857140485029584,0.0015993548600995624,0.24154931844029745,112,2
0,retrieval_frozen,adam,1000,11.328690783793768,8,64,0.24158618382613037,0.24154992971595327,0.001684060446748532,0.00159786758528469,0.24154931844029745,112,2
0,retrieval_frozen,adam,1000,11.328690783793768,9,0,0.24113907615891522,0.24112570956122192,0.0006204438986556241,0.0005886258022508615,0.24112554203819828,112,2
0,retrieval_frozen,adam,1000,11.328690783793768,9,64,0.24113898199355724,0.24112562488312395,0.0006202197487697738,0.0005884242278191083,0.24112554203819828,112,2
0,retrieval_frozen,adam,1000,11.328690783793768,10,0,0.24097437074281475,0.24096945295026856,0.00022828977266599332,0.00021657800172302297,0.24096943027154627,112,2
0,retrieval_frozen,adam,1000,11.328690783793768,10,64,0.24097435799734596,0.24096944148925217,0.00022825941936198307,0.00021655070694599334,0.24096943027154627,112,2
0,retrieval_frozen,adam,1000,11.328690783793768,11,0,0.24091378338403063,0.24091197416231439,8.398869362036039e-05,7.96792874178324e-05,0.24091197109273732,112,2
0,retrieval_frozen,adam,1000,11.328690783793768,11,64,0.24091378165904082,0.24091197261118077,8.39845848548247e-05,7.967559274193633e-05,0.24091197109273732,112,2
0,retrieval_frozen,adam,1000,11.328690783793768,12,0,0.24089149513388414,0.24089082954936006,3.089846886307328e-05,2.931300693141301e-05,0.24089082913392076,112,2
0,retrieval_frozen,adam,1000,11.328690783793768,12,64,0.2408914949004283,0.24089082933943431,3.0897912757678405e-05,2.931250687507598e-05,0.24089082913392076,112,2
0,retrieval_frozen,adam,1000,11.328690783793768,13,0,0.24088329582525772,0.2408830509691706,1.1367013665589356e-05,1.0783738576936328e-05,0.24088305091294615,112,2
0,retrieval_frozen,adam,1000,11.328690783793768,13,64,0.24088329579366266,0.2408830509407601,1.1366938402695132e-05,1.0783670899861489e-05,0.24088305091294615,112,2
0,retrieval_frozen,adam,1000,11.328690783793768,14,0,0.24088027947906346,0.24088018940137731,4.181704467494848e-06,3.967127356046467e-06,0.24088018939376804,112,2
0,retrieval_frozen,adam,1000,11.328690783793768,14,64,0.24088027947478752,0.24088018939753233,4.181694281659557e-06,3.967118196860322e-06,0.24088018939376804,112,2
0,retrieval_frozen,adam,1000,11.328690783793768,15,0,0.24087916982878385,0.2408791366910326,1.5383649746677186e-06,1.4594261693797953e-06,0.2408791366900028,112,2
0,retrieval_frozen,adam,1000,11.328690783793768,15,64,0.2408791698282052,0.24087913669051228,1.5383635961593276e-06,1.4594249298142592e-06,0.2408791366900028,112,2
0,retrieval_frozen,adam,1000,11.328690783793768,16,0,0.24087876161145846,0.24087874942075804,5.659331005494758e-07,5.368930967191627e-07,0.24087874942061868,112,2
0,retrieval_frozen,adam,1000,11.328690783793768,16,64,0.24087876161138017,0.24087874942068763,5.659329139883793e-07,5.368929289619866e-07,0.24087874942061868,112,2
0,retrieval_frozen,adam,1000,11.328690783793768,17,0,0.2408786114367239,0.2408786069520154,2.0819518705791284e-07,1.9751196122937485e-07,0.24087860695199653,112,2
0,retrieval_frozen,adam,1000,11.328690783793768,17,64,0.24087861143671332,0.2408786069520059,2.0819516180960017e-07,1.975119385258986e-07,0.24087860695199653,112,2
0,retrieval_frozen,adam,1000,11.328690783793768,18,0,0.24087855619053014,0.24087855454069798,7.659073370973818e-08,7.266059382474392e-08,0.24087855454069546,112,2
0,retrieval_frozen,adam,1000,11.328690783793768,18,64,0.24087855619052867,0.2408785545406967,7.659073029274985e-08,7.266059075216178e-08,0.24087855454069546,112,2
0,retrieval_frozen,adam,1000,11.328690783793768,19,0,0.24087853586659172,0.2408785352596524,2.8176156944044058e-08,2.6730339179646378e-08,0.24087853525965203,112,2
0,retrieval_frozen,adam,1000,11.328690783793768,19,64,0.2408785358665915,0.24087853525965222,2.817615648160498e-08,2.6730338763817625e-08,0.24087853525965203,112,2
0,retrieval_frozen,adam,1000,11.328690783793768,20,0,0.24087852838983265,0.24087852816655217,1.0365428955923698e-08,9.833542311217516e-09,0.24087852816655214,112,2
0,retrieval_frozen,adam,1000,11.328690783793768,20,64,0.24087852838983265,0.24087852816655214,1.036542889333936e-08,9.833542254941212e-09,0.24087852816655214,112,2
0,retrieval_frozen,adam,1000,11.328690783793768,21,0,0.24087852563928674,0.2408785255571465,3.81322822330961e-09,3.6175580598610036e-09,0.2408785255571464,112,2
0,retrieval_frozen,adam,1000,11.328690783793768,21,64,0.24087852563928674,0.2408785255571464,3.813228214839743e-09,3.6175580522448336e-09,0.2408785255571464,112,2
0,retrieval_frozen,adam,1000,11.328690783793768,22,0,0.24087852462741746,0.24087852459719972,1.40280826940696e-09,1.3308252387762309e-09,0.24087852459719972,112,2
0,retrieval_frozen,adam,1000,11.328690783793768,22,64,0.24087852462741746,0.24087852459719972,1.4028082682606877e-09,1.3308252377454942e-09,0.24087852459719972,112,2
0,retrieval_frozen,adam,1000,11.328690783793768,23,0,0.2408785242551715,0.24087852424405506,5.160643224307768e-10,4.895832453150448e-10,0.24087852424405506,112,2
0,retrieval_frozen,adam,1000,11.328690783793768,23,64,0.2408785242551715,0.24087852424405506,5.160643222756464e-10,4.895832451755507e-10,0.24087852424405506,112,2
0,retrieval_frozen,adam,1000,11.328690783793768,24,0,0.2408785241182299,0.24087852411414043,1.898494545728647e-10,1.8010761071738132e-10,0.24087852411414037,112,2
0,retrieval_frozen,adam,1000,11.328690783793768,24,64,0.2408785241182299,0.24087852411414043,1.898494545518701e-10,1.8010761069850258e-10,0.24087852411414037,112,2
0,retrieval_frozen,adam,1000,11.328690783793768,25,0,0.24087852406785193,0.24087852406634747,6.984171125882702e-11,6.625788718467928e-11,0.2408785240663474,112,2
0,retrieval_frozen,adam,1000,11.328690783793768,25,64,0.24087852406785193,0.24087852406634747,6.984171125598579e-11,6.625788718212453e-11,0.2408785240663474,112,2
0,retrieval_frozen,adam,1000,11.328690783793768,26,0,0.24087852404931892,0.24087852404876542,2.569332970887671e-11,2.43749145111395e-11,0.24087852404876542,112,2
0,retrieval_frozen,adam,1000,11.328690783793768,26,64,0.24087852404931892,0.24087852404876542,2.5693329708492182e-11,2.4374914510793724e-11,0.24087852404876542,112,2
0,retrieval_frozen,adam,1000,11.328690783793768,27,0,0.24087852404250096,0.24087852404229734,9.452047775205856e-12,8.967029929019125e-12,0.24087852404229734,112,2
0,retrieval_frozen,adam,1000,11.328690783793768,27,64,0.24087852404250096,0.24087852404229734,9.452047775153811e-12,8.967029928972326e-12,0.24087852404229734,112,2
0,retrieval_frozen,adam,1000,11.328690783793768,28,0,0.2408785240399928,0.2408785240399179,3.4772140534780685e-12,3.2987859592631987e-12,0.2408785240399179,112,2
0,retrieval_frozen,adam,1000,11.328690783793768,28,64,0.2408785240399928,0.2408785240399179,3.4772140534710253e-12,3.2987859592568704e-12,0.2408785240399179,112,2
0,retrieval_frozen,adam,1000,11.328690783793768,29,0,0.2408785240390701,0.2408785240390425,1.2791955628282939e-12,1.2135555352390365e-12,0.2408785240390425,112,2
0,retrieval_frozen,adam,1000,11.328690783793768,29,64,0.2408785240390701,0.2408785240390425,1.2791955628273393e-12,1.2135555352381784e-12,0.2408785240390425,112,2
0,retrieval_frozen,adam,1000,11.328690783793768,30,0,0.24087852403873064,0.2408785240387205,4.705897488024367e-13,4.4644213213439464e-13,0.2408785240387205,112,2
0,retrieval_frozen,adam,1000,11.328690783793768,30,64,0.24087852403873064,0.2408785240387205,4.705897488023076e-13,4.4644213213427883e-13,0.2408785240387205,112,2
0,retrieval_frozen,adam,1000,11.328690783793768,31,0,0.24087852403860577,0.24087852403860202,1.7312029381047371e-13,1.6423688208500842e-13,0.24087852403860202,112,2
0,retrieval_frozen,adam,1000,11.328690783793768,31,64,0.24087852403860577,0.24087852403860202,1.7312029381045602e-13,1.6423688208499266e-13,0.24087852403860202,112,2
0,retrieval_frozen,adam,1000,11.328690783793768,32,0,0.24087852403855983,0.24087852403855842,6.368739694243609e-14,6.041937240117559e-14,0.24087852403855842,112,2
0,retrieval_frozen,adam,1000,11.328690783793768,32,64,0.24087852403855983,0.24087852403855842,6.36873969424338e-14,6.041937240117344e-14,0.24087852403855842,112,2
0,retrieval_frozen,adam,2000,18.94890040505393,1,0,0.8710067907980543,0.8710067907980545,1.0,1.0,0.5893153379639138,112,2
0,retrieval_frozen,adam,2000,18.94890040505393,1,64,0.6235565146753265,0.6235565146753265,0.6321205588285578,0.6321205588285577,0.5893153379639138,112,2
0,retrieval_frozen,adam,2000,18.94890040505393,2,0,0.8041845795697166,0.7941057621481168,0.8699197798450362,0.8533852779363753,0.5375942175685948,112,2
0,retrieval_frozen,adam,2000,18.94890040505393,2,64,0.5734848194447606,0.5666353429565666,0.5775176178215984,0.5701968237280388,0.5375942175685948,112,2
0,retrieval_frozen,adam,2000,18.94890040505393,3,0,0.633109967353431,0.6037055475282012,0.6430024061222943,0.6101972025827093,0.4343845392919244,112,2
0,retrieval_frozen,adam,2000,18.94890040505393,3,64,0.469329414515944,0.45267177593741564,0.4678313847069829,0.45028997512823654,0.4343845392919244,112,2
0,retrieval_frozen,adam,2000,18.94890040505393,4,0,0.38438766282071934,0.3551505368814136,0.37654964979252015,0.3438456800988483,0.30028171866492404,112,2
0,retrieval_frozen,adam,2000,18.94890040505393,4,64,0.3251670314803964,0.3067243736434437,0.3087505197816628,0.2865117610118947,0.30028171866492404,112,2
0,retrieval_frozen,adam,2000,18.94890040505393,5,0,0.22574233328978952,0.21261974315587698,0.1771893003545211,0.15725618515208292,0.20304255938107493,112,2
0,retrieval_frozen,adam,2000,18.94890040505393,5,64,0.2148091123602251,0.20431005519830342,0.16056553562727313,0.14407089773635495,0.20304255938107493,112,2
0,retrieval_frozen,adam,2000,18.94890040505393,6,0,0.1635289202130428,0.15879810549770806,0.07265888268188311,0.06353557884147171,0.15745638358341363,112,2
0,retrieval_frozen,adam,2000,18.94890040505393,6,64,0.16198355609489573,0.1576455242781605,0.06969574767860069,0.06127004379720663,0.15745638358341363,112,2
0,retrieval_frozen,adam,2000,18.94890040505393,7,0,0.14145453006587058,0.1397629277932235,0.027908209821537588,0.024249985434417417,0.13958184686946884,112,2
0,retrieval_frozen,adam,2000,18.94890040505393,7,64,0.14124629740041822,0.1396080143677881,0.027459475013690234,0.023912509935329958,0.13958184686946884,112,2
0,retrieval_frozen,adam,2000,18.94890040505393,8,0,0.13353915035784886,0.132925419590278,0.010436204638661541,0.009045870099376662,0.13290100444480835,112,2
0,retrieval_frozen,adam,2000,18.94890040505393,8,64,0.13351111827051865,0.13290456508187803,0.010372798266351976,0.008998497637322656,0.13290100444480835,112,2
0,retrieval_frozen,adam,2000,18.94890040505393,9,0,0.13066011201496752,0.13043559390555493,0.0038627083563084327,0.003345004212852386,0.13043229556279803,112,2
0,retrieval_frozen,adam,2000,18.94890040505393,9,64,0.13065632780728131,0.1304327782044025,0.003853987756585481,0.0033385050964517453,0.13043229556279803,112,2
0,retrieval_frozen,adam,2000,18.94890040505393,10,0,0.12960567673710566,0.12952325679139373,0.0014242104623444535,0.0012329045367155999,0.1295228107275692,112,2
0,retrieval_frozen,adam,2000,18.94890040505393,10,64,0.12960516511413014,0.12952287608011914,0.0014230231940470365,0.0012320205352194297,0.1295228107275692,112,2
0,retrieval_frozen,adam,2000,18.94890040505393,11,0,0.12921842101108158,0.1291881244293604,0.0005243720958221896,0.0004538785919571767,0.12918806407750144,112,2
0,retrieval_frozen,adam,2000,18.94890040505393,11,64,0.12921835179676058,0.12918807292363432,0.0005242110626419437,0.0004537587330542683,0.12918806407750144,112,2
0,retrieval_frozen,adam,2000,18.94890040505393,12,0,0.12907604610408313,0.12906490387798936,0.00019296456324845518,0.0001670157294842681,0.12906489571107427,112,2
0,retrieval_frozen,adam,2000,18.94890040505393,12,64,0.1290760367382673,0.12906489690834785,0.00019294275211738962,0.00016699949725600637,0.12906489571107427,112,2
0,retrieval_frozen,adam,2000,18.94890040505393,13,0,0.12902368131342962,0.12901958275980221,7.099566348166991e-05,6.144749185803468e-05,0.12901958165457147,112,2
0,retrieval_frozen,adam,2000,18.94890040505393,13,64,0.12902368004597045,0.12901958181660877,7.099271078607832e-05,6.144529451230723e-05,0.12901958165457147,112,2
0,retrieval_frozen,adam,2000,18.94890040505393,14,0,0.1290044190105355,0.12900291129680458,2.6118923496982797e-05,2.2606059241279945e-05,0.1290029111472299,112,2
0,retrieval_frozen,adam,2000,18.94890040505393,14,64,0.12900441883900685,0.1290029111691595,2.6118523849262664e-05,2.260576183535809e-05,0.1290029111472299,112,2
0,retrieval_frozen,adam,2000,18.94890040505393,15,0,0.1289973330255839,0.1289967783768055,9.608760946097056e-06,8.31641139799772e-06,0.12899677835656287,112,2
0,retrieval_frozen,adam,2000,18.94890040505393,15,64,0.12899733300237018,0.12899677835953072,9.608706857477436e-06,8.316371147112997e-06,0.12899677835656287,112,2
0,retrieval_frozen,adam,2000,18.94890040505393,16,0,0.12899472626721434,0.12899452222442886,3.534885361967653e-06,3.0594512529884954e-06,0.1289945222216893,112,2
0,retrieval_frozen,adam,2000,18.94890040505393,16,64,0.12899472626407268,0.12899452222209096,3.5348780417603464e-06,3.0594458055554003e-06,0.1289945222216893,112,2
0,retrieval_frozen,adam,2000,18.94890040505393,17,0,0.12899376729843723,0.1289936922354398,1.3004143251034306e-06,1.1255111762777687e-06,0.12899369223506904,112,2
0,retrieval_frozen,adam,2000,18.94890040505393,17,64,0.12899376729801207,0.12899369223512344,1.3004133344156907e-06,1.125510439044471e-06,0.12899369223506904,112,2
0,retrieval_frozen,adam,2000,18.94890040505393,18,0,0.1289934145140855,0.12899338689997206,4.783960570353903e-07,4.1405268768874916e-07,0.1289933868999219,112,2
0,retrieval_frozen,adam,2000,18.94890040505393,18,64,0.12899341451402796,0.12899338689992926,4.783959229601153e-07,4.1405258791490304e-07,0.1289933868999219,112,2
0,retrieval_frozen,adam,2000,18.94890040505393,19,0,0.12899328473204924,0.12899327457338736,1.7599212308854115e-07,1.5232150724360368e-07,0.12899327457338056,112,2
0,retrieval_frozen,adam,2000,18.94890040505393,19,64,0.12899328473204147,0.12899327457338156,1.7599210494341229e-07,1.5232149374067334e-07,0.12899327457338056,112,2
0,retrieval_frozen,adam,2000,18.94890040505393,20,0,0.1289932369879163,0.1289932332507538,6.474389051945379e-08,5.603595581915361e-08,0.12899323325075288,112,2
0,retrieval_frozen,adam,2000,18.94890040505393,20,64,0.12899323698791523,0.12899323325075301,6.474388806377693e-08,5.603595399173024e-08,0.12899323325075288,112,2
0,retrieval_frozen,adam,2000,18.94890040505393,21,0,0.12899321942383266,0.12899321804900749,2.3817947160437525e-08,2.0614476769443937e-08,0.12899321804900735,112,2
0,retrieval_frozen,adam,2000,18.94890040505393,21,64,0.12899321942383254,0.12899321804900737,2.381794682809779e-08,2.0614476522129083e-08,0.12899321804900735,112,2
0,retrieval_frozen,adam,2000,18.94890040505393,22,0,0.1289932129623676,0.12899321245659767,8.762133212611694e-09,7.583642282925222e-09,0.12899321245659767,112,2
0,retrieval_frozen,adam,2000,18.94890040505393,22,64,0.1289932129623676,0.12899321245659767,8.762133167634397e-09,7.583642249454785e-09,0.12899321245659767,112,2
0,retrieval_frozen,adam,2000,18.94890040505393,23,0,0.12899321058532748,0.12899321039926512,3.2234086861521645e-09,2.7898660971234228e-09,0.12899321039926512,112,2
0,retrieval_frozen,adam,2000,18.94890040505393,23,64,0.12899321058532748,0.12899321039926512,3.2234086800651546e-09,2.789866092593695e-09,0.12899321039926512,112,2
0,retrieval_frozen,adam,2000,18.94890040505393,24,0,0.12899320971086328,0.12899320964241476,1.1858257883519687e-09,1.0263343823819226e-09,0.12899320964241476,112,2
0,retrieval_frozen,adam,2000,18.94890040505393,24,64,0.12899320971086328,0.12899320964241476,1.1858257875281811e-09,1.0263343817688895e-09,0.12899320964241476,112,2
0,retrieval_frozen,adam,2000,18.94890040505393,25,0,0.1289932093891659,0.12899320936398506,4.3624092864647495e-10,3.775673192661599e-10,0.12899320936398506,112,2
0,retrieval_frozen,adam,2000,18.94890040505393,25,64,0.1289932093891659,0.12899320936398506,4.3624092853498806e-10,3.7756731918319505e-10,0.12899320936398506,112,2
0,retrieval_frozen,adam,2000,18.94890040505393,26,0,0.12899320927082,0.12899320926155652,1.6048406908729432e-10,1.3889925444607064e-10,0.12899320926155652,112,2
0,retrieval_frozen,adam,2000,18.94890040505393,26,64,0.12899320927082,0.12899320926155652,1.604840690722062e-10,1.3889925443484275e-10,0.12899320926155652,112,2
0,retrieval_frozen,adam,2000,18.94890040505393,27,0,0.128993209227283,0.12899320922387517,5.903878965826357e-11,5.109818010878834e-11,0.12899320922387517,112,2
0,retrieval_frozen,adam,2000,18.94890040505393,27,64,0.128993209227283,0.12899320922387517,5.903878965622161e-11,5.109818010726869e-11,0.12899320922387517,112,2
0,retrieval_frozen,adam,2000,18.94890040505393,28,0,0.12899320921126664,0.12899320921001295,2.1719156947666116e-11,1.8797969943845238e-11,0.12899320921001295,112,2
0,retrieval_frozen,adam,2000,18.94890040505393,28,64,0.12899320921126664,0.12899320921001295,2.1719156947389764e-11,1.879796994363961e-11,0.12899320921001295,112,2
0,retrieval_frozen,adam,2000,18.94890040505393,29,0,0.12899320920537455,0.12899320920491333,7.990031320723202e-12,6.915386678173321e-12,0.12899320920491333,112,2
0,retrieval_frozen,adam,2000,18.94890040505393,29,64,0.12899320920537455,0.12899320920491333,7.990031320685789e-12,6.915386678145486e-12,0.12899320920491333,112,2
0,retrieval_frozen,adam,2000,18.94890040505393,30,0,0.12899320920320695,0.12899320920303728,2.9393682572236326e-12,2.5440285866608475e-12,0.12899320920303728,112,2
0,retrieval_frozen,adam,2000,18.94890040505393,30,64,0.12899320920320695,0.12899320920303728,2.9393682572185706e-12,2.5440285866570783e-12,0.12899320920303728,112,2
0,retrieval_frozen,adam,2000,18.94890040505393,31,0,0.12899320920240956,0.12899320920234714,1.0813331518663557e-12,9.358958147863223e-13,0.12899320920234714,112,2
0,retrieval_frozen,adam,2000,18.94890040505393,31,64,0.12899320920240956,0.12899320920234714,1.08133315186567e-12,9.358958147858103e-13,0.12899320920234714,112,2
0,retrieval_frozen,adam,2000,18.94890040505393,32,0,0.1289932092021162,0.12899320920209326,3.97800235628999e-13,3.4429682933846683e-13,0.12899320920209326,112,2
0,retrieval_frozen,adam,2000,18.94890040505393,32,64,0.1289932092021162,0.12899320920209326,3.978002356289067e-13,3.4429682933839827e-13,0.12899320920209326,112,2
0,retrieval_frozen,adam,3000,24.84174707475492,1,0,0.9240839410344357,0.9240839410344357,1.0,1.0,0.6528493995919176,112,2
0,retrieval_frozen,adam,3000,24.84174707475492,1,64,0.6593468024879733,0.6593468024879733,0.6321205588285578,0.6321205588285577,0.6528493995919176,112,2
0,retrieval_frozen,adam,3000,24.84174707475492,2,0,0.9169675780529781,0.9150759609648358,0.9805402013508073,0.9756069891989838,0.6418294953902345,112,2
0,retrieval_frozen,adam,3000,24.84174707475492,2,64,0.6504982727807332,0.6482202585091807,0.6242878522689299,0.6222854299961897,0.6418294953902345,112,2
0,retrieval_frozen,adam,3000,24.84174707475492,3,0,0.8961576161333097,0.8883518054485051,0.9313337942094445,0.9149399917959937,0.6128507988244208,112,2
0,retrieval_frozen,adam,3000,24.84174707475492,3,64,0.6270521152896456,0.6189309816917885,0.6039606353033629,0.5970346857756392,0.6128507988244208,112,2
0,retrieval_frozen,adam,3000,24.84174707475492,4,0,0.8313557330504752,0.8042019938073274,0.8198009616226473,0.7826466960041069,0.5418239312690878,112,2
0,retrieval_frozen,adam,3000,24.84174707475492,4,64,0.568183752509953,0.5469994221195664,0.5549350556201941,0.5377233226351572,0.5418239312690878,112,2
0,retrieval_frozen,adam,3000,24.84174707475492,5,0,0.64381901081574,0.5766471895403726,0.6191713196693337,0.561825355364167,0.40230210819743834,112,2
0,retrieval_frozen,adam,3000,24.84174707475492,5,64,0.4440109349930473,0.40542181917268366,0.45492612648161906,0.4233898764667214,0.40230210819743834,112,2
0,retrieval_frozen,adam,3000,24.84174707475492,6,0,0.3468051863343861,0.28702295209600587,0.37258375906103325,0.31796249480931404,0.2380732019322535,112,2
0,retrieval_frozen,adam,3000,24.84174707475492,6,64,0.27531776546147524,0.23902058958801878,0.30586478204726564,0.26831219157699465,0.2380732019322535,112,2
0,retrieval_frozen,adam,3000,24.84174707475492,7,0,0.1679764351042103,0.145529346383373,0.17920033280975736,0.14586220801092867,0.1384214094734499,112,2
0,retrieval_frozen,adam,3000,24.84174707475492,7,64,0.15622565347039094,0.1385779740586392,0.16209933019106554,0.13444904287476667,0.1384214094734499,112,2
0,retrieval_frozen,adam,3000,24.84174707475492,8,0,0.10654690406705422,0.09937759815972605,0.07437651184739272,0.05902254641122684,0.09848315927000262,112,2
0,retrieval_frozen,adam,3000,24.84174707475492,8,64,0.10505193602883656,0.09850416996395633,0.07124383157362915,0.0570624651588979,0.09848315927000262,112,2
0,retrieval_frozen,adam,3000,24.84174707475492,9,0,0.08663240484213398,0.08420779234602316,0.028720116015523933,0.022541970111464697,0.08409257461744078,112,2
0,retrieval_frozen,adam,3000,24.84174707475492,9,64,0.08644171385120807,0.0840953470485437,0.028239584705525993,0.02225007358700115,0.08409257461744078,112,2
0,retrieval_frozen,adam,3000,24.84174707475492,10,0,0.07977872500179593,0.07891838749259235,0.010762373127212635,0.008410831425107025,0.07890313293689621,112,2
0,retrieval_frozen,adam,3000,24.84174707475492,10,64,0.07975363870105423,0.07890350319696285,0.010694118951572582,0.008369861722214844,0.07890313293689621,112,2
0,retrieval_frozen,adam,3000,24.84174707475492,11,0,0.0773260493257096,0.07701395604113462,0.003986591824572716,0.0031104686308301645,0.07701190929887479,112,2
0,retrieval_frozen,adam,3000,24.84174707475492,11,64,0.07732269278710195,0.07701195913427451,0.003977185745296569,0.0031048481716706017,0.07701190929887479,112,2
0,retrieval_frozen,adam,3000,24.84174707475492,12,0,0.07643326531384563,0.0763190550853932,0.0014703204532585563,0.001146498896061094,0.07631877898824822,112,2
0,retrieval_frozen,adam,3000,24.84174707475492,12,64,0.07643281302181625,0.07631878571858726,0.0014690389066991094,0.001145734421207588,0.07631877898824822,112,2
0,retrieval_frozen,adam,3000,24.84174707475492,13,0,0.07610612500257356,0.07606419123802756,0.0005414079813466182,0.0004220748105589902,0.07606415391741227,112,2
0,retrieval_frozen,adam,3000,24.84174707475492,13,64,0.07610606389026901,0.07606415482755066,0.0005412341130330925,0.0004219711585306394,0.07606415391741227,112,2
0,retrieval_frozen,adam,3000,24.84174707475492,14,0,0.07598595278011559,0.07597053729935127,0.0001992416131411476,0.00015531348044535938,0.07597053225080455,112,2
0,retrieval_frozen,adam,3000,24.84174707475492,14,64,0.0759859445143979,0.0759705323739427,0.00019921806116633795,0.00015529944311072584,0.07597053225080455,112,2
0,retrieval_frozen,adam,3000,24.84174707475492,15,0,0.07594176773011796,0.07593609819313851,7.330620174988768e-05,5.714216479776439e-05,0.07593609751000413,112,2
0,retrieval_frozen,adam,3000,24.84174707475492,15,64,0.07594176661172063,0.0759360975266673,7.330301326736904e-05,5.7140264574901726e-05,0.07593609751000413,112,2
0,retrieval_frozen,adam,3000,24.84174707475492,16,0,0.07592551618624606,0.07592343068338808,2.6969104519188052e-05,2.1022175940430966e-05,0.0759234305909415,112,2
0,retrieval_frozen,adam,3000,24.84174707475492,16,64,0.07592551603489969,0.0759234305931965,2.696867295174512e-05,2.1021918749516628e-05,0.0759234305909415,112,2
0,retrieval_frozen,adam,3000,24.84174707475492,17,0,0.0759195380142416,0.07591877082812268,9.92154963096976e-06,7.733727611778624e-06,0.07591877081561169,112,2
0,retrieval_frozen,adam,3000,24.84174707475492,17,64,0.07591953799375971,0.07591877081591684,9.921491222015706e-06,7.733692803592566e-06,0.07591877081561169,112,2
0,retrieval_frozen,adam,3000,24.84174707475492,18,0,0.07591733882679279,0.07591705659851486,3.6499572132863034e-06,2.845093098266159e-06,0.07591705659682167,112,2
0,retrieval_frozen,adam,3000,24.84174707475492,18,64,0.0759173388240209,0.07591705659686297,3.6499493083619267e-06,2.845088387431648e-06,0.07591705659682167,112,2
0,retrieval_frozen,adam,3000,24.84174707475492,19,0,0.07591652979894527,0.07591642597346791,1.3427473434203917e-06,1.0466531140254299e-06,0.07591642597323878,112,2
0,retrieval_frozen,adam,3000,24.84174707475492,19,64,0.07591652979857014,0.07591642597324436,1.3427462735986375e-06,1.0466524764803785e-06,0.07591642597323878,112,2
0,retrieval_frozen,adam,3000,24.84174707475492,20,0,0.07591623217531583,0.07591619398012542,4.939695650526495e-07,3.850424137294322e-07,0.07591619398009442,112,2
0,retrieval_frozen,adam,3000,24.84174707475492,20,64,0.07591623217526504,0.07591619398009516,4.93969420267692e-07,3.850423274469465e-07,0.07591619398009442,112,2
0,retrieval_frozen,adam,3000,24.84174707475492,21,0,0.07591612268584791,0.07591610863463182,1.8172130475636544e-07,1.4164922196487702e-07,0.07591610863462761,112,2
0,retrieval_frozen,adam,3000,24.84174707475492,21,64,0.07591612268584104,0.07591610863462775,1.81721285161836e-07,1.4164921028780525e-07,0.07591610863462761,112,2
0,retrieval_frozen,adam,3000,24.84174707475492,22,0,0.07591608240694347,0.07591607723779122,6.685153978512989e-08,5.210984121679803e-08,0.07591607723779065,112,2
0,retrieval_frozen,adam,3000,24.84174707475492,22,64,0.07591608240694254,0.07591607723779065,6.685153713329786e-08,5.2109839636477914e-08,0.07591607723779065,112,2
0,retrieval_frozen,adam,3000,24.84174707475492,23,0,0.07591606758916529,0.0759160656875406,2.4593308145425683e-08,1.9170139888638425e-08,0.07591606568754054,112,2
0,retrieval_frozen,adam,3000,24.84174707475492,23,64,0.07591606758916516,0.07591606568754054,2.4593307786539246e-08,1.9170139674765375e-08,0.07591606568754054,112,2
0,retrieval_frozen,adam,3000,24.84174707475492,24,0,0.07591606213800972,0.07591606143844111,9.047372598903577e-09,7.052300433625829e-09,0.07591606143844111,112,2
0,retrieval_frozen,adam,3000,24.84174707475492,24,64,0.0759160621380097,0.07591606143844111,9.047372550333573e-09,7.0523004046812424e-09,0.07591606143844111,112,2
0,retrieval_frozen,adam,3000,24.84174707475492,25,0,0.0759160601326417,0.07591605987528478,3.3283423949459898e-09,2.5943963538926645e-09,0.07591605987528478,112,2
0,retrieval_frozen,adam,3000,24.84174707475492,25,64,0.0759160601326417,0.07591605987528478,3.328342388372758e-09,2.5943963499754416e-09,0.07591605987528478,112,2
0,retrieval_frozen,adam,3000,24.84174707475492,26,0,0.07591605939490804,0.07591605930023172,1.224428742877241e-09,9.544250823897146e-10,0.07591605930023172,112,2
0,retrieval_frozen,adam,3000,24.84174707475492,26,64,0.07591605939490804,0.07591605930023172,1.2244287419876505e-09,9.544250818595769e-10,0.07591605930023172,112,2
0,retrieval_frozen,adam,3000,24.84174707475492,27,0,0.07591605912351097,0.07591605908868151,4.504421620354362e-10,3.511133661582845e-10,0.07591605908868151,112,2
0,retrieval_frozen,adam,3000,24.84174707475492,27,64,0.07591605912351097,0.07591605908868151,4.504421619150432e-10,3.511133660865375e-10,0.07591605908868151,112,2
0,retrieval_frozen,adam,3000,24.84174707475492,28,0,0.0759160590236696,0.07591605901085656,1.657084108972236e-10,1.2916738895838477e-10,0.07591605901085656,112,2
0,retrieval_frozen,adam,3000,24.84174707475492,28,64,0.0759160590236696,0.07591605901085656,1.6570841088093015e-10,1.29167388948675e-10,0.07591605901085656,112,2
0,retrieval_frozen,adam,3000,24.84174707475492,29,0,0.07591605898694,0.07591605898222634,6.09607176047165e-11,4.7518026871408343e-11,0.07591605898222634,112,2
0,retrieval_frozen,adam,3000,24.84174707475492,29,64,0.07591605898694,0.07591605898222634,6.096071760251134e-11,4.7518026870094263e-11,0.07591605898222634,112,2
0,retrieval_frozen,adam,3000,24.84174707475492,30,0,0.07591605897342792,0.07591605897169389,2.2426194726704506e-11,1.7480905171540718e-11,0.07591605897169389,112,2
0,retrieval_frozen,adam,3000,24.84174707475492,30,64,0.07591605897342792,0.07591605897169389,2.2426194726406078e-11,1.7480905171362852e-11,0.07591605897169389,112,2
0,retrieval_frozen,adam,3000,24.84174707475492,31,0,0.07591605896845713,0.0759160589678192,8.250135983779925e-12,6.430865625747409e-12,0.07591605896781918,112,2
0,retrieval_frozen,adam,3000,24.84174707475492,31,64,0.07591605896845713,0.0759160589678192,8.250135983739527e-12,6.4308656257233286e-12,0.07591605896781918,112,2
0,retrieval_frozen,adam,3000,24.84174707475492,32,0,0.07591605896662845,0.07591605896639377,3.03505541531732e-12,2.365783252658069e-12,0.07591605896639377,112,2
0,retrieval_frozen,adam,3000,24.84174707475492,32,64,0.07591605896662845,0.07591605896639377,3.035055415311859e-12,2.3657832526548163e-12,0.07591605896639377,112,2
0,retrieval_frozen,adam,4000,29.71272255340369,1,0,0.9519500839678551,0.9519500839678552,1.0,1.0,0.6866036961490457,112,2
0,retrieval_frozen,adam,4000,29.71272255340369,1,64,0.6876371713503245,0.6876371713503244,0.6321205588285578,0.6321205588285577,0.6866036961490457,112,2
0,retrieval_frozen,adam,4000,29.71272255340369,2,0,0.9512612968507365,0.9509977382858442,0.997496316766633,0.996546365934053,0.6848297217144159,112,2
0,retrieval_frozen,adam,4000,29.71272255340369,2,64,0.6863510716282697,0.6858618502589603,0.6311191916802465,0.6307388126209503,0.6848297217144159,112,2
0,retrieval_frozen,adam,4000,29.71272255340369,3,0,0.9493584057306867,0.9483527023115856,0.9907556876313287,0.9872778501265522,0.6800196323954762,112,2
0,retrieval_frozen,adam,4000,29.71272255340369,3,64,0.6828615039852483,0.6810479389880265,0.6284137094893906,0.6270131843476527,0.6800196323954762,112,2
0,retrieval_frozen,adam,4000,29.71272255340369,4,0,0.943960619727161,0.9407487470776298,0.972899805196656,0.9629332114659855,0.6670409446727523,112,2
0,retrieval_frozen,adam,4000,29.71272255340369,4,64,0.6734263919661377,0.6680577357962655,0.6211792310602359,0.6171047881813978,0.6670409446727523,112,2
0,retrieval_frozen,adam,4000,29.71272255340369,5,0,0.9276530882168922,0.9171024800557027,0.9275565999678701,0.9024439008123796,0.6326031479678395,112,2
0,retrieval_frozen,adam,4000,29.71272255340369,5,64,0.6482092701272324,0.633581590988118,0.6023560605920856,0.591688378013024,0.6326031479678395,112,2
0,retrieval_frozen,adam,4000,29.71272255340369,6,0,0.8725299855653808,0.8344489487483329,0.8237112059758773,0.7708212507327197,0.5469609012949093,112,2
0,retrieval_frozen,adam,4000,29.71272255340369,6,64,0.5836906005170823,0.5478050333846718,0.556660614530079,0.5321146236154187,0.5469609012949093,112,2
0,retrieval_frozen,adam,4000,29.71272255340369,7,0,0.6857233105856544,0.5769962935631548,0.6328081137704057,0.551980341956547,0.3791410196153196,112,2
0,retrieval_frozen,adam,4000,29.71272255340369,7,64,0.4438296401781547,0.3796356329989282,0.4620437147617545,0.4177745652507264,0.3791410196153196,112,2
0,retrieval_frozen,adam,4000,29.71272255340369,8,0,0.3435972677111327,0.24498501670898357,0.38976752401828524,0.3115475646698699,0.1959232685381008,112,2
0,retrieval_frozen,adam,4000,29.71272255340369,8,64,0.25261266579220043,0.1960552233957512,0.31704124762261865,0.26372980945345287,0.1959232685381008,112,2
0,retrieval_frozen,adam,4000,29.71272255340369,9,0,0.13808518999155922,0.10580723195167697,0.1913508899054134,0.1426476971781367,0.09976680559611079,112,2
0,retrieval_frozen,adam,4000,29.71272255340369,9,64,0.12431645970807323,0.09978557127675926,0.17178682831356598,0.1317131801908488,0.09976680559611079,112,2
0,retrieval_frozen,adam,4000,29.71272255340369,10,0,0.07566133293282082,0.06649270322593548,0.08038788571019873,0.05766648589968149,0.06579958169696093,112,2
0,retrieval_frozen,adam,4000,29.71272255340369,10,64,0.07408899950162703,0.06580188653449083,0.07668543493174826,0.05579400821036375,0.06579958169696093,112,2
0,retrieval_frozen,adam,4000,29.71272255340369,11,0,0.05736405018886619,0.054434476909675816,0.031213496421019414,0.02201519780245539,0.05434863341715429,112,2
0,retrieval_frozen,adam,4000,29.71272255340369,11,64,0.0571755849398443,0.05434892592180015,0.030636351682191282,0.021736699978826747,0.05434863341715429,112,2
0,retrieval_frozen,adam,4000,29.71272255340369,12,0,0.051359959483752715,0.050344032348528606,0.011722717134053613,0.008213002414607932,0.05033283895139664,112,2
0,retrieval_frozen,adam,4000,29.71272255340369,12,64,0.05133582601014635,0.05033287742136038,0.011640188039340218,0.008173932845758874,0.05033283895139664,112,2
0,retrieval_frozen,adam,4000,29.71272255340369,13,0,0.04925179841717574,0.04888646759311794,0.0043459897538409165,0.003037130527127277,0.0488849743190902,112,2
0,retrieval_frozen,adam,4000,29.71272255340369,13,64,0.049248603241230295,0.04888497946713842,0.004334586924542557,0.0030317717516425507,0.0488849743190902,112,2
0,retrieval_frozen,adam,4000,29.71272255340369,14,0,0.04848992182764102,0.04835666332284855,0.001603376500770306,0.0011194426890980009,0.048356462313125584,112,2
0,retrieval_frozen,adam,4000,29.71272255340369,14,64,0.04848949298378164,0.048356463006886265,0.0016018213934197788,0.001118713858687554,0.048356462313125584,112,2
0,retrieval_frozen,adam,4000,29.71272255340369,15,0,0.04821149515899777,0.04816262631717458,0.0005904711052539992,0.00041211098182360493,0.04816259916753014,112,2
0,retrieval_frozen,adam,4000,29.71272255340369,15,64,0.0482114373001339,0.04816259926127257,0.0005902600468072198,0.0004120121652411741,0.04816259916753014,112,2
0,retrieval_frozen,adam,4000,29.71272255340369,16,0,0.048109318426298744,0.04809136145797311,0.00021730646560427663,0.00015164658253188378,0.04809135778636263,112,2
0,retrieval_frozen,adam,4000,29.71272255340369,16,64,0.048109310604871384,0.048091357799041924,0.00021727787210724887,0.00015163320017735712,0.04809135778636263,112,2
0,retrieval_frozen,adam,4000,29.71272255340369,17,0,0.04807176364036939,0.04806516046597305,7.995399422684168e-05,5.579299750711229e-05,0.04806515996920879,112,2
0,retrieval_frozen,adam,4000,29.71272255340369,17,64,0.04807176258229858,0.048065159970924386,7.995012303037001e-05,5.579118595475376e-05,0.04806515996920879,112,2
0,retrieval_frozen,adam,4000,29.71272255340369,18,0,0.04805795259923058,0.04805552380946119,2.9414975624830937e-05,2.052581918671108e-05,0.04805552374223813,112,2
0,retrieval_frozen,adam,4000,29.71272255340369,18,64,0.048057952456058387,0.048055523742470296,2.9414451641273113e-05,2.0525573997468186e-05,0.04805552374223813,112,2
0,retrieval_frozen,adam,4000,29.71272255340369,19,0,0.04805287242267141,0.048051978972592314,1.0821373891323421e-05,7.551124668663181e-06,0.048051978963494994,112,2
0,retrieval_frozen,adam,4000,29.71272255340369,19,64,0.048052872403296254,0.04805197896352642,1.0821302974171066e-05,7.551091484797615e-06,0.048051978963494994,112,2
0,retrieval_frozen,adam,4000,29.71272255340369,20,0,0.04805100361427396,0.04805067493936096,3.980989278746057e-06,2.777916756191389e-06,0.048050674938129784,112,2
0,retrieval_frozen,adam,4000,29.71272255340369,20,64,0.048051003611651884,0.04805067493813403,3.980979680969474e-06,2.7779122651882794e-06,0.048050674938129784,112,2
0,retrieval_frozen,adam,4000,29.71272255340369,21,0,0.04805031612946897,0.04805019521767336,1.4645279410529033e-06,1.0219402547740395e-06,0.04805019521750676,112,2
0,retrieval_frozen,adam,4000,29.71272255340369,21,64,0.04805031612911411,0.04805019521750732,1.464526642125947e-06,1.0219396469801115e-06,0.04805019521750676,112,2
0,retrieval_frozen,adam,4000,29.71272255340369,22,0,0.04805006321948375,0.04805001873864821,5.387702388541027e-07,3.7595105220746143e-07,0.04805001873862567,112,2
0,retrieval_frozen,adam,4000,29.71272255340369,22,64,0.04805006321943572,0.048050018738625744,5.387700630629997e-07,3.7595096995136104e-07,0.04805001873862567,112,2
0,retrieval_frozen,adam,4000,29.71272255340369,23,0,0.04804997017930822,0.04804995381574066,1.9820256453647763e-07,1.3830469579521756e-07,0.04804995381573761,112,2
0,retrieval_frozen,adam,4000,29.71272255340369,23,64,0.04804997017930172,0.04804995381573761,1.982025407457162e-07,1.3830468466305806e-07,0.04804995381573761,112,2
0,retrieval_frozen,adam,4000,29.71272255340369,24,0,0.04804993595176865,0.04804992993195091,7.291465817379847e-08,5.087945863970835e-08,0.04804992993195051,112,2
0,retrieval_frozen,adam,4000,29.71272255340369,24,64,0.04804993595176777,0.04804992993195051,7.291465495406794e-08,5.087945713313407e-08,0.04804992993195051,112,2
0,retrieval_frozen,adam,4000,29.71272255340369,25,0,0.048049923360164344,0.04804992114559749,2.6823804986972167e-08,1.8717507412258804e-08,0.048049921145597425,112,2
0,retrieval_frozen,adam,4000,29.71272255340369,25,64,0.04804992336016422,0.048049921145597425,2.6823804551229e-08,1.871750720836614e-08,0.048049921145597425,112,2
0,retrieval_frozen,adam,4000,29.71272255340369,26,0,0.0480499187279725,0.04804991791327892,9.867926562576294e-09,6.885786248250483e-09,0.04804991791327892,112,2
0,retrieval_frozen,adam,4000,29.71272255340369,26,64,0.04804991872797249,0.04804991791327892,9.867926503604859e-09,6.885786220656599e-09,0.04804991791327892,112,2
0,retrieval_frozen,adam,4000,29.71272255340369,27,0,0.04804991702388443,0.04804991672417541,3.6302073328931224e-09,2.5331392080360133e-09,0.04804991672417541,112,2
0,retrieval_frozen,adam,4000,29.71272255340369,27,64,0.04804991702388443,0.04804991672417541,3.6302073249122068e-09,2.533139204301591e-09,0.04804991672417541,112,2
0,retrieval_frozen,adam,4000,29.71272255340369,28,0,0.04804991639698546,0.048049916286728694,1.3354786481458666e-09,9.318898377509372e-10,0.048049916286728694,112,2
0,retrieval_frozen,adam,4000,29.71272255340369,28,64,0.04804991639698546,0.048049916286728694,1.335478647065767e-09,9.318898372455364e-10,0.048049916286728694,112,2
0,retrieval_frozen,adam,4000,29.71272255340369,29,0,0.04804991616636223,0.04804991612580102,4.91295139207294e-10,3.428231129466997e-10,0.04804991612580102,112,2
0,retrieval_frozen,adam,4000,29.71272255340369,29,64,0.04804991616636223,0.04804991612580102,4.912951390611177e-10,3.428231128783007e-10,0.04804991612580102,112,2
0,retrieval_frozen,adam,4000,29.71272255340369,30,0,0.048049916081520684,0.04804991606659905,1.807373813201546e-10,1.261175752387614e-10,0.04804991606659905,112,2
0,retrieval_frozen,adam,4000,29.71272255340369,30,64,0.048049916081520684,0.04804991606659905,1.8073738130037187e-10,1.261175752295045e-10,0.04804991606659905,112,2
0,retrieval_frozen,adam,4000,29.71272255340369,31,0,0.04804991605030922,0.04804991604481985,6.648956684674243e-11,4.639606310442422e-11,0.04804991604481985,112,2
0,retrieval_frozen,adam,4000,29.71272255340369,31,64,0.04804991605030922,0.04804991604481985,6.648956684406506e-11,4.6396063103171496e-11,0.04804991604481985,112,2
0,retrieval_frozen,adam,4000,29.71272255340369,32,0,0.04804991603882717,0.048049916036807756,2.446014469637917e-11,1.70681577679101e-11,0.048049916036807756,112,2
0,retrieval_frozen,adam,4000,29.71272255340369,32,64,0.04804991603882717,0.048049916036807756,2.4460144696016868e-11,1.7068157767740556e-11,0.048049916036807756,112,2
0,retrieval_frozen,adam,5000,33.89887827553162,1,0,0.9678569418258833,0.9678569418258833,1.0,1.0,0.7107337055046898,112,2
0,retrieval_frozen,adam,5000,33.89887827553162,1,64,0.7108901819443278,0.7108901819443277,0.6321205588285578,0.6321205588285577,0.7107337055046898,112,2
0,retrieval_frozen,adam,5000,33.89887827553162,2,0,0.9677893867285157,0.9677549794543295,0.9996814624075052,0.9995194443168559,0.7104648469314842,112,2
0,retrieval_frozen,adam,5000,33.89887827553162,2,64,0.7107119865525594,0.7106213144962502,0.6319932629455635,0.6319285061659291,0.7104648469314842,112,2
0,retrieval_frozen,adam,5000,33.89887827553162,3,0,0.9676052498695713,0.9674767339816999,0.9988166711746153,0.9982154896163428,0.7097340921968166,112,2
0,retrieval_frozen,adam,5000,33.89887827553162,3,64,0.7102276372607321,0.7098905349660116,0.6316475107537112,0.6314070421793474,0.7097340921968166,112,2
0,retrieval_frozen,adam,5000,33.89887827553162,4,0,0.9671009908052545,0.9667123644723763,0.9964739011580471,0.994688106239054,0.7077483073782037,112,2
0,retrieval_frozen,adam,5000,33.89887827553162,4,64,0.7089113161923114,0.7079046778134847,0.6307096776511093,0.6299938956474659,0.7077483073782037,112,2
0,retrieval_frozen,adam,5000,33.89887827553162,5,0,0.9657026450766681,0.964574997788882,0.9901639063546372,0.9852244701630832,0.7023555343812651,112,2
0,retrieval_frozen,adam,5000,33.89887827553162,5,64,0.7053354445031511,0.7025116722857251,0.6281751999097471,0.6261843387963321,0.7023555343812651,112,2
0,retrieval_frozen,adam,5000,33.89887827553162,6,0,0.9616952883500739,0.9583188048525303,0.9734303202909004,0.9603867489973833,0.6877466442523984,112,2
0,retrieval_frozen,adam,5000,33.89887827553162,6,64,0.6956361218696563,0.6879018957462527,0.621393287357577,0.6160579599071003,0.6877466442523984,112,2
0,retrieval_frozen,adam,5000,33.89887827553162,7,0,0.9492483189577064,0.9379465105002381,0.9308133256580964,0.8987937855208823,0.6486279572245993,112,2
0,retrieval_frozen,adam,5000,33.89887827553162,7,64,0.669503756192357,0.6487791446156782,0.6037149790916343,0.5901170837184276,0.6486279572245993,112,2
0,retrieval_frozen,adam,5000,33.89887827553162,8,0,0.9040514385316076,0.859008448389133,0.8324976600024036,0.7653653955855745,0.5499367671928241,112,2
0,retrieval_frozen,adam,5000,33.89887827553162,8,64,0.6014554115268458,0.5500689721836854,0.5605935085078465,0.529508957083043,0.5499367671928241,112,2
0,retrieval_frozen,adam,5000,33.89887827553162,9,0,0.7273107539323141,0.5765350575395704,0.6488077861113695,0.545312127518291,0.35747227488136185,112,2
0,retrieval_frozen,adam,5000,33.89887827553162,9,64,0.4500560799633231,0.357547260342925,0.4702865258763501,0.4139434623770494,0.35747227488136185,112,2
0,retrieval_frozen,adam,5000,33.89887827553162,10,0,0.3535636083266659,0.2107374032120299,0.40816332855448806,0.30608960579258,0.1630399381883232,112,2
0,retrieval_frozen,adam,5000,33.89887827553162,10,64,0.24076520299166157,0.16305748840231954,0.3287163445141456,0.2598081550721034,0.1630399381883232,112,2
0,retrieval_frozen,adam,5000,33.89887827553162,11,0,0.12118521459858826,0.07913317722919537,0.20448670265731694,0.13960879744965243,0.07407916369911546,112,2
0,retrieval_frozen,adam,5000,33.89887827553162,11,64,0.1047802347997596,0.07408134253774176,0.18202991083796058,0.12911807423186067,0.07407916369911546,112,2
0,retrieval_frozen,adam,5000,33.89887827553162,12,0,0.05714906600755102,0.046472779065781414,0.08701696957396368,0.05632880991053339,0.045935961500136624,112,2
0,retrieval_frozen,adam,5000,33.89887827553162,12,64,0.05546024682064029,0.04593620990465093,0.08260942968260905,0.05454084878974796,0.045935961500136624,112,2
0,retrieval_frozen,adam,5000,33.89887827553162,13,0,0.04024175176155774,0.03702031153558873,0.033994440305874826,0.02148707883207673,0.036955910054519016,112,2
0,retrieval_frozen,adam,5000,33.89887827553162,13,64,0.04005272990049017,0.03695594059521687,0.03329414011948665,0.021221701887586587,0.036955910054519016,112,2
0,retrieval_frozen,adam,5000,33.89887827553162,14,0,0.03497612792180725,0.033884756513229204,0.012799079773445543,0.008013466398923811,0.033876460903023604,112,2
0,retrieval_frozen,adam,5000,33.89887827553162,14,64,0.03495266006734627,0.03387646487055239,0.0126981156251266,0.007976267871002227,0.033876460903023604,112,2
0,retrieval_frozen,adam,5000,33.89887827553162,15,0,0.033165720810320494,0.032776732869889406,0.0047495780364185695,0.00296299432022987,0.03277563121509563,112,2
0,retrieval_frozen,adam,5000,33.89887827553162,15,64,0.03316265154640119,0.032775631743582195,0.004735583277698164,0.002957893746955501,0.03277563121509563,112,2
0,retrieval_frozen,adam,5000,33.89887827553162,16,0,0.03251664002268424,0.032375221243273744,0.0017529002654988783,0.0010920695354689665,0.032375073199400105,112,2
0,retrieval_frozen,adam,5000,33.89887827553162,16,64,0.0325162299780608,0.03237507327049807,0.0017509893672921998,0.001091375901657443,0.032375073199400105,112,2
0,retrieval_frozen,adam,5000,33.89887827553162,17,0,0.03228013537385547,0.03222833738033347,0.0006456212622918984,0.00040202738015695085,0.032228317397022754,112,2
0,retrieval_frozen,adam,5000,33.89887827553162,17,64,0.032280080146265766,0.032228317406623595,0.0006453617998490728,0.00040193333958407477,0.032228317397022754,112,2
0,retrieval_frozen,adam,5000,33.89887827553162,18,0,0.03219343792914849,0.03217441321463793,0.00023761454068369002,0.00014793519216518654,0.032174410512792725,112,2
0,retrieval_frozen,adam,5000,33.89887827553162,18,64,0.032193430468151187,0.03217441051409099,0.00023757938376118876,0.00014792245680553208,0.032174410512792725,112,2
0,retrieval_frozen,adam,5000,33.89887827553162,19,0,0.032161585338487376,0.03215459069086386,8.742755468343033e-05,5.442740406230277e-05,0.03215459032533841,112,2
0,retrieval_frozen,adam,5000,33.89887827553162,19,64,0.03216158432941067,0.03215459032551407,8.742279459258553e-05,5.442568010268601e-05,0.03215459032533841,112,2
0,retrieval_frozen,adam,5000,33.89887827553162,20,0,0.03214987305580833,0.03214730043082434,3.2164701902067236e-05,2.002341169718705e-05,0.03214730038136229,112,2
0,retrieval_frozen,adam,5000,33.89887827553162,20,64,0.032149872919277483,0.03214730038138607,3.216405758828411e-05,2.002317836390187e-05,0.03214730038136229,112,2
0,retrieval_frozen,adam,5000,33.89887827553162,21,0,0.032145565109734174,0.032144618769957806,1.1832989983397188e-05,7.366294716159184e-06,0.032144618763264174,112,2
0,retrieval_frozen,adam,5000,33.89887827553162,21,64,0.03214556509125837,0.032144618763267394,1.1832902779753356e-05,7.366263136901156e-06,0.032144618763264174,112,2
0,retrieval_frozen,adam,5000,33.89887827553162,22,0,0.032143980408052074,0.032143632279398114,4.3531485819006804e-06,2.709920998593166e-06,0.03214363227849224,112,2
0,retrieval_frozen,adam,5000,33.89887827553162,22,64,0.032143980405551734,0.03214363227849267,4.3531367799091675e-06,2.7099167247539637e-06,0.03214363227849224,112,2
0,retrieval_frozen,adam,5000,33.89887827553162,23,0,0.03214339744283736,0.03214326937485583,1.6014385827042056e-06,9.9692592983428e-07,0.03214326937473324,112,2
0,retrieval_frozen,adam,5000,33.89887827553162,23,64,0.032143397442498986,0.032143269374733295,1.6014369854653125e-06,9.969253514304828e-07,0.03214326937473324,112,2
0,retrieval_frozen,adam,5000,33.89887827553162,24,0,0.032143182983808485,0.03214313587041954,5.89136968992121e-07,3.667487850088743e-07,0.03214313587040295,112,2
0,retrieval_frozen,adam,5000,33.89887827553162,24,64,0.03214318298376269,0.03214313587040297,5.891367528286945e-07,3.6674870673030544e-07,0.03214313587040295,112,2
0,retrieval_frozen,adam,5000,33.89887827553162,25,0,0.03214310408899637,0.0321430867569747,2.16731465286075e-07,1.3491936934890106e-07,0.032143086756972444,112,2
0,retrieval_frozen,adam,5000,33.89887827553162,25,64,0.03214310408899017,0.032143086756972444,2.1673143603150412e-07,1.3491935875504252e-07,0.032143086756972444,112,2
0,retrieval_frozen,adam,5000,33.89887827553162,26,0,0.03214307506525157,0.03214306868916057,7.973106202124601e-08,4.9634066431149214e-08,0.032143068689160254,112,2
0,retrieval_frozen,adam,5000,33.89887827553162,26,64,0.03214307506525073,0.03214306868916027,7.973105806206876e-08,4.9634064997426036e-08,0.032143068689160254,112,2
0,retrieval_frozen,adam,5000,33.89887827553162,27,0,0.032143064388017235,0.0321430620423849,2.9331420122118055e-08,1.8259353194479104e-08,0.03214306204238486,112,2
0,retrieval_frozen,adam,5000,33.89887827553162,27,64,0.03214306438801711,0.03214306204238486,2.9331419586301592e-08,1.8259353000445756e-08,0.03214306204238486,112,2
0,retrieval_frozen,adam,5000,33.89887827553162,28,0,0.03214306046008286,0.03214305959717301,1.0790426657354359e-08,6.7172407268464186e-09,0.03214305959717301,112,2
0,retrieval_frozen,adam,5000,33.89887827553162,28,64,0.03214306046008285,0.03214305959717301,1.0790426584839485e-08,6.717240700586856e-09,0.03214305959717301,112,2
0,retrieval_frozen,adam,5000,33.89887827553162,29,0,0.03214305901507664,0.032143058697629866,3.9695761576794785e-09,2.4711347752960812e-09,0.032143058697629866,112,2
0,retrieval_frozen,adam,5000,33.89887827553162,29,64,0.03214305901507664,0.032143058697629866,3.969576147865651e-09,2.4711347717422296e-09,0.032143058697629866,112,2
0,retrieval_frozen,adam,5000,33.89887827553162,30,0,0.03214305848348858,0.032143058366706445,1.4603254624953416e-09,9.090796816148753e-10,0.032143058366706445,112,2
0,retrieval_frozen,adam,5000,33.89887827553162,30,64,0.03214305848348858,0.032143058366706445,1.4603254611671848e-09,9.09079681133915e-10,0.032143058366706445,112,2
0,retrieval_frozen,adam,5000,33.89887827553162,31,0,0.03214305828792826,0.03214305824496651,5.372237156018283e-10,3.344317254449201e-10,0.03214305824496651,112,2
0,retrieval_frozen,adam,5000,33.89887827553162,31,64,0.03214305828792826,0.03214305824496651,5.372237154220814e-10,3.3443172537982907e-10,0.03214305824496651,112,2
0,retrieval_frozen,adam,5000,33.89887827553162,32,0,0.03214305821598564,0.03214305820018089,1.9763356035145693e-10,1.2303055629267982e-10,0.03214305820018089,112,2
0,retrieval_frozen,adam,5000,33.89887827553162,32,64,0.03214305821598564,0.03214305820018089,1.9763356032713115e-10,1.2303055628387065e-10,0.03214305820018089,112,2
0,retrieval_frozen,adam,6000,37.589893042687706,1,0,0.9775550564312112,0.9775550564312111,1.0,1.0,0.7304926588164751,112,2
0,retrieval_frozen,adam,6000,37.589893042687706,1,64,0.7305162017144458,0.7305162017144458,0.6321205588285578,0.6321205588285577,0.7304926588164751,112,2
0,retrieval_frozen,adam,6000,37.589893042687706,2,0,0.9775481864517398,0.9775437707520606,0.999958524220781,0.9999318712149357,0.7304522052079891,112,2
0,retrieval_frozen,adam,6000,37.589893042687706,2,64,0.7304915748942141,0.7304757483080484,0.6321039858114628,0.632093335491521,0.7304522052079891,112,2
0,retrieval_frozen,adam,6000,37.589893042687706,3,0,0.9775295037675438,0.9775130728516277,0.9998458002361391,0.9997467248813396,0.730342239150139,112,2
0,retrieval_frozen,adam,6000,37.589893042687706,3,64,0.7304246315508358,0.7303657827970336,0.6320589404474318,0.632019346637791,0.730342239150139,112,2
0,retrieval_frozen,adam,6000,37.589893042687706,4,0,0.9774786587661202,0.9774294776352086,0.9995395240510271,0.9992437912875209,0.7300433076072131,112,2
0,retrieval_frozen,adam,6000,37.589893042687706,4,64,0.7302426554978557,0.7300668527221111,0.6319365296659643,0.6318183115896416,0.7300433076072131,112,2
0,retrieval_frozen,adam,6000,37.589893042687706,5,0,0.9773400023928582,0.9772011345758016,0.9987080074059576,0.9978792297663672,0.7292306351562128,112,2
0,retrieval_frozen,adam,6000,37.589893042687706,5,64,0.729747955702629,0.7292541841254253,0.6316040426146797,0.6312724874365533,0.7292306351562128,112,2
0,retrieval_frozen,adam,6000,37.589893042687706,6,0,0.9769597946295387,0.9765722135921346,0.9964552793348425,0.9941887317140166,0.7270209277784615,112,2
0,retrieval_frozen,adam,6000,37.589893042687706,6,64,0.7284029578932615,0.7270444862227722,0.6307021651046245,0.6297935383504941,0.7270209277784615,112,2
0,retrieval_frozen,adam,6000,37.589893042687706,7,0,0.9759016940179935,0.9748011933981673,0.9903870587459915,0.9842934971136589,0.7210105706445981,112,2
0,retrieval_frozen,adam,6000,37.589893042687706,7,64,0.724745190259278,0.7210341475204025,0.6282646696445227,0.6258081371339402,0.7210105706445981,112,2
0,retrieval_frozen,adam,6000,37.589893042687706,8,0,0.9728399358279042,0.9695198952269594,0.974289174883698,0.9583646895501886,0.704663444917803,112,2
0,retrieval_frozen,adam,6000,37.589893042687706,8,64,0.7147952035251528,0.7046870194527727,0.6217408904262065,0.6152252903067876,0.704663444917803,112,2
0,retrieval_frozen,adam,6000,37.589893042687706,9,0,0.9630786777589567,0.9514945648690886,0.9332517962237902,0.8943251976182827,0.6605023465001735,112,2
0,retrieval_frozen,adam,6000,37.589893042687706,9,64,0.6877965479873996,0.660525564341249,0.6047253995032387,0.5881874772831054,0.6605023465001735,112,2
0,retrieval_frozen,adam,6000,37.589893042687706,10,0,0.9252102274552818,0.8742097293034746,0.8383175219181636,0.7568507987756329,0.5477994060320376,112,2
0,retrieval_frozen,adam,6000,37.589893042687706,10,64,0.6164566746244821,0.5478198728725232,0.5631502235821669,0.5254195108905487,0.5477994060320376,112,2
0,retrieval_frozen,adam,6000,37.589893042687706,11,0,0.7578900191341492,0.5634396538310876,0.6595916912326327,0.5338015827449639,0.3318296149639127,112,2
0,retrieval_frozen,adam,6000,37.589893042687706,11,64,0.45494361228454894,0.3318406221177121,0.4756587068362469,0.40727690416359125,0.3318296149639127,112,2
0,retrieval_frozen,adam,6000,37.589893042687706,12,0,0.3641870196334683,0.176979011012702,0.4214856076420878,0.29637586974382885,0.13399827490319766,112,2
0,retrieval_frozen,adam,6000,37.589893042687706,12,64,0.23177349132990305,0.13400049404515363,0.3368309148285457,0.2527760779554941,0.13399827490319766,112,2
0,retrieval_frozen,adam,6000,37.589893042687706,13,0,0.11019451544909023,0.059450690724806826,0.21473766518961174,0.13416471971361701,0.05547943918509431,112,2
0,retrieval_frozen,adam,6000,37.589893042687706,13,64,0.09102700211622425,0.05547968207686484,0.18975859905517692,0.12444774729485028,0.05547943918509431,112,2
0,retrieval_frozen,adam,6000,37.589893042687706,14,0,0.04494776507889185,0.03334521949457257,0.0924494818591622,0.05392996849533696,0.03294821071931834,112,2
0,retrieval_frozen,adam,6000,37.589893042687706,14,64,0.04315400574443119,0.03294823679257056,0.0873711839060655,0.052288831974913,0.03294821071931834,112,2
0,retrieval_frozen,adam,6000,37.589893042687706,15,0,0.029420856942301867,0.026110648859206536,0.036328331333077335,0.020539909385641507,0.026064116800017526,112,2
0,retrieval_frozen,adam,6000,37.589893042687706,15,64,0.029234382025141246,0.02606411993002422,0.03550529003811477,0.020297280789283324,0.026064116800017526,112,2
0,retrieval_frozen,adam,6000,37.589893042687706,16,0,0.024844591114991845,0.02374840608973814,0.013711367581556064,0.0076556045097744664,0.023742464026759967,112,2
0,retrieval_frozen,adam,6000,37.589893042687706,16,64,0.024822226273966304,0.023742464429740647,0.013591654199308233,0.007621647148811931,0.023742464026759967,112,2
0,retrieval_frozen,adam,6000,37.589893042687706,17,0,0.023305785154001,0.022918441873370273,0.005092948742832291,0.002830034251543826,0.022917655292993232,112,2
0,retrieval_frozen,adam,6000,37.589893042687706,17,64,0.023302900287178737,0.02291765534649299,0.005076296755670486,0.002825380809755157,0.022917655292993232,112,2
0,retrieval_frozen,adam,6000,37.589893042687706,18,0,0.02275869300158986,0.02261832346735854,0.001880295504564937,0.0010429771506095275,0.02261821788885584,112,2
0,retrieval_frozen,adam,6000,37.589893042687706,18,64,0.022758309604294306,0.02261821789604439,0.0018780187510077657,0.0010423444596059752,0.02261821788885584,112,2
0,retrieval_frozen,adam,6000,37.589893042687706,19,0,0.022559969787897986,0.02250861700296637,0.0006926343383236417,0.00038394297000751617,0.02250860275792008,112,2
0,retrieval_frozen,adam,6000,37.589893042687706,19,64,0.02255991824977354,0.022508602758890363,0.000692325046893166,0.0003838571987035962,0.02250860275792008,112,2
0,retrieval_frozen,adam,6000,37.589893042687706,20,0,0.02248720587494524,0.02246835291198284,0.0002549296444853237,0.00014127901205671976,0.022468350986287935,112,2
0,retrieval_frozen,adam,6000,37.589893042687706,20,64,0.022487198917381757,0.02246835098641912,0.0002548877281196865,0.00014126739689677398,0.022468350986287935,112,2
0,retrieval_frozen,adam,6000,37.589893042687706,21,0,0.022460483769466615,0.02245355338187183,9.380012999677256e-05,5.197828576055754e-05,0.022453553121365023,112,2
0,retrieval_frozen,adam,6000,37.589893042687706,21,64,0.02246048282872697,0.022453553121382763,9.379445432519608e-05,5.197671345709706e-05,0.022453553121365023,112,2
0,retrieval_frozen,adam,6000,37.589893042687706,22,0,0.022450659510471854,0.022448110670962442,3.450940754268432e-05,1.9122370988735708e-05,0.022448110635712042,112,2
0,retrieval_frozen,adam,6000,37.589893042687706,22,64,0.022450659383199605,0.02244811063571444,3.4508639279179597e-05,1.912215818254943e-05,0.022448110635712042,112,2
0,retrieval_frozen,adam,6000,37.589893042687706,23,0,0.022447046213784343,0.02244610864388499,1.2695608551687511e-05,7.034812184141441e-06,0.022446108639114642,112,2
0,retrieval_frozen,adam,6000,37.589893042687706,23,64,0.02244704619656206,0.022446108639114965,1.2695504571313562e-05,7.034783383057097e-06,0.022446108639114642,112,2
0,retrieval_frozen,adam,6000,37.589893042687706,24,0,0.02244571707073194,0.02244537217099989,4.670494927395236e-06,2.587974282923588e-06,0.02244537217035431,112,2
0,retrieval_frozen,adam,6000,37.589893042687706,24,64,0.022445717068401264,0.022445372170354343,4.670480854822638e-06,2.5879703850759302e-06,0.02244537217035431,112,2
0,retrieval_frozen,adam,6000,37.589893042687706,25,0,0.02244522812182585,0.02244510124205889,1.718184686879955e-06,9.520640903990682e-07,0.022445101241971525,112,2
0,retrieval_frozen,adam,6000,37.589893042687706,25,64,0.022445228121510435,0.022445101241971525,1.7181827823464703e-06,9.520635628805225e-07,0.022445101241971525,112,2
0,retrieval_frozen,adam,6000,37.589893042687706,26,0,0.022445048249672823,0.022445001573452396,6.320855834322345e-07,3.5024501631125393e-07,0.022445001573440575,112,2
0,retrieval_frozen,adam,6000,37.589893042687706,26,64,0.022445048249630135,0.022445001573440575,6.320853256807658e-07,3.5024494491927107e-07,0.022445001573440575,112,2
0,retrieval_frozen,adam,6000,37.589893042687706,27,0,0.02244498207868952,0.02244496490749976,2.3253139419503593e-07,1.2884796939909925e-07,0.022444964907498158,112,2
0,retrieval_frozen,adam,6000,37.589893042687706,27,64,0.02244498207868374,0.022444964907498158,2.3253135931212347e-07,1.2884795973723956e-07,0.022444964907498158,112,2
0,retrieval_frozen,adam,6000,37.589893042687706,28,0,0.02244495773578357,0.02244495141886023,8.55435332894033e-08,4.740052283911431e-08,0.022444951418860003,112,2
0,retrieval_frozen,adam,6000,37.589893042687706,28,64,0.02244495773578279,0.022444951418860003,8.554352856851225e-08,4.740052153152352e-08,0.022444951418860003,112,2
0,retrieval_frozen,adam,6000,37.589893042687706,29,0,0.022444948780534133,0.022444946456668495,3.146970910865588e-08,1.7437678375749325e-08,0.022444946456668464,112,2
0,retrieval_frozen,adam,6000,37.589893042687706,29,64,0.02244494878053403,0.022444946456668464,3.1469708469752604e-08,1.7437678198786133e-08,0.022444946456668464,112,2
0,retrieval_frozen,adam,6000,37.589893042687706,30,0,0.022444945486082685,0.022444944631180366,1.1577059256005781e-08,6.414963446905516e-09,0.022444944631180366,112,2
0,retrieval_frozen,adam,6000,37.589893042687706,30,64,0.022444945486082668,0.022444944631180366,1.1577059169539624e-08,6.414963422956158e-09,0.022444944631180366,112,2
0,retrieval_frozen,adam,6000,37.589893042687706,31,0,0.022444944274121813,0.022444943959620847,4.258962124057234e-09,2.359933177552054e-09,0.022444943959620847,112,2
0,retrieval_frozen,adam,6000,37.589893042687706,31,64,0.022444944274121813,0.022444943959620847,4.258962112355309e-09,2.3599331743108604e-09,0.022444943959620847,112,2
0,retrieval_frozen,adam,6000,37.589893042687706,32,0,0.022444943828266343,0.02244494371256791,1.5667846108442318e-09,8.681708998548479e-10,0.02244494371256791,112,2
0,retrieval_frozen,adam,6000,37.589893042687706,32,64,0.022444943828266343,0.02244494371256791,1.566784609260551e-09,8.681708994162023e-10,0.02244494371256791,112,2
0,retrieval_frozen,adam,7000,40.904032203641215,1,0,0.9837839237247386,0.9837839237247387,1.0,1.0,0.7474007587884692,112,2
0,retrieval_frozen,adam,7000,40.904032203641215,1,64,0.7474043450593835,0.7474043450593836,0.6321205588285578,0.6321205588285577,0.7474007587884692,112,2
0,retrieval_frozen,adam,7000,40.904032203641215,2,0,0.983783192055167,0.9837826205157795,0.9999944143603653,0.9999900513171764,0.747394596546911,112,2
0,retrieval_frozen,adam,7000,40.904032203641215,2,64,0.747400885321112,0.7473981828306381,0.6321183269336489,0.6321165835551322,0.747394596546911,112,2
0,retrieval_frozen,adam,7000,40.904032203641215,3,0,0.9837812030338114,0.9837790776370392,0.9999792313701624,0.9999630089937994,0.7473778457264224,112,2
0,retrieval_frozen,adam,7000,40.904032203641215,3,64,0.7473914807382326,0.7473814320449683,0.6321122601033148,0.6321057778942923,0.7473778457264224,112,2
0,retrieval_frozen,adam,7000,40.904032203641215,4,0,0.9837757952989398,0.9837694442156998,0.9999379623283611,0.9998895077284623,0.7473323114539681,112,2
0,retrieval_frozen,adam,7000,40.904032203641215,4,64,0.747365916141907,0.7473358978670932,0.6320957694065511,0.632076406929691,0.7473323114539681,112,2
0,retrieval_frozen,adam,7000,40.904032203641215,5,0,0.9837610880553725,0.9837432365856672,0.9998258006832839,0.9996897651698855,0.7472085304072003,112,2
0,retrieval_frozen,adam,7000,40.904032203641215,5,64,0.7472964222266708,0.7472121170769099,0.6320509479057458,0.6319965821623738,0.7472085304072003,112,2
0,retrieval_frozen,adam,7000,40.904032203641215,6,0,0.9837210541994708,0.9836718395139147,0.9995210558171025,0.9991472116815873,0.7468720140256033,112,2
0,retrieval_frozen,adam,7000,40.904032203641215,6,64,0.7471075024276629,0.7468756013890294,0.6319291463366918,0.6317796978055206,0.7468720140256033,112,2
0,retrieval_frozen,adam,7000,40.904032203641215,7,0,0.9836118206981814,0.9834765967196806,0.9986937217368573,0.9976753701718389,0.7459569415654861,112,2
0,retrieval_frozen,adam,7000,40.904032203641215,7,64,0.7465938496367663,0.7459605307869219,0.6315983203718958,0.6311908965765719,0.7459569415654861,112,2
0,retrieval_frozen,adam,7000,40.904032203641215,8,0,0.9833118487540868,0.9829372046000533,0.9964525088878562,0.9936963171304765,0.7434671781922395,112,2
0,retrieval_frozen,adam,7000,40.904032203641215,8,64,0.7451967601189166,0.743470772260034,0.6307009953429967,0.6295959012460309,0.7434671781922395,112,2
0,retrieval_frozen,adam,7000,40.904032203641215,9,0,0.9824736745571471,0.9814058327786691,0.9904166280202459,0.9830388102055175,0.7366834386410487,112,2
0,retrieval_frozen,adam,7000,40.904032203641215,9,64,0.7413932408535848,0.7366870443840189,0.628276143144433,0.6253007140541416,0.7366834386410487,112,2
0,retrieval_frozen,adam,7000,40.904032203641215,10,0,0.9800217465654771,0.9767400466415319,0.974413578938332,0.9551912743549041,0.718154155869628,112,2
0,retrieval_frozen,adam,7000,40.904032203641215,10,64,0.7310179193198793,0.7181577825162413,0.6217885912988093,0.6139159611140811,0.718154155869628,112,2
0,retrieval_frozen,adam,7000,40.904032203641215,11,0,0.9719750642955541,0.9599494016724904,0.9336725052118994,0.8868970758439583,0.667659206874261,112,2
0,retrieval_frozen,adam,7000,40.904032203641215,11,64,0.7026788925391146,0.6676628164594124,0.6048830897329829,0.5849652500329362,0.667659206874261,112,2
0,retrieval_frozen,adam,7000,40.904032203641215,12,0,0.9385056464494196,0.8799277986329337,0.8396616591327746,0.7425762506786575,0.5378992540096281,112,2
0,retrieval_frozen,adam,7000,40.904032203641215,12,64,0.6269182410430304,0.5379024308484711,0.5636580753482788,0.5185001478157113,0.5378992540096281,112,2
0,retrieval_frozen,adam,7000,40.904032203641215,13,0,0.7743274192944888,0.5304316126479217,0.6631128069122733,0.5148434983797909,0.29886193268608674,112,2
0,retrieval_frozen,adam,7000,40.904032203641215,13,64,0.45448171642720386,0.2988634960071766,0.47715339235286586,0.3961471472891155,0.29886193268608674,112,2
0,retrieval_frozen,adam,7000,40.904032203641215,14,0,0.367278685608792,0.1418510068391034,0.42730910733331884,0.2807766494219753,0.10680432057777968,112,2
0,retrieval_frozen,adam,7000,40.904032203641215,14,64,0.22124658979901252,0.10680458473129258,0.33996775063413587,0.24134032090386434,0.10680432057777968,112,2
0,retrieval_frozen,adam,7000,40.904032203641215,15,0,0.10124431499307186,0.04418045825018071,0.2201598608481647,0.12558043223783483,0.04130799667263884,112,2
0,retrieval_frozen,adam,7000,40.904032203641215,15,64,0.079771800834604,0.04130802245663228,0.19355056021587488,0.11702749132831104,0.04130799667263884,112,2
0,retrieval_frozen,adam,7000,40.904032203641215,16,0,0.03615703846492298,0.024283649779131077,0.09563260303727021,0.050181980815554826,0.024008155132074518,112,2
0,retrieval_frozen,adam,7000,40.904032203641215,16,64,0.03430941264173832,0.024008157780319974,0.09005723435725284,0.04875801545908783,0.024008155132074518,112,2
0,retrieval_frozen,adam,7000,40.904032203641215,17,0,0.02212630935939083,0.018912132053733068,0.03776070455335439,0.01906569979835605,0.01888028286425469,112,2
0,retrieval_frozen,adam,7000,40.904032203641215,17,64,0.021948467290935157,0.018880283177376025,0.03684022891453038,0.018856472281760312,0.01888028286425469,112,2
0,retrieval_frozen,adam,7000,40.904032203641215,18,0,0.018215018797416327,0.017172724613221477,0.014281850794099438,0.007099439666687368,0.017168676810947577,112,2
0,retrieval_frozen,adam,7000,40.904032203641215,18,64,0.018194466975656104,0.017168676851047532,0.014146808239955634,0.007070227547307122,0.017168676810947577,112,2
0,retrieval_frozen,adam,7000,40.904032203641215,19,0,0.01692875155774916,0.01656333001550562,0.005309212212280312,0.0026235113656408494,0.016562795098753223,112,2
0,retrieval_frozen,adam,7000,40.904032203641215,19,64,0.016926139811484026,0.016562795104066743,0.005290362408170726,0.0026195118360174776,0.016562795098753223,112,2
0,retrieval_frozen,adam,7000,40.904032203641215,20,0,0.016475236803228856,0.016343194923164356,0.0019607468955998054,0.0009667391022298773,0.016343123168580498,112,2
0,retrieval_frozen,adam,7000,40.904032203641215,20,64,0.01647489166161189,0.01634312316929396,0.0019581662156910955,0.0009661955016654134,0.016343123168580498,112,2
0,retrieval_frozen,adam,7000,40.904032203641215,21,0,0.01631101034090145,0.016262755713180223,0.0007223529314003933,0.0003558609044826375,0.01626274603397988,112,2
0,retrieval_frozen,adam,7000,40.904032203641215,21,64,0.016310964042798533,0.016262746034076164,0.000722002178451255,0.0003557872199683718,0.01626274603397988,112,2
0,retrieval_frozen,adam,7000,40.904032203641215,22,0,0.016250945786208535,0.01623323720131608,0.00026587910934618153,0.0001309433658217922,0.016233235892957155,112,2
0,retrieval_frozen,adam,7000,40.904032203641215,22,64,0.016250939540894137,0.016233235892970176,0.0002658315652405767,0.00013093338791349572,0.016233235892957155,112,2
0,retrieval_frozen,adam,7000,40.904032203641215,23,0,0.016228896644476718,0.016222387874086638,9.783046382091675e-05,4.817535979111205e-05,0.01622238769709807,112,2
0,retrieval_frozen,adam,7000,40.904032203641215,23,64,0.016228895800282733,0.016222387697099827,9.782402569207766e-05,4.8174009139441065e-05,0.01622238769709807,112,2
0,retrieval_frozen,adam,7000,40.904032203641215,24,0,0.01622079162343069,0.01621839797255184,3.5992389286536366e-05,1.7723264155163092e-05,0.016218397948602956,112,2
0,retrieval_frozen,adam,7000,40.904032203641215,24,64,0.016220791509232092,0.01621839794860318,3.5991517794521223e-05,1.7723081349963603e-05,0.016218397948602956,112,2
0,retrieval_frozen,adam,7000,40.904032203641215,25,0,0.016217810819308887,0.016216930351522645,1.3241208304286113e-05,6.5200975589277606e-06,0.016216930348281706,112,2
0,retrieval_frozen,adam,7000,40.904032203641215,25,64,0.016217810803856307,0.016216930348281738,1.3241090351403402e-05,6.520072818218663e-06,0.016216930348281706,112,2
0,retrieval_frozen,adam,7000,40.904032203641215,26,0,0.01621671436000539,0.016216390468510172,4.871215443500621e-06,2.398619732186144e-06,0.016216390468071582,112,2
0,retrieval_frozen,adam,7000,40.904032203641215,26,64,0.01621671435791424,0.016216390468071582,4.871199479852561e-06,2.39861638385964e-06,0.016216390468071582,112,2
0,retrieval_frozen,adam,7000,40.904032203641215,27,0,0.01621631101103698,0.01621619185997731,1.7920263939124536e-06,8.824042245678368e-07,0.016216191859917958,112,2
0,retrieval_frozen,adam,7000,40.904032203641215,27,64,0.016216311010753978,0.016216191859917958,1.7920242334446557e-06,8.824037714193466e-07,0.016216191859917958,112,2
0,retrieval_frozen,adam,7000,40.904032203641215,28,0,0.01621616262939126,0.01621611879643162,6.592505316293176e-07,3.2461855408792403e-07,0.016216118796423585,112,2
0,retrieval_frozen,adam,7000,40.904032203641215,28,64,0.01621616262935296,0.016216118796423585,6.592502392406528e-07,3.246184927608563e-07,0.016216118796423585,112,2
0,retrieval_frozen,adam,7000,40.904032203641215,29,0,0.016216108043124972,0.01621609191791622,2.425248339992168e-07,1.1942051677646376e-07,0.01621609191791513,112,2
0,retrieval_frozen,adam,7000,40.904032203641215,29,64,0.01621610804311979,0.01621609191791513,2.425247944286571e-07,1.1942050847674332e-07,0.01621609191791513,112,2
0,retrieval_frozen,adam,7000,40.904032203641215,30,0,0.016216087961999165,0.016216082029871248,8.921991621325772e-08,4.393235629248398e-08,0.01621608202987109,112,2
0,retrieval_frozen,adam,7000,40.904032203641215,30,64,0.016216087961998464,0.01621608202987109,8.921991085796198e-08,4.3932355169238754e-08,0.01621608202987109,112,2
0,retrieval_frozen,adam,7000,40.904032203641215,31,0,0.016216080574571145,0.0162160783922639,3.2822175057741026e-08,1.616181113104343e-08,0.016216078392263886,112,2
0,retrieval_frozen,adam,7000,40.904032203641215,31,64,0.01621608057457105,0.016216078392263886,3.2822174332980394e-08,1.616181097902869e-08,0.016216078392263886,112,2
0,retrieval_frozen,adam,7000,40.904032203641215,32,0,0.016216077856888975,0.016216077054063097,1.2074603707869543e-08,5.945598107947792e-09,0.016216077054063083,112,2
0,retrieval_frozen,adam,7000,40.904032203641215,32,64,0.016216077856888965,0.016216077054063083,1.207460360978387e-08,5.945598087374848e-09,0.016216077054063083,112,2
0,retrieval_frozen,adam,8000,43.92044429817172,1,0,0.9879556766641604,0.9879556766641603,1.0,1.0,0.7621529166911831,112,2
0,retrieval_frozen,adam,8000,43.92044429817172,1,64,0.7621534747677463,0.7621534747677462,0.6321205588285578,0.6321205588285577,0.7621529166911831,112,2
0,retrieval_frozen,adam,8000,43.92044429817172,2,0,0.9879555947700618,0.987955519131352,0.9999992191751309,0.9999984979965737,0.7621519577577027,112,2
0,retrieval_frozen,adam,8000,43.92044429817172,2,64,0.7621529762614615,0.7621525158347539,0.6321202468292633,0.6321199586631029,0.7621519577577027,112,2
0,retrieval_frozen,adam,8000,43.92044429817172,3,0,0.9879553721563591,0.9879550909048878,0.999997096680192,0.9999944151507562,0.7621493511020097,112,2
0,retrieval_frozen,adam,8000,43.92044429817172,3,64,0.7621516211795646,0.7621499091803876,0.6321193987290477,0.6321183272500123,0.7621493511020097,112,2
0,retrieval_frozen,adam,8000,43.92044429817172,4,0,0.9879547670113781,0.9879539268063382,0.9999913271933301,0.9999833169936456,0.7621422654458895,112,2
0,retrieval_frozen,adam,8000,43.92044429817172,4,64,0.7621479376752972,0.7621428235278738,0.6321170933669193,0.6321138926520099,0.7621422654458895,112,2
0,retrieval_frozen,adam,8000,43.92044429817172,5,0,0.9879531219223032,0.9879507620273568,0.9999756444904084,0.9999531503197235,0.762123004404248,112,2
0,retrieval_frozen,adam,8000,43.92044429817172,5,64,0.7621379248003974,0.7621235624960332,0.6321108268410349,0.632101838479284,0.762123004404248,112,2
0,retrieval_frozen,adam,8000,43.92044429817172,6,0,0.9879486491128487,0.9879421560805962,0.9999330173535143,0.9998711579955384,0.7620706457558578,112,2
0,retrieval_frozen,adam,8000,43.92044429817172,6,64,0.7621107064512673,0.7620712038742703,0.6320937933824047,0.6320690741638441,0.7620706457558578,112,2
0,retrieval_frozen,adam,8000,43.92044429817172,7,0,0.9879364834113515,0.9879187391430234,0.9998171659798621,0.9996483476876913,0.7619283075800254,112,2
0,retrieval_frozen,adam,8000,43.92044429817172,7,64,0.762036715370189,0.7619288657707105,0.6320474969962243,0.6319800286834649,0.7619283075800254,112,2
0,retrieval_frozen,adam,8000,43.92044429817172,8,0,0.9879033592901497,0.9878549110910261,0.9995024058331862,0.9990431880105993,0.7615412993795205,112,2
0,retrieval_frozen,adam,8000,43.92044429817172,8,64,0.761835557724673,0.7615418577658649,0.6319216899232256,0.6317381047169198,0.7615412993795205,112,2
0,retrieval_frozen,adam,8000,43.92044429817172,9,0,0.987812916356705,0.9876801169041857,0.9986479537863716,0.9974018901673866,0.7604886209673785,112,2
0,retrieval_frozen,adam,8000,43.92044429817172,9,64,0.7612885411828826,0.760489179879687,0.631580002789698,0.6310814222549297,0.7604886209673785,112,2
0,retrieval_frozen,adam,8000,43.92044429817172,10,0,0.9875640768850847,0.9871953481647173,0.9963338063582705,0.9929675127126549,0.7576222237277693,112,2
0,retrieval_frozen,adam,8000,43.92044429817172,10,64,0.7598000428912995,0.7576227840262888,0.6306533519270714,0.6293032541990314,0.7576222237277693,112,2
0,retrieval_frozen,adam,8000,43.92044429817172,11,0,0.9868652073188022,0.9858047476946726,0.9901053037450673,0.9811105110420769,0.7497964281285122,112,2
0,retrieval_frozen,adam,8000,43.92044429817172,11,64,0.7557428785569231,0.7497969918745944,0.6281502256296244,0.6245199477543629,0.7497964281285122,112,2
0,retrieval_frozen,adam,8000,43.92044429817172,12,0,0.9847923879672916,0.9814522250452801,0.973617890474677,0.9502658882941887,0.7283161851613905,112,2
0,retrieval_frozen,adam,8000,43.92044429817172,12,64,0.7446424223886537,0.7283167559390098,0.6214601604714287,0.6118776133585577,0.7283161851613905,112,2
0,retrieval_frozen,adam,8000,43.92044429817172,13,0,0.9777395139914847,0.9647450756640777,0.931808249283386,0.875451027365012,0.6692526599468964,112,2
0,retrieval_frozen,adam,8000,43.92044429817172,13,64,0.7141204344725481,0.6692532335911857,0.6040727156882685,0.5799639653132971,0.6692526599468964,112,2
0,retrieval_frozen,adam,8000,43.92044429817172,14,0,0.9459159217000411,0.8753368204971316,0.836134254659391,0.7211224855160078,0.5175069499026089,112,2
0,retrieval_frozen,adam,8000,43.92044429817172,14,64,0.6318040502318718,0.5175074462673606,0.561928905767771,0.507948459325406,0.5175069499026089,112,2
0,retrieval_frozen,adam,8000,43.92044429817172,15,0,0.7757261679808712,0.472508680745727,0.6588122128300103,0.4875113249771288,0.25735382859438094,112,2
0,retrieval_frozen,adam,8000,43.92044429817172,15,64,0.4463018947396008,0.2573540409656657,0.47448411238929883,0.37976446230747246,0.25735382859438094,112,2
0,retrieval_frozen,adam,8000,43.92044429817172,16,0,0.35849252073427046,0.10696222578579415,0.4248452994524702,0.25923170316244953,0.08153441072152,112,2
0,retrieval_frozen,adam,8000,43.92044429817172,16,64,0.20697273983772171,0.08153443999568406,0.3377035978764407,0.22524909073025962,0.08153441072152,112,2
0,retrieval_frozen,adam,8000,43.92044429817172,17,0,0.09215087615661903,0.032240938754494575,0.2199367210771599,0.11405583589765617,0.030344602703603223,112,2
0,retrieval_frozen,adam,8000,43.92044429817172,17,64,0.06939991241400774,0.03034460529698376,0.19286790176330046,0.10695630727072038,0.030344602703603223,112,2
0,retrieval_frozen,adam,8000,43.92044429817172,18,0,0.02931664164188166,0.01783703082910416,0.09604309690387834,0.04521894645634698,0.017658870562321072,112,2
0,retrieval_frozen,adam,8000,43.92044429817172,18,64,0.027496200833956687,0.017658870821773788,0.09024071338402419,0.0440594612166991,0.017658870562321072,112,2
0,retrieval_frozen,adam,8000,43.92044429817172,19,0,0.016944843314721795,0.013979205066376725,0.03804696277051559,0.017124607109713162,0.01395869002978183,112,2
0,retrieval_frozen,adam,8000,43.92044429817172,19,64,0.016782635775436802,0.013958690060269341,0.037074039126892874,0.01695562527199978,0.01395869002978183,112,2
0,retrieval_frozen,adam,8000,43.92044429817172,20,0,0.013675548246956288,0.012730909058710816,0.014411708575287013,0.0063687311780699545,0.012728303901828287,112,2
0,retrieval_frozen,adam,8000,43.92044429817172,20,64,0.01365750004176232,0.012728303905726395,0.014267887110290858,0.006345212943264724,0.012728303901828287,112,2
0,retrieval_frozen,adam,8000,43.92044429817172,21,0,0.012622588573375016,0.012293557870358521,0.0053607098683870575,0.0023523955463775796,0.012293213671295938,112,2
0,retrieval_frozen,adam,8000,43.92044429817172,21,64,0.012620329600232374,0.012293213671812206,0.005340571811435084,0.0023491794271528117,0.012293213671295938,112,2
0,retrieval_frozen,adam,8000,43.92044429817172,22,0,0.012254171406956825,0.012135562053733465,0.0019802182848982705,0.0008666867189491022,0.012135515885273403,112,2
0,retrieval_frozen,adam,8000,43.92044429817172,22,64,0.012253874597515594,0.012135515885342719,0.0019774579161246203,0.0008662497899332718,0.012135515885273403,112,2
0,retrieval_frozen,adam,8000,43.92044429817172,23,0,0.012121135360039349,0.01207782751071678,0.0007295884554838377,0.0003190109960164098,0.012077821283043744,112,2
0,retrieval_frozen,adam,8000,43.92044429817172,23,64,0.0121210956303851,0.0120778212830531,0.0007292131113313694,0.0003189517803956312,0.012077821283043744,112,2
0,retrieval_frozen,adam,8000,43.92044429817172,24,0,0.01207252873234868,0.01205664062991781,0.0002685507663838524,0.00011738125725205732,0.012056639788115966,112,2
0,retrieval_frozen,adam,8000,43.92044429817172,24,64,0.012072523377305402,0.012056639788117227,0.00026849988050038474,0.00011737323911548219,0.012056639788115966,112,2
0,retrieval_frozen,adam,8000,43.92044429817172,25,0,0.01205469246989445,0.012048853505349462,9.881464836025945e-05,4.318535563386449e-05,0.01204885339147485,112,2
0,retrieval_frozen,adam,8000,43.92044429817172,25,64,0.012054691746251034,0.012048853391475019,9.880775728545658e-05,4.318427028916763e-05,0.01204885339147485,112,2
0,retrieval_frozen,adam,8000,43.92044429817172,26,0,0.012048136973205384,0.012045989741899046,3.6354631611925824e-05,1.5887438197863536e-05,0.012045989726490331,112,2
0,retrieval_frozen,adam,8000,43.92044429817172,26,64,0.01204813687532478,0.012045989726490354,3.6353698786166507e-05,1.588729130207817e-05,0.012045989726490331,112,2
0,retrieval_frozen,adam,8000,43.92044429817172,27,0,0.012045726165551118,0.012044936352047451,1.3374494320515735e-05,5.844720583045977e-06,0.012044936349962234,112,2
0,retrieval_frozen,adam,8000,43.92044429817172,27,64,0.0120457261523071,0.012044936349962234,1.337436806531116e-05,5.844700702347751e-06,0.012044936349962234,112,2
0,retrieval_frozen,adam,8000,43.92044429817172,28,0,0.012044839390583068,0.012044548849149312,4.920251946365551e-06,2.1501604858014514e-06,0.012044548848867112,112,2
0,retrieval_frozen,adam,8000,43.92044429817172,28,64,0.012044839388790819,0.012044548848867112,4.920234859035644e-06,2.1501577952158596e-06,0.012044548848867112,112,2
0,retrieval_frozen,adam,8000,43.92044429817172,29,0,0.012044513179406394,0.01204440629717773,1.8100663642030029e-06,7.910009130419283e-07,0.012044406297139532,112,2
0,retrieval_frozen,adam,8000,43.92044429817172,29,64,0.012044513179163843,0.012044406297139532,1.8100640516571845e-06,7.910005489094882e-07,0.012044406297139532,112,2
0,retrieval_frozen,adam,8000,43.92044429817172,30,0,0.01204439317506493,0.012044353855559917,6.658871265876423e-07,2.9099311935470794e-07,0.01204435385555475,112,2
0,retrieval_frozen,adam,8000,43.92044429817172,30,64,0.012044393175032106,0.01204435385555475,6.658868136172452e-07,2.909930700746771e-07,0.01204435385555475,112,2
0,retrieval_frozen,adam,8000,43.92044429817172,31,0,0.01204434902821147,0.012044334563410409,2.449663090680125e-07,1.0705040582407189e-07,0.01204433456340971,112,2
0,retrieval_frozen,adam,8000,43.92044429817172,31,64,0.012044349028207026,0.01204433456340971,2.44966266712008e-07,1.0705039915474166e-07,0.01204433456340971,112,2
0,retrieval_frozen,adam,8000,43.92044429817172,32,0,0.012044332787529121,0.012044327466231124,9.011808581023323e-08,3.938164613664056e-08,0.012044327466231039,112,2
0,retrieval_frozen,adam,8000,43.92044429817172,32,64,0.012044332787528521,0.012044327466231039,9.011808007796805e-08,3.938164523404482e-08,0.012044327466231039,112,2
0,retrieval_frozen,adam,9000,46.69492835567756,1,0,0.9908471300959258,0.990847130095926,1.0,1.0,0.7751869568523504,112,2
0,retrieval_frozen,adam,9000,46.69492835567756,1,64,0.7751870459546124,0.7751870459546124,0.6321205588285578,0.6321205588285577,0.7751869568523504,112,2
0,retrieval_frozen,adam,9000,46.69492835567756,2,0,0.9908471204614081,0.9908471101561743,0.9999998866104045,0.9999997653271964,0.77518680374953,112,2
0,retrieval_frozen,adam,9000,46.69492835567756,2,64,0.7751869719781553,0.7751868928518086,0.6321205135207489,0.6321204650588353,0.77518680374953,112,2
0,retrieval_frozen,adam,9000,46.69492835567756,3,0,0.9908470942720253,0.9908470559541395,0.9999995783856827,0.9999991274209354,0.7751863875727708,112,2
0,retrieval_frozen,adam,9000,46.69492835567756,3,64,0.775186770889256,0.7751864766750949,0.632120390361395,0.6321202101664436,0.7751863875727708,112,2
0,retrieval_frozen,adam,9000,46.69492835567756,4,0,0.9908470230815517,0.9908469086164754,0.9999987405451696,0.9999973934160507,0.775185256285981,112,2
0,retrieval_frozen,adam,9000,46.69492835567756,4,64,0.7751862242726573,0.775185345388428,0.6321200555798507,0.6321195172981259,0.775185256285981,112,2
0,retrieval_frozen,adam,9000,46.69492835567756,5,0,0.9908468295631888,0.9908465081018873,0.9999964630670036,0.9999926799324725,0.775182181121765,112,2
0,retrieval_frozen,adam,9000,46.69492835567756,5,64,0.7751847384124883,0.7751822702245463,0.632119145551404,0.6321176338944442,0.775182181121765,112,2
0,retrieval_frozen,adam,9000,46.69492835567756,6,0,0.9908463035065876,0.990845419321692,0.9999902723021206,0.9999798675802647,0.7751738219004415,112,2
0,retrieval_frozen,adam,9000,46.69492835567756,6,64,0.7751806994095265,0.7751739110041317,0.6321166718534325,0.6321125143291586,0.7751738219004415,112,2
0,retrieval_frozen,adam,9000,46.69492835567756,7,0,0.9908448733949654,0.9908424592028363,0.9999734445211959,0.9999450416552172,0.7751510987501798,112,2
0,retrieval_frozen,adam,9000,46.69492835567756,7,64,0.7751697201409968,0.7751511878563399,0.6321099477620743,0.6320985983269519,0.7751510987501798,112,2
0,retrieval_frozen,adam,9000,46.69492835567756,8,0,0.9908409849026609,0.9908344090152309,0.999927705289142,0.999850387233722,0.7750893276413999,112,2
0,retrieval_frozen,adam,9000,46.69492835567756,8,64,0.7751398745071081,0.775089416754271,0.6320916706503541,0.6320607738073453,0.7750893276413999,112,2
0,retrieval_frozen,adam,9000,46.69492835567756,9,0,0.9908304071536046,0.9908124986085148,0.9998033984228734,0.9995931803777541,0.7749213928674878,112,2
0,retrieval_frozen,adam,9000,46.69492835567756,9,64,0.7750587391074372,0.7749214819985764,0.6320419946900796,0.6319579789762935,0.7749213928674878,112,2
0,retrieval_frozen,adam,9000,46.69492835567756,10,0,0.9908015966629697,0.9907527347268612,0.9994656838234321,0.9988946879424132,0.7744647257076573,112,2
0,retrieval_frozen,adam,9000,46.69492835567756,10,64,0.7748381418720408,0.7744648148880856,0.6319070085543178,0.6316787225545579,0.7744647257076573,112,2
0,retrieval_frozen,adam,9000,46.69492835567756,11,0,0.9907228578181444,0.9905887564843616,0.9985490557981045,0.9970009125882877,0.7732221058215417,112,2
0,retrieval_frozen,adam,9000,46.69492835567756,11,64,0.7742381408514297,0.7732221951347533,0.6315404259836256,0.6309208706555383,0.7732221058215417,112,2
0,retrieval_frozen,adam,9000,46.69492835567756,12,0,0.9905056667534989,0.9901316262597937,0.9960675137707017,0.9918892003161227,0.7698351191129134,112,2
0,retrieval_frozen,adam,9000,46.69492835567756,12,64,0.7726045762165753,0.7698352087771879,0.6305465127661604,0.6288699756038008,0.7698351191129134,112,2
0,retrieval_frozen,adam,9000,46.69492835567756,13,0,0.9898914490470371,0.9888020977978789,0.9893956702828327,0.9782553798339632,0.7605641564062678,112,2
0,retrieval_frozen,adam,9000,46.69492835567756,13,64,0.7681456234826892,0.760564246951672,0.6278635384953952,0.6233618574190094,0.7605641564062678,112,2
0,retrieval_frozen,adam,9000,46.69492835567756,14,0,0.9880355180104241,0.9844902433334386,0.9717844472269118,0.9430207165895284,0.7349646174761655,112,2
0,retrieval_frozen,adam,9000,46.69492835567756,14,64,0.7559024749080064,0.7349647098765978,0.6207058601794658,0.6088655212053837,0.7349646174761655,112,2
0,retrieval_frozen,adam,9000,46.69492835567756,15,0,0.9814097497374027,0.9665206393776233,0.9274339657051225,0.8589261058292643,0.6639168118401464,112,2
0,retrieval_frozen,adam,9000,46.69492835567756,15,64,0.721994556798345,0.6639169054718461,0.6021893195774944,0.5726651311288454,0.6639168118401464,112,2
0,retrieval_frozen,adam,9000,46.69492835567756,16,0,0.948371990455428,0.857255047341977,0.8274415901088482,0.6913415253321241,0.48358605599885834,112,2
0,retrieval_frozen,adam,9000,46.69492835567756,16,64,0.6300749311076083,0.48358613366084463,0.5577882026566178,0.4929897356648458,0.48358605599885834,112,2
0,retrieval_frozen,adam,9000,46.69492835567756,17,0,0.7611602732201147,0.3888730721575954,0.6465623636285172,0.45175020021823614,0.20863918423840305,112,2
0,retrieval_frozen,adam,9000,46.69492835567756,17,64,0.4289688672294609,0.20863921127080698,0.46750404649292665,0.3577063148283924,0.20863918423840305,112,2
0,retrieval_frozen,adam,9000,46.69492835567756,18,0,0.3368358414468506,0.0754998493442773,0.4141445766737203,0.23261538988128364,0.05924619057815857,112,2
0,retrieval_frozen,adam,9000,46.69492835567756,18,64,0.18832199626234877,0.059246193571762557,0.3300409187779554,0.2048794747849188,0.05924619057815857,112,2
0,retrieval_frozen,adam,9000,46.69492835567756,19,0,0.08191094451696726,0.02310037642406843,0.21403138099147423,0.1003265275790734,0.021958681853560653,112,2
0,retrieval_frozen,adam,9000,46.69492835567756,19,64,0.05926805300003486,0.021958682100486467,0.187723206215142,0.09479184931662316,0.021958681853560653,112,2
0,retrieval_frozen,adam,9000,46.69492835567756,20,0,0.023686042832410388,0.01318650385281107,0.093590520470298,0.039407211235323446,0.01307922409659376,112,2
0,retrieval_frozen,adam,9000,46.69492835567756,20,64,0.021988800350525164,0.013079224121105917,0.08786964241125785,0.038523705528525944,0.01307922409659376,112,2
0,retrieval_frozen,adam,9000,46.69492835567756,21,0,0.013115473169162362,0.010506492189907051,0.037128349071387436,0.014867452653855785,0.01049407719557553,112,2
0,retrieval_frozen,adam,9000,46.69492835567756,21,64,0.01297505330857795,0.010494077198462312,0.036158177868379306,0.014739915371970464,0.01049407719557553,112,2
0,retrieval_frozen,adam,9000,46.69492835567756,22,0,0.010453830432005316,0.009634118734423271,0.014074368738587669,0.005521319653074963,0.009632537984520627,112,2
0,retrieval_frozen,adam,9000,46.69492835567756,22,64,0.010438762761612768,0.009632537984890372,0.01393011421571389,0.005503634936148427,0.009632537984520627,112,2
0,retrieval_frozen,adam,9000,46.69492835567756,23,0,0.009611853430227552,0.00932769351883076,0.005236894824348382,0.0020382939179817467,0.009327484436906322,112,2
0,retrieval_frozen,adam,9000,46.69492835567756,23,64,0.009609994527026778,0.009327484436955328,0.005216646265576534,0.0020358788778726167,0.009327484436906322,112,2
0,retrieval_frozen,adam,9000,46.69492835567756,24,0,0.009319145905726479,0.009216885987026578,0.0019347196519706328,0.0007508138115294462,0.009216857930415545,112,2
0,retrieval_frozen,adam,9000,46.69492835567756,24,64,0.009318902986071227,0.009216857930422132,0.0019319414807362398,0.0007504858821081421,0.009216857930415545,112,2
0,retrieval_frozen,adam,9000,46.69492835567756,25,0,0.009213694945392805,0.009176379895465157,0.0007128578797838617,0.0002763401177504031,0.009176376110307622,112,2
0,retrieval_frozen,adam,9000,46.69492835567756,25,64,0.009213662494671867,0.00917637611030851,0.0007124799793280061,0.000276295682908409,0.009176376110307622,112,2
0,retrieval_frozen,adam,9000,46.69492835567756,26,0,0.00917519976224573,0.009161513310343624,0.0002623969693029817,0.00010167760916102968,0.009161512798669679,112,2
0,retrieval_frozen,adam,9000,46.69492835567756,26,64,0.00917519539155966,0.0091615127986698,0.00026234573004413206,0.00010167159284618017,0.009161512798669679,112,2
0,retrieval_frozen,adam,9000,46.69492835567756,27,0,0.009161078326781409,0.009156048900104448,9.655093494993639e-05,3.7407506311695447e-05,0.009156048830886339,112,2
0,retrieval_frozen,adam,9000,46.69492835567756,27,64,0.009161077736318904,0.009156048830886363,9.654399567986454e-05,3.740669195688922e-05,0.009156048830886339,112,2
0,retrieval_frozen,adam,9000,46.69492835567756,28,0,0.00915588876555547,0.009154039291840181,3.5521877286658216e-05,1.3761777929260502e-05,0.009154039282473991,112,2
0,retrieval_frozen,adam,9000,46.69492835567756,28,64,0.00915588868569708,0.009154039282474,3.552093791986843e-05,1.3761667711593142e-05,0.009154039282473991,112,2
0,retrieval_frozen,adam,9000,46.69492835567756,29,0,0.009153980366344112,0.009153300084324452,1.3068143740471783e-05,5.0627192152505e-06,0.009153300083056952,112,2
0,retrieval_frozen,adam,9000,46.69492835567756,29,64,0.00915398035553904,0.009153300083056952,1.306801659911282e-05,5.062704298576234e-06,0.009153300083056952,112,2
0,retrieval_frozen,adam,9000,46.69492835567756,30,0,0.00915327840477745,0.009153028156721544,4.807552220377466e-06,1.8624762761011157e-06,0.009153028156550011,112,2
0,retrieval_frozen,adam,9000,46.69492835567756,30,64,0.009153278403315273,0.009153028156550011,4.80753501307368e-06,1.8624742573320988e-06,0.009153028156550011,112,2
0,retrieval_frozen,adam,9000,46.69492835567756,31,0,0.009153020180982003,0.009152928121722885,1.7686064999319495e-06,6.851675383013191e-07,0.00915292812169967,112,2
0,retrieval_frozen,adam,9000,46.69492835567756,31,64,0.009153020180784125,0.00915292812169967,1.7686041711471467e-06,6.851672650898119e-07,0.00915292812169967,112,2
0,retrieval_frozen,adam,9000,46.69492835567756,32,0,0.009152925187574396,0.009152891321116756,6.506349013777816e-07,2.5205916026804884e-07,0.009152891321113615,112,2
0,retrieval_frozen,adam,9000,46.69492835567756,32,64,0.009152925187547617,0.009152891321113615,6.506345862095628e-07,2.5205912329285057e-07,0.009152891321113615,112,2
0,retrieval_frozen,adam,10000,49.26842521616799,1,0,0.992909209983696,0.9929092099836959,1.0,1.0,0.7868158508401529,112,2
0,retrieval_frozen,adam,10000,49.26842521616799,1,64,0.7868158654636728,0.7868158654636727,0.6321205588285578,0.6321205588285577,0.7868158508401529,112,2
0,retrieval_frozen,adam,10000,49.26842521616799,2,0,0.9929092087940431,0.9929092073441894,0.9999999829038958,0.9999999620685381,0.7868158257128238,112,2
0,retrieval_frozen,adam,10000,49.26842521616799,2,64,0.7868158541385247,0.7868158403363442,0.6321205519973577,0.6321205436720404,0.7868158257128238,112,2
0,retrieval_frozen,adam,10000,49.26842521616799,3,0,0.9929092055602301,0.9929092001692633,0.9999999364318699,0.9999998589601492,0.7868157574096569,112,2
0,retrieval_frozen,adam,10000,49.26842521616799,3,64,0.7868158233535796,0.7868157720331788,0.6321205334282322,0.6321205024723587,0.7868157574096569,112,2
0,retrieval_frozen,adam,10000,49.26842521616799,4,0,0.9929091967698085,0.9929091806657631,0.9999998101078331,0.9999995786825967,0.7868155717423639,112,2
0,retrieval_frozen,adam,10000,49.26842521616799,4,64,0.7868157396714136,0.78681558636589,0.6321204829521224,0.63212039048004,0.7868155717423639,112,2
0,retrieval_frozen,adam,10000,49.26842521616799,5,0,0.9929091728749105,0.9929091276495383,0.9999994667236997,0.9999988168100131,0.7868150670460723,112,2
0,retrieval_frozen,adam,10000,49.26842521616799,5,64,0.7868155121996365,0.7868150816696093,0.6321203457438812,0.6321200860535553,0.7868150670460723,112,2
0,retrieval_frozen,adam,10000,49.26842521616799,6,0,0.9929091079214467,0.9929089835349179,0.9999985333103254,0.9999967458314797,0.7868136951373678,112,2
0,retrieval_frozen,adam,10000,49.26842521616799,6,64,0.7868148938667484,0.7868137097609352,0.6321199727735847,0.6321192585380558,0.7868136951373678,112,2
0,retrieval_frozen,adam,10000,49.26842521616799,7,0,0.9929089313566879,0.9929085917790842,0.9999959960406178,0.9999911163715149,0.7868099658884908,112,2
0,retrieval_frozen,adam,10000,49.26842521616799,7,64,0.7868132130600787,0.7868099805121407,0.6321189589379598,0.63211700912866,0.7868099658884908,112,2
0,retrieval_frozen,adam,10000,49.26842521616799,8,0,0.9929084513821997,0.9929075267900141,0.9999890991070607,0.9999758142330949,0.7867998286328206,112,2
0,retrieval_frozen,adam,10000,49.26842521616799,8,64,0.7868086441271289,0.7867998432566945,0.6321162030673578,0.6321108946808787,0.7867998286328206,112,2
0,retrieval_frozen,adam,10000,49.26842521616799,9,0,0.9929071465158257,0.9929046312117886,0.9999703518933122,0.9999342210749017,0.7867722719302208,112,2
0,retrieval_frozen,adam,10000,49.26842521616799,9,64,0.786796224282282,0.7867722865547034,0.6321087119847716,0.632094274486365,0.7867722719302208,112,2
0,retrieval_frozen,adam,10000,49.26842521616799,10,0,0.9929035983355021,0.9928967555000386,0.9999193960818852,0.9998211766328451,0.7866973592500103,112,2
0,retrieval_frozen,adam,10000,49.26842521616799,10,64,0.7867624621852108,0.7866973738761472,0.6320883502222853,0.6320491005301986,0.7866973592500103,112,2
0,retrieval_frozen,adam,10000,49.26842521616799,11,0,0.9928939446150046,0.9928753122348543,0.9997809163205754,0.9995140191111428,0.7864936826851318,112,2
0,retrieval_frozen,adam,10000,49.26842521616799,11,64,0.7866706765200497,0.7864936973157594,0.6320330094223529,0.6319263376107538,0.7864936826851318,112,2
0,retrieval_frozen,adam,10000,49.26842521616799,12,0,0.9928676382125694,0.9928167652343627,0.9994047292119868,0.99868003136048,0.785939717054427,112,2
0,retrieval_frozen,adam,10000,49.26842521616799,12,64,0.7864210977697431,0.7859397316972176,0.6318826381570682,0.631592874272298,0.785939717054427,112,2
0,retrieval_frozen,adam,10000,49.26842521616799,13,0,0.9927956487826032,0.9926556988998684,0.9983839153979621,0.996420035127301,0.7844315691604251,112,2
0,retrieval_frozen,adam,10000,49.26842521616799,13,64,0.785742088122435,0.7844315838359522,0.6314743340142585,0.6306882029431764,0.7844315691604251,112,2
0,retrieval_frozen,adam,10000,49.26842521616799,14,0,0.992596367416067,0.9922034627942179,0.9956220466411215,0.9903281046962947,0.7803152437659738,112,2
0,retrieval_frozen,adam,10000,49.26842521616799,14,64,0.783892086824028,0.7803152585280745,0.6303677410604945,0.6282420977942781,0.7803152437659738,112,2
0,retrieval_frozen,adam,10000,49.26842521616799,15,0,0.9920273384865819,0.9908629500280945,0.9882089493095056,0.97413881428623,0.7690089483487694,112,2
0,retrieval_frozen,adam,10000,49.26842521616799,15,64,0.7788328919852354,0.7690089633281997,0.6273837898657043,0.6216877840001871,0.7690089483487694,112,2
0,retrieval_frozen,adam,10000,49.26842521616799,16,0,0.990262869638123,0.986300478850805,0.9687262735805336,0.9326928874172573,0.7375501062045465,112,2
0,retrieval_frozen,adam,10000,49.26842521616799,16,64,0.7648789190249091,0.7375501216399137,0.6194456334437906,0.6045433894122632,0.7375501062045465,112,2
0,retrieval_frozen,adam,10000,49.26842521616799,17,0,0.9835343502379065,0.9651416696745417,0.920181633317967,0.8360065377645368,0.6494446390271541,112,2
0,retrieval_frozen,adam,10000,49.26842521616799,17,64,0.7259165670389554,0.6494446547376945,0.5990563995886408,0.5623855400624037,0.6494446390271541,112,2
0,retrieval_frozen,adam,10000,49.26842521616799,18,0,0.9456180300795075,0.8182431837429153,0.8131493057972249,0.6522195389080658,0.4331149393567299,112,2
0,retrieval_frozen,adam,10000,49.26842521616799,18,64,0.6203864121055567,0.4331149513301509,0.5509549587961983,0.47276791201196916,0.4331149393567299,112,2
0,retrieval_frozen,adam,10000,49.26842521616799,19,0,0.7292630521633885,0.2876563373895274,0.6263602061707293,0.40825345220395426,0.156904235009234,112,2
0,retrieval_frozen,adam,10000,49.26842521616799,19,64,0.4018473546585984,0.15690423815002483,0.45604378087834385,0.32987672234105603,0.156904235009234,112,2
0,retrieval_frozen,adam,10000,49.26842521616799,20,0,0.30389892772081745,0.05015828213292503,0.3957507670855784,0.20242761393109926,0.0410136089755357,112,2
0,retrieval_frozen,adam,10000,49.26842521616799,20,64,0.16585380787714168,0.04101360925696508,0.31719742539024426,0.18109334130376933,0.0410136089755357,112,2
0,retrieval_frozen,adam,10000,49.26842521616799,21,0,0.07043518116474413,0.01633759258981458,0.20295645377289143,0.0853961315015757,0.01570765147906862,112,2
0,retrieval_frozen,adam,10000,49.26842521616799,21,64,0.049317607322319414,0.015707651501394405,0.17849164167763026,0.08135300438170248,0.01570765147906862,112,2
0,retrieval_frozen,adam,10000,49.26842521616799,22,0,0.01890866899824604,0.009818456990414996,0.08852554511907318,0.03320807455746432,0.009758140983594888,112,2
0,retrieval_frozen,adam,10000,49.26842521616799,22,64,0.017425037164583653,0.009758140985832551,0.08317485185945207,0.032578452762948226,0.009758140983594888,112,2
0,retrieval_frozen,adam,10000,49.26842521616799,23,0,0.01020814192556334,0.008014080937857385,0.035101844761147284,0.012478510643922247,0.008007014887455094,112,2
0,retrieval_frozen,adam,10000,49.26842521616799,23,64,0.010093437935182756,0.008007014887721072,0.034188638868817574,0.01238854253893829,0.008007014887455094,112,2
0,retrieval_frozen,adam,10000,49.26842521616799,24,0,0.008103519709812799,0.007420138052905526,0.013305480650392524,0.0046270856171574315,0.00741923352320112,112,2
0,retrieval_frozen,adam,10000,49.26842521616799,24,64,0.008091598520138767,0.007419233523235336,0.013169208279014842,0.004614659004738408,0.00741923352320112,112,2
0,retrieval_frozen,adam,10000,49.26842521616799,25,0,0.0074468381316282264,0.007210581241357051,0.00495082401439697,0.0017072030280538696,0.007210461350129588,112,2
0,retrieval_frozen,adam,10000,49.26842521616799,25,64,0.007445385650306317,0.007210461350134133,0.004931666057741177,0.0017055085159810354,0.007210461350129588,112,2
0,retrieval_frozen,adam,10000,49.26842521616799,26,0,0.007219617290804483,0.00713467475849982,0.0018290433435184394,0.0006287233878685506,0.007134658657646225,112,2
0,retrieval_frozen,adam,10000,49.26842521616799,26,64,0.007219428364647834,0.007134658657646836,0.001826413201383051,0.0006284934206384186,0.007134658657646225,112,2
0,retrieval_frozen,adam,10000,49.26842521616799,27,0,0.007137895118163052,0.0071069094757900495,0.0006739225458625723,0.00023138636822661382,0.0071069073029649005,112,2
0,retrieval_frozen,adam,10000,49.26842521616799,27,64,0.007137869923663262,0.007106907302964983,0.0006735646987791516,0.00023135521359193375,0.0071069073029649005,112,2
0,retrieval_frozen,adam,10000,49.26842521616799,28,0,0.007108080258736536,0.007096716676238121,0.00024806544547046147,8.513473999207547e-05,0.007096716382485992,112,2
0,retrieval_frozen,adam,10000,49.26842521616799,28,64,0.007108076867520873,0.007096716382485999,0.0002480169210942333,8.513052207814393e-05,0.007096716382485992,112,2
0,retrieval_frozen,adam,10000,49.26842521616799,29,0,0.007097145505595477,0.0070929698583788395,9.127757706597205e-05,3.132100612560484e-05,0.007092969818639127,112,2
0,retrieval_frozen,adam,10000,49.26842521616799,29,64,0.0070971450475625685,0.007092969818639127,9.127100526218754e-05,3.132043521370497e-05,0.007092969818639127,112,2
0,retrieval_frozen,adam,10000,49.26842521616799,30,0,0.007093127362093808,0.007091591873917706,3.3581770499349066e-05,1.1522582362006916e-05,0.007091591868540282,112,2
0,retrieval_frozen,adam,10000,49.26842521616799,30,64,0.007093127300151468,0.007091591868540282,3.3580880866036105e-05,1.1522505093533395e-05,0.007091591868540282,112,2
0,retrieval_frozen,adam,10000,49.26842521616799,31,0,0.007091649781965556,0.007091084994916168,1.235439846717986e-05,4.238952035276812e-06,0.007091084994188456,112,2
0,retrieval_frozen,adam,10000,49.26842521616799,31,64,0.007091649773584845,0.007091084994188456,1.2354278056630517e-05,4.238941577929404e-06,0.007091084994188456,112,2
0,retrieval_frozen,adam,10000,49.26842521616799,32,0,0.007091106293451075,0.007090898531745303,4.544977318616614e-06,1.5594274844208363e-06,0.007090898531646819,112,2
0,retrieval_frozen,adam,10000,49.26842521616799,32,64,0.007091106292316982,0.007090898531646819,4.544961022234594e-06,1.5594260691629707e-06,0.007090898531646819,112,2
0,retrieval_frozen,adam,11000,51.67194035252699,1,0,0.9944156874618254,0.9944156874618254,1.0,1.0,0.7972749081959029,112,2
0,retrieval_frozen,adam,11000,51.67194035252699,1,64,0.7972749106643983,0.7972749106643984,0.6321205588285578,0.6321205588285577,0.7972749081959029,112,2
0,retrieval_frozen,adam,11000,51.67194035252699,2,0,0.9944156873079754,0.9944156870971143,0.9999999973268968,0.9999999936632342,0.7972749039543318,112,2
0,retrieval_frozen,adam,11000,51.67194035252699,2,64,0.797274908875133,0.7972749064228273,0.6321205577604488,0.6321205562965356,0.7972749039543318,112,2
0,retrieval_frozen,adam,11000,51.67194035252699,3,0,0.9944156868897683,0.9944156861057266,0.9999999900606495,0.9999999764381197,0.7972748924245461,112,2
0,retrieval_frozen,adam,11000,51.67194035252699,3,64,0.7972749040114049,0.7972748948930417,0.6321205548570278,0.6321205494137861,0.7972748924245461,112,2
0,retrieval_frozen,adam,11000,51.67194035252699,4,0,0.9944156857529629,0.9944156834108546,0.999999970308942,0.9999999296154064,0.7972748610833379,112,2
0,retrieval_frozen,adam,11000,51.67194035252699,4,64,0.797274890790421,0.7972748635518336,0.6321205469647114,0.6321205307045342,0.7972748610833379,112,2
0,retrieval_frozen,adam,11000,51.67194035252699,5,0,0.9944156826628044,0.994415676085428,0.9999999166182393,0.9999998023380976,0.7972747758890925,112,2
0,retrieval_frozen,adam,11000,51.67194035252699,5,64,0.7972748548520591,0.7972747783575884,0.6321205255111725,0.6321204798475204,0.7972747758890925,112,2
0,retrieval_frozen,adam,11000,51.67194035252699,6,0,0.9944156742628738,0.994415656172815,0.9999997706718152,0.9999994563626664,0.7972745443070572,112,2
0,retrieval_frozen,adam,11000,51.67194035252699,6,64,0.7972747571614477,0.7972745467755543,0.632120467194417,0.632120341603865,0.7972745443070572,112,2
0,retrieval_frozen,adam,11000,51.67194035252699,7,0,0.9944156514294293,0.9944156020444335,0.9999993739485795,0.999998515905148,0.797273914801334,112,2
0,retrieval_frozen,adam,11000,51.67194035252699,7,64,0.7972744916107228,0.7972739172698341,0.6321203086731103,0.6321199658189544,0.797273914801334,112,2
0,retrieval_frozen,adam,11000,51.67194035252699,8,0,0.994415589361207,0.9944154549061162,0.9999982955450619,0.999995959485505,0.7972722036237818,112,2
0,retrieval_frozen,adam,11000,51.67194035252699,8,64,0.7972737697681931,0.7972722060922893,0.632119877768039,0.6321189443319182,0.7972722036237818,112,2
0,retrieval_frozen,adam,11000,51.67194035252699,9,0,0.9944154206386988,0.9944150549270214,0.9999953641554872,0.9999890104824972,0.7972675521344526,112,2
0,retrieval_frozen,adam,11000,51.67194035252699,9,64,0.7972718075907032,0.7972675546029806,0.632118706450431,0.6321161676589537,0.7972675521344526,112,2
0,retrieval_frozen,adam,11000,51.67194035252699,10,0,0.9944149619768652,0.9944139675552474,0.9999873959241258,0.9999701216219579,0.7972549078798522,112,2
0,retrieval_frozen,adam,11000,51.67194035252699,10,64,0.7972664737945223,0.7972549103484362,0.632115522507263,0.6321086200025677,0.7972549078798522,112,2
0,retrieval_frozen,adam,11000,51.67194035252699,11,0,0.9944137150088672,0.9944110109160239,0.9999657368505719,0.9999187799816356,0.797220535786641,112,2
0,retrieval_frozen,adam,11000,51.67194035252699,11,64,0.797251974702541,0.7972205382553766,0.6321068678607814,0.6320881042562232,0.797220535786641,112,2
0,retrieval_frozen,adam,11000,51.67194035252699,12,0,0.9944103239507394,0.9944029676075834,0.9999068674793591,0.9997792455733616,0.7971270920719278,112,2
0,retrieval_frozen,adam,11000,51.67194035252699,12,64,0.7972125596409739,0.7971270945410759,0.6320833436320811,0.632032343405216,0.7971270920719278,112,2
0,retrieval_frozen,adam,11000,51.67194035252699,13,0,0.994401095394346,0.9943810568052981,0.9997468889558944,0.9994001484566297,0.7968730068979628,112,2
0,retrieval_frozen,adam,11000,51.67194035252699,13,64,0.797105400353559,0.7968730093682306,0.6320194095219287,0.6318808194037571,0.7968730068979628,112,2
0,retrieval_frozen,adam,11000,51.67194035252699,14,0,0.9943759303242621,0.9943211500431194,0.9993123545534824,0.9983711070500133,0.796181750982924,112,2
0,retrieval_frozen,adam,11000,51.67194035252699,14,64,0.7968139781378697,0.7961817534562233,0.631845702576358,0.6314693013891093,0.796181750982924,112,2
0,retrieval_frozen,adam,11000,51.67194035252699,15,0,0.9943069358419755,0.994155721275362,0.9981336163646155,0.9955845619520336,0.7942984635831257,112,2
0,retrieval_frozen,adam,11000,51.67194035252699,15,64,0.796020831973955,0.7942984660645803,0.631374137638332,0.6303533834756738,0.7942984635831257,112,2
0,retrieval_frozen,adam,11000,51.67194035252699,16,0,0.994114976120632,0.9936865091755656,0.9949474348731038,0.9880879649721032,0.7891483461695007,112,2
0,retrieval_frozen,adam,11000,51.67194035252699,16,64,0.7938577047131561,0.7891483486724862,0.6300968473708997,0.6273398407163517,0.7891483461695007,112,2
0,retrieval_frozen,adam,11000,51.67194035252699,17,0,0.9935592794958354,0.9922580042095309,0.9864165996597082,0.9682691990192647,0.7749346370416798,112,2
0,retrieval_frozen,adam,11000,51.67194035252699,17,64,0.7879269914305083,0.7749346395983899,0.62665805536381,0.6192919295834332,0.7749346370416798,112,2
0,retrieval_frozen,adam,11000,51.67194035252699,18,0,0.9917715577372579,0.9870605757893528,0.9641394018390999,0.9182063268275124,0.7349925409450039,112,2
0,retrieval_frozen,adam,11000,51.67194035252699,18,64,0.7714715563374794,0.7349925436110991,0.617547922812541,0.5984237945466357,0.7349925409450039,112,2
0,retrieval_frozen,adam,11000,51.67194035252699,19,0,0.9842993191205037,0.9593694365909775,0.9094755408763114,0.8050595622448454,0.6223793969444767,112,2
0,retrieval_frozen,adam,11000,51.67194035252699,19,64,0.7251072994241247,0.6223793996442084,0.5943908100659235,0.5482092996725395,0.6223793969444767,112,2
0,retrieval_frozen,adam,11000,51.67194035252699,20,0,0.9358312939168822,0.7442412417626426,0.7926433389032991,0.6030577576003098,0.36455849499120346,112,2
0,retrieval_frozen,adam,11000,51.67194035252699,20,64,0.6010167198544555,0.3645584967555707,0.5410074869240821,0.4463901760082148,0.36455849499120346,112,2
0,retrieval_frozen,adam,11000,51.67194035252699,21,0,0.6790167448941833,0.18750319866556706,0.5982963501955135,0.35852362167976404,0.10834135057790116,112,2
0,retrieval_frozen,adam,11000,51.67194035252699,21,64,0.36527815391659846,0.10834135090279579,0.4398999689543352,0.29663087804613036,0.10834135057790116,112,2
0,retrieval_frozen,adam,11000,51.67194035252699,22,0,0.26303587676934453,0.03184193042709774,0.3705589727458941,0.1705438475576975,0.027272951915962868,112,2
0,retrieval_frozen,adam,11000,51.67194035252699,22,64,0.14094134184194332,0.02727295194037002,0.29955334046712967,0.15514528309031922,0.027272951915962868,112,2
0,retrieval_frozen,adam,11000,51.67194035252699,23,0,0.05824259841986425,0.011505408957149778,0.18759787014087026,0.07032041664570035,0.011184040754762837,112,2
0,retrieval_frozen,adam,11000,51.67194035252699,23,64,0.03979907790591348,0.011184040756691934,0.16579648799269645,0.06755570972958254,0.011184040754762837,112,2
0,retrieval_frozen,adam,11000,51.67194035252699,24,0,0.014833872561997887,0.007379808189708442,0.08133819239572185,0.027072850331650865,0.007347993677712576,112,2
0,retrieval_frozen,adam,11000,51.67194035252699,24,64,0.013627544356263361,0.007347993677910627,0.07658197437995987,0.02665291320713024,0.007347993677712576,112,2
0,retrieval_frozen,adam,11000,51.67194035252699,25,0,0.00796695042864425,0.006198857538367918,0.03217767756377139,0.010132953374784353,0.006195065725511239,112,2
0,retrieval_frozen,adam,11000,51.67194035252699,25,64,0.007878925625959645,0.0061950657255351186,0.03136502143278573,0.010073548222054392,0.006195065725511239,112,2
0,retrieval_frozen,adam,11000,51.67194035252699,26,0,0.00635341436812759,0.005804447224014219,0.012186806171388962,0.0037517360250766832,0.005803958367845683,112,2
0,retrieval_frozen,adam,11000,51.67194035252699,26,64,0.006344491965638077,0.005803958367848774,0.012065415024141159,0.003743562245254874,0.005803958367845683,112,2
0,retrieval_frozen,adam,11000,51.67194035252699,27,0,0.005854184732198183,0.0056645048320248985,0.0045331880515044635,0.0013834675139691975,0.005664439859448823,112,2
0,retrieval_frozen,adam,11000,51.67194035252699,27,64,0.0058531078216773795,0.005664439859449229,0.004516113837880033,0.0013823545169419909,0.005664439859448823,112,2
0,retrieval_frozen,adam,11000,51.67194035252699,28,0,0.0056818954632159935,0.005613707297084463,0.001674563145899703,0.0005093947309089252,0.005613698562666079,112,2
0,retrieval_frozen,adam,11000,51.67194035252699,28,64,0.005681755873011471,0.005613698562666134,0.0016722186113525361,0.0005092437626072624,0.005613698562666079,112,2
0,retrieval_frozen,adam,11000,51.67194035252699,29,0,0.005619985012079572,0.0055951119080657275,0.0006169779359124413,0.0001874562096321492,0.0055951107289035655,112,2
0,retrieval_frozen,adam,11000,51.67194035252699,29,64,0.005619966420544896,0.005595110728903571,0.0006166589234796106,0.00018743576130011137,0.0055951107289035655,112,2
0,retrieval_frozen,adam,11000,51.67194035252699,30,0,0.005597405255381234,0.005588283462918255,0.00022710115679405767,6.896945817426555e-05,0.005588283303480886,112,2
0,retrieval_frozen,adam,11000,51.67194035252699,30,64,0.005597402754105972,0.005588283303480891,0.00022705789721640893,6.896668994663326e-05,0.005588283303480886,112,2
0,retrieval_frozen,adam,11000,51.67194035252699,31,0,0.005589124966842683,0.005585773097091241,8.356314157715561e-05,2.5373551942101624e-05,0.005585773075520945,112,2
0,retrieval_frozen,adam,11000,51.67194035252699,31,64,0.0055891246290673356,0.005585773075520945,8.355728274028562e-05,2.537317726105662e-05,0.005585773075520945,112,2
0,retrieval_frozen,adam,11000,51.67194035252699,32,0,0.0055860823755558885,0.005584849812229783,3.074350334836407e-05,9.334557827309974e-06,0.005584849809310917,112,2
0,retrieval_frozen,adam,11000,51.67194035252699,32,64,0.00558608232987954,0.005584849809310917,3.0742710227244507e-05,9.334507117644634e-06,0.005584849809310917,112,2
0,retrieval_frozen,adam,12000,53.929567147825715,1,0,0.9955392012564346,0.9955392012564346,1.0,1.0,0.8067461594293435,112,2
0,retrieval_frozen,adam,12000,53.929567147825715,1,64,0.8067461598578519,0.806746159857852,0.6321205588285578,0.6321205588285577,0.8067461594293435,112,2
0,retrieval_frozen,adam,12000,53.929567147825715,2,0,0.9955392012356459,0.9955392012039466,0.9999999995671942,0.9999999989072372,0.8067461586930449,112,2
0,retrieval_frozen,adam,12000,53.929567147825715,2,64,0.8067461595662294,0.8067461591215535,0.6321205586556186,0.6321205583919155,0.8067461586930449,112,2
0,retrieval_frozen,adam,12000,53.929567147825715,3,0,0.9955392011791364,0.9955392010612695,0.9999999983907059,0.9999999959368,0.8067461566915777,112,2
0,retrieval_frozen,adam,12000,53.929567147825715,3,64,0.8067461587735171,0.8067461571200865,0.6321205581855216,0.6321205572049988,0.8067461566915777,112,2
0,retrieval_frozen,adam,12000,53.929567147825715,4,0,0.9955392010255275,0.9955392006734326,0.9999999951926791,0.9999999878623146,0.8067461512510261,112,2
0,retrieval_frozen,adam,12000,53.929567147825715,4,64,0.8067461566187012,0.8067461516795347,0.6321205569076657,0.632120553978625,0.8067461512510261,112,2
0,retrieval_frozen,adam,12000,53.929567147825715,5,0,0.9955392006079753,0.9955391996191826,0.9999999864995412,0.9999999659135883,0.8067461364620732,112,2
0,retrieval_frozen,adam,12000,53.929567147825715,5,64,0.8067461507613041,0.8067461368905819,0.6321205534340929,0.6321205452084319,0.8067461364620732,112,2
0,retrieval_frozen,adam,12000,53.929567147825715,6,0,0.9955391994729502,0.9955391967534327,0.9999999628691434,0.9999999062507693,0.806746096261529,112,2
0,retrieval_frozen,adam,12000,53.929567147825715,6,64,0.806746134839248,0.8067460966900377,0.6321205439919434,0.6321205213685762,0.806746096261529,112,2
0,retrieval_frozen,adam,12000,53.929567147825715,7,0,0.9955391963876313,0.9955391889635098,0.9999998986350701,0.9999997440704487,0.8067459869851035,112,2
0,retrieval_frozen,adam,12000,53.929567147825715,7,64,0.8067460915586088,0.8067459874136124,0.6321205183255219,0.632120456565139,0.8067459869851035,112,2
0,retrieval_frozen,adam,12000,53.929567147825715,8,0,0.9955391880008528,0.9955391677882482,0.9999997240288117,0.9999993032188957,0.8067456899408575,112,2
0,retrieval_frozen,adam,12000,53.929567147825715,8,64,0.8067459739096073,0.8067456903693665,0.6321204485569686,0.6321202804112005,0.8067456899408575,112,2
0,retrieval_frozen,adam,12000,53.929567147825715,9,0,0.995539165203139,0.9955391102275077,0.9999992494002037,0.9999981048620952,0.8067448824899631,112,2
0,retrieval_frozen,adam,12000,53.929567147825715,9,64,0.8067456541062725,0.8067448829184729,0.6321202589064819,0.6321198015756465,0.8067448824899631,112,2
0,retrieval_frozen,adam,12000,53.929567147825715,10,0,0.9955391032318909,0.9955389537581535,0.9999979592289249,0.9999948474050947,0.8067426876040867,112,2
0,retrieval_frozen,adam,12000,53.929567147825715,10,64,0.806744784789257,0.8067426880325984,0.6321197433837786,0.6321184999693276,0.8067426876040867,112,2
0,retrieval_frozen,adam,12000,53.929567147825715,11,0,0.9955389347718676,0.9955385284078908,0.9999944522022537,0.9999859928261716,0.8067367212355744,112,2
0,retrieval_frozen,adam,12000,53.929567147825715,11,64,0.8067424217301095,0.8067367216640913,0.6321183420534583,0.6321149618636117,0.8067367212355744,112,2
0,retrieval_frozen,adam,12000,53.929567147825715,12,0,0.9955384768152727,0.9955373720200297,0.9999849192814254,0.999961924377623,0.8067205025941518,112,2
0,retrieval_frozen,adam,12000,53.929567147825715,12,64,0.8067359981917746,0.8067205030226832,0.6321145328846524,0.6321053444952957,0.8067205025941518,112,2
0,retrieval_frozen,adam,12000,53.929567147825715,13,0,0.9955372317031959,0.9955342274052906,0.9999590073427908,0.9998965054060746,0.806676413020044,112,2
0,retrieval_frozen,adam,12000,53.929567147825715,13,64,0.8067185366309509,0.8066764134486141,0.6321041788001897,0.6320792032566522,0.806676413020044,112,2
0,retrieval_frozen,adam,12000,53.929567147825715,14,0,0.9955338452380786,0.9955256703874075,0.9998885804543808,0.99971872145422,0.8065565449249811,112,2
0,retrieval_frozen,adam,12000,53.929567147825715,14,64,0.8066710669525001,0.8065565453536567,0.6320760357700418,0.6320081549284136,0.8065565449249811,112,2
0,retrieval_frozen,adam,12000,53.929567147825715,15,0,0.9955246258213825,0.9955023428880391,0.999697207262881,0.9992357739112047,0.8062305605186594,112,2
0,retrieval_frozen,adam,12000,53.929567147825715,15,64,0.8065419997185208,0.8062305609476218,0.6319995519948124,0.631815106242651,0.8062305605186594,112,2
0,retrieval_frozen,adam,12000,53.929567147825715,16,0,0.9954994607505532,0.995438434186747,0.9991774949846549,0.9979253413703459,0.805343344404379,112,2
0,retrieval_frozen,adam,12000,53.929567147825715,16,64,0.8061909280063315,0.8053433448341174,0.6317917724032505,0.6312909410157984,0.805343344404379,112,2
0,retrieval_frozen,adam,12000,53.929567147825715,17,0,0.9954302801485524,0.9952609907129203,0.9977684080843036,0.9943805246391453,0.8029235915354827,112,2
0,retrieval_frozen,adam,12000,53.929567147825715,17,64,0.8052349214909663,0.802923591967306,0.6312278895344966,0.6298704975610239,0.8029235915354827,112,2
0,retrieval_frozen,adam,12000,53.929567147825715,18,0,0.9952363876539995,0.9947502966867783,0.993964740786718,0.984870766663632,0.7962879324622062,112,2
0,retrieval_frozen,adam,12000,53.929567147825715,18,64,0.8026238911984596,0.7962879328995146,0.6297018593188801,0.6260414394629639,0.7962879324622062,112,2
0,retrieval_frozen,adam,12000,53.929567147825715,19,0,0.9946638218682319,0.9931349075702366,0.983817181990345,0.959916501041817,0.7778497799737539,112,2
0,retrieval_frozen,adam,12000,53.929567147825715,19,64,0.7954390596020575,0.7778497804245783,0.6256028546415001,0.6158644273688063,0.7778497799737539,112,2
0,retrieval_frozen,adam,12000,53.929567147825715,20,0,0.992721099230601,0.9866843643164317,0.9575604760381397,0.898062660758771,0.7253762959375729,112,2
0,retrieval_frozen,adam,12000,53.929567147825715,20,64,0.7753438044512827,0.7253762964142325,0.6148088378553054,0.5898018235590641,0.7253762959375729,112,2
0,retrieval_frozen,adam,12000,53.929567147825715,21,0,0.9834947356234096,0.9457119778816507,0.8944968848547015,0.7642064853128385,0.5776573505177439,112,2
0,retrieval_frozen,adam,12000,53.929567147825715,21,64,0.718218936521466,0.5776573509872766,0.5877736832534429,0.5289539973336075,0.5776573505177439,112,2
0,retrieval_frozen,adam,12000,53.929567147825715,22,0,0.9149730399467657,0.616414637074951,0.765186118144377,0.5438573840212991,0.28093015424796536,112,2
0,retrieval_frozen,adam,12000,53.929567147825715,22,64,0.570106320248453,0.2809301544850942,0.5273868637590671,0.41310466441737204,0.28093015424796536,112,2
0,retrieval_frozen,adam,12000,53.929567147825715,23,0,0.6109127734935574,0.10810055814182169,0.5626478630946602,0.3048901241771453,0.06867349736996876,112,2
0,retrieval_frozen,adam,12000,53.929567147825715,23,64,0.3208102057116677,0.06867349739946699,0.41889933114101946,0.25894346714701444,0.06867349736996876,112,2
0,retrieval_frozen,adam,12000,53.929567147825715,24,0,0.21845167193172857,0.0197396463412363,0.33976062905938503,0.13894042330677522,0.017677753137423965,112,2
0,retrieval_frozen,adam,12000,53.929567147825715,24,64,0.11535635983508016,0.017677753139397734,0.27766649644169694,0.12854616854792153,0.017677753137423965,112,2
0,retrieval_frozen,adam,12000,53.929567147825715,25,0,0.04611933078818959,0.008147281475479615,0.16907051167049827,0.05603468944143908,0.007994058663844821,112,2
0,retrieval_frozen,adam,12000,53.929567147825715,25,64,0.03106252713321735,0.007994058664005444,0.15043066137275324,0.054265057930307184,0.007994058663844821,112,2
0,retrieval_frozen,adam,12000,53.929567147825715,26,0,0.011409634603335939,0.005614290544609511,0.07265432681435036,0.021370985042918688,0.005598460216627484,112,2
0,retrieval_frozen,adam,12000,53.929567147825715,26,64,0.010503352523367942,0.005598460216644547,0.06862903168149322,0.0211084504738599,0.005598460216627484,112,2
0,retrieval_frozen,adam,12000,53.929567147825715,27,0,0.00622933414080175,0.004860420391843821,0.028630609232759032,0.007969607777143983,0.004858495947727386,112,2
0,retrieval_frozen,adam,12000,53.929567147825715,27,64,0.0061660540783685614,0.004858495947729482,0.02794569025995202,0.007932814383789889,0.004858495947727386,112,2
0,retrieval_frozen,adam,12000,53.929567147825715,28,0,0.005030671193284532,0.00460459462862359,0.010826646322333808,0.002946699599920839,0.00460434455281215,112,2
0,retrieval_frozen,adam,12000,53.929567147825715,28,64,0.005024358049479795,0.004604344552812423,0.01072450514400757,0.0029416549249165463,0.00460434455281215,112,2
0,retrieval_frozen,adam,12000,53.929567147825715,29,0,0.0046607098055242765,0.004513269296167432,0.004024878272047173,0.0010860531601034145,0.004513235959538373,112,2
0,retrieval_frozen,adam,12000,53.929567147825715,29,64,0.004659952020480769,0.004513235959538413,0.004010520809682431,0.001085367145505155,0.004513235959538373,112,2
0,retrieval_frozen,adam,12000,53.929567147825715,30,0,0.004533081032732909,0.004480043836192862,0.0014864680708964084,0.00039981110655486885,0.004480039349674109,112,2
0,retrieval_frozen,adam,12000,53.929567147825715,30,64,0.004532983000687047,0.004480039349674113,0.001484497057275273,0.0003997180998471431,0.004480039349674109,112,2
0,retrieval_frozen,adam,12000,53.929567147825715,31,0,0.004487222015946606,0.00446787081813192,0.0005476317232865992,0.0001471194677830241,0.004467870212194507,112,2
0,retrieval_frozen,adam,12000,53.929567147825715,31,64,0.004487208968698743,0.004467870212194507,0.0005473635583275562,0.00014710687247739522,0.004467870212194507,112,2
0,retrieval_frozen,adam,12000,53.929567147825715,32,0,0.0044704967355819955,0.0044633993596516885,0.00020156976070640032,5.412726127937375e-05,0.0044633992777090015,112,2
0,retrieval_frozen,adam,12000,53.929567147825715,32,64,0.0044704949806836985,0.0044633992777090015,0.00020153339747572746,5.412555628076516e-05,0.0044633992777090015,112,2
