seed,gate_mode,optimizer,step,S,delta_min,max_row_norm,m,h,w,m_rho,reference_gap,reference_gap_retained,probe,theta,clock_power,coefficient,lag,lower_error,upper_error,log_lower_error,log_upper_error,bound_valid,bound_invalid_reason,lower_bound_method,upper_bound_method
0,learned,sgd,0,0.0,-1.817513499889216e-10,4.655738713312595e-05,0.25,1.0,0.0,0.0006910930088240085,,,fixed,,,,1,0.5,,-0.6931471805599453,,False,nonpositive_matching_gap,infinite_stale_prefix_max_all_pairs,
0,learned,sgd,0,0.0,-1.817513499889216e-10,4.655738713312595e-05,0.25,1.0,0.0,0.0006910930088240085,,,fixed,,,,2,0.5,,-0.6931471805599453,,False,nonpositive_matching_gap,infinite_stale_prefix_max_all_pairs,
0,learned,sgd,0,0.0,-1.817513499889216e-10,4.655738713312595e-05,0.25,1.0,0.0,0.0006910930088240085,,,fixed,,,,3,0.5,,-0.6931471805599453,,False,nonpositive_matching_gap,infinite_stale_prefix_max_all_pairs,
0,learned,sgd,0,0.0,-1.817513499889216e-10,4.655738713312595e-05,0.25,1.0,0.0,0.0006910930088240085,,,fixed,,,,4,0.5,,-0.6931471805599453,,False,nonpositive_matching_gap,infinite_stale_prefix_max_all_pairs,
0,learned,sgd,0,0.0,-1.817513499889216e-10,4.655738713312595e-05,0.25,1.0,0.0,0.0006910930088240085,,,fixed,,,,5,0.5,,-0.6931471805599453,,False,nonpositive_matching_gap,infinite_stale_prefix_max_all_pairs,
0,learned,sgd,0,0.0,-1.817513499889216e-10,4.655738713312595e-05,0.25,1.0,0.0,0.0006910930088240085,,,fixed,,,,8,0.5,,-0.6931471805599453,,False,nonpositive_matching_gap,infinite_stale_prefix_max_all_pairs,
0,learned,sgd,0,0.0,-1.817513499889216e-10,4.655738713312595e-05,0.25,1.0,0.0,0.0006910930088240085,,,fixed,,,,16,0.5,,-0.6931471805599453,,False,nonpositive_matching_gap,infinite_stale_prefix_max_all_pairs,
0,learned,sgd,0,0.0,-1.817513499889216e-10,4.655738713312595e-05,0.25,1.0,0.0,0.0006910930088240085,,,fixed,,,,32,0.5,,-0.6931471805599453,,False,nonpositive_matching_gap,infinite_stale_prefix_max_all_pairs,
0,learned,sgd,0,0.0,-1.817513499889216e-10,4.655738713312595e-05,0.25,1.0,0.0,0.0006910930088240085,,,fixed,,,,64,0.5,,-0.6931471805599453,,False,nonpositive_matching_gap,infinite_stale_prefix_max_all_pairs,
0,learned,sgd,0,0.0,-1.817513499889216e-10,4.655738713312595e-05,0.25,1.0,0.0,0.0006910930088240085,,,fixed,,,,128,0.5,,-0.6931471805599453,,False,nonpositive_matching_gap,infinite_stale_prefix_max_all_pairs,
0,learned,sgd,0,0.0,-1.817513499889216e-10,4.655738713312595e-05,0.25,1.0,0.0,0.0006910930088240085,,,fixed,,,,256,0.5,,-0.6931471805599453,,False,nonpositive_matching_gap,infinite_stale_prefix_max_all_pairs,
0,learned,sgd,0,0.0,-1.817513499889216e-10,4.655738713312595e-05,0.25,1.0,0.0,0.0006910930088240085,,,fixed,,,,512,0.5,,-0.6931471805599453,,False,nonpositive_matching_gap,infinite_stale_prefix_max_all_pairs,
0,learned,sgd,0,0.0,-1.817513499889216e-10,4.655738713312595e-05,0.25,1.0,0.0,0.0006910930088240085,,,adaptive_theta,0.25,,,1,0.5,,-0.6931471805599453,,False,nonpositive_matching_gap,infinite_stale_prefix_max_all_pairs,
0,learned,sgd,0,0.0,-1.817513499889216e-10,4.655738713312595e-05,0.25,1.0,0.0,0.0006910930088240085,,,adaptive_theta,0.5,,,1,0.5,,-0.6931471805599453,,False,nonpositive_matching_gap,infinite_stale_prefix_max_all_pairs,
0,learned,sgd,0,0.0,-1.817513499889216e-10,4.655738713312595e-05,0.25,1.0,0.0,0.0006910930088240085,,,adaptive_theta,0.75,,,1,0.5,,-0.6931471805599453,,False,nonpositive_matching_gap,infinite_stale_prefix_max_all_pairs,
0,learned,sgd,0,0.0,-1.817513499889216e-10,4.655738713312595e-05,0.25,1.0,0.0,0.0006910930088240085,,,clock,,1,0.001,1,0.5,,-0.6931471805599453,,False,nonpositive_matching_gap,infinite_stale_prefix_max_all_pairs,
0,learned,sgd,0,0.0,-1.817513499889216e-10,4.655738713312595e-05,0.25,1.0,0.0,0.0006910930088240085,,,clock,,1,0.003,1,0.5,,-0.6931471805599453,,False,nonpositive_matching_gap,infinite_stale_prefix_max_all_pairs,
0,learned,sgd,0,0.0,-1.817513499889216e-10,4.655738713312595e-05,0.25,1.0,0.0,0.0006910930088240085,,,clock,,1,0.01,1,0.5,,-0.6931471805599453,,False,nonpositive_matching_gap,infinite_stale_prefix_max_all_pairs,
0,learned,sgd,0,0.0,-1.817513499889216e-10,4.655738713312595e-05,0.25,1.0,0.0,0.0006910930088240085,,,clock,,1,0.03,1,0.5,,-0.6931471805599453,,False,nonpositive_matching_gap,infinite_stale_prefix_max_all_pairs,
0,learned,sgd,0,0.0,-1.817513499889216e-10,4.655738713312595e-05,0.25,1.0,0.0,0.0006910930088240085,,,clock,,1,0.1,1,0.5,,-0.6931471805599453,,False,nonpositive_matching_gap,infinite_stale_prefix_max_all_pairs,
0,learned,sgd,3,0.0,0.007279386661384487,0.08463526427717641,0.24999999999997813,1.0000000003567504,0.2000499412386145,0.0006910930088239487,0.007279386661384487,True,fixed,,,,1,0.4867877214504672,0.5184212274692801,-0.7199271411727629,-0.6569671867321119,True,,infinite_stale_prefix_max_all_pairs,uniform_arbitrary_stream_transfer
0,learned,sgd,3,0.0,0.007279386661384487,0.08463526427717641,0.24999999999997813,1.0000000003567504,0.2000499412386145,0.0006910930088239487,0.007279386661384487,True,fixed,,,,2,0.5267001498136336,0.5329763505064549,-0.6411238680545701,-0.6292782263326733,True,,infinite_stale_prefix_max_all_pairs,uniform_arbitrary_stream_transfer
0,learned,sgd,3,0.0,0.007279386661384487,0.08463526427717641,0.24999999999997813,1.0000000003567504,0.2000499412386145,0.0006910930088239487,0.007279386661384487,True,fixed,,,,3,0.5413474246421806,0.5423807882272114,-0.613694016524473,-0.6117869629183343,True,,infinite_stale_prefix_max_all_pairs,uniform_arbitrary_stream_transfer
0,learned,sgd,3,0.0,0.007279386661384487,0.08463526427717641,0.24999999999997813,1.0000000003567504,0.2000499412386145,0.0006910930088239487,0.007279386661384487,True,fixed,,,,4,0.5467224006509778,0.5468786013319412,-0.6038140996184712,-0.6035284365992486,True,,infinite_stale_prefix_max_all_pairs,uniform_arbitrary_stream_transfer
0,learned,sgd,3,0.0,0.007279386661384487,0.08463526427717641,0.24999999999997813,1.0000000003567504,0.2000499412386145,0.0006910930088239487,0.007279386661384487,True,fixed,,,,5,0.5486974961720037,0.548721243373957,-0.6002079981279036,-0.600164719840225,True,,infinite_stale_prefix_max_all_pairs,uniform_arbitrary_stream_transfer
0,learned,sgd,3,0.0,0.007279386661384487,0.08463526427717641,0.24999999999997813,1.0000000003567504,0.2000499412386145,0.0006910930088239487,0.007279386661384487,True,fixed,,,,8,0.5497891707237398,0.5497893804622506,-0.5982204002006324,-0.5982200187117237,True,,infinite_stale_prefix_max_all_pairs,uniform_arbitrary_stream_transfer
0,learned,sgd,3,0.0,0.007279386661384487,0.08463526427717641,0.24999999999997813,1.0000000003567504,0.2000499412386145,0.0006910930088239487,0.007279386661384487,True,fixed,,,,16,0.5498463393817349,0.5498463394346997,-0.5981164227326056,-0.5981164226362788,True,,infinite_stale_prefix_max_all_pairs,uniform_arbitrary_stream_transfer
0,learned,sgd,3,0.0,0.007279386661384487,0.08463526427717641,0.24999999999997813,1.0000000003567504,0.2000499412386145,0.0006910930088239487,0.007279386661384487,True,fixed,,,,32,0.5498463585659277,0.5498463585659277,-0.5981163878425078,-0.5981163878425078,True,,infinite_stale_prefix_max_all_pairs,uniform_arbitrary_stream_transfer
0,learned,sgd,3,0.0,0.007279386661384487,0.08463526427717641,0.24999999999997813,1.0000000003567504,0.2000499412386145,0.0006910930088239487,0.007279386661384487,True,fixed,,,,64,0.5498463585659299,0.5498463585659299,-0.5981163878425039,-0.5981163878425039,True,,infinite_stale_prefix_max_all_pairs,uniform_arbitrary_stream_transfer
0,learned,sgd,3,0.0,0.007279386661384487,0.08463526427717641,0.24999999999997813,1.0000000003567504,0.2000499412386145,0.0006910930088239487,0.007279386661384487,True,fixed,,,,128,0.5498463585659299,0.5498463585659299,-0.5981163878425039,-0.5981163878425039,True,,infinite_stale_prefix_max_all_pairs,uniform_arbitrary_stream_transfer
0,learned,sgd,3,0.0,0.007279386661384487,0.08463526427717641,0.24999999999997813,1.0000000003567504,0.2000499412386145,0.0006910930088239487,0.007279386661384487,True,fixed,,,,256,0.5498463585659299,0.5498463585659299,-0.5981163878425039,-0.5981163878425039,True,,infinite_stale_prefix_max_all_pairs,uniform_arbitrary_stream_transfer
0,learned,sgd,3,0.0,0.007279386661384487,0.08463526427717641,0.24999999999997813,1.0000000003567504,0.2000499412386145,0.0006910930088239487,0.007279386661384487,True,fixed,,,,512,0.5498463585659299,0.5498463585659299,-0.5981163878425039,-0.5981163878425039,True,,infinite_stale_prefix_max_all_pairs,uniform_arbitrary_stream_transfer
0,learned,sgd,3,0.0,0.007279386661384487,0.08463526427717641,0.24999999999997813,1.0000000003567504,0.2000499412386145,0.0006910930088239487,0.007279386661384487,True,adaptive_theta,0.25,,,1,0.4867877214504672,0.5184212274692801,-0.7199271411727629,-0.6569671867321119,True,,infinite_stale_prefix_max_all_pairs,uniform_arbitrary_stream_transfer
0,learned,sgd,3,0.0,0.007279386661384487,0.08463526427717641,0.24999999999997813,1.0000000003567504,0.2000499412386145,0.0006910930088239487,0.007279386661384487,True,reference_theta,0.25,,,1,0.4867877214504672,0.5184212274692801,-0.7199271411727629,-0.6569671867321119,True,,infinite_stale_prefix_max_all_pairs,uniform_arbitrary_stream_transfer
0,learned,sgd,3,0.0,0.007279386661384487,0.08463526427717641,0.24999999999997813,1.0000000003567504,0.2000499412386145,0.0006910930088239487,0.007279386661384487,True,adaptive_theta,0.5,,,1,0.4867877214504672,0.5184212274692801,-0.7199271411727629,-0.6569671867321119,True,,infinite_stale_prefix_max_all_pairs,uniform_arbitrary_stream_transfer
0,learned,sgd,3,0.0,0.007279386661384487,0.08463526427717641,0.24999999999997813,1.0000000003567504,0.2000499412386145,0.0006910930088239487,0.007279386661384487,True,reference_theta,0.5,,,1,0.4867877214504672,0.5184212274692801,-0.7199271411727629,-0.6569671867321119,True,,infinite_stale_prefix_max_all_pairs,uniform_arbitrary_stream_transfer
0,learned,sgd,3,0.0,0.007279386661384487,0.08463526427717641,0.24999999999997813,1.0000000003567504,0.2000499412386145,0.0006910930088239487,0.007279386661384487,True,adaptive_theta,0.75,,,1,0.4867877214504672,0.5184212274692801,-0.7199271411727629,-0.6569671867321119,True,,infinite_stale_prefix_max_all_pairs,uniform_arbitrary_stream_transfer
0,learned,sgd,3,0.0,0.007279386661384487,0.08463526427717641,0.24999999999997813,1.0000000003567504,0.2000499412386145,0.0006910930088239487,0.007279386661384487,True,reference_theta,0.75,,,1,0.4867877214504672,0.5184212274692801,-0.7199271411727629,-0.6569671867321119,True,,infinite_stale_prefix_max_all_pairs,uniform_arbitrary_stream_transfer
0,learned,sgd,3,0.0,0.007279386661384487,0.08463526427717641,0.24999999999997813,1.0000000003567504,0.2000499412386145,0.0006910930088239487,0.007279386661384487,True,clock,,1,0.001,1,0.4867877214504672,0.5184212274692801,-0.7199271411727629,-0.6569671867321119,True,,infinite_stale_prefix_max_all_pairs,uniform_arbitrary_stream_transfer
0,learned,sgd,3,0.0,0.007279386661384487,0.08463526427717641,0.24999999999997813,1.0000000003567504,0.2000499412386145,0.0006910930088239487,0.007279386661384487,True,clock,,1,0.003,1,0.4867877214504672,0.5184212274692801,-0.7199271411727629,-0.6569671867321119,True,,infinite_stale_prefix_max_all_pairs,uniform_arbitrary_stream_transfer
0,learned,sgd,3,0.0,0.007279386661384487,0.08463526427717641,0.24999999999997813,1.0000000003567504,0.2000499412386145,0.0006910930088239487,0.007279386661384487,True,clock,,1,0.01,1,0.4867877214504672,0.5184212274692801,-0.7199271411727629,-0.6569671867321119,True,,infinite_stale_prefix_max_all_pairs,uniform_arbitrary_stream_transfer
0,learned,sgd,3,0.0,0.007279386661384487,0.08463526427717641,0.24999999999997813,1.0000000003567504,0.2000499412386145,0.0006910930088239487,0.007279386661384487,True,clock,,1,0.03,1,0.4867877214504672,0.5184212274692801,-0.7199271411727629,-0.6569671867321119,True,,infinite_stale_prefix_max_all_pairs,uniform_arbitrary_stream_transfer
0,learned,sgd,3,0.0,0.007279386661384487,0.08463526427717641,0.24999999999997813,1.0000000003567504,0.2000499412386145,0.0006910930088239487,0.007279386661384487,True,clock,,1,0.1,1,0.4867877214504672,0.5184212274692801,-0.7199271411727629,-0.6569671867321119,True,,infinite_stale_prefix_max_all_pairs,uniform_arbitrary_stream_transfer
0,learned,sgd,1000,3776.230261264594,0.0072793925524095035,0.08463529201839853,329.08331491856376,1.0469683877684455,6.369344291269543,0.025546201560191606,0.007279386661384487,True,fixed,,,,1,0.13032801883683762,0.29088368801446807,-2.037700784684199,-1.2348317892557827,True,,infinite_stale_prefix_max_all_pairs,uniform_arbitrary_stream_transfer
0,learned,sgd,1000,3776.230261264594,0.0072793925524095035,0.08463529201839853,329.08331491856376,1.0469683877684455,6.369344291269543,0.025546201560191606,0.007279386661384487,True,fixed,,,,2,0.3305367195176672,0.5327650425850328,-1.1070375229339806,-0.6296747726722653,True,,infinite_stale_prefix_max_all_pairs,uniform_arbitrary_stream_transfer
0,learned,sgd,1000,3776.230261264594,0.0072793925524095035,0.08463529201839853,329.08331491856376,1.0469683877684455,6.369344291269543,0.025546201560191606,0.007279386661384487,True,fixed,,,,3,0.7948451332389909,0.8718345082663573,-0.2296079842612202,-0.13715565718265238,True,,infinite_stale_prefix_max_all_pairs,uniform_arbitrary_stream_transfer
0,learned,sgd,1000,3776.230261264594,0.0072793925524095035,0.08463529201839853,329.08331491856376,1.0469683877684455,6.369344291269543,0.025546201560191606,0.007279386661384487,True,fixed,,,,4,0.9741258042204933,0.9804944300964632,-0.02621482123631394,-0.019698314038604302,True,,infinite_stale_prefix_max_all_pairs,uniform_arbitrary_stream_transfer
0,learned,sgd,1000,3776.230261264594,0.0072793925524095035,0.08463529201839853,329.08331491856376,1.0469683877684455,6.369344291269543,0.025546201560191606,0.007279386661384487,True,fixed,,,,5,0.9943662175193999,0.9950027962443007,-0.005649712090598064,-0.005009731531713641,True,,infinite_stale_prefix_max_all_pairs,uniform_arbitrary_stream_transfer
0,learned,sgd,1000,3776.230261264594,0.0072793925524095035,0.08463529201839853,329.08331491856376,1.0469683877684455,6.369344291269543,0.025546201560191606,0.007279386661384487,True,fixed,,,,8,0.9981855941532783,0.9981959920906172,-0.0018160538747728674,-0.0018056370913176606,True,,infinite_stale_prefix_max_all_pairs,uniform_arbitrary_stream_transfer
0,learned,sgd,1000,3776.230261264594,0.0072793925524095035,0.08463529201839853,329.08331491856376,1.0469683877684455,6.369344291269543,0.025546201560191606,0.007279386661384487,True,fixed,,,,16,0.9982896246187187,0.9982896268942232,-0.001711839743231059,-0.0017118374638278996,True,,infinite_stale_prefix_max_all_pairs,uniform_arbitrary_stream_transfer
0,learned,sgd,1000,3776.230261264594,0.0072793925524095035,0.08463529201839853,329.08331491856376,1.0469683877684455,6.369344291269543,0.025546201560191606,0.007279386661384487,True,fixed,,,,32,0.9982896480442096,0.9982896480442098,-0.001711816277605321,-0.0017118162776051996,True,,infinite_stale_prefix_max_all_pairs,uniform_arbitrary_stream_transfer
0,learned,sgd,1000,3776.230261264594,0.0072793925524095035,0.08463529201839853,329.08331491856376,1.0469683877684455,6.369344291269543,0.025546201560191606,0.007279386661384487,True,fixed,,,,64,0.9982896480442109,0.9982896480442109,-0.0017118162776040755,-0.0017118162776040755,True,,infinite_stale_prefix_max_all_pairs,uniform_arbitrary_stream_transfer
0,learned,sgd,1000,3776.230261264594,0.0072793925524095035,0.08463529201839853,329.08331491856376,1.0469683877684455,6.369344291269543,0.025546201560191606,0.007279386661384487,True,fixed,,,,128,0.9982896480442109,0.9982896480442109,-0.0017118162776040755,-0.0017118162776040755,True,,infinite_stale_prefix_max_all_pairs,uniform_arbitrary_stream_transfer
0,learned,sgd,1000,3776.230261264594,0.0072793925524095035,0.08463529201839853,329.08331491856376,1.0469683877684455,6.369344291269543,0.025546201560191606,0.007279386661384487,True,fixed,,,,256,0.9982896480442109,0.9982896480442109,-0.0017118162776040755,-0.0017118162776040755,True,,infinite_stale_prefix_max_all_pairs,uniform_arbitrary_stream_transfer
0,learned,sgd,1000,3776.230261264594,0.0072793925524095035,0.08463529201839853,329.08331491856376,1.0469683877684455,6.369344291269543,0.025546201560191606,0.007279386661384487,True,fixed,,,,512,0.9982896480442109,0.9982896480442109,-0.0017118162776040755,-0.0017118162776040755,True,,infinite_stale_prefix_max_all_pairs,uniform_arbitrary_stream_transfer
0,learned,sgd,1000,3776.230261264594,0.0072793925524095035,0.08463529201839853,329.08331491856376,1.0469683877684455,6.369344291269543,0.025546201560191606,0.007279386661384487,True,adaptive_theta,0.25,,,1,0.13032801883683762,0.29088368801446807,-2.037700784684199,-1.2348317892557827,True,,infinite_stale_prefix_max_all_pairs,uniform_arbitrary_stream_transfer
0,learned,sgd,1000,3776.230261264594,0.0072793925524095035,0.08463529201839853,329.08331491856376,1.0469683877684455,6.369344291269543,0.025546201560191606,0.007279386661384487,True,reference_theta,0.25,,,1,0.13032801883683762,0.29088368801446807,-2.037700784684199,-1.2348317892557827,True,,infinite_stale_prefix_max_all_pairs,uniform_arbitrary_stream_transfer
0,learned,sgd,1000,3776.230261264594,0.0072793925524095035,0.08463529201839853,329.08331491856376,1.0469683877684455,6.369344291269543,0.025546201560191606,0.007279386661384487,True,adaptive_theta,0.5,,,1,0.13032801883683762,0.29088368801446807,-2.037700784684199,-1.2348317892557827,True,,infinite_stale_prefix_max_all_pairs,uniform_arbitrary_stream_transfer
0,learned,sgd,1000,3776.230261264594,0.0072793925524095035,0.08463529201839853,329.08331491856376,1.0469683877684455,6.369344291269543,0.025546201560191606,0.007279386661384487,True,reference_theta,0.5,,,1,0.13032801883683762,0.29088368801446807,-2.037700784684199,-1.2348317892557827,True,,infinite_stale_prefix_max_all_pairs,uniform_arbitrary_stream_transfer
0,learned,sgd,1000,3776.230261264594,0.0072793925524095035,0.08463529201839853,329.08331491856376,1.0469683877684455,6.369344291269543,0.025546201560191606,0.007279386661384487,True,adaptive_theta,0.75,,,1,0.13032801883683762,0.29088368801446807,-2.037700784684199,-1.2348317892557827,True,,infinite_stale_prefix_max_all_pairs,uniform_arbitrary_stream_transfer
0,learned,sgd,1000,3776.230261264594,0.0072793925524095035,0.08463529201839853,329.08331491856376,1.0469683877684455,6.369344291269543,0.025546201560191606,0.007279386661384487,True,reference_theta,0.75,,,1,0.13032801883683762,0.29088368801446807,-2.037700784684199,-1.2348317892557827,True,,infinite_stale_prefix_max_all_pairs,uniform_arbitrary_stream_transfer
0,learned,sgd,1000,3776.230261264594,0.0072793925524095035,0.08463529201839853,329.08331491856376,1.0469683877684455,6.369344291269543,0.025546201560191606,0.007279386661384487,True,clock,,1,0.001,4,0.9741258042204933,0.9804944300964632,-0.02621482123631394,-0.019698314038604302,True,,infinite_stale_prefix_max_all_pairs,uniform_arbitrary_stream_transfer
0,learned,sgd,1000,3776.230261264594,0.0072793925524095035,0.08463529201839853,329.08331491856376,1.0469683877684455,6.369344291269543,0.025546201560191606,0.007279386661384487,True,clock,,1,0.003,12,0.9982881041795323,0.9982882542116681,-0.0017133627885544812,-0.0017132124991501752,True,,infinite_stale_prefix_max_all_pairs,uniform_arbitrary_stream_transfer
0,learned,sgd,1000,3776.230261264594,0.0072793925524095035,0.08463529201839853,329.08331491856376,1.0469683877684455,6.369344291269543,0.025546201560191606,0.007279386661384487,True,clock,,1,0.01,38,0.9982896480442109,0.9982896480442109,-0.0017118162776040785,-0.0017118162776040785,True,,infinite_stale_prefix_max_all_pairs,uniform_arbitrary_stream_transfer
0,learned,sgd,1000,3776.230261264594,0.0072793925524095035,0.08463529201839853,329.08331491856376,1.0469683877684455,6.369344291269543,0.025546201560191606,0.007279386661384487,True,clock,,1,0.03,114,0.9982896480442109,0.9982896480442109,-0.0017118162776040755,-0.0017118162776040755,True,,infinite_stale_prefix_max_all_pairs,uniform_arbitrary_stream_transfer
0,learned,sgd,1000,3776.230261264594,0.0072793925524095035,0.08463529201839853,329.08331491856376,1.0469683877684455,6.369344291269543,0.025546201560191606,0.007279386661384487,True,clock,,1,0.1,378,0.9982896480442109,0.9982896480442109,-0.0017118162776040755,-0.0017118162776040755,True,,infinite_stale_prefix_max_all_pairs,uniform_arbitrary_stream_transfer
0,learned,sgd,2000,6316.300135017985,0.007279393201645731,0.0846352940764352,380.60778572969974,1.1599704361138359,7.143178458043814,0.024798958724722448,0.007279386661384487,True,fixed,,,,1,0.06510270468860288,0.14705158374402366,-2.7317891839547253,-1.9169718439345629,True,,infinite_stale_prefix_max_all_pairs,uniform_arbitrary_stream_transfer
0,learned,sgd,2000,6316.300135017985,0.007279393201645731,0.0846352940764352,380.60778572969974,1.1599704361138359,7.143178458043814,0.024798958724722448,0.007279386661384487,True,fixed,,,,2,0.18520312144675408,0.33573411888334864,-1.686302102447978,-1.0914357451193857,True,,infinite_stale_prefix_max_all_pairs,uniform_arbitrary_stream_transfer
0,learned,sgd,2000,6316.300135017985,0.007279393201645731,0.0846352940764352,380.60778572969974,1.1599704361138359,7.143178458043814,0.024798958724722448,0.007279386661384487,True,fixed,,,,3,0.7139334165278791,0.8167921674177065,-0.3369655751536268,-0.20237060152914504,True,,infinite_stale_prefix_max_all_pairs,uniform_arbitrary_stream_transfer
0,learned,sgd,2000,6316.300135017985,0.007279393201645731,0.0846352940764352,380.60778572969974,1.1599704361138359,7.143178458043814,0.024798958724722448,0.007279386661384487,True,fixed,,,,4,0.9789780846411662,0.9844885284762454,-0.021246022155538898,-0.015633033102640893,True,,infinite_stale_prefix_max_all_pairs,uniform_arbitrary_stream_transfer
0,learned,sgd,2000,6316.300135017985,0.007279393201645731,0.0846352940764352,380.60778572969974,1.1599704361138359,7.143178458043814,0.024798958724722448,0.007279386661384487,True,fixed,,,,5,0.9970458475236542,0.9973906190430514,-0.0029585245975040342,-0.00261279132536333,True,,infinite_stale_prefix_max_all_pairs,uniform_arbitrary_stream_transfer
0,learned,sgd,2000,6316.300135017985,0.007279393201645731,0.0846352940764352,380.60778572969974,1.1599704361138359,7.143178458043814,0.024798958724722448,0.007279386661384487,True,fixed,,,,8,0.9991729182901695,0.9991765310074051,-0.0008274239306171844,-0.0008238082294325937,True,,infinite_stale_prefix_max_all_pairs,uniform_arbitrary_stream_transfer
0,learned,sgd,2000,6316.300135017985,0.007279393201645731,0.0846352940764352,380.60778572969974,1.1599704361138359,7.143178458043814,0.024798958724722448,0.007279386661384487,True,fixed,,,,16,0.9992103841825375,0.9992103845064972,-0.0007899277282359999,-0.0007899274040203046,True,,infinite_stale_prefix_max_all_pairs,uniform_arbitrary_stream_transfer
0,learned,sgd,2000,6316.300135017985,0.007279393201645731,0.0846352940764352,380.60778572969974,1.1599704361138359,7.143178458043814,0.024798958724722448,0.007279386661384487,True,fixed,,,,32,0.9992103876130479,0.9992103876130479,-0.000789924295014667,-0.0007899242950146635,True,,infinite_stale_prefix_max_all_pairs,uniform_arbitrary_stream_transfer
0,learned,sgd,2000,6316.300135017985,0.007279393201645731,0.0846352940764352,380.60778572969974,1.1599704361138359,7.143178458043814,0.024798958724722448,0.007279386661384487,True,fixed,,,,64,0.9992103876130479,0.9992103876130479,-0.0007899242950146369,-0.0007899242950146369,True,,infinite_stale_prefix_max_all_pairs,uniform_arbitrary_stream_transfer
0,learned,sgd,2000,6316.300135017985,0.007279393201645731,0.0846352940764352,380.60778572969974,1.1599704361138359,7.143178458043814,0.024798958724722448,0.007279386661384487,True,fixed,,,,128,0.9992103876130479,0.9992103876130479,-0.0007899242950146369,-0.0007899242950146369,True,,infinite_stale_prefix_max_all_pairs,uniform_arbitrary_stream_transfer
0,learned,sgd,2000,6316.300135017985,0.007279393201645731,0.0846352940764352,380.60778572969974,1.1599704361138359,7.143178458043814,0.024798958724722448,0.007279386661384487,True,fixed,,,,256,0.9992103876130479,0.9992103876130479,-0.0007899242950146369,-0.0007899242950146369,True,,infinite_stale_prefix_max_all_pairs,uniform_arbitrary_stream_transfer
0,learned,sgd,2000,6316.300135017985,0.007279393201645731,0.0846352940764352,380.60778572969974,1.1599704361138359,7.143178458043814,0.024798958724722448,0.007279386661384487,True,fixed,,,,512,0.9992103876130479,0.9992103876130479,-0.0007899242950146369,-0.0007899242950146369,True,,infinite_stale_prefix_max_all_pairs,uniform_arbitrary_stream_transfer
0,learned,sgd,2000,6316.300135017985,0.007279393201645731,0.0846352940764352,380.60778572969974,1.1599704361138359,7.143178458043814,0.024798958724722448,0.007279386661384487,True,adaptive_theta,0.25,,,1,0.06510270468860288,0.14705158374402366,-2.7317891839547253,-1.9169718439345629,True,,infinite_stale_prefix_max_all_pairs,uniform_arbitrary_stream_transfer
0,learned,sgd,2000,6316.300135017985,0.007279393201645731,0.0846352940764352,380.60778572969974,1.1599704361138359,7.143178458043814,0.024798958724722448,0.007279386661384487,True,reference_theta,0.25,,,1,0.06510270468860288,0.14705158374402366,-2.7317891839547253,-1.9169718439345629,True,,infinite_stale_prefix_max_all_pairs,uniform_arbitrary_stream_transfer
0,learned,sgd,2000,6316.300135017985,0.007279393201645731,0.0846352940764352,380.60778572969974,1.1599704361138359,7.143178458043814,0.024798958724722448,0.007279386661384487,True,adaptive_theta,0.5,,,1,0.06510270468860288,0.14705158374402366,-2.7317891839547253,-1.9169718439345629,True,,infinite_stale_prefix_max_all_pairs,uniform_arbitrary_stream_transfer
0,learned,sgd,2000,6316.300135017985,0.007279393201645731,0.0846352940764352,380.60778572969974,1.1599704361138359,7.143178458043814,0.024798958724722448,0.007279386661384487,True,reference_theta,0.5,,,1,0.06510270468860288,0.14705158374402366,-2.7317891839547253,-1.9169718439345629,True,,infinite_stale_prefix_max_all_pairs,uniform_arbitrary_stream_transfer
0,learned,sgd,2000,6316.300135017985,0.007279393201645731,0.0846352940764352,380.60778572969974,1.1599704361138359,7.143178458043814,0.024798958724722448,0.007279386661384487,True,adaptive_theta,0.75,,,1,0.06510270468860288,0.14705158374402366,-2.7317891839547253,-1.9169718439345629,True,,infinite_stale_prefix_max_all_pairs,uniform_arbitrary_stream_transfer
0,learned,sgd,2000,6316.300135017985,0.007279393201645731,0.0846352940764352,380.60778572969974,1.1599704361138359,7.143178458043814,0.024798958724722448,0.007279386661384487,True,reference_theta,0.75,,,1,0.06510270468860288,0.14705158374402366,-2.7317891839547253,-1.9169718439345629,True,,infinite_stale_prefix_max_all_pairs,uniform_arbitrary_stream_transfer
0,learned,sgd,2000,6316.300135017985,0.007279393201645731,0.0846352940764352,380.60778572969974,1.1599704361138359,7.143178458043814,0.024798958724722448,0.007279386661384487,True,clock,,1,0.001,7,0.9990858462425668,0.9990983977852395,-0.0009145718507998292,-0.0009020089025027407,True,,infinite_stale_prefix_max_all_pairs,uniform_arbitrary_stream_transfer
0,learned,sgd,2000,6316.300135017985,0.007279393201645731,0.0846352940764352,380.60778572969974,1.1599704361138359,7.143178458043814,0.024798958724722448,0.007279386661384487,True,clock,,1,0.003,19,0.9992103875073536,0.9992103875173348,-0.0007899244007924991,-0.0007899243908034038,True,,infinite_stale_prefix_max_all_pairs,uniform_arbitrary_stream_transfer
0,learned,sgd,2000,6316.300135017985,0.007279393201645731,0.0846352940764352,380.60778572969974,1.1599704361138359,7.143178458043814,0.024798958724722448,0.007279386661384487,True,clock,,1,0.01,64,0.9992103876130479,0.9992103876130479,-0.0007899242950146369,-0.0007899242950146369,True,,infinite_stale_prefix_max_all_pairs,uniform_arbitrary_stream_transfer
0,learned,sgd,2000,6316.300135017985,0.007279393201645731,0.0846352940764352,380.60778572969974,1.1599704361138359,7.143178458043814,0.024798958724722448,0.007279386661384487,True,clock,,1,0.03,190,0.9992103876130479,0.9992103876130479,-0.0007899242950146369,-0.0007899242950146369,True,,infinite_stale_prefix_max_all_pairs,uniform_arbitrary_stream_transfer
0,learned,sgd,2000,6316.300135017985,0.007279393201645731,0.0846352940764352,380.60778572969974,1.1599704361138359,7.143178458043814,0.024798958724722448,0.007279386661384487,True,clock,,1,0.1,632,0.9992103876130479,0.9992103876130479,-0.0007899242950146369,-0.0007899242950146369,True,,infinite_stale_prefix_max_all_pairs,uniform_arbitrary_stream_transfer
0,learned,sgd,3000,8280.582358251637,0.007279393365868979,0.0846352945706973,400.7885453633702,1.205256569830717,7.469786096087809,0.024536072363442487,0.007279386661384487,True,fixed,,,,1,0.04771291564421762,0.10669592207676272,-3.0425531495163494,-2.2377723399918192,True,,infinite_stale_prefix_max_all_pairs,uniform_arbitrary_stream_transfer
0,learned,sgd,3000,8280.582358251637,0.007279393365868979,0.0846352945706973,400.7885453633702,1.205256569830717,7.469786096087809,0.024536072363442487,0.007279386661384487,True,fixed,,,,2,0.13950856809248643,0.2616693110829109,-1.9696292595890248,-1.340673743869563,True,,infinite_stale_prefix_max_all_pairs,uniform_arbitrary_stream_transfer
0,learned,sgd,3000,8280.582358251637,0.007279393365868979,0.0846352945706973,400.7885453633702,1.205256569830717,7.469786096087809,0.024536072363442487,0.007279386661384487,True,fixed,,,,3,0.6707544123624791,0.7854669641176334,-0.39935221144611455,-0.24147687930948278,True,,infinite_stale_prefix_max_all_pairs,uniform_arbitrary_stream_transfer
0,learned,sgd,3000,8280.582358251637,0.007279393365868979,0.0846352945706973,400.7885453633702,1.205256569830717,7.469786096087809,0.024536072363442487,0.007279386661384487,True,fixed,,,,4,0.9807409781387212,0.9859190766283474,-0.019446892875676636,-0.014181000132667272,True,,infinite_stale_prefix_max_all_pairs,uniform_arbitrary_stream_transfer
0,learned,sgd,3000,8280.582358251637,0.007279393365868979,0.0846352945706973,400.7885453633702,1.205256569830717,7.469786096087809,0.024536072363442487,0.007279386661384487,True,fixed,,,,5,0.9977688275879026,0.9980322847076779,-0.0022336651858258735,-0.0019696537874129122,True,,infinite_stale_prefix_max_all_pairs,uniform_arbitrary_stream_transfer
0,learned,sgd,3000,8280.582358251637,0.007279393365868979,0.0846352945706973,400.7885453633702,1.205256569830717,7.469786096087809,0.024536072363442487,0.007279386661384487,True,fixed,,,,8,0.9994059780830951,0.9994082915509525,-0.0005941984178241834,-0.0005918835775786109,True,,infinite_stale_prefix_max_all_pairs,uniform_arbitrary_stream_transfer
0,learned,sgd,3000,8280.582358251637,0.007279393365868979,0.0846352945706973,400.7885453633702,1.205256569830717,7.469786096087809,0.024536072363442487,0.007279386661384487,True,fixed,,,,16,0.9994302730013407,0.9994302731463282,-0.0005698893547544807,-0.0005698892096843484,True,,infinite_stale_prefix_max_all_pairs,uniform_arbitrary_stream_transfer
0,learned,sgd,3000,8280.582358251637,0.007279393365868979,0.0846352945706973,400.7885453633702,1.205256569830717,7.469786096087809,0.024536072363442487,0.007279386661384487,True,fixed,,,,32,0.9994302745523073,0.9994302745523073,-0.0005698878029038467,-0.0005698878029038462,True,,infinite_stale_prefix_max_all_pairs,uniform_arbitrary_stream_transfer
0,learned,sgd,3000,8280.582358251637,0.007279393365868979,0.0846352945706973,400.7885453633702,1.205256569830717,7.469786096087809,0.024536072363442487,0.007279386661384487,True,fixed,,,,64,0.9994302745523073,0.9994302745523073,-0.0005698878029038401,-0.0005698878029038401,True,,infinite_stale_prefix_max_all_pairs,uniform_arbitrary_stream_transfer
0,learned,sgd,3000,8280.582358251637,0.007279393365868979,0.0846352945706973,400.7885453633702,1.205256569830717,7.469786096087809,0.024536072363442487,0.007279386661384487,True,fixed,,,,128,0.9994302745523073,0.9994302745523073,-0.0005698878029038401,-0.0005698878029038401,True,,infinite_stale_prefix_max_all_pairs,uniform_arbitrary_stream_transfer
0,learned,sgd,3000,8280.582358251637,0.007279393365868979,0.0846352945706973,400.7885453633702,1.205256569830717,7.469786096087809,0.024536072363442487,0.007279386661384487,True,fixed,,,,256,0.9994302745523073,0.9994302745523073,-0.0005698878029038401,-0.0005698878029038401,True,,infinite_stale_prefix_max_all_pairs,uniform_arbitrary_stream_transfer
0,learned,sgd,3000,8280.582358251637,0.007279393365868979,0.0846352945706973,400.7885453633702,1.205256569830717,7.469786096087809,0.024536072363442487,0.007279386661384487,True,fixed,,,,512,0.9994302745523073,0.9994302745523073,-0.0005698878029038401,-0.0005698878029038401,True,,infinite_stale_prefix_max_all_pairs,uniform_arbitrary_stream_transfer
0,learned,sgd,3000,8280.582358251637,0.007279393365868979,0.0846352945706973,400.7885453633702,1.205256569830717,7.469786096087809,0.024536072363442487,0.007279386661384487,True,adaptive_theta,0.25,,,1,0.04771291564421762,0.10669592207676272,-3.0425531495163494,-2.2377723399918192,True,,infinite_stale_prefix_max_all_pairs,uniform_arbitrary_stream_transfer
0,learned,sgd,3000,8280.582358251637,0.007279393365868979,0.0846352945706973,400.7885453633702,1.205256569830717,7.469786096087809,0.024536072363442487,0.007279386661384487,True,reference_theta,0.25,,,1,0.04771291564421762,0.10669592207676272,-3.0425531495163494,-2.2377723399918192,True,,infinite_stale_prefix_max_all_pairs,uniform_arbitrary_stream_transfer
0,learned,sgd,3000,8280.582358251637,0.007279393365868979,0.0846352945706973,400.7885453633702,1.205256569830717,7.469786096087809,0.024536072363442487,0.007279386661384487,True,adaptive_theta,0.5,,,1,0.04771291564421762,0.10669592207676272,-3.0425531495163494,-2.2377723399918192,True,,infinite_stale_prefix_max_all_pairs,uniform_arbitrary_stream_transfer
0,learned,sgd,3000,8280.582358251637,0.007279393365868979,0.0846352945706973,400.7885453633702,1.205256569830717,7.469786096087809,0.024536072363442487,0.007279386661384487,True,reference_theta,0.5,,,1,0.04771291564421762,0.10669592207676272,-3.0425531495163494,-2.2377723399918192,True,,infinite_stale_prefix_max_all_pairs,uniform_arbitrary_stream_transfer
0,learned,sgd,3000,8280.582358251637,0.007279393365868979,0.0846352945706973,400.7885453633702,1.205256569830717,7.469786096087809,0.024536072363442487,0.007279386661384487,True,adaptive_theta,0.75,,,1,0.04771291564421762,0.10669592207676272,-3.0425531495163494,-2.2377723399918192,True,,infinite_stale_prefix_max_all_pairs,uniform_arbitrary_stream_transfer
0,learned,sgd,3000,8280.582358251637,0.007279393365868979,0.0846352945706973,400.7885453633702,1.205256569830717,7.469786096087809,0.024536072363442487,0.007279386661384487,True,reference_theta,0.75,,,1,0.04771291564421762,0.10669592207676272,-3.0425531495163494,-2.2377723399918192,True,,infinite_stale_prefix_max_all_pairs,uniform_arbitrary_stream_transfer
0,learned,sgd,3000,8280.582358251637,0.007279393365868979,0.0846352945706973,400.7885453633702,1.205256569830717,7.469786096087809,0.024536072363442487,0.007279386661384487,True,clock,,1,0.001,9,0.9994230819127695,0.9994237580323436,-0.0005770845685039421,-0.0005764080588679416,True,,infinite_stale_prefix_max_all_pairs,uniform_arbitrary_stream_transfer
0,learned,sgd,3000,8280.582358251637,0.007279393365868979,0.0846352945706973,400.7885453633702,1.205256569830717,7.469786096087809,0.024536072363442487,0.007279386661384487,True,clock,,1,0.003,25,0.9994302745522771,0.9994302745522798,-0.0005698878029340347,-0.0005698878029312117,True,,infinite_stale_prefix_max_all_pairs,uniform_arbitrary_stream_transfer
0,learned,sgd,3000,8280.582358251637,0.007279393365868979,0.0846352945706973,400.7885453633702,1.205256569830717,7.469786096087809,0.024536072363442487,0.007279386661384487,True,clock,,1,0.01,83,0.9994302745523073,0.9994302745523073,-0.0005698878029038401,-0.0005698878029038401,True,,infinite_stale_prefix_max_all_pairs,uniform_arbitrary_stream_transfer
0,learned,sgd,3000,8280.582358251637,0.007279393365868979,0.0846352945706973,400.7885453633702,1.205256569830717,7.469786096087809,0.024536072363442487,0.007279386661384487,True,clock,,1,0.03,249,0.9994302745523073,0.9994302745523073,-0.0005698878029038401,-0.0005698878029038401,True,,infinite_stale_prefix_max_all_pairs,uniform_arbitrary_stream_transfer
0,learned,sgd,3000,8280.582358251637,0.007279393365868979,0.0846352945706973,400.7885453633702,1.205256569830717,7.469786096087809,0.024536072363442487,0.007279386661384487,True,clock,,1,0.1,829,0.9994302745523073,0.9994302745523073,-0.0005698878029038401,-0.0005698878029038401,True,,infinite_stale_prefix_max_all_pairs,uniform_arbitrary_stream_transfer
0,learned,sgd,4000,9904.240851134537,0.007279393436636385,0.08463529477912328,412.73664112621816,1.232299399831468,7.670177964748532,0.02438725268078729,0.007279386661384487,True,fixed,,,,1,0.03929371451482532,0.08709130738457205,-3.2366907089075827,-2.440798200510822,True,,infinite_stale_prefix_max_all_pairs,uniform_arbitrary_stream_transfer
0,learned,sgd,4000,9904.240851134537,0.007279393436636385,0.08463529477912328,412.73664112621816,1.232299399831468,7.670177964748532,0.02438725268078729,0.007279386661384487,True,fixed,,,,2,0.11622533275551103,0.22147831223613518,-2.152224448380884,-1.5074306074458985,True,,infinite_stale_prefix_max_all_pairs,uniform_arbitrary_stream_transfer
0,learned,sgd,4000,9904.240851134537,0.007279393436636385,0.08463529477912328,412.73664112621816,1.232299399831468,7.670177964748532,0.02438725268078729,0.007279386661384487,True,fixed,,,,3,0.6417326333985975,0.7636050713557804,-0.4435835209159489,-0.26970454577520125,True,,infinite_stale_prefix_max_all_pairs,uniform_arbitrary_stream_transfer
0,learned,sgd,4000,9904.240851134537,0.007279393436636385,0.08463529477912328,412.73664112621816,1.232299399831468,7.670177964748532,0.02438725268078729,0.007279386661384487,True,fixed,,,,4,0.9817521511840662,0.9867340746168777,-0.018416394353445695,-0.013354703797311162,True,,infinite_stale_prefix_max_all_pairs,uniform_arbitrary_stream_transfer
0,learned,sgd,4000,9904.240851134537,0.007279393436636385,0.08463529477912328,412.73664112621816,1.232299399831468,7.670177964748532,0.02438725268078729,0.007279386661384487,True,fixed,,,,5,0.9981257396931156,0.9983485443215505,-0.0018760189304892214,-0.0016528208345820247,True,,infinite_stale_prefix_max_all_pairs,uniform_arbitrary_stream_transfer
0,learned,sgd,4000,9904.240851134537,0.007279393436636385,0.08463529477912328,412.73664112621816,1.232299399831468,7.670177964748532,0.02438725268078729,0.007279386661384487,True,fixed,,,,8,0.9995150542482045,0.999516815519186,-0.0004850633760156914,-0.00048330125205142856,True,,infinite_stale_prefix_max_all_pairs,uniform_arbitrary_stream_transfer
0,learned,sgd,4000,9904.240851134537,0.007279393436636385,0.08463529477912328,412.73664112621816,1.232299399831468,7.670177964748532,0.02438725268078729,0.007279386661384487,True,fixed,,,,16,0.9995336818049215,0.9995336818940275,-0.0004664269552205076,-0.0004664268660730255,True,,infinite_stale_prefix_max_all_pairs,uniform_arbitrary_stream_transfer
0,learned,sgd,4000,9904.240851134537,0.007279393436636385,0.08463529477912328,412.73664112621816,1.232299399831468,7.670177964748532,0.02438725268078729,0.007279386661384487,True,fixed,,,,32,0.9995336827636455,0.9995336827636455,-0.00046642599604929255,-0.0004664259960492921,True,,infinite_stale_prefix_max_all_pairs,uniform_arbitrary_stream_transfer
0,learned,sgd,4000,9904.240851134537,0.007279393436636385,0.08463529477912328,412.73664112621816,1.232299399831468,7.670177964748532,0.02438725268078729,0.007279386661384487,True,fixed,,,,64,0.9995336827636455,0.9995336827636455,-0.00046642599604928967,-0.00046642599604928967,True,,infinite_stale_prefix_max_all_pairs,uniform_arbitrary_stream_transfer
0,learned,sgd,4000,9904.240851134537,0.007279393436636385,0.08463529477912328,412.73664112621816,1.232299399831468,7.670177964748532,0.02438725268078729,0.007279386661384487,True,fixed,,,,128,0.9995336827636455,0.9995336827636455,-0.00046642599604928967,-0.00046642599604928967,True,,infinite_stale_prefix_max_all_pairs,uniform_arbitrary_stream_transfer
0,learned,sgd,4000,9904.240851134537,0.007279393436636385,0.08463529477912328,412.73664112621816,1.232299399831468,7.670177964748532,0.02438725268078729,0.007279386661384487,True,fixed,,,,256,0.9995336827636455,0.9995336827636455,-0.00046642599604928967,-0.00046642599604928967,True,,infinite_stale_prefix_max_all_pairs,uniform_arbitrary_stream_transfer
0,learned,sgd,4000,9904.240851134537,0.007279393436636385,0.08463529477912328,412.73664112621816,1.232299399831468,7.670177964748532,0.02438725268078729,0.007279386661384487,True,fixed,,,,512,0.9995336827636455,0.9995336827636455,-0.00046642599604928967,-0.00046642599604928967,True,,infinite_stale_prefix_max_all_pairs,uniform_arbitrary_stream_transfer
0,learned,sgd,4000,9904.240851134537,0.007279393436636385,0.08463529477912328,412.73664112621816,1.232299399831468,7.670177964748532,0.02438725268078729,0.007279386661384487,True,adaptive_theta,0.25,,,1,0.03929371451482532,0.08709130738457205,-3.2366907089075827,-2.440798200510822,True,,infinite_stale_prefix_max_all_pairs,uniform_arbitrary_stream_transfer
0,learned,sgd,4000,9904.240851134537,0.007279393436636385,0.08463529477912328,412.73664112621816,1.232299399831468,7.670177964748532,0.02438725268078729,0.007279386661384487,True,reference_theta,0.25,,,1,0.03929371451482532,0.08709130738457205,-3.2366907089075827,-2.440798200510822,True,,infinite_stale_prefix_max_all_pairs,uniform_arbitrary_stream_transfer
0,learned,sgd,4000,9904.240851134537,0.007279393436636385,0.08463529477912328,412.73664112621816,1.232299399831468,7.670177964748532,0.02438725268078729,0.007279386661384487,True,adaptive_theta,0.5,,,1,0.03929371451482532,0.08709130738457205,-3.2366907089075827,-2.440798200510822,True,,infinite_stale_prefix_max_all_pairs,uniform_arbitrary_stream_transfer
0,learned,sgd,4000,9904.240851134537,0.007279393436636385,0.08463529477912328,412.73664112621816,1.232299399831468,7.670177964748532,0.02438725268078729,0.007279386661384487,True,reference_theta,0.5,,,1,0.03929371451482532,0.08709130738457205,-3.2366907089075827,-2.440798200510822,True,,infinite_stale_prefix_max_all_pairs,uniform_arbitrary_stream_transfer
0,learned,sgd,4000,9904.240851134537,0.007279393436636385,0.08463529477912328,412.73664112621816,1.232299399831468,7.670177964748532,0.02438725268078729,0.007279386661384487,True,adaptive_theta,0.75,,,1,0.03929371451482532,0.08709130738457205,-3.2366907089075827,-2.440798200510822,True,,infinite_stale_prefix_max_all_pairs,uniform_arbitrary_stream_transfer
0,learned,sgd,4000,9904.240851134537,0.007279393436636385,0.08463529477912328,412.73664112621816,1.232299399831468,7.670177964748532,0.02438725268078729,0.007279386661384487,True,reference_theta,0.75,,,1,0.03929371451482532,0.08709130738457205,-3.2366907089075827,-2.440798200510822,True,,infinite_stale_prefix_max_all_pairs,uniform_arbitrary_stream_transfer
0,learned,sgd,4000,9904.240851134537,0.007279393436636385,0.08463529477912328,412.73664112621816,1.232299399831468,7.670177964748532,0.02438725268078729,0.007279386661384487,True,clock,,1,0.001,10,0.9995321218579208,0.9995322671445583,-0.0004679876312100835,-0.00046784227657491905,True,,infinite_stale_prefix_max_all_pairs,uniform_arbitrary_stream_transfer
0,learned,sgd,4000,9904.240851134537,0.007279393436636385,0.08463529477912328,412.73664112621816,1.232299399831468,7.670177964748532,0.02438725268078729,0.007279386661384487,True,clock,,1,0.003,30,0.9995336827636455,0.9995336827636455,-0.00046642599604932073,-0.00046642599604931743,True,,infinite_stale_prefix_max_all_pairs,uniform_arbitrary_stream_transfer
0,learned,sgd,4000,9904.240851134537,0.007279393436636385,0.08463529477912328,412.73664112621816,1.232299399831468,7.670177964748532,0.02438725268078729,0.007279386661384487,True,clock,,1,0.01,100,0.9995336827636455,0.9995336827636455,-0.00046642599604928967,-0.00046642599604928967,True,,infinite_stale_prefix_max_all_pairs,uniform_arbitrary_stream_transfer
0,learned,sgd,4000,9904.240851134537,0.007279393436636385,0.08463529477912328,412.73664112621816,1.232299399831468,7.670177964748532,0.02438725268078729,0.007279386661384487,True,clock,,1,0.03,298,0.9995336827636455,0.9995336827636455,-0.00046642599604928967,-0.00046642599604928967,True,,infinite_stale_prefix_max_all_pairs,uniform_arbitrary_stream_transfer
0,learned,sgd,4000,9904.240851134537,0.007279393436636385,0.08463529477912328,412.73664112621816,1.232299399831468,7.670177964748532,0.02438725268078729,0.007279386661384487,True,clock,,1,0.1,991,0.9995336827636455,0.9995336827636455,-0.00046642599604928967,-0.00046642599604928967,True,,infinite_stale_prefix_max_all_pairs,uniform_arbitrary_stream_transfer
0,learned,sgd,5000,11299.626091843822,0.007279393474804653,0.08463529489000715,421.0020123849826,1.2510974099926901,7.81202392739511,0.024287087177180113,0.007279386661384487,True,fixed,,,,1,0.034205356142560886,0.07526956693946225,-3.3753730348204307,-2.5866793833804094,True,,infinite_stale_prefix_max_all_pairs,uniform_arbitrary_stream_transfer
0,learned,sgd,5000,11299.626091843822,0.007279393474804653,0.08463529489000715,421.0020123849826,1.2510974099926901,7.81202392739511,0.024287087177180113,0.007279386661384487,True,fixed,,,,2,0.10178645321745232,0.1957148717362885,-2.284878256240763,-1.6310964149467557,True,,infinite_stale_prefix_max_all_pairs,uniform_arbitrary_stream_transfer
0,learned,sgd,5000,11299.626091843822,0.007279393474804653,0.08463529489000715,421.0020123849826,1.2510974099926901,7.81202392739511,0.024287087177180113,0.007279386661384487,True,fixed,,,,3,0.6201146347217179,0.7468778251165098,-0.4778509233214723,-0.2918536612866409,True,,infinite_stale_prefix_max_all_pairs,uniform_arbitrary_stream_transfer
0,learned,sgd,5000,11299.626091843822,0.007279393474804653,0.08463529489000715,421.0020123849826,1.2510974099926901,7.81202392739511,0.024287087177180113,0.007279386661384487,True,fixed,,,,4,0.9824374862387216,0.9872840281707267,-0.017718564500961733,-0.01279751177632541,True,,infinite_stale_prefix_max_all_pairs,uniform_arbitrary_stream_transfer
0,learned,sgd,5000,11299.626091843822,0.007279393474804653,0.08463529489000715,421.0020123849826,1.2510974099926901,7.81202392739511,0.024287087177180113,0.007279386661384487,True,fixed,,,,5,0.9983447603588051,0.9985424301335726,-0.0016566110638941642,-0.0014586331547220437,True,,infinite_stale_prefix_max_all_pairs,uniform_arbitrary_stream_transfer
0,learned,sgd,5000,11299.626091843822,0.007279393474804653,0.08463529489000715,421.0020123849826,1.2510974099926901,7.81202392739511,0.024287087177180113,0.007279386661384487,True,fixed,,,,8,0.9995798873729548,0.9995813401214505,-0.0004202008990785337,-0.00041874754106453776,True,,infinite_stale_prefix_max_all_pairs,uniform_arbitrary_stream_transfer
0,learned,sgd,5000,11299.626091843822,0.007279393474804653,0.08463529489000715,421.0020123849826,1.2510974099926901,7.81202392739511,0.024287087177180113,0.007279386661384487,True,fixed,,,,16,0.999595325287642,0.9995953253509708,-0.00040475661526625747,-0.0004047565519116914,True,,infinite_stale_prefix_max_all_pairs,uniform_arbitrary_stream_transfer
0,learned,sgd,5000,11299.626091843822,0.007279393474804653,0.08463529489000715,421.0020123849826,1.2510974099926901,7.81202392739511,0.024287087177180113,0.007279386661384487,True,fixed,,,,32,0.9995953259716971,0.9995953259716971,-0.00040475593093417406,-0.00040475593093417406,True,,infinite_stale_prefix_max_all_pairs,uniform_arbitrary_stream_transfer
0,learned,sgd,5000,11299.626091843822,0.007279393474804653,0.08463529489000715,421.0020123849826,1.2510974099926901,7.81202392739511,0.024287087177180113,0.007279386661384487,True,fixed,,,,64,0.9995953259716971,0.9995953259716971,-0.0004047559309341726,-0.0004047559309341726,True,,infinite_stale_prefix_max_all_pairs,uniform_arbitrary_stream_transfer
0,learned,sgd,5000,11299.626091843822,0.007279393474804653,0.08463529489000715,421.0020123849826,1.2510974099926901,7.81202392739511,0.024287087177180113,0.007279386661384487,True,fixed,,,,128,0.9995953259716971,0.9995953259716971,-0.0004047559309341726,-0.0004047559309341726,True,,infinite_stale_prefix_max_all_pairs,uniform_arbitrary_stream_transfer
0,learned,sgd,5000,11299.626091843822,0.007279393474804653,0.08463529489000715,421.0020123849826,1.2510974099926901,7.81202392739511,0.024287087177180113,0.007279386661384487,True,fixed,,,,256,0.9995953259716971,0.9995953259716971,-0.0004047559309341726,-0.0004047559309341726,True,,infinite_stale_prefix_max_all_pairs,uniform_arbitrary_stream_transfer
0,learned,sgd,5000,11299.626091843822,0.007279393474804653,0.08463529489000715,421.0020123849826,1.2510974099926901,7.81202392739511,0.024287087177180113,0.007279386661384487,True,fixed,,,,512,0.9995953259716971,0.9995953259716971,-0.0004047559309341726,-0.0004047559309341726,True,,infinite_stale_prefix_max_all_pairs,uniform_arbitrary_stream_transfer
0,learned,sgd,5000,11299.626091843822,0.007279393474804653,0.08463529489000715,421.0020123849826,1.2510974099926901,7.81202392739511,0.024287087177180113,0.007279386661384487,True,adaptive_theta,0.25,,,1,0.034205356142560886,0.07526956693946225,-3.3753730348204307,-2.5866793833804094,True,,infinite_stale_prefix_max_all_pairs,uniform_arbitrary_stream_transfer
0,learned,sgd,5000,11299.626091843822,0.007279393474804653,0.08463529489000715,421.0020123849826,1.2510974099926901,7.81202392739511,0.024287087177180113,0.007279386661384487,True,reference_theta,0.25,,,1,0.034205356142560886,0.07526956693946225,-3.3753730348204307,-2.5866793833804094,True,,infinite_stale_prefix_max_all_pairs,uniform_arbitrary_stream_transfer
0,learned,sgd,5000,11299.626091843822,0.007279393474804653,0.08463529489000715,421.0020123849826,1.2510974099926901,7.81202392739511,0.024287087177180113,0.007279386661384487,True,adaptive_theta,0.5,,,1,0.034205356142560886,0.07526956693946225,-3.3753730348204307,-2.5866793833804094,True,,infinite_stale_prefix_max_all_pairs,uniform_arbitrary_stream_transfer
0,learned,sgd,5000,11299.626091843822,0.007279393474804653,0.08463529489000715,421.0020123849826,1.2510974099926901,7.81202392739511,0.024287087177180113,0.007279386661384487,True,reference_theta,0.5,,,1,0.034205356142560886,0.07526956693946225,-3.3753730348204307,-2.5866793833804094,True,,infinite_stale_prefix_max_all_pairs,uniform_arbitrary_stream_transfer
0,learned,sgd,5000,11299.626091843822,0.007279393474804653,0.08463529489000715,421.0020123849826,1.2510974099926901,7.81202392739511,0.024287087177180113,0.007279386661384487,True,adaptive_theta,0.75,,,1,0.034205356142560886,0.07526956693946225,-3.3753730348204307,-2.5866793833804094,True,,infinite_stale_prefix_max_all_pairs,uniform_arbitrary_stream_transfer
0,learned,sgd,5000,11299.626091843822,0.007279393474804653,0.08463529489000715,421.0020123849826,1.2510974099926901,7.81202392739511,0.024287087177180113,0.007279386661384487,True,reference_theta,0.75,,,1,0.034205356142560886,0.07526956693946225,-3.3753730348204307,-2.5866793833804094,True,,infinite_stale_prefix_max_all_pairs,uniform_arbitrary_stream_transfer
0,learned,sgd,5000,11299.626091843822,0.007279393474804653,0.08463529489000715,421.0020123849826,1.2510974099926901,7.81202392739511,0.024287087177180113,0.007279386661384487,True,clock,,1,0.001,12,0.999595223991709,0.9995952334339138,-0.00040485795221281115,-0.0004048485061846129,True,,infinite_stale_prefix_max_all_pairs,uniform_arbitrary_stream_transfer
0,learned,sgd,5000,11299.626091843822,0.007279393474804653,0.08463529489000715,421.0020123849826,1.2510974099926901,7.81202392739511,0.024287087177180113,0.007279386661384487,True,clock,,1,0.003,34,0.9995953259716971,0.9995953259716971,-0.0004047559309341726,-0.0004047559309341726,True,,infinite_stale_prefix_max_all_pairs,uniform_arbitrary_stream_transfer
0,learned,sgd,5000,11299.626091843822,0.007279393474804653,0.08463529489000715,421.0020123849826,1.2510974099926901,7.81202392739511,0.024287087177180113,0.007279386661384487,True,clock,,1,0.01,113,0.9995953259716971,0.9995953259716971,-0.0004047559309341726,-0.0004047559309341726,True,,infinite_stale_prefix_max_all_pairs,uniform_arbitrary_stream_transfer
0,learned,sgd,5000,11299.626091843822,0.007279393474804653,0.08463529489000715,421.0020123849826,1.2510974099926901,7.81202392739511,0.024287087177180113,0.007279386661384487,True,clock,,1,0.03,339,0.9995953259716971,0.9995953259716971,-0.0004047559309341726,-0.0004047559309341726,True,,infinite_stale_prefix_max_all_pairs,uniform_arbitrary_stream_transfer
0,learned,sgd,5000,11299.626091843822,0.007279393474804653,0.08463529489000715,421.0020123849826,1.2510974099926901,7.81202392739511,0.024287087177180113,0.007279386661384487,True,clock,,1,0.1,1130,0.9995953259716971,0.9995953259716971,-0.0004047559309341726,-0.0004047559309341726,True,,infinite_stale_prefix_max_all_pairs,uniform_arbitrary_stream_transfer
0,learned,sgd,6000,12529.964347562545,0.0072793934981069605,0.08463529495724782,427.2209400632124,1.265289704697904,7.920551630979498,0.024213150760808183,0.007279386661384487,True,fixed,,,,1,0.03074307745874597,0.06725274737153057,-3.4820904333664764,-2.6992974082263927,True,,infinite_stale_prefix_max_all_pairs,uniform_arbitrary_stream_transfer
0,learned,sgd,6000,12529.964347562545,0.0072793934981069605,0.08463529495724782,427.2209400632124,1.265289704697904,7.920551630979498,0.024213150760808183,0.007279386661384487,True,fixed,,,,2,0.09180747564685016,0.1775377790478744,-2.388061550609717,-1.7285718530074887,True,,infinite_stale_prefix_max_all_pairs,uniform_arbitrary_stream_transfer
0,learned,sgd,6000,12529.964347562545,0.0072793934981069605,0.08463529495724782,427.2209400632124,1.265289704697904,7.920551630979498,0.024213150760808183,0.007279386661384487,True,fixed,,,,3,0.6030228905351467,0.7333751153989853,-0.5058001218889767,-0.31009795438281335,True,,infinite_stale_prefix_max_all_pairs,uniform_arbitrary_stream_transfer
0,learned,sgd,6000,12529.964347562545,0.0072793934981069605,0.08463529495724782,427.2209400632124,1.265289704697904,7.920551630979498,0.024213150760808183,0.007279386661384487,True,fixed,,,,4,0.9829458194623687,0.9876905866359544,-0.017201277889736605,-0.012385801703778123,True,,infinite_stale_prefix_max_all_pairs,uniform_arbitrary_stream_transfer
0,learned,sgd,6000,12529.964347562545,0.0072793934981069605,0.08463529495724782,427.2209400632124,1.265289704697904,7.920551630979498,0.024213150760808183,0.007279386661384487,True,fixed,,,,5,0.9984956069227714,0.9986758732043033,-0.0015055258126895068,-0.0013250042262206469,True,,infinite_stale_prefix_max_all_pairs,uniform_arbitrary_stream_transfer
0,learned,sgd,6000,12529.964347562545,0.0072793934981069605,0.08463529495724782,427.2209400632124,1.265289704697904,7.920551630979498,0.024213150760808183,0.007279386661384487,True,fixed,,,,8,0.9996235560303346,0.9996248100893225,-0.00037651484248357357,-0.0003752603120218722,True,,infinite_stale_prefix_max_all_pairs,uniform_arbitrary_stream_transfer
0,learned,sgd,6000,12529.964347562545,0.0072793934981069605,0.08463529495724782,427.2209400632124,1.265289704697904,7.920551630979498,0.024213150760808183,0.007279386661384487,True,fixed,,,,16,0.9996369294207206,0.9996369294695733,-0.0003631365053599311,-0.0003631364564894408,True,,infinite_stale_prefix_max_all_pairs,uniform_arbitrary_stream_transfer
0,learned,sgd,6000,12529.964347562545,0.0072793934981069605,0.08463529495724782,427.2209400632124,1.265289704697904,7.920551630979498,0.024213150760808183,0.007279386661384487,True,fixed,,,,32,0.9996369299499438,0.9996369299499438,-0.0003631359759444147,-0.00036313597594441437,True,,infinite_stale_prefix_max_all_pairs,uniform_arbitrary_stream_transfer
0,learned,sgd,6000,12529.964347562545,0.0072793934981069605,0.08463529495724782,427.2209400632124,1.265289704697904,7.920551630979498,0.024213150760808183,0.007279386661384487,True,fixed,,,,64,0.9996369299499438,0.9996369299499438,-0.0003631359759444137,-0.0003631359759444137,True,,infinite_stale_prefix_max_all_pairs,uniform_arbitrary_stream_transfer
0,learned,sgd,6000,12529.964347562545,0.0072793934981069605,0.08463529495724782,427.2209400632124,1.265289704697904,7.920551630979498,0.024213150760808183,0.007279386661384487,True,fixed,,,,128,0.9996369299499438,0.9996369299499438,-0.0003631359759444137,-0.0003631359759444137,True,,infinite_stale_prefix_max_all_pairs,uniform_arbitrary_stream_transfer
0,learned,sgd,6000,12529.964347562545,0.0072793934981069605,0.08463529495724782,427.2209400632124,1.265289704697904,7.920551630979498,0.024213150760808183,0.007279386661384487,True,fixed,,,,256,0.9996369299499438,0.9996369299499438,-0.0003631359759444137,-0.0003631359759444137,True,,infinite_stale_prefix_max_all_pairs,uniform_arbitrary_stream_transfer
0,learned,sgd,6000,12529.964347562545,0.0072793934981069605,0.08463529495724782,427.2209400632124,1.265289704697904,7.920551630979498,0.024213150760808183,0.007279386661384487,True,fixed,,,,512,0.9996369299499438,0.9996369299499438,-0.0003631359759444137,-0.0003631359759444137,True,,infinite_stale_prefix_max_all_pairs,uniform_arbitrary_stream_transfer
0,learned,sgd,6000,12529.964347562545,0.0072793934981069605,0.08463529495724782,427.2209400632124,1.265289704697904,7.920551630979498,0.024213150760808183,0.007279386661384487,True,adaptive_theta,0.25,,,1,0.03074307745874597,0.06725274737153057,-3.4820904333664764,-2.6992974082263927,True,,infinite_stale_prefix_max_all_pairs,uniform_arbitrary_stream_transfer
0,learned,sgd,6000,12529.964347562545,0.0072793934981069605,0.08463529495724782,427.2209400632124,1.265289704697904,7.920551630979498,0.024213150760808183,0.007279386661384487,True,reference_theta,0.25,,,1,0.03074307745874597,0.06725274737153057,-3.4820904333664764,-2.6992974082263927,True,,infinite_stale_prefix_max_all_pairs,uniform_arbitrary_stream_transfer
0,learned,sgd,6000,12529.964347562545,0.0072793934981069605,0.08463529495724782,427.2209400632124,1.265289704697904,7.920551630979498,0.024213150760808183,0.007279386661384487,True,adaptive_theta,0.5,,,1,0.03074307745874597,0.06725274737153057,-3.4820904333664764,-2.6992974082263927,True,,infinite_stale_prefix_max_all_pairs,uniform_arbitrary_stream_transfer
0,learned,sgd,6000,12529.964347562545,0.0072793934981069605,0.08463529495724782,427.2209400632124,1.265289704697904,7.920551630979498,0.024213150760808183,0.007279386661384487,True,reference_theta,0.5,,,1,0.03074307745874597,0.06725274737153057,-3.4820904333664764,-2.6992974082263927,True,,infinite_stale_prefix_max_all_pairs,uniform_arbitrary_stream_transfer
0,learned,sgd,6000,12529.964347562545,0.0072793934981069605,0.08463529495724782,427.2209400632124,1.265289704697904,7.920551630979498,0.024213150760808183,0.007279386661384487,True,adaptive_theta,0.75,,,1,0.03074307745874597,0.06725274737153057,-3.4820904333664764,-2.6992974082263927,True,,infinite_stale_prefix_max_all_pairs,uniform_arbitrary_stream_transfer
0,learned,sgd,6000,12529.964347562545,0.0072793934981069605,0.08463529495724782,427.2209400632124,1.265289704697904,7.920551630979498,0.024213150760808183,0.007279386661384487,True,reference_theta,0.75,,,1,0.03074307745874597,0.06725274737153057,-3.4820904333664764,-2.6992974082263927,True,,infinite_stale_prefix_max_all_pairs,uniform_arbitrary_stream_transfer
0,learned,sgd,6000,12529.964347562545,0.0072793934981069605,0.08463529495724782,427.2209400632124,1.265289704697904,7.920551630979498,0.024213150760808183,0.007279386661384487,True,clock,,1,0.001,13,0.9996369063899364,0.9996369085648271,-0.0003631595445091238,-0.0003631573688284712,True,,infinite_stale_prefix_max_all_pairs,uniform_arbitrary_stream_transfer
0,learned,sgd,6000,12529.964347562545,0.0072793934981069605,0.08463529495724782,427.2209400632124,1.265289704697904,7.920551630979498,0.024213150760808183,0.007279386661384487,True,clock,,1,0.003,38,0.9996369299499438,0.9996369299499438,-0.0003631359759444137,-0.0003631359759444137,True,,infinite_stale_prefix_max_all_pairs,uniform_arbitrary_stream_transfer
0,learned,sgd,6000,12529.964347562545,0.0072793934981069605,0.08463529495724782,427.2209400632124,1.265289704697904,7.920551630979498,0.024213150760808183,0.007279386661384487,True,clock,,1,0.01,126,0.9996369299499438,0.9996369299499438,-0.0003631359759444137,-0.0003631359759444137,True,,infinite_stale_prefix_max_all_pairs,uniform_arbitrary_stream_transfer
0,learned,sgd,6000,12529.964347562545,0.0072793934981069605,0.08463529495724782,427.2209400632124,1.265289704697904,7.920551630979498,0.024213150760808183,0.007279386661384487,True,clock,,1,0.03,376,0.9996369299499438,0.9996369299499438,-0.0003631359759444137,-0.0003631359759444137,True,,infinite_stale_prefix_max_all_pairs,uniform_arbitrary_stream_transfer
0,learned,sgd,6000,12529.964347562545,0.0072793934981069605,0.08463529495724782,427.2209400632124,1.265289704697904,7.920551630979498,0.024213150760808183,0.007279386661384487,True,clock,,1,0.1,1253,0.9996369299499438,0.9996369299499438,-0.0003631359759444137,-0.0003631359759444137,True,,infinite_stale_prefix_max_all_pairs,uniform_arbitrary_stream_transfer
0,learned,sgd,7000,13634.677401213725,0.007279393513606847,0.08463529500165282,432.155215371381,1.2765758577338726,8.007782843302676,0.024155346471353388,0.007279386661384487,True,fixed,,,,1,0.02820667194788578,0.06139989117840815,-3.5681967351253325,-2.7903472161692404,True,,infinite_stale_prefix_max_all_pairs,uniform_arbitrary_stream_transfer
0,learned,sgd,7000,13634.677401213725,0.007279393513606847,0.08463529500165282,432.155215371381,1.2765758577338726,8.007782843302676,0.024155346471353388,0.007279386661384487,True,fixed,,,,2,0.08441936558806577,0.1638876589531037,-2.471958453604307,-1.8085740922655231,True,,infinite_stale_prefix_max_all_pairs,uniform_arbitrary_stream_transfer
0,learned,sgd,7000,13634.677401213725,0.007279393513606847,0.08463529500165282,432.155215371381,1.2765758577338726,8.007782843302676,0.024155346471353388,0.007279386661384487,True,fixed,,,,3,0.5889627778581691,0.7220779969859286,-0.5293922928144488,-0.32562211685764714,True,,infinite_stale_prefix_max_all_pairs,uniform_arbitrary_stream_transfer
0,learned,sgd,7000,13634.677401213725,0.007279393513606847,0.08463529500165282,432.155215371381,1.2765758577338726,8.007782843302676,0.024155346471353388,0.007279386661384487,True,fixed,,,,4,0.9833443024548861,0.9880084948678455,-0.01679596333973097,-0.012063983226854251,True,,infinite_stale_prefix_max_all_pairs,uniform_arbitrary_stream_transfer
0,learned,sgd,7000,13634.677401213725,0.007279393513606847,0.08463529500165282,432.155215371381,1.2765758577338726,8.007782843302676,0.024155346471353388,0.007279386661384487,True,fixed,,,,5,0.9986072095742368,0.9987745496880067,-0.0013937612598986832,-0.0012262017902224356,True,,infinite_stale_prefix_max_all_pairs,uniform_arbitrary_stream_transfer
0,learned,sgd,7000,13634.677401213725,0.007279393513606847,0.08463529500165282,432.155215371381,1.2765758577338726,8.007782843302676,0.024155346471353388,0.007279386661384487,True,fixed,,,,8,0.9996553310251005,0.9996564454895336,-0.0003447283869026463,-0.00034361353883726104,True,,infinite_stale_prefix_max_all_pairs,uniform_arbitrary_stream_transfer
0,learned,sgd,7000,13634.677401213725,0.007279393513606847,0.08463529500165282,432.155215371381,1.2765758577338726,8.007782843302676,0.024155346471353388,0.007279386661384487,True,fixed,,,,16,0.9996672484206744,0.9996672484603741,-0.00033280695341655144,-0.00033280691370360854,True,,infinite_stale_prefix_max_all_pairs,uniform_arbitrary_stream_transfer
0,learned,sgd,7000,13634.677401213725,0.007279393513606847,0.08463529500165282,432.155215371381,1.2765758577338726,8.007782843302676,0.024155346471353388,0.007279386661384487,True,fixed,,,,32,0.999667248851723,0.999667248851723,-0.0003328065222245388,-0.0003328065222245388,True,,infinite_stale_prefix_max_all_pairs,uniform_arbitrary_stream_transfer
0,learned,sgd,7000,13634.677401213725,0.007279393513606847,0.08463529500165282,432.155215371381,1.2765758577338726,8.007782843302676,0.024155346471353388,0.007279386661384487,True,fixed,,,,64,0.999667248851723,0.999667248851723,-0.0003328065222245382,-0.0003328065222245382,True,,infinite_stale_prefix_max_all_pairs,uniform_arbitrary_stream_transfer
0,learned,sgd,7000,13634.677401213725,0.007279393513606847,0.08463529500165282,432.155215371381,1.2765758577338726,8.007782843302676,0.024155346471353388,0.007279386661384487,True,fixed,,,,128,0.999667248851723,0.999667248851723,-0.0003328065222245382,-0.0003328065222245382,True,,infinite_stale_prefix_max_all_pairs,uniform_arbitrary_stream_transfer
0,learned,sgd,7000,13634.677401213725,0.007279393513606847,0.08463529500165282,432.155215371381,1.2765758577338726,8.007782843302676,0.024155346471353388,0.007279386661384487,True,fixed,,,,256,0.999667248851723,0.999667248851723,-0.0003328065222245382,-0.0003328065222245382,True,,infinite_stale_prefix_max_all_pairs,uniform_arbitrary_stream_transfer
0,learned,sgd,7000,13634.677401213725,0.007279393513606847,0.08463529500165282,432.155215371381,1.2765758577338726,8.007782843302676,0.024155346471353388,0.007279386661384487,True,fixed,,,,512,0.999667248851723,0.999667248851723,-0.0003328065222245382,-0.0003328065222245382,True,,infinite_stale_prefix_max_all_pairs,uniform_arbitrary_stream_transfer
0,learned,sgd,7000,13634.677401213725,0.007279393513606847,0.08463529500165282,432.155215371381,1.2765758577338726,8.007782843302676,0.024155346471353388,0.007279386661384487,True,adaptive_theta,0.25,,,1,0.02820667194788578,0.06139989117840815,-3.5681967351253325,-2.7903472161692404,True,,infinite_stale_prefix_max_all_pairs,uniform_arbitrary_stream_transfer
0,learned,sgd,7000,13634.677401213725,0.007279393513606847,0.08463529500165282,432.155215371381,1.2765758577338726,8.007782843302676,0.024155346471353388,0.007279386661384487,True,reference_theta,0.25,,,1,0.02820667194788578,0.06139989117840815,-3.5681967351253325,-2.7903472161692404,True,,infinite_stale_prefix_max_all_pairs,uniform_arbitrary_stream_transfer
0,learned,sgd,7000,13634.677401213725,0.007279393513606847,0.08463529500165282,432.155215371381,1.2765758577338726,8.007782843302676,0.024155346471353388,0.007279386661384487,True,adaptive_theta,0.5,,,1,0.02820667194788578,0.06139989117840815,-3.5681967351253325,-2.7903472161692404,True,,infinite_stale_prefix_max_all_pairs,uniform_arbitrary_stream_transfer
0,learned,sgd,7000,13634.677401213725,0.007279393513606847,0.08463529500165282,432.155215371381,1.2765758577338726,8.007782843302676,0.024155346471353388,0.007279386661384487,True,reference_theta,0.5,,,1,0.02820667194788578,0.06139989117840815,-3.5681967351253325,-2.7903472161692404,True,,infinite_stale_prefix_max_all_pairs,uniform_arbitrary_stream_transfer
0,learned,sgd,7000,13634.677401213725,0.007279393513606847,0.08463529500165282,432.155215371381,1.2765758577338726,8.007782843302676,0.024155346471353388,0.007279386661384487,True,adaptive_theta,0.75,,,1,0.02820667194788578,0.06139989117840815,-3.5681967351253325,-2.7903472161692404,True,,infinite_stale_prefix_max_all_pairs,uniform_arbitrary_stream_transfer
0,learned,sgd,7000,13634.677401213725,0.007279393513606847,0.08463529500165282,432.155215371381,1.2765758577338726,8.007782843302676,0.024155346471353388,0.007279386661384487,True,reference_theta,0.75,,,1,0.02820667194788578,0.06139989117840815,-3.5681967351253325,-2.7903472161692404,True,,infinite_stale_prefix_max_all_pairs,uniform_arbitrary_stream_transfer
0,learned,sgd,7000,13634.677401213725,0.007279393513606847,0.08463529500165282,432.155215371381,1.2765758577338726,8.007782843302676,0.024155346471353388,0.007279386661384487,True,clock,,1,0.001,14,0.9996672433137778,0.999667243823828,-0.0003328120620131039,-0.00033281155179314527,True,,infinite_stale_prefix_max_all_pairs,uniform_arbitrary_stream_transfer
0,learned,sgd,7000,13634.677401213725,0.007279393513606847,0.08463529500165282,432.155215371381,1.2765758577338726,8.007782843302676,0.024155346471353388,0.007279386661384487,True,clock,,1,0.003,41,0.999667248851723,0.999667248851723,-0.0003328065222245382,-0.0003328065222245382,True,,infinite_stale_prefix_max_all_pairs,uniform_arbitrary_stream_transfer
0,learned,sgd,7000,13634.677401213725,0.007279393513606847,0.08463529500165282,432.155215371381,1.2765758577338726,8.007782843302676,0.024155346471353388,0.007279386661384487,True,clock,,1,0.01,137,0.999667248851723,0.999667248851723,-0.0003328065222245382,-0.0003328065222245382,True,,infinite_stale_prefix_max_all_pairs,uniform_arbitrary_stream_transfer
0,learned,sgd,7000,13634.677401213725,0.007279393513606847,0.08463529500165282,432.155215371381,1.2765758577338726,8.007782843302676,0.024155346471353388,0.007279386661384487,True,clock,,1,0.03,410,0.999667248851723,0.999667248851723,-0.0003328065222245382,-0.0003328065222245382,True,,infinite_stale_prefix_max_all_pairs,uniform_arbitrary_stream_transfer
0,learned,sgd,7000,13634.677401213725,0.007279393513606847,0.08463529500165282,432.155215371381,1.2765758577338726,8.007782843302676,0.024155346471353388,0.007279386661384487,True,clock,,1,0.1,1364,0.999667248851723,0.999667248851723,-0.0003328065222245382,-0.0003328065222245382,True,,infinite_stale_prefix_max_all_pairs,uniform_arbitrary_stream_transfer
0,learned,sgd,8000,14640.148099390584,0.00727939352452476,0.08463529503281808,436.2154331921577,1.285880999172415,8.080324337130412,0.024108329022788137,0.007279386661384487,True,fixed,,,,1,0.026252046881646687,0.05690426154893684,-3.640011316540826,-2.866385045242478,True,,infinite_stale_prefix_max_all_pairs,uniform_arbitrary_stream_transfer
0,learned,sgd,8000,14640.148099390584,0.00727939352452476,0.08463529503281808,436.2154331921577,1.285880999172415,8.080324337130412,0.024108329022788137,0.007279386661384487,True,fixed,,,,2,0.0786827048956791,0.1531781087424739,-2.542331907611951,-1.8761539252117585,True,,infinite_stale_prefix_max_all_pairs,uniform_arbitrary_stream_transfer
0,learned,sgd,8000,14640.148099390584,0.00727939352452476,0.08463529503281808,436.2154331921577,1.285880999172415,8.080324337130412,0.024108329022788137,0.007279386661384487,True,fixed,,,,3,0.5770699498664595,0.7123853058393644,-0.5497917895506725,-0.33913635405761955,True,,infinite_stale_prefix_max_all_pairs,uniform_arbitrary_stream_transfer
0,learned,sgd,8000,14640.148099390584,0.00727939352452476,0.08463529503281808,436.2154331921577,1.285880999172415,8.080324337130412,0.024108329022788137,0.007279386661384487,True,fixed,,,,4,0.9836691940888143,0.9882671345434083,-0.01646562332177636,-0.011802238687590153,True,,infinite_stale_prefix_max_all_pairs,uniform_arbitrary_stream_transfer
0,learned,sgd,8000,14640.148099390584,0.00727939352452476,0.08463529503281808,436.2154331921577,1.285880999172415,8.080324337130412,0.024108329022788137,0.007279386661384487,True,fixed,,,,5,0.9986939324419636,0.9988511959031793,-0.0013069212076331756,-0.0011494644780614377,True,,infinite_stale_prefix_max_all_pairs,uniform_arbitrary_stream_transfer
0,learned,sgd,8000,14640.148099390584,0.00727939352452476,0.08463529503281808,436.2154331921577,1.285880999172415,8.080324337130412,0.024108329022788137,0.007279386661384487,True,fixed,,,,8,0.99967969589804,0.9996807063174932,-0.0003203554102754154,-0.0003193446675877577,True,,infinite_stale_prefix_max_all_pairs,uniform_arbitrary_stream_transfer
0,learned,sgd,8000,14640.148099390584,0.00727939352452476,0.08463529503281808,436.2154331921577,1.285880999172415,8.080324337130412,0.024108329022788137,0.007279386661384487,True,fixed,,,,16,0.9996905248267277,0.9996905248601615,-0.00030952307059600406,-0.0003095230371518378,True,,infinite_stale_prefix_max_all_pairs,uniform_arbitrary_stream_transfer
0,learned,sgd,8000,14640.148099390584,0.00727939352452476,0.08463529503281808,436.2154331921577,1.285880999172415,8.080324337130412,0.024108329022788137,0.007279386661384487,True,fixed,,,,32,0.999690525190417,0.999690525190417,-0.00030952270679406203,-0.00030952270679406203,True,,infinite_stale_prefix_max_all_pairs,uniform_arbitrary_stream_transfer
0,learned,sgd,8000,14640.148099390584,0.00727939352452476,0.08463529503281808,436.2154331921577,1.285880999172415,8.080324337130412,0.024108329022788137,0.007279386661384487,True,fixed,,,,64,0.999690525190417,0.999690525190417,-0.0003095227067940615,-0.0003095227067940615,True,,infinite_stale_prefix_max_all_pairs,uniform_arbitrary_stream_transfer
0,learned,sgd,8000,14640.148099390584,0.00727939352452476,0.08463529503281808,436.2154331921577,1.285880999172415,8.080324337130412,0.024108329022788137,0.007279386661384487,True,fixed,,,,128,0.999690525190417,0.999690525190417,-0.0003095227067940615,-0.0003095227067940615,True,,infinite_stale_prefix_max_all_pairs,uniform_arbitrary_stream_transfer
0,learned,sgd,8000,14640.148099390584,0.00727939352452476,0.08463529503281808,436.2154331921577,1.285880999172415,8.080324337130412,0.024108329022788137,0.007279386661384487,True,fixed,,,,256,0.999690525190417,0.999690525190417,-0.0003095227067940615,-0.0003095227067940615,True,,infinite_stale_prefix_max_all_pairs,uniform_arbitrary_stream_transfer
0,learned,sgd,8000,14640.148099390584,0.00727939352452476,0.08463529503281808,436.2154331921577,1.285880999172415,8.080324337130412,0.024108329022788137,0.007279386661384487,True,fixed,,,,512,0.999690525190417,0.999690525190417,-0.0003095227067940615,-0.0003095227067940615,True,,infinite_stale_prefix_max_all_pairs,uniform_arbitrary_stream_transfer
0,learned,sgd,8000,14640.148099390584,0.00727939352452476,0.08463529503281808,436.2154331921577,1.285880999172415,8.080324337130412,0.024108329022788137,0.007279386661384487,True,adaptive_theta,0.25,,,1,0.026252046881646687,0.05690426154893684,-3.640011316540826,-2.866385045242478,True,,infinite_stale_prefix_max_all_pairs,uniform_arbitrary_stream_transfer
0,learned,sgd,8000,14640.148099390584,0.00727939352452476,0.08463529503281808,436.2154331921577,1.285880999172415,8.080324337130412,0.024108329022788137,0.007279386661384487,True,reference_theta,0.25,,,1,0.026252046881646687,0.05690426154893684,-3.640011316540826,-2.866385045242478,True,,infinite_stale_prefix_max_all_pairs,uniform_arbitrary_stream_transfer
0,learned,sgd,8000,14640.148099390584,0.00727939352452476,0.08463529503281808,436.2154331921577,1.285880999172415,8.080324337130412,0.024108329022788137,0.007279386661384487,True,adaptive_theta,0.5,,,1,0.026252046881646687,0.05690426154893684,-3.640011316540826,-2.866385045242478,True,,infinite_stale_prefix_max_all_pairs,uniform_arbitrary_stream_transfer
0,learned,sgd,8000,14640.148099390584,0.00727939352452476,0.08463529503281808,436.2154331921577,1.285880999172415,8.080324337130412,0.024108329022788137,0.007279386661384487,True,reference_theta,0.5,,,1,0.026252046881646687,0.05690426154893684,-3.640011316540826,-2.866385045242478,True,,infinite_stale_prefix_max_all_pairs,uniform_arbitrary_stream_transfer
0,learned,sgd,8000,14640.148099390584,0.00727939352452476,0.08463529503281808,436.2154331921577,1.285880999172415,8.080324337130412,0.024108329022788137,0.007279386661384487,True,adaptive_theta,0.75,,,1,0.026252046881646687,0.05690426154893684,-3.640011316540826,-2.866385045242478,True,,infinite_stale_prefix_max_all_pairs,uniform_arbitrary_stream_transfer
0,learned,sgd,8000,14640.148099390584,0.00727939352452476,0.08463529503281808,436.2154331921577,1.285880999172415,8.080324337130412,0.024108329022788137,0.007279386661384487,True,reference_theta,0.75,,,1,0.026252046881646687,0.05690426154893684,-3.640011316540826,-2.866385045242478,True,,infinite_stale_prefix_max_all_pairs,uniform_arbitrary_stream_transfer
0,learned,sgd,8000,14640.148099390584,0.00727939352452476,0.08463529503281808,436.2154331921577,1.285880999172415,8.080324337130412,0.024108329022788137,0.007279386661384487,True,clock,,1,0.001,15,0.9996905238746404,0.9996905239955994,-0.00030952402297802333,-0.00030952390198160017,True,,infinite_stale_prefix_max_all_pairs,uniform_arbitrary_stream_transfer
0,learned,sgd,8000,14640.148099390584,0.00727939352452476,0.08463529503281808,436.2154331921577,1.285880999172415,8.080324337130412,0.024108329022788137,0.007279386661384487,True,clock,,1,0.003,44,0.999690525190417,0.999690525190417,-0.0003095227067940615,-0.0003095227067940615,True,,infinite_stale_prefix_max_all_pairs,uniform_arbitrary_stream_transfer
0,learned,sgd,8000,14640.148099390584,0.00727939352452476,0.08463529503281808,436.2154331921577,1.285880999172415,8.080324337130412,0.024108329022788137,0.007279386661384487,True,clock,,1,0.01,147,0.999690525190417,0.999690525190417,-0.0003095227067940615,-0.0003095227067940615,True,,infinite_stale_prefix_max_all_pairs,uniform_arbitrary_stream_transfer
0,learned,sgd,8000,14640.148099390584,0.00727939352452476,0.08463529503281808,436.2154331921577,1.285880999172415,8.080324337130412,0.024108329022788137,0.007279386661384487,True,clock,,1,0.03,440,0.999690525190417,0.999690525190417,-0.0003095227067940615,-0.0003095227067940615,True,,infinite_stale_prefix_max_all_pairs,uniform_arbitrary_stream_transfer
0,learned,sgd,8000,14640.148099390584,0.00727939352452476,0.08463529503281808,436.2154331921577,1.285880999172415,8.080324337130412,0.024108329022788137,0.007279386661384487,True,clock,,1,0.1,1465,0.999690525190417,0.999690525190417,-0.0003095227067940615,-0.0003095227067940615,True,,infinite_stale_prefix_max_all_pairs,uniform_arbitrary_stream_transfer
0,learned,sgd,9000,15564.976118559222,0.007279393532567413,0.08463529505563287,439.64685614336577,1.293757063810287,8.1421754477593,0.02406897349554963,0.007279386661384487,True,fixed,,,,1,0.02468946546665754,0.05332119637946441,-3.7013786256505172,-2.931421346198962,True,,infinite_stale_prefix_max_all_pairs,uniform_arbitrary_stream_transfer
0,learned,sgd,9000,15564.976118559222,0.007279393532567413,0.08463529505563287,439.64685614336577,1.293757063810287,8.1421754477593,0.02406897349554963,0.007279386661384487,True,fixed,,,,2,0.07407037126340626,0.14449883019207102,-2.602739674637838,-1.9344838670190214,True,,infinite_stale_prefix_max_all_pairs,uniform_arbitrary_stream_transfer
0,learned,sgd,9000,15564.976118559222,0.007279393532567413,0.08463529505563287,439.64685614336577,1.293757063810287,8.1421754477593,0.02406897349554963,0.007279386661384487,True,fixed,,,,3,0.5667961795558825,0.7039089066853752,-0.5677555115625652,-0.35110632510902856,True,,infinite_stale_prefix_max_all_pairs,uniform_arbitrary_stream_transfer
0,learned,sgd,9000,15564.976118559222,0.007279393532567413,0.08463529505563287,439.64685614336577,1.293757063810287,8.1421754477593,0.02406897349554963,0.007279386661384487,True,fixed,,,,4,0.9839415829306641,0.9884835905497658,-0.01618875063255217,-0.011583236863561608,True,,infinite_stale_prefix_max_all_pairs,uniform_arbitrary_stream_transfer
0,learned,sgd,9000,15564.976118559222,0.007279393532567413,0.08463529505563287,439.64685614336577,1.293757063810287,8.1421754477593,0.02406897349554963,0.007279386661384487,True,fixed,,,,5,0.9987637566942732,0.9989128858810353,-0.0012370080848493144,-0.0010877054561246084,True,,infinite_stale_prefix_max_all_pairs,uniform_arbitrary_stream_transfer
0,learned,sgd,9000,15564.976118559222,0.007279393532567413,0.08463529505563287,439.64685614336577,1.293757063810287,8.1421754477593,0.02406897349554963,0.007279386661384487,True,fixed,,,,8,0.9996991005145756,0.9997000300222957,-0.00030094476475786954,-0.0003000149776974236,True,,infinite_stale_prefix_max_all_pairs,uniform_arbitrary_stream_transfer
0,learned,sgd,9000,15564.976118559222,0.007279393532567413,0.08463529505563287,439.64685614336577,1.293757063810287,8.1421754477593,0.02406897349554963,0.007279386661384487,True,fixed,,,,16,0.9997090808972255,0.9997090809261201,-0.00029096142794566286,-0.00029096139904270877,True,,infinite_stale_prefix_max_all_pairs,uniform_arbitrary_stream_transfer
0,learned,sgd,9000,15564.976118559222,0.007279393532567413,0.08463529505563287,439.64685614336577,1.293757063810287,8.1421754477593,0.02406897349554963,0.007279386661384487,True,fixed,,,,32,0.9997090812120267,0.9997090812120267,-0.0002909611130528159,-0.0002909611130528159,True,,infinite_stale_prefix_max_all_pairs,uniform_arbitrary_stream_transfer
0,learned,sgd,9000,15564.976118559222,0.007279393532567413,0.08463529505563287,439.64685614336577,1.293757063810287,8.1421754477593,0.02406897349554963,0.007279386661384487,True,fixed,,,,64,0.9997090812120267,0.9997090812120267,-0.0002909611130528154,-0.0002909611130528154,True,,infinite_stale_prefix_max_all_pairs,uniform_arbitrary_stream_transfer
0,learned,sgd,9000,15564.976118559222,0.007279393532567413,0.08463529505563287,439.64685614336577,1.293757063810287,8.1421754477593,0.02406897349554963,0.007279386661384487,True,fixed,,,,128,0.9997090812120267,0.9997090812120267,-0.0002909611130528154,-0.0002909611130528154,True,,infinite_stale_prefix_max_all_pairs,uniform_arbitrary_stream_transfer
0,learned,sgd,9000,15564.976118559222,0.007279393532567413,0.08463529505563287,439.64685614336577,1.293757063810287,8.1421754477593,0.02406897349554963,0.007279386661384487,True,fixed,,,,256,0.9997090812120267,0.9997090812120267,-0.0002909611130528154,-0.0002909611130528154,True,,infinite_stale_prefix_max_all_pairs,uniform_arbitrary_stream_transfer
0,learned,sgd,9000,15564.976118559222,0.007279393532567413,0.08463529505563287,439.64685614336577,1.293757063810287,8.1421754477593,0.02406897349554963,0.007279386661384487,True,fixed,,,,512,0.9997090812120267,0.9997090812120267,-0.0002909611130528154,-0.0002909611130528154,True,,infinite_stale_prefix_max_all_pairs,uniform_arbitrary_stream_transfer
0,learned,sgd,9000,15564.976118559222,0.007279393532567413,0.08463529505563287,439.64685614336577,1.293757063810287,8.1421754477593,0.02406897349554963,0.007279386661384487,True,adaptive_theta,0.25,,,1,0.02468946546665754,0.05332119637946441,-3.7013786256505172,-2.931421346198962,True,,infinite_stale_prefix_max_all_pairs,uniform_arbitrary_stream_transfer
0,learned,sgd,9000,15564.976118559222,0.007279393532567413,0.08463529505563287,439.64685614336577,1.293757063810287,8.1421754477593,0.02406897349554963,0.007279386661384487,True,reference_theta,0.25,,,1,0.02468946546665754,0.05332119637946441,-3.7013786256505172,-2.931421346198962,True,,infinite_stale_prefix_max_all_pairs,uniform_arbitrary_stream_transfer
0,learned,sgd,9000,15564.976118559222,0.007279393532567413,0.08463529505563287,439.64685614336577,1.293757063810287,8.1421754477593,0.02406897349554963,0.007279386661384487,True,adaptive_theta,0.5,,,1,0.02468946546665754,0.05332119637946441,-3.7013786256505172,-2.931421346198962,True,,infinite_stale_prefix_max_all_pairs,uniform_arbitrary_stream_transfer
0,learned,sgd,9000,15564.976118559222,0.007279393532567413,0.08463529505563287,439.64685614336577,1.293757063810287,8.1421754477593,0.02406897349554963,0.007279386661384487,True,reference_theta,0.5,,,1,0.02468946546665754,0.05332119637946441,-3.7013786256505172,-2.931421346198962,True,,infinite_stale_prefix_max_all_pairs,uniform_arbitrary_stream_transfer
0,learned,sgd,9000,15564.976118559222,0.007279393532567413,0.08463529505563287,439.64685614336577,1.293757063810287,8.1421754477593,0.02406897349554963,0.007279386661384487,True,adaptive_theta,0.75,,,1,0.02468946546665754,0.05332119637946441,-3.7013786256505172,-2.931421346198962,True,,infinite_stale_prefix_max_all_pairs,uniform_arbitrary_stream_transfer
0,learned,sgd,9000,15564.976118559222,0.007279393532567413,0.08463529505563287,439.64685614336577,1.293757063810287,8.1421754477593,0.02406897349554963,0.007279386661384487,True,reference_theta,0.75,,,1,0.02468946546665754,0.05332119637946441,-3.7013786256505172,-2.931421346198962,True,,infinite_stale_prefix_max_all_pairs,uniform_arbitrary_stream_transfer
0,learned,sgd,9000,15564.976118559222,0.007279393532567413,0.08463529505563287,439.64685614336577,1.293757063810287,8.1421754477593,0.02406897349554963,0.007279386661384487,True,clock,,1,0.001,16,0.9997090808972255,0.9997090809261201,-0.00029096142794566286,-0.00029096139904270877,True,,infinite_stale_prefix_max_all_pairs,uniform_arbitrary_stream_transfer
0,learned,sgd,9000,15564.976118559222,0.007279393532567413,0.08463529505563287,439.64685614336577,1.293757063810287,8.1421754477593,0.02406897349554963,0.007279386661384487,True,clock,,1,0.003,47,0.9997090812120267,0.9997090812120267,-0.0002909611130528154,-0.0002909611130528154,True,,infinite_stale_prefix_max_all_pairs,uniform_arbitrary_stream_transfer
0,learned,sgd,9000,15564.976118559222,0.007279393532567413,0.08463529505563287,439.64685614336577,1.293757063810287,8.1421754477593,0.02406897349554963,0.007279386661384487,True,clock,,1,0.01,156,0.9997090812120267,0.9997090812120267,-0.0002909611130528154,-0.0002909611130528154,True,,infinite_stale_prefix_max_all_pairs,uniform_arbitrary_stream_transfer
0,learned,sgd,9000,15564.976118559222,0.007279393532567413,0.08463529505563287,439.64685614336577,1.293757063810287,8.1421754477593,0.02406897349554963,0.007279386661384487,True,clock,,1,0.03,467,0.9997090812120267,0.9997090812120267,-0.0002909611130528154,-0.0002909611130528154,True,,infinite_stale_prefix_max_all_pairs,uniform_arbitrary_stream_transfer
0,learned,sgd,9000,15564.976118559222,0.007279393532567413,0.08463529505563287,439.64685614336577,1.293757063810287,8.1421754477593,0.02406897349554963,0.007279386661384487,True,clock,,1,0.1,1557,0.9997090812120267,0.9997090812120267,-0.0002909611130528154,-0.0002909611130528154,True,,infinite_stale_prefix_max_all_pairs,uniform_arbitrary_stream_transfer
0,learned,sgd,10000,16422.80840538935,0.007279393538694617,0.08463529507298134,442.6066326627013,1.3005582601594494,8.195928507286862,0.02403530713279964,0.007279386661384487,True,fixed,,,,1,0.023405064280940097,0.05038417761571407,-3.7548028577720034,-2.988078089389247,True,,infinite_stale_prefix_max_all_pairs,uniform_arbitrary_stream_transfer
0,learned,sgd,10000,16422.80840538935,0.007279393538694617,0.08463529507298134,442.6066326627013,1.3005582601594494,8.195928507286862,0.02403530713279964,0.007279386661384487,True,fixed,,,,2,0.07026205614187775,0.13728730551566734,-2.655523367814936,-1.9856794284895096,True,,infinite_stale_prefix_max_all_pairs,uniform_arbitrary_stream_transfer
0,learned,sgd,10000,16422.80840538935,0.007279393538694617,0.08463529507298134,442.6066326627013,1.3005582601594494,8.195928507286862,0.02403530713279964,0.007279386661384487,True,fixed,,,,3,0.5577739092137403,0.6963846513217724,-0.5838015793292106,-0.36185311136290604,True,,infinite_stale_prefix_max_all_pairs,uniform_arbitrary_stream_transfer
0,learned,sgd,10000,16422.80840538935,0.007279393538694617,0.08463529507298134,442.6066326627013,1.3005582601594494,8.195928507286862,0.02403530713279964,0.007279386661384487,True,fixed,,,,4,0.9841748018119402,0.988668647004674,-0.015951753588906104,-0.011396041915257985,True,,infinite_stale_prefix_max_all_pairs,uniform_arbitrary_stream_transfer
0,learned,sgd,10000,16422.80840538935,0.007279393538694617,0.08463529507298134,442.6066326627013,1.3005582601594494,8.195928507286862,0.02403530713279964,0.007279386661384487,True,fixed,,,,5,0.9988215063420947,0.9989638934829134,-0.0011791886276214419,-0.001036643646491566,True,,infinite_stale_prefix_max_all_pairs,uniform_arbitrary_stream_transfer
0,learned,sgd,10000,16422.80840538935,0.007279393538694617,0.08463529507298134,442.6066326627013,1.3005582601594494,8.195928507286862,0.02403530713279964,0.007279386661384487,True,fixed,,,,8,0.9997150040124031,0.9997158685534798,-0.00028503660667107586,-0.00028417181950729986,True,,infinite_stale_prefix_max_all_pairs,uniform_arbitrary_stream_transfer
0,learned,sgd,10000,16422.80840538935,0.007279393538694617,0.08463529507298134,442.6066326627013,1.3005582601594494,8.195928507286862,0.02403530713279964,0.007279386661384487,True,fixed,,,,16,0.9997243016530445,0.9997243016785085,-0.0002757363587314059,-0.0002757363332604729,True,,infinite_stale_prefix_max_all_pairs,uniform_arbitrary_stream_transfer
0,learned,sgd,10000,16422.80840538935,0.007279393538694617,0.08463529507298134,442.6066326627013,1.3005582601594494,8.195928507286862,0.02403530713279964,0.007279386661384487,True,fixed,,,,32,0.9997243019308397,0.9997243019308397,-0.0002757360808595603,-0.00027573608085955983,True,,infinite_stale_prefix_max_all_pairs,uniform_arbitrary_stream_transfer
0,learned,sgd,10000,16422.80840538935,0.007279393538694617,0.08463529507298134,442.6066326627013,1.3005582601594494,8.195928507286862,0.02403530713279964,0.007279386661384487,True,fixed,,,,64,0.9997243019308397,0.9997243019308397,-0.00027573608085955983,-0.00027573608085955983,True,,infinite_stale_prefix_max_all_pairs,uniform_arbitrary_stream_transfer
0,learned,sgd,10000,16422.80840538935,0.007279393538694617,0.08463529507298134,442.6066326627013,1.3005582601594494,8.195928507286862,0.02403530713279964,0.007279386661384487,True,fixed,,,,128,0.9997243019308397,0.9997243019308397,-0.00027573608085955983,-0.00027573608085955983,True,,infinite_stale_prefix_max_all_pairs,uniform_arbitrary_stream_transfer
0,learned,sgd,10000,16422.80840538935,0.007279393538694617,0.08463529507298134,442.6066326627013,1.3005582601594494,8.195928507286862,0.02403530713279964,0.007279386661384487,True,fixed,,,,256,0.9997243019308397,0.9997243019308397,-0.00027573608085955983,-0.00027573608085955983,True,,infinite_stale_prefix_max_all_pairs,uniform_arbitrary_stream_transfer
0,learned,sgd,10000,16422.80840538935,0.007279393538694617,0.08463529507298134,442.6066326627013,1.3005582601594494,8.195928507286862,0.02403530713279964,0.007279386661384487,True,fixed,,,,512,0.9997243019308397,0.9997243019308397,-0.00027573608085955983,-0.00027573608085955983,True,,infinite_stale_prefix_max_all_pairs,uniform_arbitrary_stream_transfer
0,learned,sgd,10000,16422.80840538935,0.007279393538694617,0.08463529507298134,442.6066326627013,1.3005582601594494,8.195928507286862,0.02403530713279964,0.007279386661384487,True,adaptive_theta,0.25,,,1,0.023405064280940097,0.05038417761571407,-3.7548028577720034,-2.988078089389247,True,,infinite_stale_prefix_max_all_pairs,uniform_arbitrary_stream_transfer
0,learned,sgd,10000,16422.80840538935,0.007279393538694617,0.08463529507298134,442.6066326627013,1.3005582601594494,8.195928507286862,0.02403530713279964,0.007279386661384487,True,reference_theta,0.25,,,1,0.023405064280940097,0.05038417761571407,-3.7548028577720034,-2.988078089389247,True,,infinite_stale_prefix_max_all_pairs,uniform_arbitrary_stream_transfer
0,learned,sgd,10000,16422.80840538935,0.007279393538694617,0.08463529507298134,442.6066326627013,1.3005582601594494,8.195928507286862,0.02403530713279964,0.007279386661384487,True,adaptive_theta,0.5,,,1,0.023405064280940097,0.05038417761571407,-3.7548028577720034,-2.988078089389247,True,,infinite_stale_prefix_max_all_pairs,uniform_arbitrary_stream_transfer
0,learned,sgd,10000,16422.80840538935,0.007279393538694617,0.08463529507298134,442.6066326627013,1.3005582601594494,8.195928507286862,0.02403530713279964,0.007279386661384487,True,reference_theta,0.5,,,1,0.023405064280940097,0.05038417761571407,-3.7548028577720034,-2.988078089389247,True,,infinite_stale_prefix_max_all_pairs,uniform_arbitrary_stream_transfer
0,learned,sgd,10000,16422.80840538935,0.007279393538694617,0.08463529507298134,442.6066326627013,1.3005582601594494,8.195928507286862,0.02403530713279964,0.007279386661384487,True,adaptive_theta,0.75,,,1,0.023405064280940097,0.05038417761571407,-3.7548028577720034,-2.988078089389247,True,,infinite_stale_prefix_max_all_pairs,uniform_arbitrary_stream_transfer
0,learned,sgd,10000,16422.80840538935,0.007279393538694617,0.08463529507298134,442.6066326627013,1.3005582601594494,8.195928507286862,0.02403530713279964,0.007279386661384487,True,reference_theta,0.75,,,1,0.023405064280940097,0.05038417761571407,-3.7548028577720034,-2.988078089389247,True,,infinite_stale_prefix_max_all_pairs,uniform_arbitrary_stream_transfer
0,learned,sgd,10000,16422.80840538935,0.007279393538694617,0.08463529507298134,442.6066326627013,1.3005582601594494,8.195928507286862,0.02403530713279964,0.007279386661384487,True,clock,,1,0.001,17,0.999724301855174,0.9997243018621098,-0.00027573615654618406,-0.00027573614960842374,True,,infinite_stale_prefix_max_all_pairs,uniform_arbitrary_stream_transfer
0,learned,sgd,10000,16422.80840538935,0.007279393538694617,0.08463529507298134,442.6066326627013,1.3005582601594494,8.195928507286862,0.02403530713279964,0.007279386661384487,True,clock,,1,0.003,50,0.9997243019308397,0.9997243019308397,-0.00027573608085955983,-0.00027573608085955983,True,,infinite_stale_prefix_max_all_pairs,uniform_arbitrary_stream_transfer
0,learned,sgd,10000,16422.80840538935,0.007279393538694617,0.08463529507298134,442.6066326627013,1.3005582601594494,8.195928507286862,0.02403530713279964,0.007279386661384487,True,clock,,1,0.01,165,0.9997243019308397,0.9997243019308397,-0.00027573608085955983,-0.00027573608085955983,True,,infinite_stale_prefix_max_all_pairs,uniform_arbitrary_stream_transfer
0,learned,sgd,10000,16422.80840538935,0.007279393538694617,0.08463529507298134,442.6066326627013,1.3005582601594494,8.195928507286862,0.02403530713279964,0.007279386661384487,True,clock,,1,0.03,493,0.9997243019308397,0.9997243019308397,-0.00027573608085955983,-0.00027573608085955983,True,,infinite_stale_prefix_max_all_pairs,uniform_arbitrary_stream_transfer
0,learned,sgd,10000,16422.80840538935,0.007279393538694617,0.08463529507298134,442.6066326627013,1.3005582601594494,8.195928507286862,0.02403530713279964,0.007279386661384487,True,clock,,1,0.1,1643,0.9997243019308397,0.9997243019308397,-0.00027573608085955983,-0.00027573608085955983,True,,infinite_stale_prefix_max_all_pairs,uniform_arbitrary_stream_transfer
0,learned,sgd,11000,17223.98011750906,0.007279393543494967,0.08463529508652927,445.2007385010683,1.3065254744846648,8.243352159026884,0.02400600771724207,0.007279386661384487,True,fixed,,,,1,0.022325973922059483,0.04792295604088549,-3.802004528442797,-3.038160640080732,True,,infinite_stale_prefix_max_all_pairs,uniform_arbitrary_stream_transfer
0,learned,sgd,11000,17223.98011750906,0.007279393543494967,0.08463529508652927,445.2007385010683,1.3065254744846648,8.243352159026884,0.02400600771724207,0.007279386661384487,True,fixed,,,,2,0.06705101918577988,0.13117570295449574,-2.7023014689854867,-2.0312176105177113,True,,infinite_stale_prefix_max_all_pairs,uniform_arbitrary_stream_transfer
0,learned,sgd,11000,17223.98011750906,0.007279393543494967,0.08463529508652927,445.2007385010683,1.3065254744846648,8.243352159026884,0.02400600771724207,0.007279386661384487,True,fixed,,,,3,0.5497473445078654,0.6896264993763184,-0.5982964799220698,-0.37160513320112326,True,,infinite_stale_prefix_max_all_pairs,uniform_arbitrary_stream_transfer
0,learned,sgd,11000,17223.98011750906,0.007279393543494967,0.08463529508652927,445.2007385010683,1.3065254744846648,8.243352159026884,0.02400600771724207,0.007279386661384487,True,fixed,,,,4,0.9843779506322411,0.9888296265660349,-0.015745359504958048,-0.011233230585541147,True,,infinite_stale_prefix_max_all_pairs,uniform_arbitrary_stream_transfer
0,learned,sgd,11000,17223.98011750906,0.007279393543494967,0.08463529508652927,445.2007385010683,1.3065254744846648,8.243352159026884,0.02400600771724207,0.007279386661384487,True,fixed,,,,5,0.9988702917281234,0.9990069725925748,-0.0011303468732672425,-0.0009935207857937683,True,,infinite_stale_prefix_max_all_pairs,uniform_arbitrary_stream_transfer
0,learned,sgd,11000,17223.98011750906,0.007279393543494967,0.08463529508652927,445.2007385010683,1.3065254744846648,8.243352159026884,0.02400600771724207,0.007279386661384487,True,fixed,,,,8,0.9997283332204516,0.9997291442744515,-0.00027170368765258606,-0.0002708924135854492,True,,infinite_stale_prefix_max_all_pairs,uniform_arbitrary_stream_transfer
0,learned,sgd,11000,17223.98011750906,0.007279393543494967,0.08463529508652927,445.2007385010683,1.3065254744846648,8.243352159026884,0.02400600771724207,0.007279386661384487,True,fixed,,,,16,0.9997370677541055,0.9997370677768899,-0.00026296681863772787,-0.0002629667958474418,True,,infinite_stale_prefix_max_all_pairs,uniform_arbitrary_stream_transfer
0,learned,sgd,11000,17223.98011750906,0.007279393543494967,0.08463529508652927,445.2007385010683,1.3065254744846648,8.243352159026884,0.02400600771724207,0.007279386661384487,True,fixed,,,,32,0.9997370680029569,0.9997370680029569,-0.00026296656972094257,-0.00026296656972094257,True,,infinite_stale_prefix_max_all_pairs,uniform_arbitrary_stream_transfer
0,learned,sgd,11000,17223.98011750906,0.007279393543494967,0.08463529508652927,445.2007385010683,1.3065254744846648,8.243352159026884,0.02400600771724207,0.007279386661384487,True,fixed,,,,64,0.9997370680029569,0.9997370680029569,-0.00026296656972094257,-0.00026296656972094257,True,,infinite_stale_prefix_max_all_pairs,uniform_arbitrary_stream_transfer
0,learned,sgd,11000,17223.98011750906,0.007279393543494967,0.08463529508652927,445.2007385010683,1.3065254744846648,8.243352159026884,0.02400600771724207,0.007279386661384487,True,fixed,,,,128,0.9997370680029569,0.9997370680029569,-0.00026296656972094257,-0.00026296656972094257,True,,infinite_stale_prefix_max_all_pairs,uniform_arbitrary_stream_transfer
0,learned,sgd,11000,17223.98011750906,0.007279393543494967,0.08463529508652927,445.2007385010683,1.3065254744846648,8.243352159026884,0.02400600771724207,0.007279386661384487,True,fixed,,,,256,0.9997370680029569,0.9997370680029569,-0.00026296656972094257,-0.00026296656972094257,True,,infinite_stale_prefix_max_all_pairs,uniform_arbitrary_stream_transfer
0,learned,sgd,11000,17223.98011750906,0.007279393543494967,0.08463529508652927,445.2007385010683,1.3065254744846648,8.243352159026884,0.02400600771724207,0.007279386661384487,True,fixed,,,,512,0.9997370680029569,0.9997370680029569,-0.00026296656972094257,-0.00026296656972094257,True,,infinite_stale_prefix_max_all_pairs,uniform_arbitrary_stream_transfer
0,learned,sgd,11000,17223.98011750906,0.007279393543494967,0.08463529508652927,445.2007385010683,1.3065254744846648,8.243352159026884,0.02400600771724207,0.007279386661384487,True,adaptive_theta,0.25,,,1,0.022325973922059483,0.04792295604088549,-3.802004528442797,-3.038160640080732,True,,infinite_stale_prefix_max_all_pairs,uniform_arbitrary_stream_transfer
0,learned,sgd,11000,17223.98011750906,0.007279393543494967,0.08463529508652927,445.2007385010683,1.3065254744846648,8.243352159026884,0.02400600771724207,0.007279386661384487,True,reference_theta,0.25,,,1,0.022325973922059483,0.04792295604088549,-3.802004528442797,-3.038160640080732,True,,infinite_stale_prefix_max_all_pairs,uniform_arbitrary_stream_transfer
0,learned,sgd,11000,17223.98011750906,0.007279393543494967,0.08463529508652927,445.2007385010683,1.3065254744846648,8.243352159026884,0.02400600771724207,0.007279386661384487,True,adaptive_theta,0.5,,,1,0.022325973922059483,0.04792295604088549,-3.802004528442797,-3.038160640080732,True,,infinite_stale_prefix_max_all_pairs,uniform_arbitrary_stream_transfer
0,learned,sgd,11000,17223.98011750906,0.007279393543494967,0.08463529508652927,445.2007385010683,1.3065254744846648,8.243352159026884,0.02400600771724207,0.007279386661384487,True,reference_theta,0.5,,,1,0.022325973922059483,0.04792295604088549,-3.802004528442797,-3.038160640080732,True,,infinite_stale_prefix_max_all_pairs,uniform_arbitrary_stream_transfer
0,learned,sgd,11000,17223.98011750906,0.007279393543494967,0.08463529508652927,445.2007385010683,1.3065254744846648,8.243352159026884,0.02400600771724207,0.007279386661384487,True,adaptive_theta,0.75,,,1,0.022325973922059483,0.04792295604088549,-3.802004528442797,-3.038160640080732,True,,infinite_stale_prefix_max_all_pairs,uniform_arbitrary_stream_transfer
0,learned,sgd,11000,17223.98011750906,0.007279393543494967,0.08463529508652927,445.2007385010683,1.3065254744846648,8.243352159026884,0.02400600771724207,0.007279386661384487,True,reference_theta,0.75,,,1,0.022325973922059483,0.04792295604088549,-3.802004528442797,-3.038160640080732,True,,infinite_stale_prefix_max_all_pairs,uniform_arbitrary_stream_transfer
0,learned,sgd,11000,17223.98011750906,0.007279393543494967,0.08463529508652927,445.2007385010683,1.3065254744846648,8.243352159026884,0.02400600771724207,0.007279386661384487,True,clock,,1,0.001,18,0.9997370679847135,0.9997370679863838,-0.00026296658796915866,-0.0002629665862983919,True,,infinite_stale_prefix_max_all_pairs,uniform_arbitrary_stream_transfer
0,learned,sgd,11000,17223.98011750906,0.007279393543494967,0.08463529508652927,445.2007385010683,1.3065254744846648,8.243352159026884,0.02400600771724207,0.007279386661384487,True,clock,,1,0.003,52,0.9997370680029569,0.9997370680029569,-0.00026296656972094257,-0.00026296656972094257,True,,infinite_stale_prefix_max_all_pairs,uniform_arbitrary_stream_transfer
0,learned,sgd,11000,17223.98011750906,0.007279393543494967,0.08463529508652927,445.2007385010683,1.3065254744846648,8.243352159026884,0.02400600771724207,0.007279386661384487,True,clock,,1,0.01,173,0.9997370680029569,0.9997370680029569,-0.00026296656972094257,-0.00026296656972094257,True,,infinite_stale_prefix_max_all_pairs,uniform_arbitrary_stream_transfer
0,learned,sgd,11000,17223.98011750906,0.007279393543494967,0.08463529508652927,445.2007385010683,1.3065254744846648,8.243352159026884,0.02400600771724207,0.007279386661384487,True,clock,,1,0.03,517,0.9997370680029569,0.9997370680029569,-0.00026296656972094257,-0.00026296656972094257,True,,infinite_stale_prefix_max_all_pairs,uniform_arbitrary_stream_transfer
0,learned,sgd,11000,17223.98011750906,0.007279393543494967,0.08463529508652927,445.2007385010683,1.3065254744846648,8.243352159026884,0.02400600771724207,0.007279386661384487,True,clock,,1,0.1,1723,0.9997370680029569,0.9997370680029569,-0.00026296656972094257,-0.00026296656972094257,True,,infinite_stale_prefix_max_all_pairs,uniform_arbitrary_stream_transfer
0,learned,sgd,12000,17976.52238260868,0.00727939354733844,0.08463529509733146,447.504076212069,1.3118280872445516,8.285705090430817,0.023980155832095056,0.007279386661384487,True,fixed,,,,1,0.02140333712115383,0.04582353068846894,-3.8442084288709135,-3.0829575493062804,True,,infinite_stale_prefix_max_all_pairs,uniform_arbitrary_stream_transfer
0,learned,sgd,12000,17976.52238260868,0.00727939354733844,0.08463529509733146,447.504076212069,1.3118280872445516,8.285705090430817,0.023980155832095056,0.007279386661384487,True,fixed,,,,2,0.06429739626865423,0.12591248860530396,-2.7442361420474946,-2.0721681482102823,True,,infinite_stale_prefix_max_all_pairs,uniform_arbitrary_stream_transfer
0,learned,sgd,12000,17976.52238260868,0.00727939354733844,0.08463529509733146,447.504076212069,1.3118280872445516,8.285705090430817,0.023980155832095056,0.007279386661384487,True,fixed,,,,3,0.5425292165462977,0.683496573274107,-0.6115133396327911,-0.38053363632871506,True,,infinite_stale_prefix_max_all_pairs,uniform_arbitrary_stream_transfer
0,learned,sgd,12000,17976.52238260868,0.00727939354733844,0.08463529509733146,447.504076212069,1.3118280872445516,8.285705090430817,0.023980155832095056,0.007279386661384487,True,fixed,,,,4,0.9845572701543888,0.9889715613853225,-0.015563210777310437,-0.011089702691639653,True,,infinite_stale_prefix_max_all_pairs,uniform_arbitrary_stream_transfer
0,learned,sgd,12000,17976.52238260868,0.00727939354733844,0.08463529509733146,447.504076212069,1.3118280872445516,8.285705090430817,0.023980155832095056,0.007279386661384487,True,fixed,,,,5,0.9989122080491066,0.9990439781932251,-0.0010883840259662267,-0.0009564790870922955,True,,infinite_stale_prefix_max_all_pairs,uniform_arbitrary_stream_transfer
0,learned,sgd,12000,17976.52238260868,0.00727939354733844,0.08463529509733146,447.504076212069,1.3118280872445516,8.285705090430817,0.023980155832095056,0.007279386661384487,True,fixed,,,,8,0.9997397076133334,0.9997404737426583,-0.0002603262686094207,-0.0002595599401086315,True,,infinite_stale_prefix_max_all_pairs,uniform_arbitrary_stream_transfer
0,learned,sgd,12000,17976.52238260868,0.00727939354733844,0.08463529509733146,447.504076212069,1.3118280872445516,8.285705090430817,0.023980155832095056,0.007279386661384487,True,fixed,,,,16,0.9997479684445701,0.9997479684652059,-0.00025206332071972494,-0.00025206330007871667,True,,infinite_stale_prefix_max_all_pairs,uniform_arbitrary_stream_transfer
0,learned,sgd,12000,17976.52238260868,0.00727939354733844,0.08463529509733146,447.504076212069,1.3118280872445516,8.285705090430817,0.023980155832095056,0.007279386661384487,True,fixed,,,,32,0.999747968670187,0.999747968670187,-0.000252063095045912,-0.000252063095045912,True,,infinite_stale_prefix_max_all_pairs,uniform_arbitrary_stream_transfer
0,learned,sgd,12000,17976.52238260868,0.00727939354733844,0.08463529509733146,447.504076212069,1.3118280872445516,8.285705090430817,0.023980155832095056,0.007279386661384487,True,fixed,,,,64,0.999747968670187,0.999747968670187,-0.000252063095045912,-0.000252063095045912,True,,infinite_stale_prefix_max_all_pairs,uniform_arbitrary_stream_transfer
0,learned,sgd,12000,17976.52238260868,0.00727939354733844,0.08463529509733146,447.504076212069,1.3118280872445516,8.285705090430817,0.023980155832095056,0.007279386661384487,True,fixed,,,,128,0.999747968670187,0.999747968670187,-0.000252063095045912,-0.000252063095045912,True,,infinite_stale_prefix_max_all_pairs,uniform_arbitrary_stream_transfer
0,learned,sgd,12000,17976.52238260868,0.00727939354733844,0.08463529509733146,447.504076212069,1.3118280872445516,8.285705090430817,0.023980155832095056,0.007279386661384487,True,fixed,,,,256,0.999747968670187,0.999747968670187,-0.000252063095045912,-0.000252063095045912,True,,infinite_stale_prefix_max_all_pairs,uniform_arbitrary_stream_transfer
0,learned,sgd,12000,17976.52238260868,0.00727939354733844,0.08463529509733146,447.504076212069,1.3118280872445516,8.285705090430817,0.023980155832095056,0.007279386661384487,True,fixed,,,,512,0.999747968670187,0.999747968670187,-0.000252063095045912,-0.000252063095045912,True,,infinite_stale_prefix_max_all_pairs,uniform_arbitrary_stream_transfer
0,learned,sgd,12000,17976.52238260868,0.00727939354733844,0.08463529509733146,447.504076212069,1.3118280872445516,8.285705090430817,0.023980155832095056,0.007279386661384487,True,adaptive_theta,0.25,,,1,0.02140333712115383,0.04582353068846894,-3.8442084288709135,-3.0829575493062804,True,,infinite_stale_prefix_max_all_pairs,uniform_arbitrary_stream_transfer
0,learned,sgd,12000,17976.52238260868,0.00727939354733844,0.08463529509733146,447.504076212069,1.3118280872445516,8.285705090430817,0.023980155832095056,0.007279386661384487,True,reference_theta,0.25,,,1,0.02140333712115383,0.04582353068846894,-3.8442084288709135,-3.0829575493062804,True,,infinite_stale_prefix_max_all_pairs,uniform_arbitrary_stream_transfer
0,learned,sgd,12000,17976.52238260868,0.00727939354733844,0.08463529509733146,447.504076212069,1.3118280872445516,8.285705090430817,0.023980155832095056,0.007279386661384487,True,adaptive_theta,0.5,,,1,0.02140333712115383,0.04582353068846894,-3.8442084288709135,-3.0829575493062804,True,,infinite_stale_prefix_max_all_pairs,uniform_arbitrary_stream_transfer
0,learned,sgd,12000,17976.52238260868,0.00727939354733844,0.08463529509733146,447.504076212069,1.3118280872445516,8.285705090430817,0.023980155832095056,0.007279386661384487,True,reference_theta,0.5,,,1,0.02140333712115383,0.04582353068846894,-3.8442084288709135,-3.0829575493062804,True,,infinite_stale_prefix_max_all_pairs,uniform_arbitrary_stream_transfer
0,learned,sgd,12000,17976.52238260868,0.00727939354733844,0.08463529509733146,447.504076212069,1.3118280872445516,8.285705090430817,0.023980155832095056,0.007279386661384487,True,adaptive_theta,0.75,,,1,0.02140333712115383,0.04582353068846894,-3.8442084288709135,-3.0829575493062804,True,,infinite_stale_prefix_max_all_pairs,uniform_arbitrary_stream_transfer
0,learned,sgd,12000,17976.52238260868,0.00727939354733844,0.08463529509733146,447.504076212069,1.3118280872445516,8.285705090430817,0.023980155832095056,0.007279386661384487,True,reference_theta,0.75,,,1,0.02140333712115383,0.04582353068846894,-3.8442084288709135,-3.0829575493062804,True,,infinite_stale_prefix_max_all_pairs,uniform_arbitrary_stream_transfer
0,learned,sgd,12000,17976.52238260868,0.00727939354733844,0.08463529509733146,447.504076212069,1.3118280872445516,8.285705090430817,0.023980155832095056,0.007279386661384487,True,clock,,1,0.001,18,0.9997479686538214,0.9997479686553182,-0.0002520631114156459,-0.00025206310991840675,True,,infinite_stale_prefix_max_all_pairs,uniform_arbitrary_stream_transfer
0,learned,sgd,12000,17976.52238260868,0.00727939354733844,0.08463529509733146,447.504076212069,1.3118280872445516,8.285705090430817,0.023980155832095056,0.007279386661384487,True,clock,,1,0.003,54,0.999747968670187,0.999747968670187,-0.000252063095045912,-0.000252063095045912,True,,infinite_stale_prefix_max_all_pairs,uniform_arbitrary_stream_transfer
0,learned,sgd,12000,17976.52238260868,0.00727939354733844,0.08463529509733146,447.504076212069,1.3118280872445516,8.285705090430817,0.023980155832095056,0.007279386661384487,True,clock,,1,0.01,180,0.999747968670187,0.999747968670187,-0.000252063095045912,-0.000252063095045912,True,,infinite_stale_prefix_max_all_pairs,uniform_arbitrary_stream_transfer
0,learned,sgd,12000,17976.52238260868,0.00727939354733844,0.08463529509733146,447.504076212069,1.3118280872445516,8.285705090430817,0.023980155832095056,0.007279386661384487,True,clock,,1,0.03,540,0.999747968670187,0.999747968670187,-0.000252063095045912,-0.000252063095045912,True,,infinite_stale_prefix_max_all_pairs,uniform_arbitrary_stream_transfer
0,learned,sgd,12000,17976.52238260868,0.00727939354733844,0.08463529509733146,447.504076212069,1.3118280872445516,8.285705090430817,0.023980155832095056,0.007279386661384487,True,clock,,1,0.1,1798,0.999747968670187,0.999747968670187,-0.000252063095045912,-0.000252063095045912,True,,infinite_stale_prefix_max_all_pairs,uniform_arbitrary_stream_transfer
0,learned,adam,0,0.0,-1.817513499889216e-10,4.655738713312595e-05,0.25,1.0,0.0,0.0006910930088240085,,,fixed,,,,1,0.5,,-0.6931471805599453,,False,nonpositive_matching_gap,infinite_stale_prefix_max_all_pairs,
0,learned,adam,0,0.0,-1.817513499889216e-10,4.655738713312595e-05,0.25,1.0,0.0,0.0006910930088240085,,,fixed,,,,2,0.5,,-0.6931471805599453,,False,nonpositive_matching_gap,infinite_stale_prefix_max_all_pairs,
0,learned,adam,0,0.0,-1.817513499889216e-10,4.655738713312595e-05,0.25,1.0,0.0,0.0006910930088240085,,,fixed,,,,3,0.5,,-0.6931471805599453,,False,nonpositive_matching_gap,infinite_stale_prefix_max_all_pairs,
0,learned,adam,0,0.0,-1.817513499889216e-10,4.655738713312595e-05,0.25,1.0,0.0,0.0006910930088240085,,,fixed,,,,4,0.5,,-0.6931471805599453,,False,nonpositive_matching_gap,infinite_stale_prefix_max_all_pairs,
0,learned,adam,0,0.0,-1.817513499889216e-10,4.655738713312595e-05,0.25,1.0,0.0,0.0006910930088240085,,,fixed,,,,5,0.5,,-0.6931471805599453,,False,nonpositive_matching_gap,infinite_stale_prefix_max_all_pairs,
0,learned,adam,0,0.0,-1.817513499889216e-10,4.655738713312595e-05,0.25,1.0,0.0,0.0006910930088240085,,,fixed,,,,8,0.5,,-0.6931471805599453,,False,nonpositive_matching_gap,infinite_stale_prefix_max_all_pairs,
0,learned,adam,0,0.0,-1.817513499889216e-10,4.655738713312595e-05,0.25,1.0,0.0,0.0006910930088240085,,,fixed,,,,16,0.5,,-0.6931471805599453,,False,nonpositive_matching_gap,infinite_stale_prefix_max_all_pairs,
0,learned,adam,0,0.0,-1.817513499889216e-10,4.655738713312595e-05,0.25,1.0,0.0,0.0006910930088240085,,,fixed,,,,32,0.5,,-0.6931471805599453,,False,nonpositive_matching_gap,infinite_stale_prefix_max_all_pairs,
0,learned,adam,0,0.0,-1.817513499889216e-10,4.655738713312595e-05,0.25,1.0,0.0,0.0006910930088240085,,,fixed,,,,64,0.5,,-0.6931471805599453,,False,nonpositive_matching_gap,infinite_stale_prefix_max_all_pairs,
0,learned,adam,0,0.0,-1.817513499889216e-10,4.655738713312595e-05,0.25,1.0,0.0,0.0006910930088240085,,,fixed,,,,128,0.5,,-0.6931471805599453,,False,nonpositive_matching_gap,infinite_stale_prefix_max_all_pairs,
0,learned,adam,0,0.0,-1.817513499889216e-10,4.655738713312595e-05,0.25,1.0,0.0,0.0006910930088240085,,,fixed,,,,256,0.5,,-0.6931471805599453,,False,nonpositive_matching_gap,infinite_stale_prefix_max_all_pairs,
0,learned,adam,0,0.0,-1.817513499889216e-10,4.655738713312595e-05,0.25,1.0,0.0,0.0006910930088240085,,,fixed,,,,512,0.5,,-0.6931471805599453,,False,nonpositive_matching_gap,infinite_stale_prefix_max_all_pairs,
0,learned,adam,0,0.0,-1.817513499889216e-10,4.655738713312595e-05,0.25,1.0,0.0,0.0006910930088240085,,,adaptive_theta,0.25,,,1,0.5,,-0.6931471805599453,,False,nonpositive_matching_gap,infinite_stale_prefix_max_all_pairs,
0,learned,adam,0,0.0,-1.817513499889216e-10,4.655738713312595e-05,0.25,1.0,0.0,0.0006910930088240085,,,adaptive_theta,0.5,,,1,0.5,,-0.6931471805599453,,False,nonpositive_matching_gap,infinite_stale_prefix_max_all_pairs,
0,learned,adam,0,0.0,-1.817513499889216e-10,4.655738713312595e-05,0.25,1.0,0.0,0.0006910930088240085,,,adaptive_theta,0.75,,,1,0.5,,-0.6931471805599453,,False,nonpositive_matching_gap,infinite_stale_prefix_max_all_pairs,
0,learned,adam,0,0.0,-1.817513499889216e-10,4.655738713312595e-05,0.25,1.0,0.0,0.0006910930088240085,,,clock,,1,0.001,1,0.5,,-0.6931471805599453,,False,nonpositive_matching_gap,infinite_stale_prefix_max_all_pairs,
0,learned,adam,0,0.0,-1.817513499889216e-10,4.655738713312595e-05,0.25,1.0,0.0,0.0006910930088240085,,,clock,,1,0.003,1,0.5,,-0.6931471805599453,,False,nonpositive_matching_gap,infinite_stale_prefix_max_all_pairs,
0,learned,adam,0,0.0,-1.817513499889216e-10,4.655738713312595e-05,0.25,1.0,0.0,0.0006910930088240085,,,clock,,1,0.01,1,0.5,,-0.6931471805599453,,False,nonpositive_matching_gap,infinite_stale_prefix_max_all_pairs,
0,learned,adam,0,0.0,-1.817513499889216e-10,4.655738713312595e-05,0.25,1.0,0.0,0.0006910930088240085,,,clock,,1,0.03,1,0.5,,-0.6931471805599453,,False,nonpositive_matching_gap,infinite_stale_prefix_max_all_pairs,
0,learned,adam,0,0.0,-1.817513499889216e-10,4.655738713312595e-05,0.25,1.0,0.0,0.0006910930088240085,,,clock,,1,0.1,1,0.5,,-0.6931471805599453,,False,nonpositive_matching_gap,infinite_stale_prefix_max_all_pairs,
0,learned,adam,3,0.0,0.0038331771357627375,0.06206353392524085,0.24998617352039657,1.0000099435354728,0.014998584161636774,0.0006911145622059556,0.0038331771357627375,True,fixed,,,,1,0.4990091632040411,0.5013827451508339,-0.6951308202648678,-0.6903855071910742,True,,infinite_stale_prefix_max_all_pairs,uniform_arbitrary_stream_transfer
0,learned,adam,3,0.0,0.0038331771357627375,0.06206353392524085,0.24998617352039657,1.0000099435354728,0.014998584161636774,0.0006911145622059556,0.0038331771357627375,True,fixed,,,,2,0.5020046724390921,0.5024767534166179,-0.68914585168613,-0.6882059019764958,True,,infinite_stale_prefix_max_all_pairs,uniform_arbitrary_stream_transfer
0,learned,adam,3,0.0,0.0038331771357627375,0.06206353392524085,0.24998617352039657,1.0000099435354728,0.014998584161636774,0.0006911145622059556,0.0038331771357627375,True,fixed,,,,3,0.5031075326772123,0.5031855000057294,-0.6869513490721804,-0.6867963895799831,True,,infinite_stale_prefix_max_all_pairs,uniform_arbitrary_stream_transfer
0,learned,adam,3,0.0,0.0038331771357627375,0.06206353392524085,0.24998617352039657,1.0000099435354728,0.014998584161636774,0.0006911145622059556,0.0038331771357627375,True,fixed,,,,4,0.5035133655148722,0.5035251697304007,-0.6861450219625862,-0.6861215785388921,True,,infinite_stale_prefix_max_all_pairs,uniform_arbitrary_stream_transfer
0,learned,adam,3,0.0,0.0038331771357627375,0.06206353392524085,0.24998617352039657,1.0000099435354728,0.014998584161636774,0.0006911145622059556,0.0038331771357627375,True,fixed,,,,5,0.5036626772792652,0.5036644730679026,-0.6858485260986208,-0.6858449606459537,True,,infinite_stale_prefix_max_all_pairs,uniform_arbitrary_stream_transfer
0,learned,adam,3,0.0,0.0038331771357627375,0.06206353392524085,0.24998617352039657,1.0000099435354728,0.014998584161636774,0.0006911145622059556,0.0038331771357627375,True,fixed,,,,8,0.5037452493911737,0.5037452652581941,-0.6856845962546968,-0.6856845647565931,True,,infinite_stale_prefix_max_all_pairs,uniform_arbitrary_stream_transfer
0,learned,adam,3,0.0,0.0038331771357627375,0.06206353392524085,0.24998617352039657,1.0000099435354728,0.014998584161636774,0.0006911145622059556,0.0038331771357627375,True,fixed,,,,16,0.5037495742981816,0.5037495743021884,-0.6856760107872459,-0.6856760107792921,True,,infinite_stale_prefix_max_all_pairs,uniform_arbitrary_stream_transfer
0,learned,adam,3,0.0,0.0038331771357627375,0.06206353392524085,0.24998617352039657,1.0000099435354728,0.014998584161636774,0.0006911145622059556,0.0038331771357627375,True,fixed,,,,32,0.5037495757493986,0.5037495757493986,-0.6856760079064156,-0.6856760079064156,True,,infinite_stale_prefix_max_all_pairs,uniform_arbitrary_stream_transfer
0,learned,adam,3,0.0,0.0038331771357627375,0.06206353392524085,0.24998617352039657,1.0000099435354728,0.014998584161636774,0.0006911145622059556,0.0038331771357627375,True,fixed,,,,64,0.5037495757493988,0.5037495757493988,-0.6856760079064153,-0.6856760079064153,True,,infinite_stale_prefix_max_all_pairs,uniform_arbitrary_stream_transfer
0,learned,adam,3,0.0,0.0038331771357627375,0.06206353392524085,0.24998617352039657,1.0000099435354728,0.014998584161636774,0.0006911145622059556,0.0038331771357627375,True,fixed,,,,128,0.5037495757493988,0.5037495757493988,-0.6856760079064153,-0.6856760079064153,True,,infinite_stale_prefix_max_all_pairs,uniform_arbitrary_stream_transfer
0,learned,adam,3,0.0,0.0038331771357627375,0.06206353392524085,0.24998617352039657,1.0000099435354728,0.014998584161636774,0.0006911145622059556,0.0038331771357627375,True,fixed,,,,256,0.5037495757493988,0.5037495757493988,-0.6856760079064153,-0.6856760079064153,True,,infinite_stale_prefix_max_all_pairs,uniform_arbitrary_stream_transfer
0,learned,adam,3,0.0,0.0038331771357627375,0.06206353392524085,0.24998617352039657,1.0000099435354728,0.014998584161636774,0.0006911145622059556,0.0038331771357627375,True,fixed,,,,512,0.5037495757493988,0.5037495757493988,-0.6856760079064153,-0.6856760079064153,True,,infinite_stale_prefix_max_all_pairs,uniform_arbitrary_stream_transfer
0,learned,adam,3,0.0,0.0038331771357627375,0.06206353392524085,0.24998617352039657,1.0000099435354728,0.014998584161636774,0.0006911145622059556,0.0038331771357627375,True,adaptive_theta,0.25,,,1,0.4990091632040411,0.5013827451508339,-0.6951308202648678,-0.6903855071910742,True,,infinite_stale_prefix_max_all_pairs,uniform_arbitrary_stream_transfer
0,learned,adam,3,0.0,0.0038331771357627375,0.06206353392524085,0.24998617352039657,1.0000099435354728,0.014998584161636774,0.0006911145622059556,0.0038331771357627375,True,reference_theta,0.25,,,1,0.4990091632040411,0.5013827451508339,-0.6951308202648678,-0.6903855071910742,True,,infinite_stale_prefix_max_all_pairs,uniform_arbitrary_stream_transfer
0,learned,adam,3,0.0,0.0038331771357627375,0.06206353392524085,0.24998617352039657,1.0000099435354728,0.014998584161636774,0.0006911145622059556,0.0038331771357627375,True,adaptive_theta,0.5,,,1,0.4990091632040411,0.5013827451508339,-0.6951308202648678,-0.6903855071910742,True,,infinite_stale_prefix_max_all_pairs,uniform_arbitrary_stream_transfer
0,learned,adam,3,0.0,0.0038331771357627375,0.06206353392524085,0.24998617352039657,1.0000099435354728,0.014998584161636774,0.0006911145622059556,0.0038331771357627375,True,reference_theta,0.5,,,1,0.4990091632040411,0.5013827451508339,-0.6951308202648678,-0.6903855071910742,True,,infinite_stale_prefix_max_all_pairs,uniform_arbitrary_stream_transfer
0,learned,adam,3,0.0,0.0038331771357627375,0.06206353392524085,0.24998617352039657,1.0000099435354728,0.014998584161636774,0.0006911145622059556,0.0038331771357627375,True,adaptive_theta,0.75,,,1,0.4990091632040411,0.5013827451508339,-0.6951308202648678,-0.6903855071910742,True,,infinite_stale_prefix_max_all_pairs,uniform_arbitrary_stream_transfer
0,learned,adam,3,0.0,0.0038331771357627375,0.06206353392524085,0.24998617352039657,1.0000099435354728,0.014998584161636774,0.0006911145622059556,0.0038331771357627375,True,reference_theta,0.75,,,1,0.4990091632040411,0.5013827451508339,-0.6951308202648678,-0.6903855071910742,True,,infinite_stale_prefix_max_all_pairs,uniform_arbitrary_stream_transfer
0,learned,adam,3,0.0,0.0038331771357627375,0.06206353392524085,0.24998617352039657,1.0000099435354728,0.014998584161636774,0.0006911145622059556,0.0038331771357627375,True,clock,,1,0.001,1,0.4990091632040411,0.5013827451508339,-0.6951308202648678,-0.6903855071910742,True,,infinite_stale_prefix_max_all_pairs,uniform_arbitrary_stream_transfer
0,learned,adam,3,0.0,0.0038331771357627375,0.06206353392524085,0.24998617352039657,1.0000099435354728,0.014998584161636774,0.0006911145622059556,0.0038331771357627375,True,clock,,1,0.003,1,0.4990091632040411,0.5013827451508339,-0.6951308202648678,-0.6903855071910742,True,,infinite_stale_prefix_max_all_pairs,uniform_arbitrary_stream_transfer
0,learned,adam,3,0.0,0.0038331771357627375,0.06206353392524085,0.24998617352039657,1.0000099435354728,0.014998584161636774,0.0006911145622059556,0.0038331771357627375,True,clock,,1,0.01,1,0.4990091632040411,0.5013827451508339,-0.6951308202648678,-0.6903855071910742,True,,infinite_stale_prefix_max_all_pairs,uniform_arbitrary_stream_transfer
0,learned,adam,3,0.0,0.0038331771357627375,0.06206353392524085,0.24998617352039657,1.0000099435354728,0.014998584161636774,0.0006911145622059556,0.0038331771357627375,True,clock,,1,0.03,1,0.4990091632040411,0.5013827451508339,-0.6951308202648678,-0.6903855071910742,True,,infinite_stale_prefix_max_all_pairs,uniform_arbitrary_stream_transfer
0,learned,adam,3,0.0,0.0038331771357627375,0.06206353392524085,0.24998617352039657,1.0000099435354728,0.014998584161636774,0.0006911145622059556,0.0038331771357627375,True,clock,,1,0.1,1,0.4990091632040411,0.5013827451508339,-0.6951308202648678,-0.6903855071910742,True,,infinite_stale_prefix_max_all_pairs,uniform_arbitrary_stream_transfer
0,learned,adam,1000,11.328690783793768,0.0038379164011524526,0.06209484349890844,417.6727921061827,1.0404632668452642,1.0898472324110435,1.363912415149478e-08,0.0038331771357627375,True,fixed,,,,1,0.4207291579348529,0.4791175675928612,-0.8657659826465165,-0.7358092678611974,True,,infinite_stale_prefix_max_all_pairs,uniform_arbitrary_stream_transfer
0,learned,adam,1000,11.328690783793768,0.0038379164011524526,0.06209484349890844,417.6727921061827,1.0404632668452642,1.0898472324110435,1.363912415149478e-08,0.0038331771357627375,True,fixed,,,,2,0.5149388622307891,0.5478186511538908,-0.6637070994804518,-0.601810975354352,True,,infinite_stale_prefix_max_all_pairs,uniform_arbitrary_stream_transfer
0,learned,adam,1000,11.328690783793768,0.0038379164011524526,0.06209484349890844,417.6727921061827,1.0404632668452642,1.0898472324110435,1.363912415149478e-08,0.0038331771357627375,True,fixed,,,,3,0.6237016351821585,0.6342111807406748,-0.4720831737088143,-0.4553732873570457,True,,infinite_stale_prefix_max_all_pairs,uniform_arbitrary_stream_transfer
0,learned,adam,1000,11.328690783793768,0.0038379164011524526,0.06209484349890844,417.6727921061827,1.0404632668452642,1.0898472324110435,1.363912415149478e-08,0.0038331771357627375,True,fixed,,,,4,0.6957273687668795,0.6977360503508296,-0.36279740692856366,-0.35991439909686307,True,,infinite_stale_prefix_max_all_pairs,uniform_arbitrary_stream_transfer
0,learned,adam,1000,11.328690783793768,0.0038379164011524526,0.06209484349890844,417.6727921061827,1.0404632668452642,1.0898472324110435,1.363912415149478e-08,0.0038331771357627375,True,fixed,,,,5,0.7285153385754866,0.7288090706608786,-0.3167465985575681,-0.31634348709177773,True,,infinite_stale_prefix_max_all_pairs,uniform_arbitrary_stream_transfer
0,learned,adam,1000,11.328690783793768,0.0038379164011524526,0.06209484349890844,417.6727921061827,1.0404632668452642,1.0898472324110435,1.363912415149478e-08,0.0038331771357627375,True,fixed,,,,8,0.7474483950891385,0.7474490151510134,-0.29109001277048496,-0.2910891831993443,True,,infinite_stale_prefix_max_all_pairs,uniform_arbitrary_stream_transfer
0,learned,adam,1000,11.328690783793768,0.0038379164011524526,0.06209484349890844,417.6727921061827,1.0404632668452642,1.0898472324110435,1.363912415149478e-08,0.0038331771357627375,True,fixed,,,,16,0.7483527335144348,0.7483527335144834,-0.289880843291751,-0.289880843291686,True,,infinite_stale_prefix_max_all_pairs,uniform_arbitrary_stream_transfer
0,learned,adam,1000,11.328690783793768,0.0038379164011524526,0.06209484349890844,417.6727921061827,1.0404632668452642,1.0898472324110435,1.363912415149478e-08,0.0038331771357627375,True,fixed,,,,32,0.7483529533824044,0.7483529533824044,-0.2898805494892065,-0.2898805494892065,True,,infinite_stale_prefix_max_all_pairs,uniform_arbitrary_stream_transfer
0,learned,adam,1000,11.328690783793768,0.0038379164011524526,0.06209484349890844,417.6727921061827,1.0404632668452642,1.0898472324110435,1.363912415149478e-08,0.0038331771357627375,True,fixed,,,,64,0.7483529533824173,0.7483529533824173,-0.28988054948918923,-0.28988054948918923,True,,infinite_stale_prefix_max_all_pairs,uniform_arbitrary_stream_transfer
0,learned,adam,1000,11.328690783793768,0.0038379164011524526,0.06209484349890844,417.6727921061827,1.0404632668452642,1.0898472324110435,1.363912415149478e-08,0.0038331771357627375,True,fixed,,,,128,0.7483529533824173,0.7483529533824173,-0.28988054948918923,-0.28988054948918923,True,,infinite_stale_prefix_max_all_pairs,uniform_arbitrary_stream_transfer
0,learned,adam,1000,11.328690783793768,0.0038379164011524526,0.06209484349890844,417.6727921061827,1.0404632668452642,1.0898472324110435,1.363912415149478e-08,0.0038331771357627375,True,fixed,,,,256,0.7483529533824173,0.7483529533824173,-0.28988054948918923,-0.28988054948918923,True,,infinite_stale_prefix_max_all_pairs,uniform_arbitrary_stream_transfer
0,learned,adam,1000,11.328690783793768,0.0038379164011524526,0.06209484349890844,417.6727921061827,1.0404632668452642,1.0898472324110435,1.363912415149478e-08,0.0038331771357627375,True,fixed,,,,512,0.7483529533824173,0.7483529533824173,-0.28988054948918923,-0.28988054948918923,True,,infinite_stale_prefix_max_all_pairs,uniform_arbitrary_stream_transfer
0,learned,adam,1000,11.328690783793768,0.0038379164011524526,0.06209484349890844,417.6727921061827,1.0404632668452642,1.0898472324110435,1.363912415149478e-08,0.0038331771357627375,True,adaptive_theta,0.25,,,1,0.4207291579348529,0.4791175675928612,-0.8657659826465165,-0.7358092678611974,True,,infinite_stale_prefix_max_all_pairs,uniform_arbitrary_stream_transfer
0,learned,adam,1000,11.328690783793768,0.0038379164011524526,0.06209484349890844,417.6727921061827,1.0404632668452642,1.0898472324110435,1.363912415149478e-08,0.0038331771357627375,True,reference_theta,0.25,,,1,0.4207291579348529,0.4791175675928612,-0.8657659826465165,-0.7358092678611974,True,,infinite_stale_prefix_max_all_pairs,uniform_arbitrary_stream_transfer
0,learned,adam,1000,11.328690783793768,0.0038379164011524526,0.06209484349890844,417.6727921061827,1.0404632668452642,1.0898472324110435,1.363912415149478e-08,0.0038331771357627375,True,adaptive_theta,0.5,,,1,0.4207291579348529,0.4791175675928612,-0.8657659826465165,-0.7358092678611974,True,,infinite_stale_prefix_max_all_pairs,uniform_arbitrary_stream_transfer
0,learned,adam,1000,11.328690783793768,0.0038379164011524526,0.06209484349890844,417.6727921061827,1.0404632668452642,1.0898472324110435,1.363912415149478e-08,0.0038331771357627375,True,reference_theta,0.5,,,1,0.4207291579348529,0.4791175675928612,-0.8657659826465165,-0.7358092678611974,True,,infinite_stale_prefix_max_all_pairs,uniform_arbitrary_stream_transfer
0,learned,adam,1000,11.328690783793768,0.0038379164011524526,0.06209484349890844,417.6727921061827,1.0404632668452642,1.0898472324110435,1.363912415149478e-08,0.0038331771357627375,True,adaptive_theta,0.75,,,1,0.4207291579348529,0.4791175675928612,-0.8657659826465165,-0.7358092678611974,True,,infinite_stale_prefix_max_all_pairs,uniform_arbitrary_stream_transfer
0,learned,adam,1000,11.328690783793768,0.0038379164011524526,0.06209484349890844,417.6727921061827,1.0404632668452642,1.0898472324110435,1.363912415149478e-08,0.0038331771357627375,True,reference_theta,0.75,,,1,0.4207291579348529,0.4791175675928612,-0.8657659826465165,-0.7358092678611974,True,,infinite_stale_prefix_max_all_pairs,uniform_arbitrary_stream_transfer
0,learned,adam,1000,11.328690783793768,0.0038379164011524526,0.06209484349890844,417.6727921061827,1.0404632668452642,1.0898472324110435,1.363912415149478e-08,0.0038331771357627375,True,clock,,1,0.001,1,0.4207291579348529,0.4791175675928612,-0.8657659826465165,-0.7358092678611974,True,,infinite_stale_prefix_max_all_pairs,uniform_arbitrary_stream_transfer
0,learned,adam,1000,11.328690783793768,0.0038379164011524526,0.06209484349890844,417.6727921061827,1.0404632668452642,1.0898472324110435,1.363912415149478e-08,0.0038331771357627375,True,clock,,1,0.003,1,0.4207291579348529,0.4791175675928612,-0.8657659826465165,-0.7358092678611974,True,,infinite_stale_prefix_max_all_pairs,uniform_arbitrary_stream_transfer
0,learned,adam,1000,11.328690783793768,0.0038379164011524526,0.06209484349890844,417.6727921061827,1.0404632668452642,1.0898472324110435,1.363912415149478e-08,0.0038331771357627375,True,clock,,1,0.01,1,0.4207291579348529,0.4791175675928612,-0.8657659826465165,-0.7358092678611974,True,,infinite_stale_prefix_max_all_pairs,uniform_arbitrary_stream_transfer
0,learned,adam,1000,11.328690783793768,0.0038379164011524526,0.06209484349890844,417.6727921061827,1.0404632668452642,1.0898472324110435,1.363912415149478e-08,0.0038331771357627375,True,clock,,1,0.03,1,0.4207291579348529,0.4791175675928612,-0.8657659826465165,-0.7358092678611974,True,,infinite_stale_prefix_max_all_pairs,uniform_arbitrary_stream_transfer
0,learned,adam,1000,11.328690783793768,0.0038379164011524526,0.06209484349890844,417.6727921061827,1.0404632668452642,1.0898472324110435,1.363912415149478e-08,0.0038331771357627375,True,clock,,1,0.1,2,0.5149388622307891,0.5478186511538908,-0.6637070994804518,-0.601810975354352,True,,infinite_stale_prefix_max_all_pairs,uniform_arbitrary_stream_transfer
0,learned,adam,2000,18.94890040505393,0.003838945073609853,0.06210130725165951,798.4674226481686,1.3533615157116556,1.75080513223722,5.56260619107839e-09,0.0038331771357627375,True,fixed,,,,1,0.3002530615549088,0.3251139003637016,-1.203129621388239,-1.1235796953925488,True,,infinite_stale_prefix_max_all_pairs,uniform_arbitrary_stream_transfer
0,learned,adam,2000,18.94890040505393,0.003838945073609853,0.06210130725165951,798.4674226481686,1.3533615157116556,1.75080513223722,5.56260619107839e-09,0.0038331771357627375,True,fixed,,,,2,0.3683103592556688,0.38960193503649226,-0.9988293287052066,-0.9426297404999817,True,,infinite_stale_prefix_max_all_pairs,uniform_arbitrary_stream_transfer
0,learned,adam,2000,18.94890040505393,0.003838945073609853,0.06210130725165951,798.4674226481686,1.3533615157116556,1.75080513223722,5.56260619107839e-09,0.0038331771357627375,True,fixed,,,,3,0.5446007371213687,0.5552828141533659,-0.6077023452337195,-0.5882777199738696,True,,infinite_stale_prefix_max_all_pairs,uniform_arbitrary_stream_transfer
0,learned,adam,2000,18.94890040505393,0.003838945073609853,0.06210130725165951,798.4674226481686,1.3533615157116556,1.75080513223722,5.56260619107839e-09,0.0038331771357627375,True,fixed,,,,4,0.739004261871514,0.7407248843643341,-0.3024515909713848,-0.30012599878760104,True,,infinite_stale_prefix_max_all_pairs,uniform_arbitrary_stream_transfer
0,learned,adam,2000,18.94890040505393,0.003838945073609853,0.06210130725165951,798.4674226481686,1.3533615157116556,1.75080513223722,5.56260619107839e-09,0.0038331771357627375,True,fixed,,,,5,0.8210388795074518,0.8211747524311858,-0.19718481436906768,-0.1970193390357718,True,,infinite_stale_prefix_max_all_pairs,uniform_arbitrary_stream_transfer
0,learned,adam,2000,18.94890040505393,0.003838945073609853,0.06210130725165951,798.4674226481686,1.3533615157116556,1.75080513223722,5.56260619107839e-09,0.0038331771357627375,True,fixed,,,,8,0.8515149067630972,0.8515149482284853,-0.16073827255805972,-0.1607382238620394,True,,infinite_stale_prefix_max_all_pairs,uniform_arbitrary_stream_transfer
0,learned,adam,2000,18.94890040505393,0.003838945073609853,0.06210130725165951,798.4674226481686,1.3533615157116556,1.75080513223722,5.56260619107839e-09,0.0038331771357627375,True,fixed,,,,16,0.8520543131873822,0.8520543131873826,-0.1601050063121162,-0.1601050063121159,True,,infinite_stale_prefix_max_all_pairs,uniform_arbitrary_stream_transfer
0,learned,adam,2000,18.94890040505393,0.003838945073609853,0.06210130725165951,798.4674226481686,1.3533615157116556,1.75080513223722,5.56260619107839e-09,0.0038331771357627375,True,fixed,,,,32,0.8520543238999575,0.8520543238999575,-0.1601049937394727,-0.1601049937394727,True,,infinite_stale_prefix_max_all_pairs,uniform_arbitrary_stream_transfer
0,learned,adam,2000,18.94890040505393,0.003838945073609853,0.06210130725165951,798.4674226481686,1.3533615157116556,1.75080513223722,5.56260619107839e-09,0.0038331771357627375,True,fixed,,,,64,0.8520543238999575,0.8520543238999575,-0.1601049937394727,-0.1601049937394727,True,,infinite_stale_prefix_max_all_pairs,uniform_arbitrary_stream_transfer
0,learned,adam,2000,18.94890040505393,0.003838945073609853,0.06210130725165951,798.4674226481686,1.3533615157116556,1.75080513223722,5.56260619107839e-09,0.0038331771357627375,True,fixed,,,,128,0.8520543238999575,0.8520543238999575,-0.1601049937394727,-0.1601049937394727,True,,infinite_stale_prefix_max_all_pairs,uniform_arbitrary_stream_transfer
0,learned,adam,2000,18.94890040505393,0.003838945073609853,0.06210130725165951,798.4674226481686,1.3533615157116556,1.75080513223722,5.56260619107839e-09,0.0038331771357627375,True,fixed,,,,256,0.8520543238999575,0.8520543238999575,-0.1601049937394727,-0.1601049937394727,True,,infinite_stale_prefix_max_all_pairs,uniform_arbitrary_stream_transfer
0,learned,adam,2000,18.94890040505393,0.003838945073609853,0.06210130725165951,798.4674226481686,1.3533615157116556,1.75080513223722,5.56260619107839e-09,0.0038331771357627375,True,fixed,,,,512,0.8520543238999575,0.8520543238999575,-0.1601049937394727,-0.1601049937394727,True,,infinite_stale_prefix_max_all_pairs,uniform_arbitrary_stream_transfer
0,learned,adam,2000,18.94890040505393,0.003838945073609853,0.06210130725165951,798.4674226481686,1.3533615157116556,1.75080513223722,5.56260619107839e-09,0.0038331771357627375,True,adaptive_theta,0.25,,,1,0.3002530615549088,0.3251139003637016,-1.203129621388239,-1.1235796953925488,True,,infinite_stale_prefix_max_all_pairs,uniform_arbitrary_stream_transfer
0,learned,adam,2000,18.94890040505393,0.003838945073609853,0.06210130725165951,798.4674226481686,1.3533615157116556,1.75080513223722,5.56260619107839e-09,0.0038331771357627375,True,reference_theta,0.25,,,1,0.3002530615549088,0.3251139003637016,-1.203129621388239,-1.1235796953925488,True,,infinite_stale_prefix_max_all_pairs,uniform_arbitrary_stream_transfer
0,learned,adam,2000,18.94890040505393,0.003838945073609853,0.06210130725165951,798.4674226481686,1.3533615157116556,1.75080513223722,5.56260619107839e-09,0.0038331771357627375,True,adaptive_theta,0.5,,,1,0.3002530615549088,0.3251139003637016,-1.203129621388239,-1.1235796953925488,True,,infinite_stale_prefix_max_all_pairs,uniform_arbitrary_stream_transfer
0,learned,adam,2000,18.94890040505393,0.003838945073609853,0.06210130725165951,798.4674226481686,1.3533615157116556,1.75080513223722,5.56260619107839e-09,0.0038331771357627375,True,reference_theta,0.5,,,1,0.3002530615549088,0.3251139003637016,-1.203129621388239,-1.1235796953925488,True,,infinite_stale_prefix_max_all_pairs,uniform_arbitrary_stream_transfer
0,learned,adam,2000,18.94890040505393,0.003838945073609853,0.06210130725165951,798.4674226481686,1.3533615157116556,1.75080513223722,5.56260619107839e-09,0.0038331771357627375,True,adaptive_theta,0.75,,,1,0.3002530615549088,0.3251139003637016,-1.203129621388239,-1.1235796953925488,True,,infinite_stale_prefix_max_all_pairs,uniform_arbitrary_stream_transfer
0,learned,adam,2000,18.94890040505393,0.003838945073609853,0.06210130725165951,798.4674226481686,1.3533615157116556,1.75080513223722,5.56260619107839e-09,0.0038331771357627375,True,reference_theta,0.75,,,1,0.3002530615549088,0.3251139003637016,-1.203129621388239,-1.1235796953925488,True,,infinite_stale_prefix_max_all_pairs,uniform_arbitrary_stream_transfer
0,learned,adam,2000,18.94890040505393,0.003838945073609853,0.06210130725165951,798.4674226481686,1.3533615157116556,1.75080513223722,5.56260619107839e-09,0.0038331771357627375,True,clock,,1,0.001,1,0.3002530615549088,0.3251139003637016,-1.203129621388239,-1.1235796953925488,True,,infinite_stale_prefix_max_all_pairs,uniform_arbitrary_stream_transfer
0,learned,adam,2000,18.94890040505393,0.003838945073609853,0.06210130725165951,798.4674226481686,1.3533615157116556,1.75080513223722,5.56260619107839e-09,0.0038331771357627375,True,clock,,1,0.003,1,0.3002530615549088,0.3251139003637016,-1.203129621388239,-1.1235796953925488,True,,infinite_stale_prefix_max_all_pairs,uniform_arbitrary_stream_transfer
0,learned,adam,2000,18.94890040505393,0.003838945073609853,0.06210130725165951,798.4674226481686,1.3533615157116556,1.75080513223722,5.56260619107839e-09,0.0038331771357627375,True,clock,,1,0.01,1,0.3002530615549088,0.3251139003637016,-1.203129621388239,-1.1235796953925488,True,,infinite_stale_prefix_max_all_pairs,uniform_arbitrary_stream_transfer
0,learned,adam,2000,18.94890040505393,0.003838945073609853,0.06210130725165951,798.4674226481686,1.3533615157116556,1.75080513223722,5.56260619107839e-09,0.0038331771357627375,True,clock,,1,0.03,1,0.3002530615549088,0.3251139003637016,-1.203129621388239,-1.1235796953925488,True,,infinite_stale_prefix_max_all_pairs,uniform_arbitrary_stream_transfer
0,learned,adam,2000,18.94890040505393,0.003838945073609853,0.06210130725165951,798.4674226481686,1.3533615157116556,1.75080513223722,5.56260619107839e-09,0.0038331771357627375,True,clock,,1,0.1,2,0.3683103592556688,0.38960193503649226,-0.9988293287052066,-0.9426297404999817,True,,infinite_stale_prefix_max_all_pairs,uniform_arbitrary_stream_transfer
0,learned,adam,3000,24.84174707475492,0.003839270778261039,0.06210325457275708,1017.4272069237662,1.5796475507709824,2.18370471391547,4.1266005765771604e-09,0.0038331771357627375,True,fixed,,,,1,0.21690237238485563,0.22874188878046348,-1.5283079235196102,-1.4751610343384072,True,,infinite_stale_prefix_max_all_pairs,uniform_arbitrary_stream_transfer
0,learned,adam,3000,24.84174707475492,0.003839270778261039,0.06210325457275708,1017.4272069237662,1.5796475507709824,2.18370471391547,4.1266005765771604e-09,0.0038331771357627375,True,fixed,,,,2,0.26224032687037446,0.27381010796895466,-1.338493917532336,-1.2953204494646053,True,,infinite_stale_prefix_max_all_pairs,uniform_arbitrary_stream_transfer
0,learned,adam,3000,24.84174707475492,0.003839270778261039,0.06210325457275708,1017.4272069237662,1.5796475507709824,2.18370471391547,4.1266005765771604e-09,0.0038331771357627375,True,fixed,,,,3,0.4497801271319346,0.4578499317828031,-0.7989964219982413,-0.7812138084230491,True,,infinite_stale_prefix_max_all_pairs,uniform_arbitrary_stream_transfer
0,learned,adam,3000,24.84174707475492,0.003839270778261039,0.06210325457275708,1017.4272069237662,1.5796475507709824,2.18370471391547,4.1266005765771604e-09,0.0038331771357627375,True,fixed,,,,4,0.7551721250542502,0.7563619819829419,-0.28080957551234503,-0.2792352052498136,True,,infinite_stale_prefix_max_all_pairs,uniform_arbitrary_stream_transfer
0,learned,adam,3000,24.84174707475492,0.003839270778261039,0.06210325457275708,1017.4272069237662,1.5796475507709824,2.18370471391547,4.1266005765771604e-09,0.0038331771357627375,True,fixed,,,,5,0.8696757187316025,0.8697292600342575,-0.13963487390735543,-0.13957331112775492,True,,infinite_stale_prefix_max_all_pairs,uniform_arbitrary_stream_transfer
0,learned,adam,3000,24.84174707475492,0.003839270778261039,0.06210325457275708,1017.4272069237662,1.5796475507709824,2.18370471391547,4.1266005765771604e-09,0.0038331771357627375,True,fixed,,,,8,0.8985292750644504,0.8985292789697364,-0.10699599113633261,-0.10699598679002337,True,,infinite_stale_prefix_max_all_pairs,uniform_arbitrary_stream_transfer
0,learned,adam,3000,24.84174707475492,0.003839270778261039,0.06210325457275708,1017.4272069237662,1.5796475507709824,2.18370471391547,4.1266005765771604e-09,0.0038331771357627375,True,fixed,,,,16,0.8987766141239755,0.8987766141239755,-0.1067207580081551,-0.1067207580081551,True,,infinite_stale_prefix_max_all_pairs,uniform_arbitrary_stream_transfer
0,learned,adam,3000,24.84174707475492,0.003839270778261039,0.06210325457275708,1017.4272069237662,1.5796475507709824,2.18370471391547,4.1266005765771604e-09,0.0038331771357627375,True,fixed,,,,32,0.8987766149273158,0.8987766149273158,-0.1067207571143399,-0.1067207571143399,True,,infinite_stale_prefix_max_all_pairs,uniform_arbitrary_stream_transfer
0,learned,adam,3000,24.84174707475492,0.003839270778261039,0.06210325457275708,1017.4272069237662,1.5796475507709824,2.18370471391547,4.1266005765771604e-09,0.0038331771357627375,True,fixed,,,,64,0.8987766149273158,0.8987766149273158,-0.1067207571143399,-0.1067207571143399,True,,infinite_stale_prefix_max_all_pairs,uniform_arbitrary_stream_transfer
0,learned,adam,3000,24.84174707475492,0.003839270778261039,0.06210325457275708,1017.4272069237662,1.5796475507709824,2.18370471391547,4.1266005765771604e-09,0.0038331771357627375,True,fixed,,,,128,0.8987766149273158,0.8987766149273158,-0.1067207571143399,-0.1067207571143399,True,,infinite_stale_prefix_max_all_pairs,uniform_arbitrary_stream_transfer
0,learned,adam,3000,24.84174707475492,0.003839270778261039,0.06210325457275708,1017.4272069237662,1.5796475507709824,2.18370471391547,4.1266005765771604e-09,0.0038331771357627375,True,fixed,,,,256,0.8987766149273158,0.8987766149273158,-0.1067207571143399,-0.1067207571143399,True,,infinite_stale_prefix_max_all_pairs,uniform_arbitrary_stream_transfer
0,learned,adam,3000,24.84174707475492,0.003839270778261039,0.06210325457275708,1017.4272069237662,1.5796475507709824,2.18370471391547,4.1266005765771604e-09,0.0038331771357627375,True,fixed,,,,512,0.8987766149273158,0.8987766149273158,-0.1067207571143399,-0.1067207571143399,True,,infinite_stale_prefix_max_all_pairs,uniform_arbitrary_stream_transfer
0,learned,adam,3000,24.84174707475492,0.003839270778261039,0.06210325457275708,1017.4272069237662,1.5796475507709824,2.18370471391547,4.1266005765771604e-09,0.0038331771357627375,True,adaptive_theta,0.25,,,1,0.21690237238485563,0.22874188878046348,-1.5283079235196102,-1.4751610343384072,True,,infinite_stale_prefix_max_all_pairs,uniform_arbitrary_stream_transfer
0,learned,adam,3000,24.84174707475492,0.003839270778261039,0.06210325457275708,1017.4272069237662,1.5796475507709824,2.18370471391547,4.1266005765771604e-09,0.0038331771357627375,True,reference_theta,0.25,,,1,0.21690237238485563,0.22874188878046348,-1.5283079235196102,-1.4751610343384072,True,,infinite_stale_prefix_max_all_pairs,uniform_arbitrary_stream_transfer
0,learned,adam,3000,24.84174707475492,0.003839270778261039,0.06210325457275708,1017.4272069237662,1.5796475507709824,2.18370471391547,4.1266005765771604e-09,0.0038331771357627375,True,adaptive_theta,0.5,,,1,0.21690237238485563,0.22874188878046348,-1.5283079235196102,-1.4751610343384072,True,,infinite_stale_prefix_max_all_pairs,uniform_arbitrary_stream_transfer
0,learned,adam,3000,24.84174707475492,0.003839270778261039,0.06210325457275708,1017.4272069237662,1.5796475507709824,2.18370471391547,4.1266005765771604e-09,0.0038331771357627375,True,reference_theta,0.5,,,1,0.21690237238485563,0.22874188878046348,-1.5283079235196102,-1.4751610343384072,True,,infinite_stale_prefix_max_all_pairs,uniform_arbitrary_stream_transfer
0,learned,adam,3000,24.84174707475492,0.003839270778261039,0.06210325457275708,1017.4272069237662,1.5796475507709824,2.18370471391547,4.1266005765771604e-09,0.0038331771357627375,True,adaptive_theta,0.75,,,1,0.21690237238485563,0.22874188878046348,-1.5283079235196102,-1.4751610343384072,True,,infinite_stale_prefix_max_all_pairs,uniform_arbitrary_stream_transfer
0,learned,adam,3000,24.84174707475492,0.003839270778261039,0.06210325457275708,1017.4272069237662,1.5796475507709824,2.18370471391547,4.1266005765771604e-09,0.0038331771357627375,True,reference_theta,0.75,,,1,0.21690237238485563,0.22874188878046348,-1.5283079235196102,-1.4751610343384072,True,,infinite_stale_prefix_max_all_pairs,uniform_arbitrary_stream_transfer
0,learned,adam,3000,24.84174707475492,0.003839270778261039,0.06210325457275708,1017.4272069237662,1.5796475507709824,2.18370471391547,4.1266005765771604e-09,0.0038331771357627375,True,clock,,1,0.001,1,0.21690237238485563,0.22874188878046348,-1.5283079235196102,-1.4751610343384072,True,,infinite_stale_prefix_max_all_pairs,uniform_arbitrary_stream_transfer
0,learned,adam,3000,24.84174707475492,0.003839270778261039,0.06210325457275708,1017.4272069237662,1.5796475507709824,2.18370471391547,4.1266005765771604e-09,0.0038331771357627375,True,clock,,1,0.003,1,0.21690237238485563,0.22874188878046348,-1.5283079235196102,-1.4751610343384072,True,,infinite_stale_prefix_max_all_pairs,uniform_arbitrary_stream_transfer
0,learned,adam,3000,24.84174707475492,0.003839270778261039,0.06210325457275708,1017.4272069237662,1.5796475507709824,2.18370471391547,4.1266005765771604e-09,0.0038331771357627375,True,clock,,1,0.01,1,0.21690237238485563,0.22874188878046348,-1.5283079235196102,-1.4751610343384072,True,,infinite_stale_prefix_max_all_pairs,uniform_arbitrary_stream_transfer
0,learned,adam,3000,24.84174707475492,0.003839270778261039,0.06210325457275708,1017.4272069237662,1.5796475507709824,2.18370471391547,4.1266005765771604e-09,0.0038331771357627375,True,clock,,1,0.03,1,0.21690237238485563,0.22874188878046348,-1.5283079235196102,-1.4751610343384072,True,,infinite_stale_prefix_max_all_pairs,uniform_arbitrary_stream_transfer
0,learned,adam,3000,24.84174707475492,0.003839270778261039,0.06210325457275708,1017.4272069237662,1.5796475507709824,2.18370471391547,4.1266005765771604e-09,0.0038331771357627375,True,clock,,1,0.1,3,0.4497801271319346,0.4578499317828031,-0.7989964219982413,-0.7812138084230491,True,,infinite_stale_prefix_max_all_pairs,uniform_arbitrary_stream_transfer
0,learned,adam,4000,29.71272255340369,0.003839426462733244,0.06210416425046466,1171.9336409902548,1.7437758003894024,2.518147137749939,3.4835899693331456e-09,0.0038331771357627375,True,fixed,,,,1,0.162804685664372,0.16912686046816125,-1.8152040441056962,-1.777106192000848,True,,infinite_stale_prefix_max_all_pairs,uniform_arbitrary_stream_transfer
0,learned,adam,4000,29.71272255340369,0.003839426462733244,0.06210416425046466,1171.9336409902548,1.7437758003894024,2.518147137749939,3.4835899693331456e-09,0.0038331771357627375,True,fixed,,,,2,0.19303309776321276,0.19954200188395327,-1.64489361377905,-1.6117305290525974,True,,infinite_stale_prefix_max_all_pairs,uniform_arbitrary_stream_transfer
0,learned,adam,4000,29.71272255340369,0.003839426462733244,0.06210416425046466,1171.9336409902548,1.7437758003894024,2.518147137749939,3.4835899693331456e-09,0.0038331771357627375,True,fixed,,,,3,0.3647736063802924,0.3705968005416164,-1.0084783743306316,-0.9926405983532047,True,,infinite_stale_prefix_max_all_pairs,uniform_arbitrary_stream_transfer
0,learned,adam,4000,29.71272255340369,0.003839426462733244,0.06210416425046466,1171.9336409902548,1.7437758003894024,2.518147137749939,3.4835899693331456e-09,0.0038331771357627375,True,fixed,,,,4,0.7619641119390522,0.7628499347058431,-0.27185582159744326,-0.27069394501532257,True,,infinite_stale_prefix_max_all_pairs,uniform_arbitrary_stream_transfer
0,learned,adam,4000,29.71272255340369,0.003839426462733244,0.06210416425046466,1171.9336409902548,1.7437758003894024,2.518147137749939,3.4835899693331456e-09,0.0038331771357627375,True,fixed,,,,5,0.8998384969719413,0.8998635764756769,-0.1055399795694649,-0.1055121088411846,True,,infinite_stale_prefix_max_all_pairs,uniform_arbitrary_stream_transfer
0,learned,adam,4000,29.71272255340369,0.003839426462733244,0.06210416425046466,1171.9336409902548,1.7437758003894024,2.518147137749939,3.4835899693331456e-09,0.0038331771357627375,True,fixed,,,,8,0.9252751929762798,0.9252751936233569,-0.0776640797955202,-0.07766407909618556,True,,infinite_stale_prefix_max_all_pairs,uniform_arbitrary_stream_transfer
0,learned,adam,4000,29.71272255340369,0.003839426462733244,0.06210416425046466,1171.9336409902548,1.7437758003894024,2.518147137749939,3.4835899693331456e-09,0.0038331771357627375,True,fixed,,,,16,0.925404250146557,0.925404250146557,-0.07752460975281131,-0.07752460975281131,True,,infinite_stale_prefix_max_all_pairs,uniform_arbitrary_stream_transfer
0,learned,adam,4000,29.71272255340369,0.003839426462733244,0.06210416425046466,1171.9336409902548,1.7437758003894024,2.518147137749939,3.4835899693331456e-09,0.0038331771357627375,True,fixed,,,,32,0.9254042502593113,0.9254042502593113,-0.07752460963096809,-0.07752460963096809,True,,infinite_stale_prefix_max_all_pairs,uniform_arbitrary_stream_transfer
0,learned,adam,4000,29.71272255340369,0.003839426462733244,0.06210416425046466,1171.9336409902548,1.7437758003894024,2.518147137749939,3.4835899693331456e-09,0.0038331771357627375,True,fixed,,,,64,0.9254042502593113,0.9254042502593113,-0.07752460963096809,-0.07752460963096809,True,,infinite_stale_prefix_max_all_pairs,uniform_arbitrary_stream_transfer
0,learned,adam,4000,29.71272255340369,0.003839426462733244,0.06210416425046466,1171.9336409902548,1.7437758003894024,2.518147137749939,3.4835899693331456e-09,0.0038331771357627375,True,fixed,,,,128,0.9254042502593113,0.9254042502593113,-0.07752460963096809,-0.07752460963096809,True,,infinite_stale_prefix_max_all_pairs,uniform_arbitrary_stream_transfer
0,learned,adam,4000,29.71272255340369,0.003839426462733244,0.06210416425046466,1171.9336409902548,1.7437758003894024,2.518147137749939,3.4835899693331456e-09,0.0038331771357627375,True,fixed,,,,256,0.9254042502593113,0.9254042502593113,-0.07752460963096809,-0.07752460963096809,True,,infinite_stale_prefix_max_all_pairs,uniform_arbitrary_stream_transfer
0,learned,adam,4000,29.71272255340369,0.003839426462733244,0.06210416425046466,1171.9336409902548,1.7437758003894024,2.518147137749939,3.4835899693331456e-09,0.0038331771357627375,True,fixed,,,,512,0.9254042502593113,0.9254042502593113,-0.07752460963096809,-0.07752460963096809,True,,infinite_stale_prefix_max_all_pairs,uniform_arbitrary_stream_transfer
0,learned,adam,4000,29.71272255340369,0.003839426462733244,0.06210416425046466,1171.9336409902548,1.7437758003894024,2.518147137749939,3.4835899693331456e-09,0.0038331771357627375,True,adaptive_theta,0.25,,,1,0.162804685664372,0.16912686046816125,-1.8152040441056962,-1.777106192000848,True,,infinite_stale_prefix_max_all_pairs,uniform_arbitrary_stream_transfer
0,learned,adam,4000,29.71272255340369,0.003839426462733244,0.06210416425046466,1171.9336409902548,1.7437758003894024,2.518147137749939,3.4835899693331456e-09,0.0038331771357627375,True,reference_theta,0.25,,,1,0.162804685664372,0.16912686046816125,-1.8152040441056962,-1.777106192000848,True,,infinite_stale_prefix_max_all_pairs,uniform_arbitrary_stream_transfer
0,learned,adam,4000,29.71272255340369,0.003839426462733244,0.06210416425046466,1171.9336409902548,1.7437758003894024,2.518147137749939,3.4835899693331456e-09,0.0038331771357627375,True,adaptive_theta,0.5,,,1,0.162804685664372,0.16912686046816125,-1.8152040441056962,-1.777106192000848,True,,infinite_stale_prefix_max_all_pairs,uniform_arbitrary_stream_transfer
0,learned,adam,4000,29.71272255340369,0.003839426462733244,0.06210416425046466,1171.9336409902548,1.7437758003894024,2.518147137749939,3.4835899693331456e-09,0.0038331771357627375,True,reference_theta,0.5,,,1,0.162804685664372,0.16912686046816125,-1.8152040441056962,-1.777106192000848,True,,infinite_stale_prefix_max_all_pairs,uniform_arbitrary_stream_transfer
0,learned,adam,4000,29.71272255340369,0.003839426462733244,0.06210416425046466,1171.9336409902548,1.7437758003894024,2.518147137749939,3.4835899693331456e-09,0.0038331771357627375,True,adaptive_theta,0.75,,,1,0.162804685664372,0.16912686046816125,-1.8152040441056962,-1.777106192000848,True,,infinite_stale_prefix_max_all_pairs,uniform_arbitrary_stream_transfer
0,learned,adam,4000,29.71272255340369,0.003839426462733244,0.06210416425046466,1171.9336409902548,1.7437758003894024,2.518147137749939,3.4835899693331456e-09,0.0038331771357627375,True,reference_theta,0.75,,,1,0.162804685664372,0.16912686046816125,-1.8152040441056962,-1.777106192000848,True,,infinite_stale_prefix_max_all_pairs,uniform_arbitrary_stream_transfer
0,learned,adam,4000,29.71272255340369,0.003839426462733244,0.06210416425046466,1171.9336409902548,1.7437758003894024,2.518147137749939,3.4835899693331456e-09,0.0038331771357627375,True,clock,,1,0.001,1,0.162804685664372,0.16912686046816125,-1.8152040441056962,-1.777106192000848,True,,infinite_stale_prefix_max_all_pairs,uniform_arbitrary_stream_transfer
0,learned,adam,4000,29.71272255340369,0.003839426462733244,0.06210416425046466,1171.9336409902548,1.7437758003894024,2.518147137749939,3.4835899693331456e-09,0.0038331771357627375,True,clock,,1,0.003,1,0.162804685664372,0.16912686046816125,-1.8152040441056962,-1.777106192000848,True,,infinite_stale_prefix_max_all_pairs,uniform_arbitrary_stream_transfer
0,learned,adam,4000,29.71272255340369,0.003839426462733244,0.06210416425046466,1171.9336409902548,1.7437758003894024,2.518147137749939,3.4835899693331456e-09,0.0038331771357627375,True,clock,,1,0.01,1,0.162804685664372,0.16912686046816125,-1.8152040441056962,-1.777106192000848,True,,infinite_stale_prefix_max_all_pairs,uniform_arbitrary_stream_transfer
0,learned,adam,4000,29.71272255340369,0.003839426462733244,0.06210416425046466,1171.9336409902548,1.7437758003894024,2.518147137749939,3.4835899693331456e-09,0.0038331771357627375,True,clock,,1,0.03,1,0.162804685664372,0.16912686046816125,-1.8152040441056962,-1.777106192000848,True,,infinite_stale_prefix_max_all_pairs,uniform_arbitrary_stream_transfer
0,learned,adam,4000,29.71272255340369,0.003839426462733244,0.06210416425046466,1171.9336409902548,1.7437758003894024,2.518147137749939,3.4835899693331456e-09,0.0038331771357627375,True,clock,,1,0.1,3,0.3647736063802924,0.3705968005416164,-1.0084783743306316,-0.9926405983532047,True,,infinite_stale_prefix_max_all_pairs,uniform_arbitrary_stream_transfer
0,learned,adam,5000,33.89887827553162,0.0038395191885422907,0.06210469990384072,1296.4792533632697,1.87576498493968,2.802199425005422,3.0824272886230514e-09,0.0038331771357627375,True,fixed,,,,1,0.12527543622648699,0.12887681019451294,-2.077240475991248,-2.0488982906174673,True,,infinite_stale_prefix_max_all_pairs,uniform_arbitrary_stream_transfer
0,learned,adam,5000,33.89887827553162,0.0038395191885422907,0.06210469990384072,1296.4792533632697,1.87576498493968,2.802199425005422,3.0824272886230514e-09,0.0038331771357627375,True,fixed,,,,2,0.14562048336446734,0.1494102772526238,-1.9267514706661344,-1.9010592184711512,True,,infinite_stale_prefix_max_all_pairs,uniform_arbitrary_stream_transfer
0,learned,adam,5000,33.89887827553162,0.0038395191885422907,0.06210469990384072,1296.4792533632697,1.87576498493968,2.802199425005422,3.0824272886230514e-09,0.0038331771357627375,True,fixed,,,,3,0.29180723485897453,0.2958840755773929,-1.2316618493043983,-1.217787537930566,True,,infinite_stale_prefix_max_all_pairs,uniform_arbitrary_stream_transfer
0,learned,adam,5000,33.89887827553162,0.0038395191885422907,0.06210469990384072,1296.4792533632697,1.87576498493968,2.802199425005422,3.0824272886230514e-09,0.0038331771357627375,True,fixed,,,,4,0.7631543284667177,0.763850927919937,-0.2702950027944417,-0.2693826293777451,True,,infinite_stale_prefix_max_all_pairs,uniform_arbitrary_stream_transfer
0,learned,adam,5000,33.89887827553162,0.0038395191885422907,0.06210469990384072,1296.4792533632697,1.87576498493968,2.802199425005422,3.0824272886230514e-09,0.0038331771357627375,True,fixed,,,,5,0.9205850815316707,0.9205982142545648,-0.08274585288816466,-0.08273158736346174,True,,infinite_stale_prefix_max_all_pairs,uniform_arbitrary_stream_transfer
0,learned,adam,5000,33.89887827553162,0.0038395191885422907,0.06210469990384072,1296.4792533632697,1.87576498493968,2.802199425005422,3.0824272886230514e-09,0.0038331771357627375,True,fixed,,,,8,0.942720821988798,0.9427208221360586,-0.05898509321517883,-0.058985093058970886,True,,infinite_stale_prefix_max_all_pairs,uniform_arbitrary_stream_transfer
0,learned,adam,5000,33.89887827553162,0.0038395191885422907,0.06210469990384072,1296.4792533632697,1.87576498493968,2.802199425005422,3.0824272886230514e-09,0.0038331771357627375,True,fixed,,,,16,0.9427945612053955,0.9427945612053955,-0.05890687670494267,-0.05890687670494267,True,,infinite_stale_prefix_max_all_pairs,uniform_arbitrary_stream_transfer
0,learned,adam,5000,33.89887827553162,0.0038395191885422907,0.06210469990384072,1296.4792533632697,1.87576498493968,2.802199425005422,3.0824272886230514e-09,0.0038331771357627375,True,fixed,,,,32,0.9427945612278077,0.9427945612278077,-0.058906876681170554,-0.058906876681170554,True,,infinite_stale_prefix_max_all_pairs,uniform_arbitrary_stream_transfer
0,learned,adam,5000,33.89887827553162,0.0038395191885422907,0.06210469990384072,1296.4792533632697,1.87576498493968,2.802199425005422,3.0824272886230514e-09,0.0038331771357627375,True,fixed,,,,64,0.9427945612278077,0.9427945612278077,-0.058906876681170554,-0.058906876681170554,True,,infinite_stale_prefix_max_all_pairs,uniform_arbitrary_stream_transfer
0,learned,adam,5000,33.89887827553162,0.0038395191885422907,0.06210469990384072,1296.4792533632697,1.87576498493968,2.802199425005422,3.0824272886230514e-09,0.0038331771357627375,True,fixed,,,,128,0.9427945612278077,0.9427945612278077,-0.058906876681170554,-0.058906876681170554,True,,infinite_stale_prefix_max_all_pairs,uniform_arbitrary_stream_transfer
0,learned,adam,5000,33.89887827553162,0.0038395191885422907,0.06210469990384072,1296.4792533632697,1.87576498493968,2.802199425005422,3.0824272886230514e-09,0.0038331771357627375,True,fixed,,,,256,0.9427945612278077,0.9427945612278077,-0.058906876681170554,-0.058906876681170554,True,,infinite_stale_prefix_max_all_pairs,uniform_arbitrary_stream_transfer
0,learned,adam,5000,33.89887827553162,0.0038395191885422907,0.06210469990384072,1296.4792533632697,1.87576498493968,2.802199425005422,3.0824272886230514e-09,0.0038331771357627375,True,fixed,,,,512,0.9427945612278077,0.9427945612278077,-0.058906876681170554,-0.058906876681170554,True,,infinite_stale_prefix_max_all_pairs,uniform_arbitrary_stream_transfer
0,learned,adam,5000,33.89887827553162,0.0038395191885422907,0.06210469990384072,1296.4792533632697,1.87576498493968,2.802199425005422,3.0824272886230514e-09,0.0038331771357627375,True,adaptive_theta,0.25,,,1,0.12527543622648699,0.12887681019451294,-2.077240475991248,-2.0488982906174673,True,,infinite_stale_prefix_max_all_pairs,uniform_arbitrary_stream_transfer
0,learned,adam,5000,33.89887827553162,0.0038395191885422907,0.06210469990384072,1296.4792533632697,1.87576498493968,2.802199425005422,3.0824272886230514e-09,0.0038331771357627375,True,reference_theta,0.25,,,1,0.12527543622648699,0.12887681019451294,-2.077240475991248,-2.0488982906174673,True,,infinite_stale_prefix_max_all_pairs,uniform_arbitrary_stream_transfer
0,learned,adam,5000,33.89887827553162,0.0038395191885422907,0.06210469990384072,1296.4792533632697,1.87576498493968,2.802199425005422,3.0824272886230514e-09,0.0038331771357627375,True,adaptive_theta,0.5,,,1,0.12527543622648699,0.12887681019451294,-2.077240475991248,-2.0488982906174673,True,,infinite_stale_prefix_max_all_pairs,uniform_arbitrary_stream_transfer
0,learned,adam,5000,33.89887827553162,0.0038395191885422907,0.06210469990384072,1296.4792533632697,1.87576498493968,2.802199425005422,3.0824272886230514e-09,0.0038331771357627375,True,reference_theta,0.5,,,1,0.12527543622648699,0.12887681019451294,-2.077240475991248,-2.0488982906174673,True,,infinite_stale_prefix_max_all_pairs,uniform_arbitrary_stream_transfer
0,learned,adam,5000,33.89887827553162,0.0038395191885422907,0.06210469990384072,1296.4792533632697,1.87576498493968,2.802199425005422,3.0824272886230514e-09,0.0038331771357627375,True,adaptive_theta,0.75,,,1,0.12527543622648699,0.12887681019451294,-2.077240475991248,-2.0488982906174673,True,,infinite_stale_prefix_max_all_pairs,uniform_arbitrary_stream_transfer
0,learned,adam,5000,33.89887827553162,0.0038395191885422907,0.06210469990384072,1296.4792533632697,1.87576498493968,2.802199425005422,3.0824272886230514e-09,0.0038331771357627375,True,reference_theta,0.75,,,1,0.12527543622648699,0.12887681019451294,-2.077240475991248,-2.0488982906174673,True,,infinite_stale_prefix_max_all_pairs,uniform_arbitrary_stream_transfer
0,learned,adam,5000,33.89887827553162,0.0038395191885422907,0.06210469990384072,1296.4792533632697,1.87576498493968,2.802199425005422,3.0824272886230514e-09,0.0038331771357627375,True,clock,,1,0.001,1,0.12527543622648699,0.12887681019451294,-2.077240475991248,-2.0488982906174673,True,,infinite_stale_prefix_max_all_pairs,uniform_arbitrary_stream_transfer
0,learned,adam,5000,33.89887827553162,0.0038395191885422907,0.06210469990384072,1296.4792533632697,1.87576498493968,2.802199425005422,3.0824272886230514e-09,0.0038331771357627375,True,clock,,1,0.003,1,0.12527543622648699,0.12887681019451294,-2.077240475991248,-2.0488982906174673,True,,infinite_stale_prefix_max_all_pairs,uniform_arbitrary_stream_transfer
0,learned,adam,5000,33.89887827553162,0.0038395191885422907,0.06210469990384072,1296.4792533632697,1.87576498493968,2.802199425005422,3.0824272886230514e-09,0.0038331771357627375,True,clock,,1,0.01,1,0.12527543622648699,0.12887681019451294,-2.077240475991248,-2.0488982906174673,True,,infinite_stale_prefix_max_all_pairs,uniform_arbitrary_stream_transfer
0,learned,adam,5000,33.89887827553162,0.0038395191885422907,0.06210469990384072,1296.4792533632697,1.87576498493968,2.802199425005422,3.0824272886230514e-09,0.0038331771357627375,True,clock,,1,0.03,2,0.14562048336446734,0.1494102772526238,-1.9267514706661344,-1.9010592184711512,True,,infinite_stale_prefix_max_all_pairs,uniform_arbitrary_stream_transfer
0,learned,adam,5000,33.89887827553162,0.0038395191885422907,0.06210469990384072,1296.4792533632697,1.87576498493968,2.802199425005422,3.0824272886230514e-09,0.0038331771357627375,True,clock,,1,0.1,4,0.7631543284667177,0.763850927919937,-0.2702950027944417,-0.2693826293777451,True,,infinite_stale_prefix_max_all_pairs,uniform_arbitrary_stream_transfer
0,learned,adam,6000,37.589893042687706,0.003839581953114231,0.062105060332185616,1404.9897387916049,1.989127634827726,3.0560427974650985,2.7870472536669505e-09,0.0038331771357627375,True,fixed,,,,1,0.0979847579339099,0.10011303546950782,-2.3229433436944436,-2.301455376668825,True,,infinite_stale_prefix_max_all_pairs,uniform_arbitrary_stream_transfer
0,learned,adam,6000,37.589893042687706,0.003839581953114231,0.062105060332185616,1404.9897387916049,1.989127634827726,3.0560427974650985,2.7870472536669505e-09,0.0038331771357627375,True,fixed,,,,2,0.11176165086767309,0.11401917637475362,-2.1913867925992836,-2.1713886309203705,True,,infinite_stale_prefix_max_all_pairs,uniform_arbitrary_stream_transfer
0,learned,adam,6000,37.589893042687706,0.003839581953114231,0.062105060332185616,1404.9897387916049,1.989127634827726,3.0560427974650985,2.7870472536669505e-09,0.0038331771357627375,True,fixed,,,,3,0.2305272626170777,0.23330132984482554,-1.4673861475434893,-1.455424399821725,True,,infinite_stale_prefix_max_all_pairs,uniform_arbitrary_stream_transfer
0,learned,adam,6000,37.589893042687706,0.003839581953114231,0.062105060332185616,1404.9897387916049,1.989127634827726,3.0560427974650985,2.7870472536669505e-09,0.0038331771357627375,True,fixed,,,,4,0.7596032988067412,0.7601726254977145,-0.2749589572325553,-0.27420973268109267,True,,infinite_stale_prefix_max_all_pairs,uniform_arbitrary_stream_transfer
0,learned,adam,6000,37.589893042687706,0.003839581953114231,0.062105060332185616,1404.9897387916049,1.989127634827726,3.0560427974650985,2.7870472536669505e-09,0.0038331771357627375,True,fixed,,,,5,0.9357169571213216,0.935724353276265,-0.06644224447341106,-0.06643434023948999,True,,infinite_stale_prefix_max_all_pairs,uniform_arbitrary_stream_transfer
0,learned,adam,6000,37.589893042687706,0.003839581953114231,0.062105060332185616,1404.9897387916049,1.989127634827726,3.0560427974650985,2.7870472536669505e-09,0.0038331771357627375,True,fixed,,,,8,0.9549979241805682,0.9549979242212512,-0.04604611213668206,-0.04604611209408195,True,,infinite_stale_prefix_max_all_pairs,uniform_arbitrary_stream_transfer
0,learned,adam,6000,37.589893042687706,0.003839581953114231,0.062105060332185616,1404.9897387916049,1.989127634827726,3.0560427974650985,2.7870472536669505e-09,0.0038331771357627375,True,fixed,,,,16,0.9550426955438913,0.9550426955438913,-0.045999232124949364,-0.045999232124949364,True,,infinite_stale_prefix_max_all_pairs,uniform_arbitrary_stream_transfer
0,learned,adam,6000,37.589893042687706,0.003839581953114231,0.062105060332185616,1404.9897387916049,1.989127634827726,3.0560427974650985,2.7870472536669505e-09,0.0038331771357627375,True,fixed,,,,32,0.9550426955493859,0.9550426955493859,-0.045999232119196036,-0.045999232119196036,True,,infinite_stale_prefix_max_all_pairs,uniform_arbitrary_stream_transfer
0,learned,adam,6000,37.589893042687706,0.003839581953114231,0.062105060332185616,1404.9897387916049,1.989127634827726,3.0560427974650985,2.7870472536669505e-09,0.0038331771357627375,True,fixed,,,,64,0.9550426955493859,0.9550426955493859,-0.045999232119196036,-0.045999232119196036,True,,infinite_stale_prefix_max_all_pairs,uniform_arbitrary_stream_transfer
0,learned,adam,6000,37.589893042687706,0.003839581953114231,0.062105060332185616,1404.9897387916049,1.989127634827726,3.0560427974650985,2.7870472536669505e-09,0.0038331771357627375,True,fixed,,,,128,0.9550426955493859,0.9550426955493859,-0.045999232119196036,-0.045999232119196036,True,,infinite_stale_prefix_max_all_pairs,uniform_arbitrary_stream_transfer
0,learned,adam,6000,37.589893042687706,0.003839581953114231,0.062105060332185616,1404.9897387916049,1.989127634827726,3.0560427974650985,2.7870472536669505e-09,0.0038331771357627375,True,fixed,,,,256,0.9550426955493859,0.9550426955493859,-0.045999232119196036,-0.045999232119196036,True,,infinite_stale_prefix_max_all_pairs,uniform_arbitrary_stream_transfer
0,learned,adam,6000,37.589893042687706,0.003839581953114231,0.062105060332185616,1404.9897387916049,1.989127634827726,3.0560427974650985,2.7870472536669505e-09,0.0038331771357627375,True,fixed,,,,512,0.9550426955493859,0.9550426955493859,-0.045999232119196036,-0.045999232119196036,True,,infinite_stale_prefix_max_all_pairs,uniform_arbitrary_stream_transfer
0,learned,adam,6000,37.589893042687706,0.003839581953114231,0.062105060332185616,1404.9897387916049,1.989127634827726,3.0560427974650985,2.7870472536669505e-09,0.0038331771357627375,True,adaptive_theta,0.25,,,1,0.0979847579339099,0.10011303546950782,-2.3229433436944436,-2.301455376668825,True,,infinite_stale_prefix_max_all_pairs,uniform_arbitrary_stream_transfer
0,learned,adam,6000,37.589893042687706,0.003839581953114231,0.062105060332185616,1404.9897387916049,1.989127634827726,3.0560427974650985,2.7870472536669505e-09,0.0038331771357627375,True,reference_theta,0.25,,,1,0.0979847579339099,0.10011303546950782,-2.3229433436944436,-2.301455376668825,True,,infinite_stale_prefix_max_all_pairs,uniform_arbitrary_stream_transfer
0,learned,adam,6000,37.589893042687706,0.003839581953114231,0.062105060332185616,1404.9897387916049,1.989127634827726,3.0560427974650985,2.7870472536669505e-09,0.0038331771357627375,True,adaptive_theta,0.5,,,1,0.0979847579339099,0.10011303546950782,-2.3229433436944436,-2.301455376668825,True,,infinite_stale_prefix_max_all_pairs,uniform_arbitrary_stream_transfer
0,learned,adam,6000,37.589893042687706,0.003839581953114231,0.062105060332185616,1404.9897387916049,1.989127634827726,3.0560427974650985,2.7870472536669505e-09,0.0038331771357627375,True,reference_theta,0.5,,,1,0.0979847579339099,0.10011303546950782,-2.3229433436944436,-2.301455376668825,True,,infinite_stale_prefix_max_all_pairs,uniform_arbitrary_stream_transfer
0,learned,adam,6000,37.589893042687706,0.003839581953114231,0.062105060332185616,1404.9897387916049,1.989127634827726,3.0560427974650985,2.7870472536669505e-09,0.0038331771357627375,True,adaptive_theta,0.75,,,1,0.0979847579339099,0.10011303546950782,-2.3229433436944436,-2.301455376668825,True,,infinite_stale_prefix_max_all_pairs,uniform_arbitrary_stream_transfer
0,learned,adam,6000,37.589893042687706,0.003839581953114231,0.062105060332185616,1404.9897387916049,1.989127634827726,3.0560427974650985,2.7870472536669505e-09,0.0038331771357627375,True,reference_theta,0.75,,,1,0.0979847579339099,0.10011303546950782,-2.3229433436944436,-2.301455376668825,True,,infinite_stale_prefix_max_all_pairs,uniform_arbitrary_stream_transfer
0,learned,adam,6000,37.589893042687706,0.003839581953114231,0.062105060332185616,1404.9897387916049,1.989127634827726,3.0560427974650985,2.7870472536669505e-09,0.0038331771357627375,True,clock,,1,0.001,1,0.0979847579339099,0.10011303546950782,-2.3229433436944436,-2.301455376668825,True,,infinite_stale_prefix_max_all_pairs,uniform_arbitrary_stream_transfer
0,learned,adam,6000,37.589893042687706,0.003839581953114231,0.062105060332185616,1404.9897387916049,1.989127634827726,3.0560427974650985,2.7870472536669505e-09,0.0038331771357627375,True,clock,,1,0.003,1,0.0979847579339099,0.10011303546950782,-2.3229433436944436,-2.301455376668825,True,,infinite_stale_prefix_max_all_pairs,uniform_arbitrary_stream_transfer
0,learned,adam,6000,37.589893042687706,0.003839581953114231,0.062105060332185616,1404.9897387916049,1.989127634827726,3.0560427974650985,2.7870472536669505e-09,0.0038331771357627375,True,clock,,1,0.01,1,0.0979847579339099,0.10011303546950782,-2.3229433436944436,-2.301455376668825,True,,infinite_stale_prefix_max_all_pairs,uniform_arbitrary_stream_transfer
0,learned,adam,6000,37.589893042687706,0.003839581953114231,0.062105060332185616,1404.9897387916049,1.989127634827726,3.0560427974650985,2.7870472536669505e-09,0.0038331771357627375,True,clock,,1,0.03,2,0.11176165086767309,0.11401917637475362,-2.1913867925992836,-2.1713886309203705,True,,infinite_stale_prefix_max_all_pairs,uniform_arbitrary_stream_transfer
0,learned,adam,6000,37.589893042687706,0.003839581953114231,0.062105060332185616,1404.9897387916049,1.989127634827726,3.0560427974650985,2.7870472536669505e-09,0.0038331771357627375,True,clock,,1,0.1,4,0.7596032988067412,0.7601726254977145,-0.2749589572325553,-0.27420973268109267,True,,infinite_stale_prefix_max_all_pairs,uniform_arbitrary_stream_transfer
0,learned,adam,7000,40.904032203641215,0.003839628019345573,0.06210532410010407,1504.1368672152892,2.090550615860084,3.289348224384097,2.5473656432610463e-09,0.0038331771357627375,True,fixed,,,,1,0.0775510206954242,0.0788365976385495,-2.5568192276741324,-2.5403779528983725,True,,infinite_stale_prefix_max_all_pairs,uniform_arbitrary_stream_transfer
0,learned,adam,7000,40.904032203641215,0.003839628019345573,0.06210532410010407,1504.1368672152892,2.090550615860084,3.289348224384097,2.5473656432610463e-09,0.0038331771357627375,True,fixed,,,,2,0.0869078284115456,0.08827260035897563,-2.442907165480015,-2.4273255212361153,True,,infinite_stale_prefix_max_all_pairs,uniform_arbitrary_stream_transfer
0,learned,adam,7000,40.904032203641215,0.003839628019345573,0.06210532410010407,1504.1368672152892,2.090550615860084,3.289348224384097,2.5473656432610463e-09,0.0038331771357627375,True,fixed,,,,3,0.1801490461756584,0.1819867270563436,-1.7139707364139947,-1.703821522826585,True,,infinite_stale_prefix_max_all_pairs,uniform_arbitrary_stream_transfer
0,learned,adam,7000,40.904032203641215,0.003839628019345573,0.06210532410010407,1504.1368672152892,2.090550615860084,3.289348224384097,2.5473656432610463e-09,0.0038331771357627375,True,fixed,,,,4,0.7512169504349783,0.7516959908113534,-0.28606078686584974,-0.28542330430854246,True,,infinite_stale_prefix_max_all_pairs,uniform_arbitrary_stream_transfer
0,learned,adam,7000,40.904032203641215,0.003839628019345573,0.06210532410010407,1504.1368672152892,2.090550615860084,3.289348224384097,2.5473656432610463e-09,0.0038331771357627375,True,fixed,,,,5,0.9471374799737294,0.9471418687438015,-0.054311022126130495,-0.054306388416667274,True,,infinite_stale_prefix_max_all_pairs,uniform_arbitrary_stream_transfer
0,learned,adam,7000,40.904032203641215,0.003839628019345573,0.06210532410010407,1504.1368672152892,2.090550615860084,3.289348224384097,2.5473656432610463e-09,0.0038331771357627375,True,fixed,,,,8,0.9640331742717785,0.9640331742846021,-0.03662957181871166,-0.03662957180540967,True,,infinite_stale_prefix_max_all_pairs,uniform_arbitrary_stream_transfer
0,learned,adam,7000,40.904032203641215,0.003839628019345573,0.06210532410010407,1504.1368672152892,2.090550615860084,3.289348224384097,2.5473656432610463e-09,0.0038331771357627375,True,fixed,,,,16,0.9640615789720597,0.9640615789720597,-0.03660010781002078,-0.03660010781002078,True,,infinite_stale_prefix_max_all_pairs,uniform_arbitrary_stream_transfer
0,learned,adam,7000,40.904032203641215,0.003839628019345573,0.06210532410010407,1504.1368672152892,2.090550615860084,3.289348224384097,2.5473656432610463e-09,0.0038331771357627375,True,fixed,,,,32,0.9640615789736083,0.9640615789736083,-0.03660010780841434,-0.03660010780841434,True,,infinite_stale_prefix_max_all_pairs,uniform_arbitrary_stream_transfer
0,learned,adam,7000,40.904032203641215,0.003839628019345573,0.06210532410010407,1504.1368672152892,2.090550615860084,3.289348224384097,2.5473656432610463e-09,0.0038331771357627375,True,fixed,,,,64,0.9640615789736083,0.9640615789736083,-0.03660010780841434,-0.03660010780841434,True,,infinite_stale_prefix_max_all_pairs,uniform_arbitrary_stream_transfer
0,learned,adam,7000,40.904032203641215,0.003839628019345573,0.06210532410010407,1504.1368672152892,2.090550615860084,3.289348224384097,2.5473656432610463e-09,0.0038331771357627375,True,fixed,,,,128,0.9640615789736083,0.9640615789736083,-0.03660010780841434,-0.03660010780841434,True,,infinite_stale_prefix_max_all_pairs,uniform_arbitrary_stream_transfer
0,learned,adam,7000,40.904032203641215,0.003839628019345573,0.06210532410010407,1504.1368672152892,2.090550615860084,3.289348224384097,2.5473656432610463e-09,0.0038331771357627375,True,fixed,,,,256,0.9640615789736083,0.9640615789736083,-0.03660010780841434,-0.03660010780841434,True,,infinite_stale_prefix_max_all_pairs,uniform_arbitrary_stream_transfer
0,learned,adam,7000,40.904032203641215,0.003839628019345573,0.06210532410010407,1504.1368672152892,2.090550615860084,3.289348224384097,2.5473656432610463e-09,0.0038331771357627375,True,fixed,,,,512,0.9640615789736083,0.9640615789736083,-0.03660010780841434,-0.03660010780841434,True,,infinite_stale_prefix_max_all_pairs,uniform_arbitrary_stream_transfer
0,learned,adam,7000,40.904032203641215,0.003839628019345573,0.06210532410010407,1504.1368672152892,2.090550615860084,3.289348224384097,2.5473656432610463e-09,0.0038331771357627375,True,adaptive_theta,0.25,,,1,0.0775510206954242,0.0788365976385495,-2.5568192276741324,-2.5403779528983725,True,,infinite_stale_prefix_max_all_pairs,uniform_arbitrary_stream_transfer
0,learned,adam,7000,40.904032203641215,0.003839628019345573,0.06210532410010407,1504.1368672152892,2.090550615860084,3.289348224384097,2.5473656432610463e-09,0.0038331771357627375,True,reference_theta,0.25,,,1,0.0775510206954242,0.0788365976385495,-2.5568192276741324,-2.5403779528983725,True,,infinite_stale_prefix_max_all_pairs,uniform_arbitrary_stream_transfer
0,learned,adam,7000,40.904032203641215,0.003839628019345573,0.06210532410010407,1504.1368672152892,2.090550615860084,3.289348224384097,2.5473656432610463e-09,0.0038331771357627375,True,adaptive_theta,0.5,,,1,0.0775510206954242,0.0788365976385495,-2.5568192276741324,-2.5403779528983725,True,,infinite_stale_prefix_max_all_pairs,uniform_arbitrary_stream_transfer
0,learned,adam,7000,40.904032203641215,0.003839628019345573,0.06210532410010407,1504.1368672152892,2.090550615860084,3.289348224384097,2.5473656432610463e-09,0.0038331771357627375,True,reference_theta,0.5,,,1,0.0775510206954242,0.0788365976385495,-2.5568192276741324,-2.5403779528983725,True,,infinite_stale_prefix_max_all_pairs,uniform_arbitrary_stream_transfer
0,learned,adam,7000,40.904032203641215,0.003839628019345573,0.06210532410010407,1504.1368672152892,2.090550615860084,3.289348224384097,2.5473656432610463e-09,0.0038331771357627375,True,adaptive_theta,0.75,,,1,0.0775510206954242,0.0788365976385495,-2.5568192276741324,-2.5403779528983725,True,,infinite_stale_prefix_max_all_pairs,uniform_arbitrary_stream_transfer
0,learned,adam,7000,40.904032203641215,0.003839628019345573,0.06210532410010407,1504.1368672152892,2.090550615860084,3.289348224384097,2.5473656432610463e-09,0.0038331771357627375,True,reference_theta,0.75,,,1,0.0775510206954242,0.0788365976385495,-2.5568192276741324,-2.5403779528983725,True,,infinite_stale_prefix_max_all_pairs,uniform_arbitrary_stream_transfer
0,learned,adam,7000,40.904032203641215,0.003839628019345573,0.06210532410010407,1504.1368672152892,2.090550615860084,3.289348224384097,2.5473656432610463e-09,0.0038331771357627375,True,clock,,1,0.001,1,0.0775510206954242,0.0788365976385495,-2.5568192276741324,-2.5403779528983725,True,,infinite_stale_prefix_max_all_pairs,uniform_arbitrary_stream_transfer
0,learned,adam,7000,40.904032203641215,0.003839628019345573,0.06210532410010407,1504.1368672152892,2.090550615860084,3.289348224384097,2.5473656432610463e-09,0.0038331771357627375,True,clock,,1,0.003,1,0.0775510206954242,0.0788365976385495,-2.5568192276741324,-2.5403779528983725,True,,infinite_stale_prefix_max_all_pairs,uniform_arbitrary_stream_transfer
0,learned,adam,7000,40.904032203641215,0.003839628019345573,0.06210532410010407,1504.1368672152892,2.090550615860084,3.289348224384097,2.5473656432610463e-09,0.0038331771357627375,True,clock,,1,0.01,1,0.0775510206954242,0.0788365976385495,-2.5568192276741324,-2.5403779528983725,True,,infinite_stale_prefix_max_all_pairs,uniform_arbitrary_stream_transfer
0,learned,adam,7000,40.904032203641215,0.003839628019345573,0.06210532410010407,1504.1368672152892,2.090550615860084,3.289348224384097,2.5473656432610463e-09,0.0038331771357627375,True,clock,,1,0.03,2,0.0869078284115456,0.08827260035897563,-2.442907165480015,-2.4273255212361153,True,,infinite_stale_prefix_max_all_pairs,uniform_arbitrary_stream_transfer
0,learned,adam,7000,40.904032203641215,0.003839628019345573,0.06210532410010407,1504.1368672152892,2.090550615860084,3.289348224384097,2.5473656432610463e-09,0.0038331771357627375,True,clock,,1,0.1,5,0.9471374799737294,0.9471418687438015,-0.054311022126130495,-0.054306388416667274,True,,infinite_stale_prefix_max_all_pairs,uniform_arbitrary_stream_transfer
0,learned,adam,8000,43.92044429817172,0.0038396637163741277,0.062105528263896266,1597.5075909705479,2.1836608187768687,3.5072211424329343,2.3403844539169412e-09,0.0038331771357627375,True,fixed,,,,1,0.06196629391324457,0.06275366513641019,-2.7811646883269887,-2.768538294127587,True,,infinite_stale_prefix_max_all_pairs,uniform_arbitrary_stream_transfer
0,learned,adam,8000,43.92044429817172,0.0038396637163741277,0.062105528263896266,1597.5075909705479,2.1836608187768687,3.5072211424329343,2.3403844539169412e-09,0.0038331771357627375,True,fixed,,,,2,0.06832840631114637,0.06916180346026572,-2.6834296938750795,-2.6713065418693023,True,,infinite_stale_prefix_max_all_pairs,uniform_arbitrary_stream_transfer
0,learned,adam,8000,43.92044429817172,0.0038396637163741277,0.062105528263896266,1597.5075909705479,2.1836608187768687,3.5072211424329343,2.3403844539169412e-09,0.0038331771357627375,True,fixed,,,,3,0.13961606082558464,0.14080485282364957,-1.9688590463776086,-1.96038036977508,True,,infinite_stale_prefix_max_all_pairs,uniform_arbitrary_stream_transfer
0,learned,adam,8000,43.92044429817172,0.0038396637163741277,0.062105528263896266,1597.5075909705479,2.1836608187768687,3.5072211424329343,2.3403844539169412e-09,0.0038331771357627375,True,fixed,,,,4,0.7374331733695523,0.7378456035158248,-0.30457980725397993,-0.30402068559713946,True,,infinite_stale_prefix_max_all_pairs,uniform_arbitrary_stream_transfer
0,learned,adam,8000,43.92044429817172,0.0038396637163741277,0.062105528263896266,1597.5075909705479,2.1836608187768687,3.5072211424329343,2.3403844539169412e-09,0.0038331771357627375,True,fixed,,,,5,0.9559386719886744,0.9559413858022638,-0.0450615186279379,-0.045058679732706684,True,,infinite_stale_prefix_max_all_pairs,uniform_arbitrary_stream_transfer
0,learned,adam,8000,43.92044429817172,0.0038396637163741277,0.062105528263896266,1597.5075909705479,2.1836608187768687,3.5072211424329343,2.3403844539169412e-09,0.0038331771357627375,True,fixed,,,,8,0.9708738798369052,0.9708738798413697,-0.029558706009536712,-0.02955870600493824,True,,infinite_stale_prefix_max_all_pairs,uniform_arbitrary_stream_transfer
0,learned,adam,8000,43.92044429817172,0.0038396637163741277,0.062105528263896266,1597.5075909705479,2.1836608187768687,3.5072211424329343,2.3403844539169412e-09,0.0038331771357627375,True,fixed,,,,16,0.9708925357150058,0.9708925357150058,-0.029539490641558627,-0.029539490641558627,True,,infinite_stale_prefix_max_all_pairs,uniform_arbitrary_stream_transfer
0,learned,adam,8000,43.92044429817172,0.0038396637163741277,0.062105528263896266,1597.5075909705479,2.1836608187768687,3.5072211424329343,2.3403844539169412e-09,0.0038331771357627375,True,fixed,,,,32,0.9708925357154887,0.9708925357154887,-0.029539490641061185,-0.029539490641061185,True,,infinite_stale_prefix_max_all_pairs,uniform_arbitrary_stream_transfer
0,learned,adam,8000,43.92044429817172,0.0038396637163741277,0.062105528263896266,1597.5075909705479,2.1836608187768687,3.5072211424329343,2.3403844539169412e-09,0.0038331771357627375,True,fixed,,,,64,0.9708925357154887,0.9708925357154887,-0.029539490641061185,-0.029539490641061185,True,,infinite_stale_prefix_max_all_pairs,uniform_arbitrary_stream_transfer
0,learned,adam,8000,43.92044429817172,0.0038396637163741277,0.062105528263896266,1597.5075909705479,2.1836608187768687,3.5072211424329343,2.3403844539169412e-09,0.0038331771357627375,True,fixed,,,,128,0.9708925357154887,0.9708925357154887,-0.029539490641061185,-0.029539490641061185,True,,infinite_stale_prefix_max_all_pairs,uniform_arbitrary_stream_transfer
0,learned,adam,8000,43.92044429817172,0.0038396637163741277,0.062105528263896266,1597.5075909705479,2.1836608187768687,3.5072211424329343,2.3403844539169412e-09,0.0038331771357627375,True,fixed,,,,256,0.9708925357154887,0.9708925357154887,-0.029539490641061185,-0.029539490641061185,True,,infinite_stale_prefix_max_all_pairs,uniform_arbitrary_stream_transfer
0,learned,adam,8000,43.92044429817172,0.0038396637163741277,0.062105528263896266,1597.5075909705479,2.1836608187768687,3.5072211424329343,2.3403844539169412e-09,0.0038331771357627375,True,fixed,,,,512,0.9708925357154887,0.9708925357154887,-0.029539490641061185,-0.029539490641061185,True,,infinite_stale_prefix_max_all_pairs,uniform_arbitrary_stream_transfer
0,learned,adam,8000,43.92044429817172,0.0038396637163741277,0.062105528263896266,1597.5075909705479,2.1836608187768687,3.5072211424329343,2.3403844539169412e-09,0.0038331771357627375,True,adaptive_theta,0.25,,,1,0.06196629391324457,0.06275366513641019,-2.7811646883269887,-2.768538294127587,True,,infinite_stale_prefix_max_all_pairs,uniform_arbitrary_stream_transfer
0,learned,adam,8000,43.92044429817172,0.0038396637163741277,0.062105528263896266,1597.5075909705479,2.1836608187768687,3.5072211424329343,2.3403844539169412e-09,0.0038331771357627375,True,reference_theta,0.25,,,1,0.06196629391324457,0.06275366513641019,-2.7811646883269887,-2.768538294127587,True,,infinite_stale_prefix_max_all_pairs,uniform_arbitrary_stream_transfer
0,learned,adam,8000,43.92044429817172,0.0038396637163741277,0.062105528263896266,1597.5075909705479,2.1836608187768687,3.5072211424329343,2.3403844539169412e-09,0.0038331771357627375,True,adaptive_theta,0.5,,,1,0.06196629391324457,0.06275366513641019,-2.7811646883269887,-2.768538294127587,True,,infinite_stale_prefix_max_all_pairs,uniform_arbitrary_stream_transfer
0,learned,adam,8000,43.92044429817172,0.0038396637163741277,0.062105528263896266,1597.5075909705479,2.1836608187768687,3.5072211424329343,2.3403844539169412e-09,0.0038331771357627375,True,reference_theta,0.5,,,1,0.06196629391324457,0.06275366513641019,-2.7811646883269887,-2.768538294127587,True,,infinite_stale_prefix_max_all_pairs,uniform_arbitrary_stream_transfer
0,learned,adam,8000,43.92044429817172,0.0038396637163741277,0.062105528263896266,1597.5075909705479,2.1836608187768687,3.5072211424329343,2.3403844539169412e-09,0.0038331771357627375,True,adaptive_theta,0.75,,,1,0.06196629391324457,0.06275366513641019,-2.7811646883269887,-2.768538294127587,True,,infinite_stale_prefix_max_all_pairs,uniform_arbitrary_stream_transfer
0,learned,adam,8000,43.92044429817172,0.0038396637163741277,0.062105528263896266,1597.5075909705479,2.1836608187768687,3.5072211424329343,2.3403844539169412e-09,0.0038331771357627375,True,reference_theta,0.75,,,1,0.06196629391324457,0.06275366513641019,-2.7811646883269887,-2.768538294127587,True,,infinite_stale_prefix_max_all_pairs,uniform_arbitrary_stream_transfer
0,learned,adam,8000,43.92044429817172,0.0038396637163741277,0.062105528263896266,1597.5075909705479,2.1836608187768687,3.5072211424329343,2.3403844539169412e-09,0.0038331771357627375,True,clock,,1,0.001,1,0.06196629391324457,0.06275366513641019,-2.7811646883269887,-2.768538294127587,True,,infinite_stale_prefix_max_all_pairs,uniform_arbitrary_stream_transfer
0,learned,adam,8000,43.92044429817172,0.0038396637163741277,0.062105528263896266,1597.5075909705479,2.1836608187768687,3.5072211424329343,2.3403844539169412e-09,0.0038331771357627375,True,clock,,1,0.003,1,0.06196629391324457,0.06275366513641019,-2.7811646883269887,-2.768538294127587,True,,infinite_stale_prefix_max_all_pairs,uniform_arbitrary_stream_transfer
0,learned,adam,8000,43.92044429817172,0.0038396637163741277,0.062105528263896266,1597.5075909705479,2.1836608187768687,3.5072211424329343,2.3403844539169412e-09,0.0038331771357627375,True,clock,,1,0.01,1,0.06196629391324457,0.06275366513641019,-2.7811646883269887,-2.768538294127587,True,,infinite_stale_prefix_max_all_pairs,uniform_arbitrary_stream_transfer
0,learned,adam,8000,43.92044429817172,0.0038396637163741277,0.062105528263896266,1597.5075909705479,2.1836608187768687,3.5072211424329343,2.3403844539169412e-09,0.0038331771357627375,True,clock,,1,0.03,2,0.06832840631114637,0.06916180346026572,-2.6834296938750795,-2.6713065418693023,True,,infinite_stale_prefix_max_all_pairs,uniform_arbitrary_stream_transfer
0,learned,adam,8000,43.92044429817172,0.0038396637163741277,0.062105528263896266,1597.5075909705479,2.1836608187768687,3.5072211424329343,2.3403844539169412e-09,0.0038331771357627375,True,clock,,1,0.1,5,0.9559386719886744,0.9559413858022638,-0.0450615186279379,-0.045058679732706684,True,,infinite_stale_prefix_max_all_pairs,uniform_arbitrary_stream_transfer
0,learned,adam,9000,46.69492835567756,0.003839692451938912,0.06210569259146891,1687.180014198253,2.2705689943264957,3.71261323866237,2.1539818729209297e-09,0.0038331771357627375,True,fixed,,,,1,0.04992906916210542,0.05041586925302491,-2.997151897501292,-2.987449287333305,True,,infinite_stale_prefix_max_all_pairs,uniform_arbitrary_stream_transfer
0,learned,adam,9000,46.69492835567756,0.003839692451938912,0.06210569259146891,1687.180014198253,2.2705689943264957,3.71261323866237,2.1539818729209297e-09,0.0038331771357627375,True,fixed,,,,2,0.054256445845041995,0.05476917687469143,-2.91403347619967,-2.9046277090616925,True,,infinite_stale_prefix_max_all_pairs,uniform_arbitrary_stream_transfer
0,learned,adam,9000,46.69492835567756,0.003839692451938912,0.06210569259146891,1687.180014198253,2.2705689943264957,3.71261323866237,2.1539818729209297e-09,0.0038331771357627375,True,fixed,,,,3,0.10764605969374251,0.10840014507504694,-2.2289066587794997,-2.2219258516467955,True,,infinite_stale_prefix_max_all_pairs,uniform_arbitrary_stream_transfer
0,learned,adam,9000,46.69492835567756,0.003839692451938912,0.06210569259146891,1687.180014198253,2.2705689943264957,3.71261323866237,2.1539818729209297e-09,0.0038331771357627375,True,fixed,,,,4,0.7173897111234901,0.7177511814062274,-0.3321360558832461,-0.3316323139966306,True,,infinite_stale_prefix_max_all_pairs,uniform_arbitrary_stream_transfer
0,learned,adam,9000,46.69492835567756,0.003839692451938912,0.06210569259146891,1687.180014198253,2.2705689943264957,3.71261323866237,2.1539818729209297e-09,0.0038331771357627375,True,fixed,,,,5,0.9628138807613822,0.9628156189142746,-0.03789515610051231,-0.03789335081772799,True,,infinite_stale_prefix_max_all_pairs,uniform_arbitrary_stream_transfer
0,learned,adam,9000,46.69492835567756,0.003839692451938912,0.06210569259146891,1687.180014198253,2.2705689943264957,3.71261323866237,2.1539818729209297e-09,0.0038331771357627375,True,fixed,,,,8,0.9761555638447178,0.9761555638464053,-0.02413331608498952,-0.02413331608326071,True,,infinite_stale_prefix_max_all_pairs,uniform_arbitrary_stream_transfer
0,learned,adam,9000,46.69492835567756,0.003839692451938912,0.06210569259146891,1687.180014198253,2.2705689943264957,3.71261323866237,2.1539818729209297e-09,0.0038331771357627375,True,fixed,,,,16,0.9761681803262872,0.9761681803262872,-0.02412039150564426,-0.02412039150564426,True,,infinite_stale_prefix_max_all_pairs,uniform_arbitrary_stream_transfer
0,learned,adam,9000,46.69492835567756,0.003839692451938912,0.06210569259146891,1687.180014198253,2.2705689943264957,3.71261323866237,2.1539818729209297e-09,0.0038331771357627375,True,fixed,,,,32,0.9761681803264501,0.9761681803264501,-0.024120391505477314,-0.024120391505477314,True,,infinite_stale_prefix_max_all_pairs,uniform_arbitrary_stream_transfer
0,learned,adam,9000,46.69492835567756,0.003839692451938912,0.06210569259146891,1687.180014198253,2.2705689943264957,3.71261323866237,2.1539818729209297e-09,0.0038331771357627375,True,fixed,,,,64,0.9761681803264501,0.9761681803264501,-0.024120391505477314,-0.024120391505477314,True,,infinite_stale_prefix_max_all_pairs,uniform_arbitrary_stream_transfer
0,learned,adam,9000,46.69492835567756,0.003839692451938912,0.06210569259146891,1687.180014198253,2.2705689943264957,3.71261323866237,2.1539818729209297e-09,0.0038331771357627375,True,fixed,,,,128,0.9761681803264501,0.9761681803264501,-0.024120391505477314,-0.024120391505477314,True,,infinite_stale_prefix_max_all_pairs,uniform_arbitrary_stream_transfer
0,learned,adam,9000,46.69492835567756,0.003839692451938912,0.06210569259146891,1687.180014198253,2.2705689943264957,3.71261323866237,2.1539818729209297e-09,0.0038331771357627375,True,fixed,,,,256,0.9761681803264501,0.9761681803264501,-0.024120391505477314,-0.024120391505477314,True,,infinite_stale_prefix_max_all_pairs,uniform_arbitrary_stream_transfer
0,learned,adam,9000,46.69492835567756,0.003839692451938912,0.06210569259146891,1687.180014198253,2.2705689943264957,3.71261323866237,2.1539818729209297e-09,0.0038331771357627375,True,fixed,,,,512,0.9761681803264501,0.9761681803264501,-0.024120391505477314,-0.024120391505477314,True,,infinite_stale_prefix_max_all_pairs,uniform_arbitrary_stream_transfer
0,learned,adam,9000,46.69492835567756,0.003839692451938912,0.06210569259146891,1687.180014198253,2.2705689943264957,3.71261323866237,2.1539818729209297e-09,0.0038331771357627375,True,adaptive_theta,0.25,,,1,0.04992906916210542,0.05041586925302491,-2.997151897501292,-2.987449287333305,True,,infinite_stale_prefix_max_all_pairs,uniform_arbitrary_stream_transfer
0,learned,adam,9000,46.69492835567756,0.003839692451938912,0.06210569259146891,1687.180014198253,2.2705689943264957,3.71261323866237,2.1539818729209297e-09,0.0038331771357627375,True,reference_theta,0.25,,,1,0.04992906916210542,0.05041586925302491,-2.997151897501292,-2.987449287333305,True,,infinite_stale_prefix_max_all_pairs,uniform_arbitrary_stream_transfer
0,learned,adam,9000,46.69492835567756,0.003839692451938912,0.06210569259146891,1687.180014198253,2.2705689943264957,3.71261323866237,2.1539818729209297e-09,0.0038331771357627375,True,adaptive_theta,0.5,,,1,0.04992906916210542,0.05041586925302491,-2.997151897501292,-2.987449287333305,True,,infinite_stale_prefix_max_all_pairs,uniform_arbitrary_stream_transfer
0,learned,adam,9000,46.69492835567756,0.003839692451938912,0.06210569259146891,1687.180014198253,2.2705689943264957,3.71261323866237,2.1539818729209297e-09,0.0038331771357627375,True,reference_theta,0.5,,,1,0.04992906916210542,0.05041586925302491,-2.997151897501292,-2.987449287333305,True,,infinite_stale_prefix_max_all_pairs,uniform_arbitrary_stream_transfer
0,learned,adam,9000,46.69492835567756,0.003839692451938912,0.06210569259146891,1687.180014198253,2.2705689943264957,3.71261323866237,2.1539818729209297e-09,0.0038331771357627375,True,adaptive_theta,0.75,,,1,0.04992906916210542,0.05041586925302491,-2.997151897501292,-2.987449287333305,True,,infinite_stale_prefix_max_all_pairs,uniform_arbitrary_stream_transfer
0,learned,adam,9000,46.69492835567756,0.003839692451938912,0.06210569259146891,1687.180014198253,2.2705689943264957,3.71261323866237,2.1539818729209297e-09,0.0038331771357627375,True,reference_theta,0.75,,,1,0.04992906916210542,0.05041586925302491,-2.997151897501292,-2.987449287333305,True,,infinite_stale_prefix_max_all_pairs,uniform_arbitrary_stream_transfer
0,learned,adam,9000,46.69492835567756,0.003839692451938912,0.06210569259146891,1687.180014198253,2.2705689943264957,3.71261323866237,2.1539818729209297e-09,0.0038331771357627375,True,clock,,1,0.001,1,0.04992906916210542,0.05041586925302491,-2.997151897501292,-2.987449287333305,True,,infinite_stale_prefix_max_all_pairs,uniform_arbitrary_stream_transfer
0,learned,adam,9000,46.69492835567756,0.003839692451938912,0.06210569259146891,1687.180014198253,2.2705689943264957,3.71261323866237,2.1539818729209297e-09,0.0038331771357627375,True,clock,,1,0.003,1,0.04992906916210542,0.05041586925302491,-2.997151897501292,-2.987449287333305,True,,infinite_stale_prefix_max_all_pairs,uniform_arbitrary_stream_transfer
0,learned,adam,9000,46.69492835567756,0.003839692451938912,0.06210569259146891,1687.180014198253,2.2705689943264957,3.71261323866237,2.1539818729209297e-09,0.0038331771357627375,True,clock,,1,0.01,1,0.04992906916210542,0.05041586925302491,-2.997151897501292,-2.987449287333305,True,,infinite_stale_prefix_max_all_pairs,uniform_arbitrary_stream_transfer
0,learned,adam,9000,46.69492835567756,0.003839692451938912,0.06210569259146891,1687.180014198253,2.2705689943264957,3.71261323866237,2.1539818729209297e-09,0.0038331771357627375,True,clock,,1,0.03,2,0.054256445845041995,0.05476917687469143,-2.91403347619967,-2.9046277090616925,True,,infinite_stale_prefix_max_all_pairs,uniform_arbitrary_stream_transfer
0,learned,adam,9000,46.69492835567756,0.003839692451938912,0.06210569259146891,1687.180014198253,2.2705689943264957,3.71261323866237,2.1539818729209297e-09,0.0038331771357627375,True,clock,,1,0.1,5,0.9628138807613822,0.9628156189142746,-0.03789515610051231,-0.03789335081772799,True,,infinite_stale_prefix_max_all_pairs,uniform_arbitrary_stream_transfer
0,learned,adam,10000,49.26842521616799,0.003839716234116229,0.06210582863855996,1774.4141565571738,2.352575689710256,3.907406250398787,1.9811921927832344e-09,0.0038331771357627375,True,fixed,,,,1,0.04054195205387514,0.04084503105280963,-3.205417987813249,-3.19797010392884,True,,infinite_stale_prefix_max_all_pairs,uniform_arbitrary_stream_transfer
0,learned,adam,10000,49.26842521616799,0.003839716234116229,0.06210582863855996,1774.4141565571738,2.352575689710256,3.907406250398787,1.9811921927832344e-09,0.0038331771357627375,True,fixed,,,,2,0.043485807517474544,0.04380319741045541,-3.1353206580892685,-3.1280484640254165,True,,infinite_stale_prefix_max_all_pairs,uniform_arbitrary_stream_transfer
0,learned,adam,10000,49.26842521616799,0.003839716234116229,0.06210582863855996,1774.4141565571738,2.352575689710256,3.907406250398787,1.9811921927832344e-09,0.0038331771357627375,True,fixed,,,,3,0.08284596988640593,0.08331720595786934,-2.4907721797881006,-2.485100197022626,True,,infinite_stale_prefix_max_all_pairs,uniform_arbitrary_stream_transfer
0,learned,adam,10000,49.26842521616799,0.003839716234116229,0.06210582863855996,1774.4141565571738,2.352575689710256,3.907406250398787,1.9811921927832344e-09,0.0038331771357627375,True,fixed,,,,4,0.6900288741928133,0.6903495904909462,-0.37102183561012775,-0.37055715681064016,True,,infinite_stale_prefix_max_all_pairs,uniform_arbitrary_stream_transfer
0,learned,adam,10000,49.26842521616799,0.003839716234116229,0.06210582863855996,1774.4141565571738,2.352575689710256,3.907406250398787,1.9811921927832344e-09,0.0038331771357627375,True,fixed,,,,5,0.9682352930061483,0.9682364421247388,-0.032280149955255855,-0.03227896313845945,True,,infinite_stale_prefix_max_all_pairs,uniform_arbitrary_stream_transfer
0,learned,adam,10000,49.26842521616799,0.003839716234116229,0.06210582863855996,1774.4141565571738,2.352575689710256,3.907406250398787,1.9811921927832344e-09,0.0038331771357627375,True,fixed,,,,8,0.980294454020578,0.9802944540212646,-0.019902289161268794,-0.019902289160568416,True,,infinite_stale_prefix_max_all_pairs,uniform_arbitrary_stream_transfer
0,learned,adam,10000,49.26842521616799,0.003839716234116229,0.06210582863855996,1774.4141565571738,2.352575689710256,3.907406250398787,1.9811921927832344e-09,0.0038331771357627375,True,fixed,,,,16,0.9803032101338157,0.9803032101338157,-0.019893357075509623,-0.019893357075509623,True,,infinite_stale_prefix_max_all_pairs,uniform_arbitrary_stream_transfer
0,learned,adam,10000,49.26842521616799,0.003839716234116229,0.06210582863855996,1774.4141565571738,2.352575689710256,3.907406250398787,1.9811921927832344e-09,0.0038331771357627375,True,fixed,,,,32,0.9803032101338744,0.9803032101338744,-0.019893357075449744,-0.019893357075449744,True,,infinite_stale_prefix_max_all_pairs,uniform_arbitrary_stream_transfer
0,learned,adam,10000,49.26842521616799,0.003839716234116229,0.06210582863855996,1774.4141565571738,2.352575689710256,3.907406250398787,1.9811921927832344e-09,0.0038331771357627375,True,fixed,,,,64,0.9803032101338744,0.9803032101338744,-0.019893357075449744,-0.019893357075449744,True,,infinite_stale_prefix_max_all_pairs,uniform_arbitrary_stream_transfer
0,learned,adam,10000,49.26842521616799,0.003839716234116229,0.06210582863855996,1774.4141565571738,2.352575689710256,3.907406250398787,1.9811921927832344e-09,0.0038331771357627375,True,fixed,,,,128,0.9803032101338744,0.9803032101338744,-0.019893357075449744,-0.019893357075449744,True,,infinite_stale_prefix_max_all_pairs,uniform_arbitrary_stream_transfer
0,learned,adam,10000,49.26842521616799,0.003839716234116229,0.06210582863855996,1774.4141565571738,2.352575689710256,3.907406250398787,1.9811921927832344e-09,0.0038331771357627375,True,fixed,,,,256,0.9803032101338744,0.9803032101338744,-0.019893357075449744,-0.019893357075449744,True,,infinite_stale_prefix_max_all_pairs,uniform_arbitrary_stream_transfer
0,learned,adam,10000,49.26842521616799,0.003839716234116229,0.06210582863855996,1774.4141565571738,2.352575689710256,3.907406250398787,1.9811921927832344e-09,0.0038331771357627375,True,fixed,,,,512,0.9803032101338744,0.9803032101338744,-0.019893357075449744,-0.019893357075449744,True,,infinite_stale_prefix_max_all_pairs,uniform_arbitrary_stream_transfer
0,learned,adam,10000,49.26842521616799,0.003839716234116229,0.06210582863855996,1774.4141565571738,2.352575689710256,3.907406250398787,1.9811921927832344e-09,0.0038331771357627375,True,adaptive_theta,0.25,,,1,0.04054195205387514,0.04084503105280963,-3.205417987813249,-3.19797010392884,True,,infinite_stale_prefix_max_all_pairs,uniform_arbitrary_stream_transfer
0,learned,adam,10000,49.26842521616799,0.003839716234116229,0.06210582863855996,1774.4141565571738,2.352575689710256,3.907406250398787,1.9811921927832344e-09,0.0038331771357627375,True,reference_theta,0.25,,,1,0.04054195205387514,0.04084503105280963,-3.205417987813249,-3.19797010392884,True,,infinite_stale_prefix_max_all_pairs,uniform_arbitrary_stream_transfer
0,learned,adam,10000,49.26842521616799,0.003839716234116229,0.06210582863855996,1774.4141565571738,2.352575689710256,3.907406250398787,1.9811921927832344e-09,0.0038331771357627375,True,adaptive_theta,0.5,,,1,0.04054195205387514,0.04084503105280963,-3.205417987813249,-3.19797010392884,True,,infinite_stale_prefix_max_all_pairs,uniform_arbitrary_stream_transfer
0,learned,adam,10000,49.26842521616799,0.003839716234116229,0.06210582863855996,1774.4141565571738,2.352575689710256,3.907406250398787,1.9811921927832344e-09,0.0038331771357627375,True,reference_theta,0.5,,,1,0.04054195205387514,0.04084503105280963,-3.205417987813249,-3.19797010392884,True,,infinite_stale_prefix_max_all_pairs,uniform_arbitrary_stream_transfer
0,learned,adam,10000,49.26842521616799,0.003839716234116229,0.06210582863855996,1774.4141565571738,2.352575689710256,3.907406250398787,1.9811921927832344e-09,0.0038331771357627375,True,adaptive_theta,0.75,,,1,0.04054195205387514,0.04084503105280963,-3.205417987813249,-3.19797010392884,True,,infinite_stale_prefix_max_all_pairs,uniform_arbitrary_stream_transfer
0,learned,adam,10000,49.26842521616799,0.003839716234116229,0.06210582863855996,1774.4141565571738,2.352575689710256,3.907406250398787,1.9811921927832344e-09,0.0038331771357627375,True,reference_theta,0.75,,,1,0.04054195205387514,0.04084503105280963,-3.205417987813249,-3.19797010392884,True,,infinite_stale_prefix_max_all_pairs,uniform_arbitrary_stream_transfer
0,learned,adam,10000,49.26842521616799,0.003839716234116229,0.06210582863855996,1774.4141565571738,2.352575689710256,3.907406250398787,1.9811921927832344e-09,0.0038331771357627375,True,clock,,1,0.001,1,0.04054195205387514,0.04084503105280963,-3.205417987813249,-3.19797010392884,True,,infinite_stale_prefix_max_all_pairs,uniform_arbitrary_stream_transfer
0,learned,adam,10000,49.26842521616799,0.003839716234116229,0.06210582863855996,1774.4141565571738,2.352575689710256,3.907406250398787,1.9811921927832344e-09,0.0038331771357627375,True,clock,,1,0.003,1,0.04054195205387514,0.04084503105280963,-3.205417987813249,-3.19797010392884,True,,infinite_stale_prefix_max_all_pairs,uniform_arbitrary_stream_transfer
0,learned,adam,10000,49.26842521616799,0.003839716234116229,0.06210582863855996,1774.4141565571738,2.352575689710256,3.907406250398787,1.9811921927832344e-09,0.0038331771357627375,True,clock,,1,0.01,1,0.04054195205387514,0.04084503105280963,-3.205417987813249,-3.19797010392884,True,,infinite_stale_prefix_max_all_pairs,uniform_arbitrary_stream_transfer
0,learned,adam,10000,49.26842521616799,0.003839716234116229,0.06210582863855996,1774.4141565571738,2.352575689710256,3.907406250398787,1.9811921927832344e-09,0.0038331771357627375,True,clock,,1,0.03,2,0.043485807517474544,0.04380319741045541,-3.1353206580892685,-3.1280484640254165,True,,infinite_stale_prefix_max_all_pairs,uniform_arbitrary_stream_transfer
0,learned,adam,10000,49.26842521616799,0.003839716234116229,0.06210582863855996,1774.4141565571738,2.352575689710256,3.907406250398787,1.9811921927832344e-09,0.0038331771357627375,True,clock,,1,0.1,5,0.9682352930061483,0.9682364421247388,-0.032280149955255855,-0.03227896313845945,True,,infinite_stale_prefix_max_all_pairs,uniform_arbitrary_stream_transfer
0,learned,adam,11000,51.67194035252699,0.0038397363319106585,0.0621059436615198,1859.991721345182,2.4305249186105042,4.092922619325906,1.8178303754364695e-09,0.0038331771357627375,True,fixed,,,,1,0.03316140338947915,0.03335117251260547,-3.4063686278530696,-3.4006623494392607,True,,infinite_stale_prefix_max_all_pairs,uniform_arbitrary_stream_transfer
0,learned,adam,11000,51.67194035252699,0.0038397363319106585,0.0621059436615198,1859.991721345182,2.4305249186105042,4.092922619325906,1.8178303754364695e-09,0.0038331771357627375,True,fixed,,,,2,0.03516467758857292,0.03536222999741272,-3.347713177796167,-3.342110977663552,True,,infinite_stale_prefix_max_all_pairs,uniform_arbitrary_stream_transfer
0,learned,adam,11000,51.67194035252699,0.0038397363319106585,0.0621059436615198,1859.991721345182,2.4305249186105042,4.092922619325906,1.8178303754364695e-09,0.0038331771357627375,True,fixed,,,,3,0.06384761297508765,0.06413908035440036,-2.751256082087501,-2.746701422917825,True,,infinite_stale_prefix_max_all_pairs,uniform_arbitrary_stream_transfer
0,learned,adam,11000,51.67194035252699,0.0038397363319106585,0.0621059436615198,1859.991721345182,2.4305249186105042,4.092922619325906,1.8178303754364695e-09,0.0038331771357627375,True,fixed,,,,4,0.6542439030749821,0.6545299716341441,-0.42427505656833037,-0.4238379015039673,True,,infinite_stale_prefix_max_all_pairs,uniform_arbitrary_stream_transfer
0,learned,adam,11000,51.67194035252699,0.0038397363319106585,0.0621059436615198,1859.991721345182,2.4305249186105042,4.092922619325906,1.8178303754364695e-09,0.0038331771357627375,True,fixed,,,,5,0.972539220025616,0.9725400025450818,-0.027844875227547417,-0.027844070613054935,True,,infinite_stale_prefix_max_all_pairs,uniform_arbitrary_stream_transfer
0,learned,adam,11000,51.67194035252699,0.0038397363319106585,0.0621059436615198,1859.991721345182,2.4305249186105042,4.092922619325906,1.8178303754364695e-09,0.0038331771357627375,True,fixed,,,,8,0.983577391011874,0.9835773910121733,-0.01655895486211524,-0.016558954861810873,True,,infinite_stale_prefix_max_all_pairs,uniform_arbitrary_stream_transfer
0,learned,adam,11000,51.67194035252699,0.0038397363319106585,0.0621059436615198,1859.991721345182,2.4305249186105042,4.092922619325906,1.8178303754364695e-09,0.0038331771357627375,True,fixed,,,,16,0.9835836132037881,0.9835836132037881,-0.01655262879942815,-0.01655262879942815,True,,infinite_stale_prefix_max_all_pairs,uniform_arbitrary_stream_transfer
0,learned,adam,11000,51.67194035252699,0.0038397363319106585,0.0621059436615198,1859.991721345182,2.4305249186105042,4.092922619325906,1.8178303754364695e-09,0.0038331771357627375,True,fixed,,,,32,0.9835836132038105,0.9835836132038105,-0.016552628799405417,-0.016552628799405417,True,,infinite_stale_prefix_max_all_pairs,uniform_arbitrary_stream_transfer
0,learned,adam,11000,51.67194035252699,0.0038397363319106585,0.0621059436615198,1859.991721345182,2.4305249186105042,4.092922619325906,1.8178303754364695e-09,0.0038331771357627375,True,fixed,,,,64,0.9835836132038105,0.9835836132038105,-0.016552628799405417,-0.016552628799405417,True,,infinite_stale_prefix_max_all_pairs,uniform_arbitrary_stream_transfer
0,learned,adam,11000,51.67194035252699,0.0038397363319106585,0.0621059436615198,1859.991721345182,2.4305249186105042,4.092922619325906,1.8178303754364695e-09,0.0038331771357627375,True,fixed,,,,128,0.9835836132038105,0.9835836132038105,-0.016552628799405417,-0.016552628799405417,True,,infinite_stale_prefix_max_all_pairs,uniform_arbitrary_stream_transfer
0,learned,adam,11000,51.67194035252699,0.0038397363319106585,0.0621059436615198,1859.991721345182,2.4305249186105042,4.092922619325906,1.8178303754364695e-09,0.0038331771357627375,True,fixed,,,,256,0.9835836132038105,0.9835836132038105,-0.016552628799405417,-0.016552628799405417,True,,infinite_stale_prefix_max_all_pairs,uniform_arbitrary_stream_transfer
0,learned,adam,11000,51.67194035252699,0.0038397363319106585,0.0621059436615198,1859.991721345182,2.4305249186105042,4.092922619325906,1.8178303754364695e-09,0.0038331771357627375,True,fixed,,,,512,0.9835836132038105,0.9835836132038105,-0.016552628799405417,-0.016552628799405417,True,,infinite_stale_prefix_max_all_pairs,uniform_arbitrary_stream_transfer
0,learned,adam,11000,51.67194035252699,0.0038397363319106585,0.0621059436615198,1859.991721345182,2.4305249186105042,4.092922619325906,1.8178303754364695e-09,0.0038331771357627375,True,adaptive_theta,0.25,,,1,0.03316140338947915,0.03335117251260547,-3.4063686278530696,-3.4006623494392607,True,,infinite_stale_prefix_max_all_pairs,uniform_arbitrary_stream_transfer
0,learned,adam,11000,51.67194035252699,0.0038397363319106585,0.0621059436615198,1859.991721345182,2.4305249186105042,4.092922619325906,1.8178303754364695e-09,0.0038331771357627375,True,reference_theta,0.25,,,1,0.03316140338947915,0.03335117251260547,-3.4063686278530696,-3.4006623494392607,True,,infinite_stale_prefix_max_all_pairs,uniform_arbitrary_stream_transfer
0,learned,adam,11000,51.67194035252699,0.0038397363319106585,0.0621059436615198,1859.991721345182,2.4305249186105042,4.092922619325906,1.8178303754364695e-09,0.0038331771357627375,True,adaptive_theta,0.5,,,1,0.03316140338947915,0.03335117251260547,-3.4063686278530696,-3.4006623494392607,True,,infinite_stale_prefix_max_all_pairs,uniform_arbitrary_stream_transfer
0,learned,adam,11000,51.67194035252699,0.0038397363319106585,0.0621059436615198,1859.991721345182,2.4305249186105042,4.092922619325906,1.8178303754364695e-09,0.0038331771357627375,True,reference_theta,0.5,,,1,0.03316140338947915,0.03335117251260547,-3.4063686278530696,-3.4006623494392607,True,,infinite_stale_prefix_max_all_pairs,uniform_arbitrary_stream_transfer
0,learned,adam,11000,51.67194035252699,0.0038397363319106585,0.0621059436615198,1859.991721345182,2.4305249186105042,4.092922619325906,1.8178303754364695e-09,0.0038331771357627375,True,adaptive_theta,0.75,,,1,0.03316140338947915,0.03335117251260547,-3.4063686278530696,-3.4006623494392607,True,,infinite_stale_prefix_max_all_pairs,uniform_arbitrary_stream_transfer
0,learned,adam,11000,51.67194035252699,0.0038397363319106585,0.0621059436615198,1859.991721345182,2.4305249186105042,4.092922619325906,1.8178303754364695e-09,0.0038331771357627375,True,reference_theta,0.75,,,1,0.03316140338947915,0.03335117251260547,-3.4063686278530696,-3.4006623494392607,True,,infinite_stale_prefix_max_all_pairs,uniform_arbitrary_stream_transfer
0,learned,adam,11000,51.67194035252699,0.0038397363319106585,0.0621059436615198,1859.991721345182,2.4305249186105042,4.092922619325906,1.8178303754364695e-09,0.0038331771357627375,True,clock,,1,0.001,1,0.03316140338947915,0.03335117251260547,-3.4063686278530696,-3.4006623494392607,True,,infinite_stale_prefix_max_all_pairs,uniform_arbitrary_stream_transfer
0,learned,adam,11000,51.67194035252699,0.0038397363319106585,0.0621059436615198,1859.991721345182,2.4305249186105042,4.092922619325906,1.8178303754364695e-09,0.0038331771357627375,True,clock,,1,0.003,1,0.03316140338947915,0.03335117251260547,-3.4063686278530696,-3.4006623494392607,True,,infinite_stale_prefix_max_all_pairs,uniform_arbitrary_stream_transfer
0,learned,adam,11000,51.67194035252699,0.0038397363319106585,0.0621059436615198,1859.991721345182,2.4305249186105042,4.092922619325906,1.8178303754364695e-09,0.0038331771357627375,True,clock,,1,0.01,1,0.03316140338947915,0.03335117251260547,-3.4063686278530696,-3.4006623494392607,True,,infinite_stale_prefix_max_all_pairs,uniform_arbitrary_stream_transfer
0,learned,adam,11000,51.67194035252699,0.0038397363319106585,0.0621059436615198,1859.991721345182,2.4305249186105042,4.092922619325906,1.8178303754364695e-09,0.0038331771357627375,True,clock,,1,0.03,2,0.03516467758857292,0.03536222999741272,-3.347713177796167,-3.342110977663552,True,,infinite_stale_prefix_max_all_pairs,uniform_arbitrary_stream_transfer
0,learned,adam,11000,51.67194035252699,0.0038397363319106585,0.0621059436615198,1859.991721345182,2.4305249186105042,4.092922619325906,1.8178303754364695e-09,0.0038331771357627375,True,clock,,1,0.1,6,0.9827660020966759,0.9827660064897814,-0.01738423183468637,-0.01738422736454246,True,,infinite_stale_prefix_max_all_pairs,uniform_arbitrary_stream_transfer
0,learned,adam,12000,53.929567147825715,0.0038397535925611746,0.06210604248918307,1944.4000214550324,2.5049940271176814,4.270171200934521,1.6613837269621533e-09,0.0038331771357627375,True,fixed,,,,1,0.027314862505669387,0.027434279313459424,-3.6003243108037464,-3.5959619776895893,True,,infinite_stale_prefix_max_all_pairs,uniform_arbitrary_stream_transfer
0,learned,adam,12000,53.929567147825715,0.0038397535925611746,0.06210604248918307,1944.4000214550324,2.5049940271176814,4.270171200934521,1.6613837269621533e-09,0.0038331771357627375,True,fixed,,,,2,0.02867891464297782,0.028802519838473442,-3.551593107656563,-3.547292401276209,True,,infinite_stale_prefix_max_all_pairs,uniform_arbitrary_stream_transfer
0,learned,adam,12000,53.929567147825715,0.0038397535925611746,0.06210604248918307,1944.4000214550324,2.5049940271176814,4.270171200934521,1.6613837269621533e-09,0.0038331771357627375,True,fixed,,,,3,0.049412987764467654,0.04959219263227167,-3.0075419791311977,-3.0039218642484014,True,,infinite_stale_prefix_max_all_pairs,uniform_arbitrary_stream_transfer
0,learned,adam,12000,53.929567147825715,0.0038397535925611746,0.06210604248918307,1944.4000214550324,2.5049940271176814,4.270171200934521,1.6613837269621533e-09,0.0038331771357627375,True,fixed,,,,4,0.6091378446319611,0.60939208887594,-0.4957106910193115,-0.4952933943396371,True,,infinite_stale_prefix_max_all_pairs,uniform_arbitrary_stream_transfer
0,learned,adam,12000,53.929567147825715,0.0038397535925611746,0.06210604248918307,1944.4000214550324,2.5049940271176814,4.270171200934521,1.6613837269621533e-09,0.0038331771357627375,True,fixed,,,,5,0.975971759698665,0.9759723078031386,-0.024321627722636494,-0.024321066124091986,True,,infinite_stale_prefix_max_all_pairs,uniform_arbitrary_stream_transfer
0,learned,adam,12000,53.929567147825715,0.0038397535925611746,0.06210604248918307,1944.4000214550324,2.5049940271176814,4.270171200934521,1.6613837269621533e-09,0.0038331771357627375,True,fixed,,,,8,0.986208820176538,0.9862088201766775,-0.013887161633912036,-0.01388716163377045,True,,infinite_stale_prefix_max_all_pairs,uniform_arbitrary_stream_transfer
0,learned,adam,12000,53.929567147825715,0.0038397535925611746,0.06210604248918307,1944.4000214550324,2.5049940271176814,4.270171200934521,1.6613837269621533e-09,0.0038331771357627375,True,fixed,,,,16,0.986213339436289,0.986213339436289,-0.013882579187168615,-0.013882579187168615,True,,infinite_stale_prefix_max_all_pairs,uniform_arbitrary_stream_transfer
0,learned,adam,12000,53.929567147825715,0.0038397535925611746,0.06210604248918307,1944.4000214550324,2.5049940271176814,4.270171200934521,1.6613837269621533e-09,0.0038331771357627375,True,fixed,,,,32,0.9862133394362979,0.9862133394362979,-0.01388257918715954,-0.01388257918715954,True,,infinite_stale_prefix_max_all_pairs,uniform_arbitrary_stream_transfer
0,learned,adam,12000,53.929567147825715,0.0038397535925611746,0.06210604248918307,1944.4000214550324,2.5049940271176814,4.270171200934521,1.6613837269621533e-09,0.0038331771357627375,True,fixed,,,,64,0.9862133394362979,0.9862133394362979,-0.01388257918715954,-0.01388257918715954,True,,infinite_stale_prefix_max_all_pairs,uniform_arbitrary_stream_transfer
0,learned,adam,12000,53.929567147825715,0.0038397535925611746,0.06210604248918307,1944.4000214550324,2.5049940271176814,4.270171200934521,1.6613837269621533e-09,0.0038331771357627375,True,fixed,,,,128,0.9862133394362979,0.9862133394362979,-0.01388257918715954,-0.01388257918715954,True,,infinite_stale_prefix_max_all_pairs,uniform_arbitrary_stream_transfer
0,learned,adam,12000,53.929567147825715,0.0038397535925611746,0.06210604248918307,1944.4000214550324,2.5049940271176814,4.270171200934521,1.6613837269621533e-09,0.0038331771357627375,True,fixed,,,,256,0.9862133394362979,0.9862133394362979,-0.01388257918715954,-0.01388257918715954,True,,infinite_stale_prefix_max_all_pairs,uniform_arbitrary_stream_transfer
0,learned,adam,12000,53.929567147825715,0.0038397535925611746,0.06210604248918307,1944.4000214550324,2.5049940271176814,4.270171200934521,1.6613837269621533e-09,0.0038331771357627375,True,fixed,,,,512,0.9862133394362979,0.9862133394362979,-0.01388257918715954,-0.01388257918715954,True,,infinite_stale_prefix_max_all_pairs,uniform_arbitrary_stream_transfer
0,learned,adam,12000,53.929567147825715,0.0038397535925611746,0.06210604248918307,1944.4000214550324,2.5049940271176814,4.270171200934521,1.6613837269621533e-09,0.0038331771357627375,True,adaptive_theta,0.25,,,1,0.027314862505669387,0.027434279313459424,-3.6003243108037464,-3.5959619776895893,True,,infinite_stale_prefix_max_all_pairs,uniform_arbitrary_stream_transfer
0,learned,adam,12000,53.929567147825715,0.0038397535925611746,0.06210604248918307,1944.4000214550324,2.5049940271176814,4.270171200934521,1.6613837269621533e-09,0.0038331771357627375,True,reference_theta,0.25,,,1,0.027314862505669387,0.027434279313459424,-3.6003243108037464,-3.5959619776895893,True,,infinite_stale_prefix_max_all_pairs,uniform_arbitrary_stream_transfer
0,learned,adam,12000,53.929567147825715,0.0038397535925611746,0.06210604248918307,1944.4000214550324,2.5049940271176814,4.270171200934521,1.6613837269621533e-09,0.0038331771357627375,True,adaptive_theta,0.5,,,1,0.027314862505669387,0.027434279313459424,-3.6003243108037464,-3.5959619776895893,True,,infinite_stale_prefix_max_all_pairs,uniform_arbitrary_stream_transfer
0,learned,adam,12000,53.929567147825715,0.0038397535925611746,0.06210604248918307,1944.4000214550324,2.5049940271176814,4.270171200934521,1.6613837269621533e-09,0.0038331771357627375,True,reference_theta,0.5,,,1,0.027314862505669387,0.027434279313459424,-3.6003243108037464,-3.5959619776895893,True,,infinite_stale_prefix_max_all_pairs,uniform_arbitrary_stream_transfer
0,learned,adam,12000,53.929567147825715,0.0038397535925611746,0.06210604248918307,1944.4000214550324,2.5049940271176814,4.270171200934521,1.6613837269621533e-09,0.0038331771357627375,True,adaptive_theta,0.75,,,1,0.027314862505669387,0.027434279313459424,-3.6003243108037464,-3.5959619776895893,True,,infinite_stale_prefix_max_all_pairs,uniform_arbitrary_stream_transfer
0,learned,adam,12000,53.929567147825715,0.0038397535925611746,0.06210604248918307,1944.4000214550324,2.5049940271176814,4.270171200934521,1.6613837269621533e-09,0.0038331771357627375,True,reference_theta,0.75,,,1,0.027314862505669387,0.027434279313459424,-3.6003243108037464,-3.5959619776895893,True,,infinite_stale_prefix_max_all_pairs,uniform_arbitrary_stream_transfer
0,learned,adam,12000,53.929567147825715,0.0038397535925611746,0.06210604248918307,1944.4000214550324,2.5049940271176814,4.270171200934521,1.6613837269621533e-09,0.0038331771357627375,True,clock,,1,0.001,1,0.027314862505669387,0.027434279313459424,-3.6003243108037464,-3.5959619776895893,True,,infinite_stale_prefix_max_all_pairs,uniform_arbitrary_stream_transfer
0,learned,adam,12000,53.929567147825715,0.0038397535925611746,0.06210604248918307,1944.4000214550324,2.5049940271176814,4.270171200934521,1.6613837269621533e-09,0.0038331771357627375,True,clock,,1,0.003,1,0.027314862505669387,0.027434279313459424,-3.6003243108037464,-3.5959619776895893,True,,infinite_stale_prefix_max_all_pairs,uniform_arbitrary_stream_transfer
0,learned,adam,12000,53.929567147825715,0.0038397535925611746,0.06210604248918307,1944.4000214550324,2.5049940271176814,4.270171200934521,1.6613837269621533e-09,0.0038331771357627375,True,clock,,1,0.01,1,0.027314862505669387,0.027434279313459424,-3.6003243108037464,-3.5959619776895893,True,,infinite_stale_prefix_max_all_pairs,uniform_arbitrary_stream_transfer
0,learned,adam,12000,53.929567147825715,0.0038397535925611746,0.06210604248918307,1944.4000214550324,2.5049940271176814,4.270171200934521,1.6613837269621533e-09,0.0038331771357627375,True,clock,,1,0.03,2,0.02867891464297782,0.028802519838473442,-3.551593107656563,-3.547292401276209,True,,infinite_stale_prefix_max_all_pairs,uniform_arbitrary_stream_transfer
0,learned,adam,12000,53.929567147825715,0.0038397535925611746,0.06210604248918307,1944.4000214550324,2.5049940271176814,4.270171200934521,1.6613837269621533e-09,0.0038331771357627375,True,clock,,1,0.1,6,0.9855237864106631,0.9855237889662323,-0.014582016292346811,-0.014582013699239182,True,,infinite_stale_prefix_max_all_pairs,uniform_arbitrary_stream_transfer
0,retrieval_frozen,sgd,0,0.0,-1.817513499889216e-10,4.655738713312595e-05,0.25,1.0,0.0,0.0006910930088240085,,,fixed,,,,1,0.5,,-0.6931471805599453,,False,nonpositive_matching_gap,infinite_stale_prefix_max_all_pairs,
0,retrieval_frozen,sgd,0,0.0,-1.817513499889216e-10,4.655738713312595e-05,0.25,1.0,0.0,0.0006910930088240085,,,fixed,,,,2,0.5,,-0.6931471805599453,,False,nonpositive_matching_gap,infinite_stale_prefix_max_all_pairs,
0,retrieval_frozen,sgd,0,0.0,-1.817513499889216e-10,4.655738713312595e-05,0.25,1.0,0.0,0.0006910930088240085,,,fixed,,,,3,0.5,,-0.6931471805599453,,False,nonpositive_matching_gap,infinite_stale_prefix_max_all_pairs,
0,retrieval_frozen,sgd,0,0.0,-1.817513499889216e-10,4.655738713312595e-05,0.25,1.0,0.0,0.0006910930088240085,,,fixed,,,,4,0.5,,-0.6931471805599453,,False,nonpositive_matching_gap,infinite_stale_prefix_max_all_pairs,
0,retrieval_frozen,sgd,0,0.0,-1.817513499889216e-10,4.655738713312595e-05,0.25,1.0,0.0,0.0006910930088240085,,,fixed,,,,5,0.5,,-0.6931471805599453,,False,nonpositive_matching_gap,infinite_stale_prefix_max_all_pairs,
0,retrieval_frozen,sgd,0,0.0,-1.817513499889216e-10,4.655738713312595e-05,0.25,1.0,0.0,0.0006910930088240085,,,fixed,,,,8,0.5,,-0.6931471805599453,,False,nonpositive_matching_gap,infinite_stale_prefix_max_all_pairs,
0,retrieval_frozen,sgd,0,0.0,-1.817513499889216e-10,4.655738713312595e-05,0.25,1.0,0.0,0.0006910930088240085,,,fixed,,,,16,0.5,,-0.6931471805599453,,False,nonpositive_matching_gap,infinite_stale_prefix_max_all_pairs,
0,retrieval_frozen,sgd,0,0.0,-1.817513499889216e-10,4.655738713312595e-05,0.25,1.0,0.0,0.0006910930088240085,,,fixed,,,,32,0.5,,-0.6931471805599453,,False,nonpositive_matching_gap,infinite_stale_prefix_max_all_pairs,
0,retrieval_frozen,sgd,0,0.0,-1.817513499889216e-10,4.655738713312595e-05,0.25,1.0,0.0,0.0006910930088240085,,,fixed,,,,64,0.5,,-0.6931471805599453,,False,nonpositive_matching_gap,infinite_stale_prefix_max_all_pairs,
0,retrieval_frozen,sgd,0,0.0,-1.817513499889216e-10,4.655738713312595e-05,0.25,1.0,0.0,0.0006910930088240085,,,fixed,,,,128,0.5,,-0.6931471805599453,,False,nonpositive_matching_gap,infinite_stale_prefix_max_all_pairs,
0,retrieval_frozen,sgd,0,0.0,-1.817513499889216e-10,4.655738713312595e-05,0.25,1.0,0.0,0.0006910930088240085,,,fixed,,,,256,0.5,,-0.6931471805599453,,False,nonpositive_matching_gap,infinite_stale_prefix_max_all_pairs,
0,retrieval_frozen,sgd,0,0.0,-1.817513499889216e-10,4.655738713312595e-05,0.25,1.0,0.0,0.0006910930088240085,,,fixed,,,,512,0.5,,-0.6931471805599453,,False,nonpositive_matching_gap,infinite_stale_prefix_max_all_pairs,
0,retrieval_frozen,sgd,0,0.0,-1.817513499889216e-10,4.655738713312595e-05,0.25,1.0,0.0,0.0006910930088240085,,,adaptive_theta,0.25,,,1,0.5,,-0.6931471805599453,,False,nonpositive_matching_gap,infinite_stale_prefix_max_all_pairs,
0,retrieval_frozen,sgd,0,0.0,-1.817513499889216e-10,4.655738713312595e-05,0.25,1.0,0.0,0.0006910930088240085,,,adaptive_theta,0.5,,,1,0.5,,-0.6931471805599453,,False,nonpositive_matching_gap,infinite_stale_prefix_max_all_pairs,
0,retrieval_frozen,sgd,0,0.0,-1.817513499889216e-10,4.655738713312595e-05,0.25,1.0,0.0,0.0006910930088240085,,,adaptive_theta,0.75,,,1,0.5,,-0.6931471805599453,,False,nonpositive_matching_gap,infinite_stale_prefix_max_all_pairs,
0,retrieval_frozen,sgd,0,0.0,-1.817513499889216e-10,4.655738713312595e-05,0.25,1.0,0.0,0.0006910930088240085,,,clock,,2,0.001,1,0.5,,-0.6931471805599453,,False,nonpositive_matching_gap,infinite_stale_prefix_max_all_pairs,
0,retrieval_frozen,sgd,0,0.0,-1.817513499889216e-10,4.655738713312595e-05,0.25,1.0,0.0,0.0006910930088240085,,,clock,,2,0.003,1,0.5,,-0.6931471805599453,,False,nonpositive_matching_gap,infinite_stale_prefix_max_all_pairs,
0,retrieval_frozen,sgd,0,0.0,-1.817513499889216e-10,4.655738713312595e-05,0.25,1.0,0.0,0.0006910930088240085,,,clock,,2,0.01,1,0.5,,-0.6931471805599453,,False,nonpositive_matching_gap,infinite_stale_prefix_max_all_pairs,
0,retrieval_frozen,sgd,0,0.0,-1.817513499889216e-10,4.655738713312595e-05,0.25,1.0,0.0,0.0006910930088240085,,,clock,,2,0.03,1,0.5,,-0.6931471805599453,,False,nonpositive_matching_gap,infinite_stale_prefix_max_all_pairs,
0,retrieval_frozen,sgd,0,0.0,-1.817513499889216e-10,4.655738713312595e-05,0.25,1.0,0.0,0.0006910930088240085,,,clock,,2,0.1,1,0.5,,-0.6931471805599453,,False,nonpositive_matching_gap,infinite_stale_prefix_max_all_pairs,
0,retrieval_frozen,sgd,3,0.0,0.007279386661737511,0.08463526427925865,0.24999999999997813,1.0,0.2000499412386142,0.0006910930088239487,0.007279386661737511,True,fixed,,,,1,0.48678772146358545,0.5184212274758327,-0.7199271411458144,-0.6569671867194722,True,,infinite_stale_prefix_max_all_pairs,uniform_arbitrary_stream_transfer
0,retrieval_frozen,sgd,3,0.0,0.007279386661737511,0.08463526427925865,0.24999999999997813,1.0,0.2000499412386142,0.0006910930088239487,0.007279386661737511,True,fixed,,,,2,0.5267001498101749,0.5329763505055559,-0.6411238680611367,-0.62927822633436,True,,infinite_stale_prefix_max_all_pairs,uniform_arbitrary_stream_transfer
0,retrieval_frozen,sgd,3,0.0,0.007279386661737511,0.08463526427925865,0.24999999999997813,1.0,0.2000499412386142,0.0006910930088239487,0.007279386661737511,True,fixed,,,,3,0.5413474246378753,0.5423807882240651,-0.6136940165324257,-0.6117869629241351,True,,infinite_stale_prefix_max_all_pairs,uniform_arbitrary_stream_transfer
0,retrieval_frozen,sgd,3,0.0,0.007279386661737511,0.08463526427925865,0.24999999999997813,1.0,0.2000499412386142,0.0006910930088239487,0.007279386661737511,True,fixed,,,,4,0.5467224006482813,0.5468786013295301,-0.6038140996234033,-0.6035284366036574,True,,infinite_stale_prefix_max_all_pairs,uniform_arbitrary_stream_transfer
0,retrieval_frozen,sgd,3,0.0,0.007279386661737511,0.08463526427925865,0.24999999999997813,1.0,0.2000499412386142,0.0006910930088239487,0.007279386661737511,True,fixed,,,,5,0.5486974961706024,0.5487212433726135,-0.6002079981304576,-0.6001647198426734,True,,infinite_stale_prefix_max_all_pairs,uniform_arbitrary_stream_transfer
0,retrieval_frozen,sgd,3,0.0,0.007279386661737511,0.08463526427925865,0.24999999999997813,1.0,0.2000499412386142,0.0006910930088239487,0.007279386661737511,True,fixed,,,,8,0.5497891707236088,0.5497893804621201,-0.5982204002008706,-0.5982200187119608,True,,infinite_stale_prefix_max_all_pairs,uniform_arbitrary_stream_transfer
0,retrieval_frozen,sgd,3,0.0,0.007279386661737511,0.08463526427925865,0.24999999999997813,1.0,0.2000499412386142,0.0006910930088239487,0.007279386661737511,True,fixed,,,,16,0.5498463393817347,0.5498463394346995,-0.5981164227326058,-0.5981164226362792,True,,infinite_stale_prefix_max_all_pairs,uniform_arbitrary_stream_transfer
0,retrieval_frozen,sgd,3,0.0,0.007279386661737511,0.08463526427925865,0.24999999999997813,1.0,0.2000499412386142,0.0006910930088239487,0.007279386661737511,True,fixed,,,,32,0.5498463585659276,0.5498463585659276,-0.598116387842508,-0.598116387842508,True,,infinite_stale_prefix_max_all_pairs,uniform_arbitrary_stream_transfer
0,retrieval_frozen,sgd,3,0.0,0.007279386661737511,0.08463526427925865,0.24999999999997813,1.0,0.2000499412386142,0.0006910930088239487,0.007279386661737511,True,fixed,,,,64,0.5498463585659298,0.5498463585659298,-0.598116387842504,-0.598116387842504,True,,infinite_stale_prefix_max_all_pairs,uniform_arbitrary_stream_transfer
0,retrieval_frozen,sgd,3,0.0,0.007279386661737511,0.08463526427925865,0.24999999999997813,1.0,0.2000499412386142,0.0006910930088239487,0.007279386661737511,True,fixed,,,,128,0.5498463585659298,0.5498463585659298,-0.598116387842504,-0.598116387842504,True,,infinite_stale_prefix_max_all_pairs,uniform_arbitrary_stream_transfer
0,retrieval_frozen,sgd,3,0.0,0.007279386661737511,0.08463526427925865,0.24999999999997813,1.0,0.2000499412386142,0.0006910930088239487,0.007279386661737511,True,fixed,,,,256,0.5498463585659298,0.5498463585659298,-0.598116387842504,-0.598116387842504,True,,infinite_stale_prefix_max_all_pairs,uniform_arbitrary_stream_transfer
0,retrieval_frozen,sgd,3,0.0,0.007279386661737511,0.08463526427925865,0.24999999999997813,1.0,0.2000499412386142,0.0006910930088239487,0.007279386661737511,True,fixed,,,,512,0.5498463585659298,0.5498463585659298,-0.598116387842504,-0.598116387842504,True,,infinite_stale_prefix_max_all_pairs,uniform_arbitrary_stream_transfer
0,retrieval_frozen,sgd,3,0.0,0.007279386661737511,0.08463526427925865,0.24999999999997813,1.0,0.2000499412386142,0.0006910930088239487,0.007279386661737511,True,adaptive_theta,0.25,,,1,0.48678772146358545,0.5184212274758327,-0.7199271411458144,-0.6569671867194722,True,,infinite_stale_prefix_max_all_pairs,uniform_arbitrary_stream_transfer
0,retrieval_frozen,sgd,3,0.0,0.007279386661737511,0.08463526427925865,0.24999999999997813,1.0,0.2000499412386142,0.0006910930088239487,0.007279386661737511,True,reference_theta,0.25,,,1,0.48678772146358545,0.5184212274758327,-0.7199271411458144,-0.6569671867194722,True,,infinite_stale_prefix_max_all_pairs,uniform_arbitrary_stream_transfer
0,retrieval_frozen,sgd,3,0.0,0.007279386661737511,0.08463526427925865,0.24999999999997813,1.0,0.2000499412386142,0.0006910930088239487,0.007279386661737511,True,adaptive_theta,0.5,,,1,0.48678772146358545,0.5184212274758327,-0.7199271411458144,-0.6569671867194722,True,,infinite_stale_prefix_max_all_pairs,uniform_arbitrary_stream_transfer
0,retrieval_frozen,sgd,3,0.0,0.007279386661737511,0.08463526427925865,0.24999999999997813,1.0,0.2000499412386142,0.0006910930088239487,0.007279386661737511,True,reference_theta,0.5,,,1,0.48678772146358545,0.5184212274758327,-0.7199271411458144,-0.6569671867194722,True,,infinite_stale_prefix_max_all_pairs,uniform_arbitrary_stream_transfer
0,retrieval_frozen,sgd,3,0.0,0.007279386661737511,0.08463526427925865,0.24999999999997813,1.0,0.2000499412386142,0.0006910930088239487,0.007279386661737511,True,adaptive_theta,0.75,,,1,0.48678772146358545,0.5184212274758327,-0.7199271411458144,-0.6569671867194722,True,,infinite_stale_prefix_max_all_pairs,uniform_arbitrary_stream_transfer
0,retrieval_frozen,sgd,3,0.0,0.007279386661737511,0.08463526427925865,0.24999999999997813,1.0,0.2000499412386142,0.0006910930088239487,0.007279386661737511,True,reference_theta,0.75,,,1,0.48678772146358545,0.5184212274758327,-0.7199271411458144,-0.6569671867194722,True,,infinite_stale_prefix_max_all_pairs,uniform_arbitrary_stream_transfer
0,retrieval_frozen,sgd,3,0.0,0.007279386661737511,0.08463526427925865,0.24999999999997813,1.0,0.2000499412386142,0.0006910930088239487,0.007279386661737511,True,clock,,2,0.001,1,0.48678772146358545,0.5184212274758327,-0.7199271411458144,-0.6569671867194722,True,,infinite_stale_prefix_max_all_pairs,uniform_arbitrary_stream_transfer
0,retrieval_frozen,sgd,3,0.0,0.007279386661737511,0.08463526427925865,0.24999999999997813,1.0,0.2000499412386142,0.0006910930088239487,0.007279386661737511,True,clock,,2,0.003,1,0.48678772146358545,0.5184212274758327,-0.7199271411458144,-0.6569671867194722,True,,infinite_stale_prefix_max_all_pairs,uniform_arbitrary_stream_transfer
0,retrieval_frozen,sgd,3,0.0,0.007279386661737511,0.08463526427925865,0.24999999999997813,1.0,0.2000499412386142,0.0006910930088239487,0.007279386661737511,True,clock,,2,0.01,1,0.48678772146358545,0.5184212274758327,-0.7199271411458144,-0.6569671867194722,True,,infinite_stale_prefix_max_all_pairs,uniform_arbitrary_stream_transfer
0,retrieval_frozen,sgd,3,0.0,0.007279386661737511,0.08463526427925865,0.24999999999997813,1.0,0.2000499412386142,0.0006910930088239487,0.007279386661737511,True,clock,,2,0.03,1,0.48678772146358545,0.5184212274758327,-0.7199271411458144,-0.6569671867194722,True,,infinite_stale_prefix_max_all_pairs,uniform_arbitrary_stream_transfer
0,retrieval_frozen,sgd,3,0.0,0.007279386661737511,0.08463526427925865,0.24999999999997813,1.0,0.2000499412386142,0.0006910930088239487,0.007279386661737511,True,clock,,2,0.1,1,0.48678772146358545,0.5184212274758327,-0.7199271411458144,-0.6569671867194722,True,,infinite_stale_prefix_max_all_pairs,uniform_arbitrary_stream_transfer
0,retrieval_frozen,sgd,1000,3776.230261264594,0.007279392454043975,0.08463529211069468,337.5586018545152,1.0,6.033549386482808,0.02975508645339708,0.007279386661737511,True,fixed,,,,1,0.1687781167165412,0.3452455535984073,-1.7791703455291616,-1.0634993655637712,True,,infinite_stale_prefix_max_all_pairs,uniform_arbitrary_stream_transfer
0,retrieval_frozen,sgd,1000,3776.230261264594,0.007279392454043975,0.08463529211069468,337.5586018545152,1.0,6.033549386482808,0.02975508645339708,0.007279386661737511,True,fixed,,,,2,0.3508463416692128,0.5511900295108481,-1.0474069243890414,-0.5956756481421397,True,,infinite_stale_prefix_max_all_pairs,uniform_arbitrary_stream_transfer
0,retrieval_frozen,sgd,1000,3776.230261264594,0.007279392454043975,0.08463529211069468,337.5586018545152,1.0,6.033549386482808,0.02975508645339708,0.007279386661737511,True,fixed,,,,3,0.7510233486228036,0.8453291534867955,-0.28631853765760784,-0.16802919671876718,True,,infinite_stale_prefix_max_all_pairs,uniform_arbitrary_stream_transfer
0,retrieval_frozen,sgd,1000,3776.230261264594,0.007279392454043975,0.08463529211069468,337.5586018545152,1.0,6.033549386482808,0.02975508645339708,0.007279386661737511,True,fixed,,,,4,0.9584683131181372,0.9700540511707958,-0.04241877586591088,-0.030403486180678695,True,,infinite_stale_prefix_max_all_pairs,uniform_arbitrary_stream_transfer
0,retrieval_frozen,sgd,1000,3776.230261264594,0.007279392454043975,0.08463529211069468,337.5586018545152,1.0,6.033549386482808,0.02975508645339708,0.007279386661737511,True,fixed,,,,5,0.9907098320597737,0.9920429392995527,-0.009333590696111452,-0.007988887049831625,True,,infinite_stale_prefix_max_all_pairs,uniform_arbitrary_stream_transfer
0,retrieval_frozen,sgd,1000,3776.230261264594,0.007279392454043975,0.08463529211069468,337.5586018545152,1.0,6.033549386482808,0.02975508645339708,0.007279386661737511,True,fixed,,,,8,0.9974090660072299,0.9974323060844871,-0.0025942962711307214,-0.002570996095404174,True,,infinite_stale_prefix_max_all_pairs,uniform_arbitrary_stream_transfer
0,retrieval_frozen,sgd,1000,3776.230261264594,0.007279392454043975,0.08463529211069468,337.5586018545152,1.0,6.033549386482808,0.02975508645339708,0.007279386661737511,True,fixed,,,,16,0.9976086956735876,0.9976087029642848,-0.002394168060887898,-0.0023941607527146027,True,,infinite_stale_prefix_max_all_pairs,uniform_arbitrary_stream_transfer
0,retrieval_frozen,sgd,1000,3776.230261264594,0.007279392454043975,0.08463529211069468,337.5586018545152,1.0,6.033549386482808,0.02975508645339708,0.007279386661737511,True,fixed,,,,32,0.9976087606463052,0.997608760646306,-0.0023941029324304037,-0.002394102932429582,True,,infinite_stale_prefix_max_all_pairs,uniform_arbitrary_stream_transfer
0,retrieval_frozen,sgd,1000,3776.230261264594,0.007279392454043975,0.08463529211069468,337.5586018545152,1.0,6.033549386482808,0.02975508645339708,0.007279386661737511,True,fixed,,,,64,0.9976087606463125,0.9976087606463125,-0.002394102932423074,-0.002394102932423074,True,,infinite_stale_prefix_max_all_pairs,uniform_arbitrary_stream_transfer
0,retrieval_frozen,sgd,1000,3776.230261264594,0.007279392454043975,0.08463529211069468,337.5586018545152,1.0,6.033549386482808,0.02975508645339708,0.007279386661737511,True,fixed,,,,128,0.9976087606463125,0.9976087606463125,-0.002394102932423074,-0.002394102932423074,True,,infinite_stale_prefix_max_all_pairs,uniform_arbitrary_stream_transfer
0,retrieval_frozen,sgd,1000,3776.230261264594,0.007279392454043975,0.08463529211069468,337.5586018545152,1.0,6.033549386482808,0.02975508645339708,0.007279386661737511,True,fixed,,,,256,0.9976087606463125,0.9976087606463125,-0.002394102932423074,-0.002394102932423074,True,,infinite_stale_prefix_max_all_pairs,uniform_arbitrary_stream_transfer
0,retrieval_frozen,sgd,1000,3776.230261264594,0.007279392454043975,0.08463529211069468,337.5586018545152,1.0,6.033549386482808,0.02975508645339708,0.007279386661737511,True,fixed,,,,512,0.9976087606463125,0.9976087606463125,-0.002394102932423074,-0.002394102932423074,True,,infinite_stale_prefix_max_all_pairs,uniform_arbitrary_stream_transfer
0,retrieval_frozen,sgd,1000,3776.230261264594,0.007279392454043975,0.08463529211069468,337.5586018545152,1.0,6.033549386482808,0.02975508645339708,0.007279386661737511,True,adaptive_theta,0.25,,,1,0.1687781167165412,0.3452455535984073,-1.7791703455291616,-1.0634993655637712,True,,infinite_stale_prefix_max_all_pairs,uniform_arbitrary_stream_transfer
0,retrieval_frozen,sgd,1000,3776.230261264594,0.007279392454043975,0.08463529211069468,337.5586018545152,1.0,6.033549386482808,0.02975508645339708,0.007279386661737511,True,reference_theta,0.25,,,1,0.1687781167165412,0.3452455535984073,-1.7791703455291616,-1.0634993655637712,True,,infinite_stale_prefix_max_all_pairs,uniform_arbitrary_stream_transfer
0,retrieval_frozen,sgd,1000,3776.230261264594,0.007279392454043975,0.08463529211069468,337.5586018545152,1.0,6.033549386482808,0.02975508645339708,0.007279386661737511,True,adaptive_theta,0.5,,,2,0.3508463416692128,0.5511900295108481,-1.0474069243890414,-0.5956756481421397,True,,infinite_stale_prefix_max_all_pairs,uniform_arbitrary_stream_transfer
0,retrieval_frozen,sgd,1000,3776.230261264594,0.007279392454043975,0.08463529211069468,337.5586018545152,1.0,6.033549386482808,0.02975508645339708,0.007279386661737511,True,reference_theta,0.5,,,2,0.3508463416692128,0.5511900295108481,-1.0474069243890414,-0.5956756481421397,True,,infinite_stale_prefix_max_all_pairs,uniform_arbitrary_stream_transfer
0,retrieval_frozen,sgd,1000,3776.230261264594,0.007279392454043975,0.08463529211069468,337.5586018545152,1.0,6.033549386482808,0.02975508645339708,0.007279386661737511,True,adaptive_theta,0.75,,,2,0.3508463416692128,0.5511900295108481,-1.0474069243890414,-0.5956756481421397,True,,infinite_stale_prefix_max_all_pairs,uniform_arbitrary_stream_transfer
0,retrieval_frozen,sgd,1000,3776.230261264594,0.007279392454043975,0.08463529211069468,337.5586018545152,1.0,6.033549386482808,0.02975508645339708,0.007279386661737511,True,reference_theta,0.75,,,2,0.3508463416692128,0.5511900295108481,-1.0474069243890414,-0.5956756481421397,True,,infinite_stale_prefix_max_all_pairs,uniform_arbitrary_stream_transfer
0,retrieval_frozen,sgd,1000,3776.230261264594,0.007279392454043975,0.08463529211069468,337.5586018545152,1.0,6.033549386482808,0.02975508645339708,0.007279386661737511,True,clock,,2,0.001,14260,0.9976087606463125,0.9976087606463125,-0.002394102932423074,-0.002394102932423074,True,,infinite_stale_prefix_max_all_pairs,uniform_arbitrary_stream_transfer
0,retrieval_frozen,sgd,1000,3776.230261264594,0.007279392454043975,0.08463529211069468,337.5586018545152,1.0,6.033549386482808,0.02975508645339708,0.007279386661737511,True,clock,,2,0.003,42780,0.9976087606463125,0.9976087606463125,-0.002394102932423074,-0.002394102932423074,True,,infinite_stale_prefix_max_all_pairs,uniform_arbitrary_stream_transfer
0,retrieval_frozen,sgd,1000,3776.230261264594,0.007279392454043975,0.08463529211069468,337.5586018545152,1.0,6.033549386482808,0.02975508645339708,0.007279386661737511,True,clock,,2,0.01,142600,0.9976087606463125,0.9976087606463125,-0.002394102932423074,-0.002394102932423074,True,,infinite_stale_prefix_max_all_pairs,uniform_arbitrary_stream_transfer
0,retrieval_frozen,sgd,1000,3776.230261264594,0.007279392454043975,0.08463529211069468,337.5586018545152,1.0,6.033549386482808,0.02975508645339708,0.007279386661737511,True,clock,,2,0.03,427798,0.9976087606463125,0.9976087606463125,-0.002394102932423074,-0.002394102932423074,True,,infinite_stale_prefix_max_all_pairs,uniform_arbitrary_stream_transfer
0,retrieval_frozen,sgd,1000,3776.230261264594,0.007279392454043975,0.08463529211069468,337.5586018545152,1.0,6.033549386482808,0.02975508645339708,0.007279386661737511,True,clock,,2,0.1,1425992,0.9976087606463125,0.9976087606463125,-0.002394102932423074,-0.002394102932423074,True,,infinite_stale_prefix_max_all_pairs,uniform_arbitrary_stream_transfer
0,retrieval_frozen,sgd,2000,6316.300135017985,0.007279393014931822,0.08463529399419548,383.11082107263684,1.0,7.004452940093984,0.02627174407313067,0.007279386661737511,True,fixed,,,,1,0.135771429869321,0.2728942855761526,-1.996782469869677,-1.2986707911127588,True,,infinite_stale_prefix_max_all_pairs,uniform_arbitrary_stream_transfer
0,retrieval_frozen,sgd,2000,6316.300135017985,0.007279393014931822,0.08463529399419548,383.11082107263684,1.0,7.004452940093984,0.02627174407313067,0.007279386661737511,True,fixed,,,,2,0.26806766431799034,0.4462424155541033,-1.316515851540217,-0.8068929419899126,True,,infinite_stale_prefix_max_all_pairs,uniform_arbitrary_stream_transfer
0,retrieval_frozen,sgd,2000,6316.300135017985,0.007279393014931822,0.08463529399419548,383.11082107263684,1.0,7.004452940093984,0.02627174407313067,0.007279386661737511,True,fixed,,,,3,0.6563403320920231,0.7815454021075122,-0.4210758256469139,-0.24648203470125776,True,,infinite_stale_prefix_max_all_pairs,uniform_arbitrary_stream_transfer
0,retrieval_frozen,sgd,2000,6316.300135017985,0.007279393014931822,0.08463529399419548,383.11082107263684,1.0,7.004452940093984,0.02627174407313067,0.007279386661737511,True,fixed,,,,4,0.9493360163736103,0.9655857079213289,-0.0519924688861273,-0.03502041054972907,True,,infinite_stale_prefix_max_all_pairs,uniform_arbitrary_stream_transfer
0,retrieval_frozen,sgd,2000,6316.300135017985,0.007279393014931822,0.08463529399419548,383.11082107263684,1.0,7.004452940093984,0.02627174407313067,0.007279386661737511,True,fixed,,,,5,0.99291844007522,0.9942230907333137,-0.007106753179079562,-0.0057936601504004455,True,,infinite_stale_prefix_max_all_pairs,uniform_arbitrary_stream_transfer
0,retrieval_frozen,sgd,2000,6316.300135017985,0.007279393014931822,0.08463529399419548,383.11082107263684,1.0,7.004452940093984,0.02627174407313067,0.007279386661737511,True,fixed,,,,8,0.9989677090155845,0.9989809433808248,-0.0010328241637161271,-0.0010195762103970417,True,,infinite_stale_prefix_max_all_pairs,uniform_arbitrary_stream_transfer
0,retrieval_frozen,sgd,2000,6316.300135017985,0.007279393014931822,0.08463529399419548,383.11082107263684,1.0,7.004452940093984,0.02627174407313067,0.007279386661737511,True,fixed,,,,16,0.9990929530526831,0.9990929570348142,-0.0009074585633213975,-0.0009074545775750458,True,,infinite_stale_prefix_max_all_pairs,uniform_arbitrary_stream_transfer
0,retrieval_frozen,sgd,2000,6316.300135017985,0.007279393014931822,0.08463529399419548,383.11082107263684,1.0,7.004452940093984,0.02627174407313067,0.007279386661737511,True,fixed,,,,32,0.999092992971492,0.9990929929714925,-0.0009074186082721447,-0.0009074186082716958,True,,infinite_stale_prefix_max_all_pairs,uniform_arbitrary_stream_transfer
0,retrieval_frozen,sgd,2000,6316.300135017985,0.007279393014931822,0.08463529399419548,383.11082107263684,1.0,7.004452940093984,0.02627174407313067,0.007279386661737511,True,fixed,,,,64,0.9990929929714966,0.9990929929714966,-0.0009074186082676478,-0.0009074186082676478,True,,infinite_stale_prefix_max_all_pairs,uniform_arbitrary_stream_transfer
0,retrieval_frozen,sgd,2000,6316.300135017985,0.007279393014931822,0.08463529399419548,383.11082107263684,1.0,7.004452940093984,0.02627174407313067,0.007279386661737511,True,fixed,,,,128,0.9990929929714966,0.9990929929714966,-0.0009074186082676478,-0.0009074186082676478,True,,infinite_stale_prefix_max_all_pairs,uniform_arbitrary_stream_transfer
0,retrieval_frozen,sgd,2000,6316.300135017985,0.007279393014931822,0.08463529399419548,383.11082107263684,1.0,7.004452940093984,0.02627174407313067,0.007279386661737511,True,fixed,,,,256,0.9990929929714966,0.9990929929714966,-0.0009074186082676478,-0.0009074186082676478,True,,infinite_stale_prefix_max_all_pairs,uniform_arbitrary_stream_transfer
0,retrieval_frozen,sgd,2000,6316.300135017985,0.007279393014931822,0.08463529399419548,383.11082107263684,1.0,7.004452940093984,0.02627174407313067,0.007279386661737511,True,fixed,,,,512,0.9990929929714966,0.9990929929714966,-0.0009074186082676478,-0.0009074186082676478,True,,infinite_stale_prefix_max_all_pairs,uniform_arbitrary_stream_transfer
0,retrieval_frozen,sgd,2000,6316.300135017985,0.007279393014931822,0.08463529399419548,383.11082107263684,1.0,7.004452940093984,0.02627174407313067,0.007279386661737511,True,adaptive_theta,0.25,,,1,0.135771429869321,0.2728942855761526,-1.996782469869677,-1.2986707911127588,True,,infinite_stale_prefix_max_all_pairs,uniform_arbitrary_stream_transfer
0,retrieval_frozen,sgd,2000,6316.300135017985,0.007279393014931822,0.08463529399419548,383.11082107263684,1.0,7.004452940093984,0.02627174407313067,0.007279386661737511,True,reference_theta,0.25,,,1,0.135771429869321,0.2728942855761526,-1.996782469869677,-1.2986707911127588,True,,infinite_stale_prefix_max_all_pairs,uniform_arbitrary_stream_transfer
0,retrieval_frozen,sgd,2000,6316.300135017985,0.007279393014931822,0.08463529399419548,383.11082107263684,1.0,7.004452940093984,0.02627174407313067,0.007279386661737511,True,adaptive_theta,0.5,,,2,0.26806766431799034,0.4462424155541033,-1.316515851540217,-0.8068929419899126,True,,infinite_stale_prefix_max_all_pairs,uniform_arbitrary_stream_transfer
0,retrieval_frozen,sgd,2000,6316.300135017985,0.007279393014931822,0.08463529399419548,383.11082107263684,1.0,7.004452940093984,0.02627174407313067,0.007279386661737511,True,reference_theta,0.5,,,2,0.26806766431799034,0.4462424155541033,-1.316515851540217,-0.8068929419899126,True,,infinite_stale_prefix_max_all_pairs,uniform_arbitrary_stream_transfer
0,retrieval_frozen,sgd,2000,6316.300135017985,0.007279393014931822,0.08463529399419548,383.11082107263684,1.0,7.004452940093984,0.02627174407313067,0.007279386661737511,True,adaptive_theta,0.75,,,3,0.6563403320920231,0.7815454021075122,-0.4210758256469139,-0.24648203470125776,True,,infinite_stale_prefix_max_all_pairs,uniform_arbitrary_stream_transfer
0,retrieval_frozen,sgd,2000,6316.300135017985,0.007279393014931822,0.08463529399419548,383.11082107263684,1.0,7.004452940093984,0.02627174407313067,0.007279386661737511,True,reference_theta,0.75,,,3,0.6563403320920231,0.7815454021075122,-0.4210758256469139,-0.24648203470125776,True,,infinite_stale_prefix_max_all_pairs,uniform_arbitrary_stream_transfer
0,retrieval_frozen,sgd,2000,6316.300135017985,0.007279393014931822,0.08463529399419548,383.11082107263684,1.0,7.004452940093984,0.02627174407313067,0.007279386661737511,True,clock,,2,0.001,39896,0.9990929929714966,0.9990929929714966,-0.0009074186082676478,-0.0009074186082676478,True,,infinite_stale_prefix_max_all_pairs,uniform_arbitrary_stream_transfer
0,retrieval_frozen,sgd,2000,6316.300135017985,0.007279393014931822,0.08463529399419548,383.11082107263684,1.0,7.004452940093984,0.02627174407313067,0.007279386661737511,True,clock,,2,0.003,119687,0.9990929929714966,0.9990929929714966,-0.0009074186082676478,-0.0009074186082676478,True,,infinite_stale_prefix_max_all_pairs,uniform_arbitrary_stream_transfer
0,retrieval_frozen,sgd,2000,6316.300135017985,0.007279393014931822,0.08463529399419548,383.11082107263684,1.0,7.004452940093984,0.02627174407313067,0.007279386661737511,True,clock,,2,0.01,398957,0.9990929929714966,0.9990929929714966,-0.0009074186082676478,-0.0009074186082676478,True,,infinite_stale_prefix_max_all_pairs,uniform_arbitrary_stream_transfer
0,retrieval_frozen,sgd,2000,6316.300135017985,0.007279393014931822,0.08463529399419548,383.11082107263684,1.0,7.004452940093984,0.02627174407313067,0.007279386661737511,True,clock,,2,0.03,1196870,0.9990929929714966,0.9990929929714966,-0.0009074186082676478,-0.0009074186082676478,True,,infinite_stale_prefix_max_all_pairs,uniform_arbitrary_stream_transfer
0,retrieval_frozen,sgd,2000,6316.300135017985,0.007279393014931822,0.08463529399419548,383.11082107263684,1.0,7.004452940093984,0.02627174407313067,0.007279386661737511,True,clock,,2,0.1,3989565,0.9990929929714966,0.9990929929714966,-0.0009074186082676478,-0.0009074186082676478,True,,infinite_stale_prefix_max_all_pairs,uniform_arbitrary_stream_transfer
0,retrieval_frozen,sgd,3000,8280.582358251637,0.0072793931411627676,0.08463529441050513,399.33847714561364,1.0,7.418167525902442,0.02467174719965059,0.007279386661737511,True,fixed,,,,1,0.1234470409167669,0.2461028104245206,-2.091943033370763,-1.4020059018026263,True,,infinite_stale_prefix_max_all_pairs,uniform_arbitrary_stream_transfer
0,retrieval_frozen,sgd,3000,8280.582358251637,0.0072793931411627676,0.08463529441050513,399.33847714561364,1.0,7.418167525902442,0.02467174719965059,0.007279386661737511,True,fixed,,,,2,0.23956135228748507,0.4052843548693878,-1.428945726721673,-0.9031663474514557,True,,infinite_stale_prefix_max_all_pairs,uniform_arbitrary_stream_transfer
0,retrieval_frozen,sgd,3000,8280.582358251637,0.0072793931411627676,0.08463529441050513,399.33847714561364,1.0,7.418167525902442,0.02467174719965059,0.007279386661737511,True,fixed,,,,3,0.6146183188991107,0.7498170026577181,-0.48675382351597146,-0.28792609868013513,True,,infinite_stale_prefix_max_all_pairs,uniform_arbitrary_stream_transfer
0,retrieval_frozen,sgd,3000,8280.582358251637,0.0072793931411627676,0.08463529441050513,399.33847714561364,1.0,7.418167525902442,0.02467174719965059,0.007279386661737511,True,fixed,,,,4,0.9441418922689242,0.9626414378430581,-0.05747881452508228,-0.03807427520768547,True,,infinite_stale_prefix_max_all_pairs,uniform_arbitrary_stream_transfer
0,retrieval_frozen,sgd,3000,8280.582358251637,0.0072793931411627676,0.08463529441050513,399.33847714561364,1.0,7.418167525902442,0.02467174719965059,0.007279386661737511,True,fixed,,,,5,0.9935105318810028,0.9947941673257882,-0.00651061626034092,-0.0052194302327335206,True,,infinite_stale_prefix_max_all_pairs,uniform_arbitrary_stream_transfer
0,retrieval_frozen,sgd,3000,8280.582358251637,0.0072793931411627676,0.08463529441050513,399.33847714561364,1.0,7.418167525902442,0.02467174719965059,0.007279386661737511,True,fixed,,,,8,0.9993002526671594,0.999310296909995,-0.0006999922702751214,-0.0006899410445995591,True,,infinite_stale_prefix_max_all_pairs,uniform_arbitrary_stream_transfer
0,retrieval_frozen,sgd,3000,8280.582358251637,0.0072793931411627676,0.08463529441050513,399.33847714561364,1.0,7.418167525902442,0.02467174719965059,0.007279386661737511,True,fixed,,,,16,0.9994000805269904,0.9994000834850945,-0.0006000994967000913,-0.0006000965368202609,True,,infinite_stale_prefix_max_all_pairs,uniform_arbitrary_stream_transfer
0,retrieval_frozen,sgd,3000,8280.582358251637,0.0072793931411627676,0.08463529441050513,399.33847714561364,1.0,7.418167525902442,0.02467174719965059,0.007279386661737511,True,fixed,,,,32,0.999400112004234,0.9994001120042343,-0.0006000680005618536,-0.0006000680005615206,True,,infinite_stale_prefix_max_all_pairs,uniform_arbitrary_stream_transfer
0,retrieval_frozen,sgd,3000,8280.582358251637,0.0072793931411627676,0.08463529441050513,399.33847714561364,1.0,7.418167525902442,0.02467174719965059,0.007279386661737511,True,fixed,,,,64,0.9994001120042375,0.9994001120042375,-0.0006000680005583094,-0.0006000680005583094,True,,infinite_stale_prefix_max_all_pairs,uniform_arbitrary_stream_transfer
0,retrieval_frozen,sgd,3000,8280.582358251637,0.0072793931411627676,0.08463529441050513,399.33847714561364,1.0,7.418167525902442,0.02467174719965059,0.007279386661737511,True,fixed,,,,128,0.9994001120042375,0.9994001120042375,-0.0006000680005583094,-0.0006000680005583094,True,,infinite_stale_prefix_max_all_pairs,uniform_arbitrary_stream_transfer
0,retrieval_frozen,sgd,3000,8280.582358251637,0.0072793931411627676,0.08463529441050513,399.33847714561364,1.0,7.418167525902442,0.02467174719965059,0.007279386661737511,True,fixed,,,,256,0.9994001120042375,0.9994001120042375,-0.0006000680005583094,-0.0006000680005583094,True,,infinite_stale_prefix_max_all_pairs,uniform_arbitrary_stream_transfer
0,retrieval_frozen,sgd,3000,8280.582358251637,0.0072793931411627676,0.08463529441050513,399.33847714561364,1.0,7.418167525902442,0.02467174719965059,0.007279386661737511,True,fixed,,,,512,0.9994001120042375,0.9994001120042375,-0.0006000680005583094,-0.0006000680005583094,True,,infinite_stale_prefix_max_all_pairs,uniform_arbitrary_stream_transfer
0,retrieval_frozen,sgd,3000,8280.582358251637,0.0072793931411627676,0.08463529441050513,399.33847714561364,1.0,7.418167525902442,0.02467174719965059,0.007279386661737511,True,adaptive_theta,0.25,,,1,0.1234470409167669,0.2461028104245206,-2.091943033370763,-1.4020059018026263,True,,infinite_stale_prefix_max_all_pairs,uniform_arbitrary_stream_transfer
0,retrieval_frozen,sgd,3000,8280.582358251637,0.0072793931411627676,0.08463529441050513,399.33847714561364,1.0,7.418167525902442,0.02467174719965059,0.007279386661737511,True,reference_theta,0.25,,,1,0.1234470409167669,0.2461028104245206,-2.091943033370763,-1.4020059018026263,True,,infinite_stale_prefix_max_all_pairs,uniform_arbitrary_stream_transfer
0,retrieval_frozen,sgd,3000,8280.582358251637,0.0072793931411627676,0.08463529441050513,399.33847714561364,1.0,7.418167525902442,0.02467174719965059,0.007279386661737511,True,adaptive_theta,0.5,,,2,0.23956135228748507,0.4052843548693878,-1.428945726721673,-0.9031663474514557,True,,infinite_stale_prefix_max_all_pairs,uniform_arbitrary_stream_transfer
0,retrieval_frozen,sgd,3000,8280.582358251637,0.0072793931411627676,0.08463529441050513,399.33847714561364,1.0,7.418167525902442,0.02467174719965059,0.007279386661737511,True,reference_theta,0.5,,,2,0.23956135228748507,0.4052843548693878,-1.428945726721673,-0.9031663474514557,True,,infinite_stale_prefix_max_all_pairs,uniform_arbitrary_stream_transfer
0,retrieval_frozen,sgd,3000,8280.582358251637,0.0072793931411627676,0.08463529441050513,399.33847714561364,1.0,7.418167525902442,0.02467174719965059,0.007279386661737511,True,adaptive_theta,0.75,,,3,0.6146183188991107,0.7498170026577181,-0.48675382351597146,-0.28792609868013513,True,,infinite_stale_prefix_max_all_pairs,uniform_arbitrary_stream_transfer
0,retrieval_frozen,sgd,3000,8280.582358251637,0.0072793931411627676,0.08463529441050513,399.33847714561364,1.0,7.418167525902442,0.02467174719965059,0.007279386661737511,True,reference_theta,0.75,,,3,0.6146183188991107,0.7498170026577181,-0.48675382351597146,-0.28792609868013513,True,,infinite_stale_prefix_max_all_pairs,uniform_arbitrary_stream_transfer
0,retrieval_frozen,sgd,3000,8280.582358251637,0.0072793931411627676,0.08463529441050513,399.33847714561364,1.0,7.418167525902442,0.02467174719965059,0.007279386661737511,True,clock,,2,0.001,68569,0.9994001120042375,0.9994001120042375,-0.0006000680005583094,-0.0006000680005583094,True,,infinite_stale_prefix_max_all_pairs,uniform_arbitrary_stream_transfer
0,retrieval_frozen,sgd,3000,8280.582358251637,0.0072793931411627676,0.08463529441050513,399.33847714561364,1.0,7.418167525902442,0.02467174719965059,0.007279386661737511,True,clock,,2,0.003,205705,0.9994001120042375,0.9994001120042375,-0.0006000680005583094,-0.0006000680005583094,True,,infinite_stale_prefix_max_all_pairs,uniform_arbitrary_stream_transfer
0,retrieval_frozen,sgd,3000,8280.582358251637,0.0072793931411627676,0.08463529441050513,399.33847714561364,1.0,7.418167525902442,0.02467174719965059,0.007279386661737511,True,clock,,2,0.01,685681,0.9994001120042375,0.9994001120042375,-0.0006000680005583094,-0.0006000680005583094,True,,infinite_stale_prefix_max_all_pairs,uniform_arbitrary_stream_transfer
0,retrieval_frozen,sgd,3000,8280.582358251637,0.0072793931411627676,0.08463529441050513,399.33847714561364,1.0,7.418167525902442,0.02467174719965059,0.007279386661737511,True,clock,,2,0.03,2057042,0.9994001120042375,0.9994001120042375,-0.0006000680005583094,-0.0006000680005583094,True,,infinite_stale_prefix_max_all_pairs,uniform_arbitrary_stream_transfer
0,retrieval_frozen,sgd,3000,8280.582358251637,0.0072793931411627676,0.08463529441050513,399.33847714561364,1.0,7.418167525902442,0.02467174719965059,0.007279386661737511,True,clock,,2,0.1,6856805,0.9994001120042375,0.9994001120042375,-0.0006000680005583094,-0.0006000680005583094,True,,infinite_stale_prefix_max_all_pairs,uniform_arbitrary_stream_transfer
0,retrieval_frozen,sgd,4000,9904.240851134537,0.0072793931933116006,0.08463529458159495,408.6326420851519,1.0,7.674374488066213,0.023671271570971663,0.007279386661737511,True,fixed,,,,1,0.11630609331434641,0.23058830488209994,-2.1515298277573613,-1.4671213884692733,True,,infinite_stale_prefix_max_all_pairs,uniform_arbitrary_stream_transfer
0,retrieval_frozen,sgd,4000,9904.240851134537,0.0072793931933116006,0.08463529458159495,408.6326420851519,1.0,7.674374488066213,0.023671271570971663,0.007279386661737511,True,fixed,,,,2,0.22355367140768817,0.38114487289703153,-1.4981037532310655,-0.9645757323055686,True,,infinite_stale_prefix_max_all_pairs,uniform_arbitrary_stream_transfer
0,retrieval_frozen,sgd,4000,9904.240851134537,0.0072793931933116006,0.08463529458159495,408.6326420851519,1.0,7.674374488066213,0.023671271570971663,0.007279386661737511,True,fixed,,,,3,0.5888088637962906,0.7289702496920949,-0.5296536576789287,-0.31612235755643214,True,,infinite_stale_prefix_max_all_pairs,uniform_arbitrary_stream_transfer
0,retrieval_frozen,sgd,4000,9904.240851134537,0.0072793931933116006,0.08463529458159495,408.6326420851519,1.0,7.674374488066213,0.023671271570971663,0.007279386661737511,True,fixed,,,,4,0.9405332136581676,0.960500277477568,-0.061308315970224785,-0.04030100788489688,True,,infinite_stale_prefix_max_all_pairs,uniform_arbitrary_stream_transfer
0,retrieval_frozen,sgd,4000,9904.240851134537,0.0072793931933116006,0.08463529458159495,408.6326420851519,1.0,7.674374488066213,0.023671271570971663,0.007279386661737511,True,fixed,,,,5,0.9938075874450023,0.995077116300245,-0.0062116650624193465,-0.004935041007468433,True,,infinite_stale_prefix_max_all_pairs,uniform_arbitrary_stream_transfer
0,retrieval_frozen,sgd,4000,9904.240851134537,0.0072793931933116006,0.08463529458159495,408.6326420851519,1.0,7.674374488066213,0.023671271570971663,0.007279386661737511,True,fixed,,,,8,0.9994494352625188,0.9994578302956981,-0.0005507163538985942,-0.0005423167314408136,True,,infinite_stale_prefix_max_all_pairs,uniform_arbitrary_stream_transfer
0,retrieval_frozen,sgd,4000,9904.240851134537,0.0072793931933116006,0.08463529458159495,408.6326420851519,1.0,7.674374488066213,0.023671271570971663,0.007279386661737511,True,fixed,,,,16,0.9995356076917536,0.9995356101288334,-0.00046450017174959714,-0.00046449773353756264,True,,infinite_stale_prefix_max_all_pairs,uniform_arbitrary_stream_transfer
0,retrieval_frozen,sgd,4000,9904.240851134537,0.0072793931933116006,0.08463529458159495,408.6326420851519,1.0,7.674374488066213,0.023671271570971663,0.007279386661737511,True,fixed,,,,32,0.9995356346676068,0.9995356346676071,-0.0004644731833636627,-0.00046447318336338846,True,,infinite_stale_prefix_max_all_pairs,uniform_arbitrary_stream_transfer
0,retrieval_frozen,sgd,4000,9904.240851134537,0.0072793931933116006,0.08463529458159495,408.6326420851519,1.0,7.674374488066213,0.023671271570971663,0.007279386661737511,True,fixed,,,,64,0.9995356346676098,0.9995356346676098,-0.0004644731833606255,-0.0004644731833606255,True,,infinite_stale_prefix_max_all_pairs,uniform_arbitrary_stream_transfer
0,retrieval_frozen,sgd,4000,9904.240851134537,0.0072793931933116006,0.08463529458159495,408.6326420851519,1.0,7.674374488066213,0.023671271570971663,0.007279386661737511,True,fixed,,,,128,0.9995356346676098,0.9995356346676098,-0.0004644731833606255,-0.0004644731833606255,True,,infinite_stale_prefix_max_all_pairs,uniform_arbitrary_stream_transfer
0,retrieval_frozen,sgd,4000,9904.240851134537,0.0072793931933116006,0.08463529458159495,408.6326420851519,1.0,7.674374488066213,0.023671271570971663,0.007279386661737511,True,fixed,,,,256,0.9995356346676098,0.9995356346676098,-0.0004644731833606255,-0.0004644731833606255,True,,infinite_stale_prefix_max_all_pairs,uniform_arbitrary_stream_transfer
0,retrieval_frozen,sgd,4000,9904.240851134537,0.0072793931933116006,0.08463529458159495,408.6326420851519,1.0,7.674374488066213,0.023671271570971663,0.007279386661737511,True,fixed,,,,512,0.9995356346676098,0.9995356346676098,-0.0004644731833606255,-0.0004644731833606255,True,,infinite_stale_prefix_max_all_pairs,uniform_arbitrary_stream_transfer
0,retrieval_frozen,sgd,4000,9904.240851134537,0.0072793931933116006,0.08463529458159495,408.6326420851519,1.0,7.674374488066213,0.023671271570971663,0.007279386661737511,True,adaptive_theta,0.25,,,1,0.11630609331434641,0.23058830488209994,-2.1515298277573613,-1.4671213884692733,True,,infinite_stale_prefix_max_all_pairs,uniform_arbitrary_stream_transfer
0,retrieval_frozen,sgd,4000,9904.240851134537,0.0072793931933116006,0.08463529458159495,408.6326420851519,1.0,7.674374488066213,0.023671271570971663,0.007279386661737511,True,reference_theta,0.25,,,1,0.11630609331434641,0.23058830488209994,-2.1515298277573613,-1.4671213884692733,True,,infinite_stale_prefix_max_all_pairs,uniform_arbitrary_stream_transfer
0,retrieval_frozen,sgd,4000,9904.240851134537,0.0072793931933116006,0.08463529458159495,408.6326420851519,1.0,7.674374488066213,0.023671271570971663,0.007279386661737511,True,adaptive_theta,0.5,,,2,0.22355367140768817,0.38114487289703153,-1.4981037532310655,-0.9645757323055686,True,,infinite_stale_prefix_max_all_pairs,uniform_arbitrary_stream_transfer
0,retrieval_frozen,sgd,4000,9904.240851134537,0.0072793931933116006,0.08463529458159495,408.6326420851519,1.0,7.674374488066213,0.023671271570971663,0.007279386661737511,True,reference_theta,0.5,,,2,0.22355367140768817,0.38114487289703153,-1.4981037532310655,-0.9645757323055686,True,,infinite_stale_prefix_max_all_pairs,uniform_arbitrary_stream_transfer
0,retrieval_frozen,sgd,4000,9904.240851134537,0.0072793931933116006,0.08463529458159495,408.6326420851519,1.0,7.674374488066213,0.023671271570971663,0.007279386661737511,True,adaptive_theta,0.75,,,3,0.5888088637962906,0.7289702496920949,-0.5296536576789287,-0.31612235755643214,True,,infinite_stale_prefix_max_all_pairs,uniform_arbitrary_stream_transfer
0,retrieval_frozen,sgd,4000,9904.240851134537,0.0072793931933116006,0.08463529458159495,408.6326420851519,1.0,7.674374488066213,0.023671271570971663,0.007279386661737511,True,reference_theta,0.75,,,3,0.5888088637962906,0.7289702496920949,-0.5296536576789287,-0.31612235755643214,True,,infinite_stale_prefix_max_all_pairs,uniform_arbitrary_stream_transfer
0,retrieval_frozen,sgd,4000,9904.240851134537,0.0072793931933116006,0.08463529458159495,408.6326420851519,1.0,7.674374488066213,0.023671271570971663,0.007279386661737511,True,clock,,2,0.001,98094,0.9995356346676098,0.9995356346676098,-0.0004644731833606255,-0.0004644731833606255,True,,infinite_stale_prefix_max_all_pairs,uniform_arbitrary_stream_transfer
0,retrieval_frozen,sgd,4000,9904.240851134537,0.0072793931933116006,0.08463529458159495,408.6326420851519,1.0,7.674374488066213,0.023671271570971663,0.007279386661737511,True,clock,,2,0.003,294282,0.9995356346676098,0.9995356346676098,-0.0004644731833606255,-0.0004644731833606255,True,,infinite_stale_prefix_max_all_pairs,uniform_arbitrary_stream_transfer
0,retrieval_frozen,sgd,4000,9904.240851134537,0.0072793931933116006,0.08463529458159495,408.6326420851519,1.0,7.674374488066213,0.023671271570971663,0.007279386661737511,True,clock,,2,0.01,980940,0.9995356346676098,0.9995356346676098,-0.0004644731833606255,-0.0004644731833606255,True,,infinite_stale_prefix_max_all_pairs,uniform_arbitrary_stream_transfer
0,retrieval_frozen,sgd,4000,9904.240851134537,0.0072793931933116006,0.08463529458159495,408.6326420851519,1.0,7.674374488066213,0.023671271570971663,0.007279386661737511,True,clock,,2,0.03,2942820,0.9995356346676098,0.9995356346676098,-0.0004644731833606255,-0.0004644731833606255,True,,infinite_stale_prefix_max_all_pairs,uniform_arbitrary_stream_transfer
0,retrieval_frozen,sgd,4000,9904.240851134537,0.0072793931933116006,0.08463529458159495,408.6326420851519,1.0,7.674374488066213,0.023671271570971663,0.007279386661737511,True,clock,,2,0.1,9809399,0.9995356346676098,0.9995356346676098,-0.0004644731833606255,-0.0004644731833606255,True,,infinite_stale_prefix_max_all_pairs,uniform_arbitrary_stream_transfer
0,retrieval_frozen,sgd,5000,11299.626091843822,0.007279393220752257,0.08463529467133987,414.9402345578644,1.0,7.8569217064518995,0.022959435605100744,0.007279386661737511,True,fixed,,,,1,0.111439413036793,0.22001797423973304,-2.194274216602769,-1.514046034877432,True,,infinite_stale_prefix_max_all_pairs,uniform_arbitrary_stream_transfer
0,retrieval_frozen,sgd,5000,11299.626091843822,0.007279393220752257,0.08463529467133987,414.9402345578644,1.0,7.8569217064518995,0.022959435605100744,0.007279386661737511,True,fixed,,,,2,0.2128417996133268,0.3645343328654061,-1.5472061140495015,-1.009134540294542,True,,infinite_stale_prefix_max_all_pairs,uniform_arbitrary_stream_transfer
0,retrieval_frozen,sgd,5000,11299.626091843822,0.007279393220752257,0.08463529467133987,414.9402345578644,1.0,7.8569217064518995,0.022959435605100744,0.007279386661737511,True,fixed,,,,3,0.570519592180228,0.7136096429023343,-0.5612077681483378,-0.33741918477185523,True,,infinite_stale_prefix_max_all_pairs,uniform_arbitrary_stream_transfer
0,retrieval_frozen,sgd,5000,11299.626091843822,0.007279393220752257,0.08463529467133987,414.9402345578644,1.0,7.8569217064518995,0.022959435605100744,0.007279386661737511,True,fixed,,,,4,0.9377751399458957,0.9588215264150535,-0.06424508158621242,-0.04205032526065629,True,,infinite_stale_prefix_max_all_pairs,uniform_arbitrary_stream_transfer
0,retrieval_frozen,sgd,5000,11299.626091843822,0.007279393220752257,0.08463529467133987,414.9402345578644,1.0,7.8569217064518995,0.022959435605100744,0.007279386661737511,True,fixed,,,,5,0.9939922574513074,0.9952515188321456,-0.0060258616402986895,-0.004759791021844481,True,,infinite_stale_prefix_max_all_pairs,uniform_arbitrary_stream_transfer
0,retrieval_frozen,sgd,5000,11299.626091843822,0.007279393220752257,0.08463529467133987,414.9402345578644,1.0,7.8569217064518995,0.022959435605100744,0.007279386661737511,True,fixed,,,,8,0.999535677093216,0.9995430389422446,-0.0004644307380452377,-0.0004570654962770028,True,,infinite_stale_prefix_max_all_pairs,uniform_arbitrary_stream_transfer
0,retrieval_frozen,sgd,5000,11299.626091843822,0.007279393220752257,0.08463529467133987,414.9402345578644,1.0,7.8569217064518995,0.022959435605100744,0.007279386661737511,True,fixed,,,,16,0.9996130621313639,0.9996130642456219,-0.00038701274840966557,-0.00038701063333327035,True,,infinite_stale_prefix_max_all_pairs,uniform_arbitrary_stream_transfer
0,retrieval_frozen,sgd,5000,11299.626091843822,0.007279393220752257,0.08463529467133987,414.9402345578644,1.0,7.8569217064518995,0.022959435605100744,0.007279386661737511,True,fixed,,,,32,0.9996130862256628,0.9996130862256631,-0.00038698864478442084,-0.000386988644784183,True,,infinite_stale_prefix_max_all_pairs,uniform_arbitrary_stream_transfer
0,retrieval_frozen,sgd,5000,11299.626091843822,0.007279393220752257,0.08463529467133987,414.9402345578644,1.0,7.8569217064518995,0.022959435605100744,0.007279386661737511,True,fixed,,,,64,0.9996130862256656,0.9996130862256656,-0.00038698864478170844,-0.00038698864478170844,True,,infinite_stale_prefix_max_all_pairs,uniform_arbitrary_stream_transfer
0,retrieval_frozen,sgd,5000,11299.626091843822,0.007279393220752257,0.08463529467133987,414.9402345578644,1.0,7.8569217064518995,0.022959435605100744,0.007279386661737511,True,fixed,,,,128,0.9996130862256656,0.9996130862256656,-0.00038698864478170844,-0.00038698864478170844,True,,infinite_stale_prefix_max_all_pairs,uniform_arbitrary_stream_transfer
0,retrieval_frozen,sgd,5000,11299.626091843822,0.007279393220752257,0.08463529467133987,414.9402345578644,1.0,7.8569217064518995,0.022959435605100744,0.007279386661737511,True,fixed,,,,256,0.9996130862256656,0.9996130862256656,-0.00038698864478170844,-0.00038698864478170844,True,,infinite_stale_prefix_max_all_pairs,uniform_arbitrary_stream_transfer
0,retrieval_frozen,sgd,5000,11299.626091843822,0.007279393220752257,0.08463529467133987,414.9402345578644,1.0,7.8569217064518995,0.022959435605100744,0.007279386661737511,True,fixed,,,,512,0.9996130862256656,0.9996130862256656,-0.00038698864478170844,-0.00038698864478170844,True,,infinite_stale_prefix_max_all_pairs,uniform_arbitrary_stream_transfer
0,retrieval_frozen,sgd,5000,11299.626091843822,0.007279393220752257,0.08463529467133987,414.9402345578644,1.0,7.8569217064518995,0.022959435605100744,0.007279386661737511,True,adaptive_theta,0.25,,,1,0.111439413036793,0.22001797423973304,-2.194274216602769,-1.514046034877432,True,,infinite_stale_prefix_max_all_pairs,uniform_arbitrary_stream_transfer
0,retrieval_frozen,sgd,5000,11299.626091843822,0.007279393220752257,0.08463529467133987,414.9402345578644,1.0,7.8569217064518995,0.022959435605100744,0.007279386661737511,True,reference_theta,0.25,,,1,0.111439413036793,0.22001797423973304,-2.194274216602769,-1.514046034877432,True,,infinite_stale_prefix_max_all_pairs,uniform_arbitrary_stream_transfer
0,retrieval_frozen,sgd,5000,11299.626091843822,0.007279393220752257,0.08463529467133987,414.9402345578644,1.0,7.8569217064518995,0.022959435605100744,0.007279386661737511,True,adaptive_theta,0.5,,,2,0.2128417996133268,0.3645343328654061,-1.5472061140495015,-1.009134540294542,True,,infinite_stale_prefix_max_all_pairs,uniform_arbitrary_stream_transfer
0,retrieval_frozen,sgd,5000,11299.626091843822,0.007279393220752257,0.08463529467133987,414.9402345578644,1.0,7.8569217064518995,0.022959435605100744,0.007279386661737511,True,reference_theta,0.5,,,2,0.2128417996133268,0.3645343328654061,-1.5472061140495015,-1.009134540294542,True,,infinite_stale_prefix_max_all_pairs,uniform_arbitrary_stream_transfer
0,retrieval_frozen,sgd,5000,11299.626091843822,0.007279393220752257,0.08463529467133987,414.9402345578644,1.0,7.8569217064518995,0.022959435605100744,0.007279386661737511,True,adaptive_theta,0.75,,,3,0.570519592180228,0.7136096429023343,-0.5612077681483378,-0.33741918477185523,True,,infinite_stale_prefix_max_all_pairs,uniform_arbitrary_stream_transfer
0,retrieval_frozen,sgd,5000,11299.626091843822,0.007279393220752257,0.08463529467133987,414.9402345578644,1.0,7.8569217064518995,0.022959435605100744,0.007279386661737511,True,reference_theta,0.75,,,3,0.570519592180228,0.7136096429023343,-0.5612077681483378,-0.33741918477185523,True,,infinite_stale_prefix_max_all_pairs,uniform_arbitrary_stream_transfer
0,retrieval_frozen,sgd,5000,11299.626091843822,0.007279393220752257,0.08463529467133987,414.9402345578644,1.0,7.8569217064518995,0.022959435605100744,0.007279386661737511,True,clock,,2,0.001,127682,0.9996130862256656,0.9996130862256656,-0.00038698864478170844,-0.00038698864478170844,True,,infinite_stale_prefix_max_all_pairs,uniform_arbitrary_stream_transfer
0,retrieval_frozen,sgd,5000,11299.626091843822,0.007279393220752257,0.08463529467133987,414.9402345578644,1.0,7.8569217064518995,0.022959435605100744,0.007279386661737511,True,clock,,2,0.003,383045,0.9996130862256656,0.9996130862256656,-0.00038698864478170844,-0.00038698864478170844,True,,infinite_stale_prefix_max_all_pairs,uniform_arbitrary_stream_transfer
0,retrieval_frozen,sgd,5000,11299.626091843822,0.007279393220752257,0.08463529467133987,414.9402345578644,1.0,7.8569217064518995,0.022959435605100744,0.007279386661737511,True,clock,,2,0.01,1276816,0.9996130862256656,0.9996130862256656,-0.00038698864478170844,-0.00038698864478170844,True,,infinite_stale_prefix_max_all_pairs,uniform_arbitrary_stream_transfer
0,retrieval_frozen,sgd,5000,11299.626091843822,0.007279393220752257,0.08463529467133987,414.9402345578644,1.0,7.8569217064518995,0.022959435605100744,0.007279386661737511,True,clock,,2,0.03,3830447,0.9996130862256656,0.9996130862256656,-0.00038698864478170844,-0.00038698864478170844,True,,infinite_stale_prefix_max_all_pairs,uniform_arbitrary_stream_transfer
0,retrieval_frozen,sgd,5000,11299.626091843822,0.007279393220752257,0.08463529467133987,414.9402345578644,1.0,7.8569217064518995,0.022959435605100744,0.007279386661737511,True,clock,,2,0.1,12768155,0.9996130862256656,0.9996130862256656,-0.00038698864478170844,-0.00038698864478170844,True,,infinite_stale_prefix_max_all_pairs,uniform_arbitrary_stream_transfer
0,retrieval_frozen,sgd,6000,12529.964347562545,0.00727939323722291,0.0846352947252499,419.62459553605146,1.0,7.997277460060631,0.02241460416223817,0.007279386661737511,True,fixed,,,,1,0.1078195384253189,0.212158732208256,-2.227296389942375,-1.5504205476423125,True,,infinite_stale_prefix_max_all_pairs,uniform_arbitrary_stream_transfer
0,retrieval_frozen,sgd,6000,12529.964347562545,0.00727939323722291,0.0846352947252499,419.62459553605146,1.0,7.997277460060631,0.02241460416223817,0.007279386661737511,True,fixed,,,,2,0.20497311162210133,0.3521020246338053,-1.5848764712653416,-1.0438343026706494,True,,infinite_stale_prefix_max_all_pairs,uniform_arbitrary_stream_transfer
0,retrieval_frozen,sgd,6000,12529.964347562545,0.00727939323722291,0.0846352947252499,419.62459553605146,1.0,7.997277460060631,0.02241460416223817,0.007279386661737511,True,fixed,,,,3,0.5565445750314448,0.7015356851374263,-0.5860080125857919,-0.35448351097232295,True,,infinite_stale_prefix_max_all_pairs,uniform_arbitrary_stream_transfer
0,retrieval_frozen,sgd,6000,12529.964347562545,0.00727939323722291,0.0846352947252499,419.62459553605146,1.0,7.997277460060631,0.02241460416223817,0.007279386661737511,True,fixed,,,,4,0.9355470633971494,0.9574419573344564,-0.06662382625211904,-0.043490178736587254,True,,infinite_stale_prefix_max_all_pairs,uniform_arbitrary_stream_transfer
0,retrieval_frozen,sgd,6000,12529.964347562545,0.00727939323722291,0.0846352947252499,419.62459553605146,1.0,7.997277460060631,0.02241460416223817,0.007279386661737511,True,fixed,,,,5,0.9941207115703684,0.995372045522282,-0.005896639487190326,-0.004638696614602505,True,,infinite_stale_prefix_max_all_pairs,uniform_arbitrary_stream_transfer
0,retrieval_frozen,sgd,6000,12529.964347562545,0.00727939323722291,0.0846352947252499,419.62459553605146,1.0,7.997277460060631,0.02241460416223817,0.007279386661737511,True,fixed,,,,8,0.9995925735621654,0.999599216088516,-0.00040750945853646294,-0.0004008642468212828,True,,infinite_stale_prefix_max_all_pairs,uniform_arbitrary_stream_transfer
0,retrieval_frozen,sgd,6000,12529.964347562545,0.00727939323722291,0.0846352947252499,419.62459553605146,1.0,7.997277460060631,0.02241460416223817,0.007279386661737511,True,fixed,,,,16,0.9996637138741151,0.9996637157655107,-0.0003363426827440004,-0.0003363407907121345,True,,infinite_stale_prefix_max_all_pairs,uniform_arbitrary_stream_transfer
0,retrieval_frozen,sgd,6000,12529.964347562545,0.00727939323722291,0.0846352947252499,419.62459553605146,1.0,7.997277460060631,0.02241460416223817,0.007279386661737511,True,fixed,,,,32,0.9996637359288622,0.9996637359288624,-0.0003363206205779573,-0.00033632062057774406,True,,infinite_stale_prefix_max_all_pairs,uniform_arbitrary_stream_transfer
0,retrieval_frozen,sgd,6000,12529.964347562545,0.00727939323722291,0.0846352947252499,419.62459553605146,1.0,7.997277460060631,0.02241460416223817,0.007279386661737511,True,fixed,,,,64,0.9996637359288647,0.9996637359288647,-0.00033632062057547456,-0.00033632062057547456,True,,infinite_stale_prefix_max_all_pairs,uniform_arbitrary_stream_transfer
0,retrieval_frozen,sgd,6000,12529.964347562545,0.00727939323722291,0.0846352947252499,419.62459553605146,1.0,7.997277460060631,0.02241460416223817,0.007279386661737511,True,fixed,,,,128,0.9996637359288647,0.9996637359288647,-0.00033632062057547456,-0.00033632062057547456,True,,infinite_stale_prefix_max_all_pairs,uniform_arbitrary_stream_transfer
0,retrieval_frozen,sgd,6000,12529.964347562545,0.00727939323722291,0.0846352947252499,419.62459553605146,1.0,7.997277460060631,0.02241460416223817,0.007279386661737511,True,fixed,,,,256,0.9996637359288647,0.9996637359288647,-0.00033632062057547456,-0.00033632062057547456,True,,infinite_stale_prefix_max_all_pairs,uniform_arbitrary_stream_transfer
0,retrieval_frozen,sgd,6000,12529.964347562545,0.00727939323722291,0.0846352947252499,419.62459553605146,1.0,7.997277460060631,0.02241460416223817,0.007279386661737511,True,fixed,,,,512,0.9996637359288647,0.9996637359288647,-0.00033632062057547456,-0.00033632062057547456,True,,infinite_stale_prefix_max_all_pairs,uniform_arbitrary_stream_transfer
0,retrieval_frozen,sgd,6000,12529.964347562545,0.00727939323722291,0.0846352947252499,419.62459553605146,1.0,7.997277460060631,0.02241460416223817,0.007279386661737511,True,adaptive_theta,0.25,,,1,0.1078195384253189,0.212158732208256,-2.227296389942375,-1.5504205476423125,True,,infinite_stale_prefix_max_all_pairs,uniform_arbitrary_stream_transfer
0,retrieval_frozen,sgd,6000,12529.964347562545,0.00727939323722291,0.0846352947252499,419.62459553605146,1.0,7.997277460060631,0.02241460416223817,0.007279386661737511,True,reference_theta,0.25,,,1,0.1078195384253189,0.212158732208256,-2.227296389942375,-1.5504205476423125,True,,infinite_stale_prefix_max_all_pairs,uniform_arbitrary_stream_transfer
0,retrieval_frozen,sgd,6000,12529.964347562545,0.00727939323722291,0.0846352947252499,419.62459553605146,1.0,7.997277460060631,0.02241460416223817,0.007279386661737511,True,adaptive_theta,0.5,,,2,0.20497311162210133,0.3521020246338053,-1.5848764712653416,-1.0438343026706494,True,,infinite_stale_prefix_max_all_pairs,uniform_arbitrary_stream_transfer
0,retrieval_frozen,sgd,6000,12529.964347562545,0.00727939323722291,0.0846352947252499,419.62459553605146,1.0,7.997277460060631,0.02241460416223817,0.007279386661737511,True,reference_theta,0.5,,,2,0.20497311162210133,0.3521020246338053,-1.5848764712653416,-1.0438343026706494,True,,infinite_stale_prefix_max_all_pairs,uniform_arbitrary_stream_transfer
0,retrieval_frozen,sgd,6000,12529.964347562545,0.00727939323722291,0.0846352947252499,419.62459553605146,1.0,7.997277460060631,0.02241460416223817,0.007279386661737511,True,adaptive_theta,0.75,,,3,0.5565445750314448,0.7015356851374263,-0.5860080125857919,-0.35448351097232295,True,,infinite_stale_prefix_max_all_pairs,uniform_arbitrary_stream_transfer
0,retrieval_frozen,sgd,6000,12529.964347562545,0.00727939323722291,0.0846352947252499,419.62459553605146,1.0,7.997277460060631,0.02241460416223817,0.007279386661737511,True,reference_theta,0.75,,,3,0.5565445750314448,0.7015356851374263,-0.5860080125857919,-0.35448351097232295,True,,infinite_stale_prefix_max_all_pairs,uniform_arbitrary_stream_transfer
0,retrieval_frozen,sgd,6000,12529.964347562545,0.00727939323722291,0.0846352947252499,419.62459553605146,1.0,7.997277460060631,0.02241460416223817,0.007279386661737511,True,clock,,2,0.001,157001,0.9996637359288647,0.9996637359288647,-0.00033632062057547456,-0.00033632062057547456,True,,infinite_stale_prefix_max_all_pairs,uniform_arbitrary_stream_transfer
0,retrieval_frozen,sgd,6000,12529.964347562545,0.00727939323722291,0.0846352947252499,419.62459553605146,1.0,7.997277460060631,0.02241460416223817,0.007279386661737511,True,clock,,2,0.003,471001,0.9996637359288647,0.9996637359288647,-0.00033632062057547456,-0.00033632062057547456,True,,infinite_stale_prefix_max_all_pairs,uniform_arbitrary_stream_transfer
0,retrieval_frozen,sgd,6000,12529.964347562545,0.00727939323722291,0.0846352947252499,419.62459553605146,1.0,7.997277460060631,0.02241460416223817,0.007279386661737511,True,clock,,2,0.01,1570001,0.9996637359288647,0.9996637359288647,-0.00033632062057547456,-0.00033632062057547456,True,,infinite_stale_prefix_max_all_pairs,uniform_arbitrary_stream_transfer
0,retrieval_frozen,sgd,6000,12529.964347562545,0.00727939323722291,0.0846352947252499,419.62459553605146,1.0,7.997277460060631,0.02241460416223817,0.007279386661737511,True,clock,,2,0.03,4710001,0.9996637359288647,0.9996637359288647,-0.00033632062057547456,-0.00033632062057547456,True,,infinite_stale_prefix_max_all_pairs,uniform_arbitrary_stream_transfer
0,retrieval_frozen,sgd,6000,12529.964347562545,0.00727939323722291,0.0846352947252499,419.62459553605146,1.0,7.997277460060631,0.02241460416223817,0.007279386661737511,True,clock,,2,0.1,15700001,0.9996637359288647,0.9996637359288647,-0.00033632062057547456,-0.00033632062057547456,True,,infinite_stale_prefix_max_all_pairs,uniform_arbitrary_stream_transfer
0,retrieval_frozen,sgd,7000,13634.677401213725,0.007279393248038516,0.08463529476060777,423.3052476646432,1.0,8.110525468597366,0.021977429447390364,0.007279386661737511,True,fixed,,,,1,0.10497454052840353,0.20598462042114607,-2.254037429383559,-1.5799537711293907,True,,infinite_stale_prefix_max_all_pairs,uniform_arbitrary_stream_transfer
0,retrieval_frozen,sgd,7000,13634.677401213725,0.007279393248038516,0.08463529476060777,423.3052476646432,1.0,8.110525468597366,0.021977429447390364,0.007279386661737511,True,fixed,,,,2,0.19884568108434278,0.3422876232964923,-1.6152262270295195,-1.0721038915741548,True,,infinite_stale_prefix_max_all_pairs,uniform_arbitrary_stream_transfer
0,retrieval_frozen,sgd,7000,13634.677401213725,0.007279393248038516,0.08463529476060777,423.3052476646432,1.0,8.110525468597366,0.021977429447390364,0.007279386661737511,True,fixed,,,,3,0.5453362506536203,0.691637860030034,-0.6063527008925351,-0.36869278400210476,True,,infinite_stale_prefix_max_all_pairs,uniform_arbitrary_stream_transfer
0,retrieval_frozen,sgd,7000,13634.677401213725,0.007279393248038516,0.08463529476060777,423.3052476646432,1.0,8.110525468597366,0.021977429447390364,0.007279386661737511,True,fixed,,,,4,0.9336799147482551,0.9562711809800974,-0.06862160318528418,-0.04471374404215373,True,,infinite_stale_prefix_max_all_pairs,uniform_arbitrary_stream_transfer
0,retrieval_frozen,sgd,7000,13634.677401213725,0.007279393248038516,0.08463529476060777,423.3052476646432,1.0,8.110525468597366,0.021977429447390364,0.007279386661737511,True,fixed,,,,5,0.9942164708877439,0.9954614332916992,-0.005800318482589799,-0.004548897271333893,True,,infinite_stale_prefix_max_all_pairs,uniform_arbitrary_stream_transfer
0,retrieval_frozen,sgd,7000,13634.677401213725,0.007279393248038516,0.08463529476060777,423.3052476646432,1.0,8.110525468597366,0.021977429447390364,0.007279386661737511,True,fixed,,,,8,0.9996332949169092,0.9996394019290784,-0.00036677233584157034,-0.0003606631020398826,True,,infinite_stale_prefix_max_all_pairs,uniform_arbitrary_stream_transfer
0,retrieval_frozen,sgd,7000,13634.677401213725,0.007279393248038516,0.08463529476060777,423.3052476646432,1.0,8.110525468597366,0.021977429447390364,0.007279386661737511,True,fixed,,,,16,0.9996997086721476,0.9996997103987586,-0.00030033642432144604,-0.00030033469719180096,True,,infinite_stale_prefix_max_all_pairs,uniform_arbitrary_stream_transfer
0,retrieval_frozen,sgd,7000,13634.677401213725,0.007279393248038516,0.08463529476060777,423.3052476646432,1.0,8.110525468597366,0.021977429447390364,0.007279386661737511,True,fixed,,,,32,0.9996997291881969,0.999699729188197,-0.0003003159021097358,-0.0003003159021095422,True,,infinite_stale_prefix_max_all_pairs,uniform_arbitrary_stream_transfer
0,retrieval_frozen,sgd,7000,13634.677401213725,0.007279393248038516,0.08463529476060777,423.3052476646432,1.0,8.110525468597366,0.021977429447390364,0.007279386661737511,True,fixed,,,,64,0.9996997291881992,0.9996997291881992,-0.0003003159021074268,-0.0003003159021074268,True,,infinite_stale_prefix_max_all_pairs,uniform_arbitrary_stream_transfer
0,retrieval_frozen,sgd,7000,13634.677401213725,0.007279393248038516,0.08463529476060777,423.3052476646432,1.0,8.110525468597366,0.021977429447390364,0.007279386661737511,True,fixed,,,,128,0.9996997291881992,0.9996997291881992,-0.0003003159021074268,-0.0003003159021074268,True,,infinite_stale_prefix_max_all_pairs,uniform_arbitrary_stream_transfer
0,retrieval_frozen,sgd,7000,13634.677401213725,0.007279393248038516,0.08463529476060777,423.3052476646432,1.0,8.110525468597366,0.021977429447390364,0.007279386661737511,True,fixed,,,,256,0.9996997291881992,0.9996997291881992,-0.0003003159021074268,-0.0003003159021074268,True,,infinite_stale_prefix_max_all_pairs,uniform_arbitrary_stream_transfer
0,retrieval_frozen,sgd,7000,13634.677401213725,0.007279393248038516,0.08463529476060777,423.3052476646432,1.0,8.110525468597366,0.021977429447390364,0.007279386661737511,True,fixed,,,,512,0.9996997291881992,0.9996997291881992,-0.0003003159021074268,-0.0003003159021074268,True,,infinite_stale_prefix_max_all_pairs,uniform_arbitrary_stream_transfer
0,retrieval_frozen,sgd,7000,13634.677401213725,0.007279393248038516,0.08463529476060777,423.3052476646432,1.0,8.110525468597366,0.021977429447390364,0.007279386661737511,True,adaptive_theta,0.25,,,1,0.10497454052840353,0.20598462042114607,-2.254037429383559,-1.5799537711293907,True,,infinite_stale_prefix_max_all_pairs,uniform_arbitrary_stream_transfer
0,retrieval_frozen,sgd,7000,13634.677401213725,0.007279393248038516,0.08463529476060777,423.3052476646432,1.0,8.110525468597366,0.021977429447390364,0.007279386661737511,True,reference_theta,0.25,,,1,0.10497454052840353,0.20598462042114607,-2.254037429383559,-1.5799537711293907,True,,infinite_stale_prefix_max_all_pairs,uniform_arbitrary_stream_transfer
0,retrieval_frozen,sgd,7000,13634.677401213725,0.007279393248038516,0.08463529476060777,423.3052476646432,1.0,8.110525468597366,0.021977429447390364,0.007279386661737511,True,adaptive_theta,0.5,,,2,0.19884568108434278,0.3422876232964923,-1.6152262270295195,-1.0721038915741548,True,,infinite_stale_prefix_max_all_pairs,uniform_arbitrary_stream_transfer
0,retrieval_frozen,sgd,7000,13634.677401213725,0.007279393248038516,0.08463529476060777,423.3052476646432,1.0,8.110525468597366,0.021977429447390364,0.007279386661737511,True,reference_theta,0.5,,,2,0.19884568108434278,0.3422876232964923,-1.6152262270295195,-1.0721038915741548,True,,infinite_stale_prefix_max_all_pairs,uniform_arbitrary_stream_transfer
0,retrieval_frozen,sgd,7000,13634.677401213725,0.007279393248038516,0.08463529476060777,423.3052476646432,1.0,8.110525468597366,0.021977429447390364,0.007279386661737511,True,adaptive_theta,0.75,,,3,0.5453362506536203,0.691637860030034,-0.6063527008925351,-0.36869278400210476,True,,infinite_stale_prefix_max_all_pairs,uniform_arbitrary_stream_transfer
0,retrieval_frozen,sgd,7000,13634.677401213725,0.007279393248038516,0.08463529476060777,423.3052476646432,1.0,8.110525468597366,0.021977429447390364,0.007279386661737511,True,reference_theta,0.75,,,3,0.5453362506536203,0.691637860030034,-0.6063527008925351,-0.36869278400210476,True,,infinite_stale_prefix_max_all_pairs,uniform_arbitrary_stream_transfer
0,retrieval_frozen,sgd,7000,13634.677401213725,0.007279393248038516,0.08463529476060777,423.3052476646432,1.0,8.110525468597366,0.021977429447390364,0.007279386661737511,True,clock,,2,0.001,185905,0.9996997291881992,0.9996997291881992,-0.0003003159021074268,-0.0003003159021074268,True,,infinite_stale_prefix_max_all_pairs,uniform_arbitrary_stream_transfer
0,retrieval_frozen,sgd,7000,13634.677401213725,0.007279393248038516,0.08463529476060777,423.3052476646432,1.0,8.110525468597366,0.021977429447390364,0.007279386661737511,True,clock,,2,0.003,557714,0.9996997291881992,0.9996997291881992,-0.0003003159021074268,-0.0003003159021074268,True,,infinite_stale_prefix_max_all_pairs,uniform_arbitrary_stream_transfer
0,retrieval_frozen,sgd,7000,13634.677401213725,0.007279393248038516,0.08463529476060777,423.3052476646432,1.0,8.110525468597366,0.021977429447390364,0.007279386661737511,True,clock,,2,0.01,1859045,0.9996997291881992,0.9996997291881992,-0.0003003159021074268,-0.0003003159021074268,True,,infinite_stale_prefix_max_all_pairs,uniform_arbitrary_stream_transfer
0,retrieval_frozen,sgd,7000,13634.677401213725,0.007279393248038516,0.08463529476060777,423.3052476646432,1.0,8.110525468597366,0.021977429447390364,0.007279386661737511,True,clock,,2,0.03,5577133,0.9996997291881992,0.9996997291881992,-0.0003003159021074268,-0.0003003159021074268,True,,infinite_stale_prefix_max_all_pairs,uniform_arbitrary_stream_transfer
0,retrieval_frozen,sgd,7000,13634.677401213725,0.007279393248038516,0.08463529476060777,423.3052476646432,1.0,8.110525468597366,0.021977429447390364,0.007279386661737511,True,clock,,2,0.1,18590443,0.9996997291881992,0.9996997291881992,-0.0003003159021074268,-0.0003003159021074268,True,,infinite_stale_prefix_max_all_pairs,uniform_arbitrary_stream_transfer
0,retrieval_frozen,sgd,8000,14640.148099390584,0.007279393255580238,0.08463529478529244,426.3108102036383,1.0,8.204998559630987,0.021614815636456265,0.007279386661737511,True,fixed,,,,1,0.10265210408569184,0.2009470788171864,-2.276409638058571,-1.6047136950565524,True,,infinite_stale_prefix_max_all_pairs,uniform_arbitrary_stream_transfer
0,retrieval_frozen,sgd,8000,14640.148099390584,0.007279393255580238,0.08463529478529244,426.3108102036383,1.0,8.204998559630987,0.021614815636456265,0.007279386661737511,True,fixed,,,,2,0.19387986464344098,0.3342496078761519,-1.6405165661512702,-1.0958672361461672,True,,infinite_stale_prefix_max_all_pairs,uniform_arbitrary_stream_transfer
0,retrieval_frozen,sgd,8000,14640.148099390584,0.007279393255580238,0.08463529478529244,426.3108102036383,1.0,8.204998559630987,0.021614815636456265,0.007279386661737511,True,fixed,,,,3,0.53603933314348,0.6832816153437944,-0.6235477378733429,-0.38084818324477654,True,,infinite_stale_prefix_max_all_pairs,uniform_arbitrary_stream_transfer
0,retrieval_frozen,sgd,8000,14640.148099390584,0.007279393255580238,0.08463529478529244,426.3108102036383,1.0,8.204998559630987,0.021614815636456265,0.007279386661737511,True,fixed,,,,4,0.9320743859505006,0.9552544707671727,-0.07034265422984388,-0.04577751245967028,True,,infinite_stale_prefix_max_all_pairs,uniform_arbitrary_stream_transfer
0,retrieval_frozen,sgd,8000,14640.148099390584,0.007279393255580238,0.08463529478529244,426.3108102036383,1.0,8.204998559630987,0.021614815636456265,0.007279386661737511,True,fixed,,,,5,0.9942913233076189,0.99553100480645,-0.005725033467234117,-0.004479011004115804,True,,infinite_stale_prefix_max_all_pairs,uniform_arbitrary_stream_transfer
0,retrieval_frozen,sgd,8000,14640.148099390584,0.007279393255580238,0.08463529478529244,426.3108102036383,1.0,8.204998559630987,0.021614815636456265,0.007279386661737511,True,fixed,,,,8,0.999664094592523,0.9996697840037889,-0.0003359618363352114,-0.0003302705295186448,True,,infinite_stale_prefix_max_all_pairs,uniform_arbitrary_stream_transfer
0,retrieval_frozen,sgd,8000,14640.148099390584,0.007279393255580238,0.08463529478529244,426.3108102036383,1.0,8.204998559630987,0.021614815636456265,0.007279386661737511,True,fixed,,,,16,0.9997267712378191,0.9997267728366632,-0.000273266095959733,-0.00027326449667867183,True,,infinite_stale_prefix_max_all_pairs,uniform_arbitrary_stream_transfer
0,retrieval_frozen,sgd,8000,14640.148099390584,0.007279393255580238,0.08463529478529244,426.3108102036383,1.0,8.204998559630987,0.021614815636456265,0.007279386661737511,True,fixed,,,,32,0.9997267905405985,0.9997267905405988,-0.0002732467879049183,-0.0002732467879047382,True,,infinite_stale_prefix_max_all_pairs,uniform_arbitrary_stream_transfer
0,retrieval_frozen,sgd,8000,14640.148099390584,0.007279393255580238,0.08463529478529244,426.3108102036383,1.0,8.204998559630987,0.021614815636456265,0.007279386661737511,True,fixed,,,,64,0.9997267905406008,0.9997267905406008,-0.0002732467879027455,-0.0002732467879027455,True,,infinite_stale_prefix_max_all_pairs,uniform_arbitrary_stream_transfer
0,retrieval_frozen,sgd,8000,14640.148099390584,0.007279393255580238,0.08463529478529244,426.3108102036383,1.0,8.204998559630987,0.021614815636456265,0.007279386661737511,True,fixed,,,,128,0.9997267905406008,0.9997267905406008,-0.0002732467879027455,-0.0002732467879027455,True,,infinite_stale_prefix_max_all_pairs,uniform_arbitrary_stream_transfer
0,retrieval_frozen,sgd,8000,14640.148099390584,0.007279393255580238,0.08463529478529244,426.3108102036383,1.0,8.204998559630987,0.021614815636456265,0.007279386661737511,True,fixed,,,,256,0.9997267905406008,0.9997267905406008,-0.0002732467879027455,-0.0002732467879027455,True,,infinite_stale_prefix_max_all_pairs,uniform_arbitrary_stream_transfer
0,retrieval_frozen,sgd,8000,14640.148099390584,0.007279393255580238,0.08463529478529244,426.3108102036383,1.0,8.204998559630987,0.021614815636456265,0.007279386661737511,True,fixed,,,,512,0.9997267905406008,0.9997267905406008,-0.0002732467879027455,-0.0002732467879027455,True,,infinite_stale_prefix_max_all_pairs,uniform_arbitrary_stream_transfer
0,retrieval_frozen,sgd,8000,14640.148099390584,0.007279393255580238,0.08463529478529244,426.3108102036383,1.0,8.204998559630987,0.021614815636456265,0.007279386661737511,True,adaptive_theta,0.25,,,1,0.10265210408569184,0.2009470788171864,-2.276409638058571,-1.6047136950565524,True,,infinite_stale_prefix_max_all_pairs,uniform_arbitrary_stream_transfer
0,retrieval_frozen,sgd,8000,14640.148099390584,0.007279393255580238,0.08463529478529244,426.3108102036383,1.0,8.204998559630987,0.021614815636456265,0.007279386661737511,True,reference_theta,0.25,,,1,0.10265210408569184,0.2009470788171864,-2.276409638058571,-1.6047136950565524,True,,infinite_stale_prefix_max_all_pairs,uniform_arbitrary_stream_transfer
0,retrieval_frozen,sgd,8000,14640.148099390584,0.007279393255580238,0.08463529478529244,426.3108102036383,1.0,8.204998559630987,0.021614815636456265,0.007279386661737511,True,adaptive_theta,0.5,,,2,0.19387986464344098,0.3342496078761519,-1.6405165661512702,-1.0958672361461672,True,,infinite_stale_prefix_max_all_pairs,uniform_arbitrary_stream_transfer
0,retrieval_frozen,sgd,8000,14640.148099390584,0.007279393255580238,0.08463529478529244,426.3108102036383,1.0,8.204998559630987,0.021614815636456265,0.007279386661737511,True,reference_theta,0.5,,,2,0.19387986464344098,0.3342496078761519,-1.6405165661512702,-1.0958672361461672,True,,infinite_stale_prefix_max_all_pairs,uniform_arbitrary_stream_transfer
0,retrieval_frozen,sgd,8000,14640.148099390584,0.007279393255580238,0.08463529478529244,426.3108102036383,1.0,8.204998559630987,0.021614815636456265,0.007279386661737511,True,adaptive_theta,0.75,,,3,0.53603933314348,0.6832816153437944,-0.6235477378733429,-0.38084818324477654,True,,infinite_stale_prefix_max_all_pairs,uniform_arbitrary_stream_transfer
0,retrieval_frozen,sgd,8000,14640.148099390584,0.007279393255580238,0.08463529478529244,426.3108102036383,1.0,8.204998559630987,0.021614815636456265,0.007279386661737511,True,reference_theta,0.75,,,3,0.53603933314348,0.6832816153437944,-0.6235477378733429,-0.38084818324477654,True,,infinite_stale_prefix_max_all_pairs,uniform_arbitrary_stream_transfer
0,retrieval_frozen,sgd,8000,14640.148099390584,0.007279393255580238,0.08463529478529244,426.3108102036383,1.0,8.204998559630987,0.021614815636456265,0.007279386661737511,True,clock,,2,0.001,214334,0.9997267905406008,0.9997267905406008,-0.0002732467879027455,-0.0002732467879027455,True,,infinite_stale_prefix_max_all_pairs,uniform_arbitrary_stream_transfer
0,retrieval_frozen,sgd,8000,14640.148099390584,0.007279393255580238,0.08463529478529244,426.3108102036383,1.0,8.204998559630987,0.021614815636456265,0.007279386661737511,True,clock,,2,0.003,643002,0.9997267905406008,0.9997267905406008,-0.0002732467879027455,-0.0002732467879027455,True,,infinite_stale_prefix_max_all_pairs,uniform_arbitrary_stream_transfer
0,retrieval_frozen,sgd,8000,14640.148099390584,0.007279393255580238,0.08463529478529244,426.3108102036383,1.0,8.204998559630987,0.021614815636456265,0.007279386661737511,True,clock,,2,0.01,2143340,0.9997267905406008,0.9997267905406008,-0.0002732467879027455,-0.0002732467879027455,True,,infinite_stale_prefix_max_all_pairs,uniform_arbitrary_stream_transfer
0,retrieval_frozen,sgd,8000,14640.148099390584,0.007279393255580238,0.08463529478529244,426.3108102036383,1.0,8.204998559630987,0.021614815636456265,0.007279386661737511,True,clock,,2,0.03,6430019,0.9997267905406008,0.9997267905406008,-0.0002732467879027455,-0.0002732467879027455,True,,infinite_stale_prefix_max_all_pairs,uniform_arbitrary_stream_transfer
0,retrieval_frozen,sgd,8000,14640.148099390584,0.007279393255580238,0.08463529478529244,426.3108102036383,1.0,8.204998559630987,0.021614815636456265,0.007279386661737511,True,clock,,2,0.1,21433394,0.9997267905406008,0.9997267905406008,-0.0002732467879027455,-0.0002732467879027455,True,,infinite_stale_prefix_max_all_pairs,uniform_arbitrary_stream_transfer
0,retrieval_frozen,sgd,9000,15564.976118559222,0.007279393261089616,0.0846352948032855,428.83504755682594,1.0,8.285760932334505,0.021306575242833126,0.007279386661737511,True,fixed,,,,1,0.10070291186941571,0.19672132796349148,-2.295580563395492,-1.6259671305708994,True,,infinite_stale_prefix_max_all_pairs,uniform_arbitrary_stream_transfer
0,retrieval_frozen,sgd,9000,15564.976118559222,0.007279393261089616,0.0846352948032855,428.83504755682594,1.0,8.285760932334505,0.021306575242833126,0.007279386661737511,True,fixed,,,,2,0.1897365867106237,0.3274862500778637,-1.6621185544770773,-1.1163092092832767,True,,infinite_stale_prefix_max_all_pairs,uniform_arbitrary_stream_transfer
0,retrieval_frozen,sgd,9000,15564.976118559222,0.007279393261089616,0.0846352948032855,428.83504755682594,1.0,8.285760932334505,0.021306575242833126,0.007279386661737511,True,fixed,,,,3,0.5281336775660035,0.6760705745147819,-0.6384058501114765,-0.39145780821869575,True,,infinite_stale_prefix_max_all_pairs,uniform_arbitrary_stream_transfer
0,retrieval_frozen,sgd,9000,15564.976118559222,0.007279393261089616,0.0846352948032855,428.83504755682594,1.0,8.285760932334505,0.021306575242833126,0.007279386661737511,True,fixed,,,,4,0.9306668521380181,0.9543559659671509,-0.0718539044793021,-0.04671854718491404,True,,infinite_stale_prefix_max_all_pairs,uniform_arbitrary_stream_transfer
0,retrieval_frozen,sgd,9000,15564.976118559222,0.007279393261089616,0.0846352948032855,428.83504755682594,1.0,8.285760932334505,0.021306575242833126,0.007279386661737511,True,fixed,,,,5,0.9943518707777613,0.9955870749033874,-0.0056641402206817565,-0.004422690791343343,True,,infinite_stale_prefix_max_all_pairs,uniform_arbitrary_stream_transfer
0,retrieval_frozen,sgd,9000,15564.976118559222,0.007279393261089616,0.0846352948032855,428.83504755682594,1.0,8.285760932334505,0.021306575242833126,0.007279386661737511,True,fixed,,,,8,0.9996883386611687,0.9996936911660721,-0.0003117099153196064,-0.0003063557560607594,True,,infinite_stale_prefix_max_all_pairs,uniform_arbitrary_stream_transfer
0,retrieval_frozen,sgd,9000,15564.976118559222,0.007279393261089616,0.0846352948032855,428.83504755682594,1.0,8.285760932334505,0.021306575242833126,0.007279386661737511,True,fixed,,,,16,0.9997479644255305,0.9997479659218029,-0.0002520673407725461,-0.0002520658441228158,True,,infinite_stale_prefix_max_all_pairs,uniform_arbitrary_stream_transfer
0,retrieval_frozen,sgd,9000,15564.976118559222,0.007279393261089616,0.0846352948032855,428.83504755682594,1.0,8.285760932334505,0.021306575242833126,0.007279386661737511,True,fixed,,,,32,0.9997479827401545,0.9997479827401546,-0.00025204902153157845,-0.00025204902153141013,True,,infinite_stale_prefix_max_all_pairs,uniform_arbitrary_stream_transfer
0,retrieval_frozen,sgd,9000,15564.976118559222,0.007279393261089616,0.0846352948032855,428.83504755682594,1.0,8.285760932334505,0.021306575242833126,0.007279386661737511,True,fixed,,,,64,0.9997479827401565,0.9997479827401565,-0.00025204902152951695,-0.00025204902152951695,True,,infinite_stale_prefix_max_all_pairs,uniform_arbitrary_stream_transfer
0,retrieval_frozen,sgd,9000,15564.976118559222,0.007279393261089616,0.0846352948032855,428.83504755682594,1.0,8.285760932334505,0.021306575242833126,0.007279386661737511,True,fixed,,,,128,0.9997479827401565,0.9997479827401565,-0.00025204902152951695,-0.00025204902152951695,True,,infinite_stale_prefix_max_all_pairs,uniform_arbitrary_stream_transfer
0,retrieval_frozen,sgd,9000,15564.976118559222,0.007279393261089616,0.0846352948032855,428.83504755682594,1.0,8.285760932334505,0.021306575242833126,0.007279386661737511,True,fixed,,,,256,0.9997479827401565,0.9997479827401565,-0.00025204902152951695,-0.00025204902152951695,True,,infinite_stale_prefix_max_all_pairs,uniform_arbitrary_stream_transfer
0,retrieval_frozen,sgd,9000,15564.976118559222,0.007279393261089616,0.0846352948032855,428.83504755682594,1.0,8.285760932334505,0.021306575242833126,0.007279386661737511,True,fixed,,,,512,0.9997479827401565,0.9997479827401565,-0.00025204902152951695,-0.00025204902152951695,True,,infinite_stale_prefix_max_all_pairs,uniform_arbitrary_stream_transfer
0,retrieval_frozen,sgd,9000,15564.976118559222,0.007279393261089616,0.0846352948032855,428.83504755682594,1.0,8.285760932334505,0.021306575242833126,0.007279386661737511,True,adaptive_theta,0.25,,,1,0.10070291186941571,0.19672132796349148,-2.295580563395492,-1.6259671305708994,True,,infinite_stale_prefix_max_all_pairs,uniform_arbitrary_stream_transfer
0,retrieval_frozen,sgd,9000,15564.976118559222,0.007279393261089616,0.0846352948032855,428.83504755682594,1.0,8.285760932334505,0.021306575242833126,0.007279386661737511,True,reference_theta,0.25,,,1,0.10070291186941571,0.19672132796349148,-2.295580563395492,-1.6259671305708994,True,,infinite_stale_prefix_max_all_pairs,uniform_arbitrary_stream_transfer
0,retrieval_frozen,sgd,9000,15564.976118559222,0.007279393261089616,0.0846352948032855,428.83504755682594,1.0,8.285760932334505,0.021306575242833126,0.007279386661737511,True,adaptive_theta,0.5,,,2,0.1897365867106237,0.3274862500778637,-1.6621185544770773,-1.1163092092832767,True,,infinite_stale_prefix_max_all_pairs,uniform_arbitrary_stream_transfer
0,retrieval_frozen,sgd,9000,15564.976118559222,0.007279393261089616,0.0846352948032855,428.83504755682594,1.0,8.285760932334505,0.021306575242833126,0.007279386661737511,True,reference_theta,0.5,,,2,0.1897365867106237,0.3274862500778637,-1.6621185544770773,-1.1163092092832767,True,,infinite_stale_prefix_max_all_pairs,uniform_arbitrary_stream_transfer
0,retrieval_frozen,sgd,9000,15564.976118559222,0.007279393261089616,0.0846352948032855,428.83504755682594,1.0,8.285760932334505,0.021306575242833126,0.007279386661737511,True,adaptive_theta,0.75,,,3,0.5281336775660035,0.6760705745147819,-0.6384058501114765,-0.39145780821869575,True,,infinite_stale_prefix_max_all_pairs,uniform_arbitrary_stream_transfer
0,retrieval_frozen,sgd,9000,15564.976118559222,0.007279393261089616,0.0846352948032855,428.83504755682594,1.0,8.285760932334505,0.021306575242833126,0.007279386661737511,True,reference_theta,0.75,,,3,0.5281336775660035,0.6760705745147819,-0.6384058501114765,-0.39145780821869575,True,,infinite_stale_prefix_max_all_pairs,uniform_arbitrary_stream_transfer
0,retrieval_frozen,sgd,9000,15564.976118559222,0.007279393261089616,0.0846352948032855,428.83504755682594,1.0,8.285760932334505,0.021306575242833126,0.007279386661737511,True,clock,,2,0.001,242269,0.9997479827401565,0.9997479827401565,-0.00025204902152951695,-0.00025204902152951695,True,,infinite_stale_prefix_max_all_pairs,uniform_arbitrary_stream_transfer
0,retrieval_frozen,sgd,9000,15564.976118559222,0.007279393261089616,0.0846352948032855,428.83504755682594,1.0,8.285760932334505,0.021306575242833126,0.007279386661737511,True,clock,,2,0.003,726806,0.9997479827401565,0.9997479827401565,-0.00025204902152951695,-0.00025204902152951695,True,,infinite_stale_prefix_max_all_pairs,uniform_arbitrary_stream_transfer
0,retrieval_frozen,sgd,9000,15564.976118559222,0.007279393261089616,0.0846352948032855,428.83504755682594,1.0,8.285760932334505,0.021306575242833126,0.007279386661737511,True,clock,,2,0.01,2422685,0.9997479827401565,0.9997479827401565,-0.00025204902152951695,-0.00025204902152951695,True,,infinite_stale_prefix_max_all_pairs,uniform_arbitrary_stream_transfer
0,retrieval_frozen,sgd,9000,15564.976118559222,0.007279393261089616,0.0846352948032855,428.83504755682594,1.0,8.285760932334505,0.021306575242833126,0.007279386661737511,True,clock,,2,0.03,7268055,0.9997479827401565,0.9997479827401565,-0.00025204902152951695,-0.00025204902152951695,True,,infinite_stale_prefix_max_all_pairs,uniform_arbitrary_stream_transfer
0,retrieval_frozen,sgd,9000,15564.976118559222,0.007279393261089616,0.0846352948032855,428.83504755682594,1.0,8.285760932334505,0.021306575242833126,0.007279386661737511,True,clock,,2,0.1,24226849,0.9997479827401565,0.9997479827401565,-0.00025204902152951695,-0.00025204902152951695,True,,infinite_stale_prefix_max_all_pairs,uniform_arbitrary_stream_transfer
0,retrieval_frozen,sgd,10000,16422.80840538935,0.007279393265257556,0.0846352948169192,431.0008758731233,1.0,8.356106539231332,0.02103955587204777,0.007279386661737511,True,fixed,,,,1,0.09903198032297185,0.19310071565602027,-2.3123124474462835,-1.6445433834125356,True,,infinite_stale_prefix_max_all_pairs,uniform_arbitrary_stream_transfer
0,retrieval_frozen,sgd,10000,16422.80840538935,0.007279393265257556,0.0846352948169192,431.0008758731233,1.0,8.356106539231332,0.02103955587204777,0.007279386661737511,True,fixed,,,,2,0.18620217335199474,0.3216766005874392,-1.6809222420698309,-1.1342085841328688,True,,infinite_stale_prefix_max_all_pairs,uniform_arbitrary_stream_transfer
0,retrieval_frozen,sgd,10000,16422.80840538935,0.007279393265257556,0.0846352948169192,431.0008758731233,1.0,8.356106539231332,0.02103955587204777,0.007279386661737511,True,fixed,,,,3,0.5212813071863414,0.6697414719939645,-0.6514654459243838,-0.40086350375686647,True,,infinite_stale_prefix_max_all_pairs,uniform_arbitrary_stream_transfer
0,retrieval_frozen,sgd,10000,16422.80840538935,0.007279393265257556,0.0846352948169192,431.0008758731233,1.0,8.356106539231332,0.02103955587204777,0.007279386661737511,True,fixed,,,,4,0.9294142034258135,0.9535509518421519,-0.0732007800875711,-0.04756241872314986,True,,infinite_stale_prefix_max_all_pairs,uniform_arbitrary_stream_transfer
0,retrieval_frozen,sgd,10000,16422.80840538935,0.007279393265257556,0.0846352948169192,431.0008758731233,1.0,8.356106539231332,0.02103955587204777,0.007279386661737511,True,fixed,,,,5,0.9944021304586883,0.9956334713480999,-0.005613596331486414,-0.004376089780914544,True,,infinite_stale_prefix_max_all_pairs,uniform_arbitrary_stream_transfer
0,retrieval_frozen,sgd,10000,16422.80840538935,0.007279393265257556,0.0846352948169192,431.0008758731233,1.0,8.356106539231332,0.02103955587204777,0.007279386661737511,True,fixed,,,,8,0.9997080069071447,0.9997130804604017,-0.0002920357311387749,-0.0002869607088844235,True,,infinite_stale_prefix_max_all_pairs,uniform_arbitrary_stream_transfer
0,retrieval_frozen,sgd,10000,16422.80840538935,0.007279393265257556,0.0846352948169192,431.0008758731233,1.0,8.356106539231332,0.02103955587204777,0.007279386661737511,True,fixed,,,,16,0.9997650803498886,0.9997650817615995,-0.0002349472480546249,-0.00023494583601203558,True,,infinite_stale_prefix_max_all_pairs,uniform_arbitrary_stream_transfer
0,retrieval_frozen,sgd,10000,16422.80840538935,0.007279393265257556,0.0846352948169192,431.0008758731233,1.0,8.356106539231332,0.02103955587204777,0.007279386661737511,True,fixed,,,,32,0.999765097839539,0.9997650978395393,-0.00023492975429472416,-0.0002349297542945652,True,,infinite_stale_prefix_max_all_pairs,uniform_arbitrary_stream_transfer
0,retrieval_frozen,sgd,10000,16422.80840538935,0.007279393265257556,0.0846352948169192,431.0008758731233,1.0,8.356106539231332,0.02103955587204777,0.007279386661737511,True,fixed,,,,64,0.999765097839541,0.999765097839541,-0.00023492975429275547,-0.00023492975429275547,True,,infinite_stale_prefix_max_all_pairs,uniform_arbitrary_stream_transfer
0,retrieval_frozen,sgd,10000,16422.80840538935,0.007279393265257556,0.0846352948169192,431.0008758731233,1.0,8.356106539231332,0.02103955587204777,0.007279386661737511,True,fixed,,,,128,0.999765097839541,0.999765097839541,-0.00023492975429275547,-0.00023492975429275547,True,,infinite_stale_prefix_max_all_pairs,uniform_arbitrary_stream_transfer
0,retrieval_frozen,sgd,10000,16422.80840538935,0.007279393265257556,0.0846352948169192,431.0008758731233,1.0,8.356106539231332,0.02103955587204777,0.007279386661737511,True,fixed,,,,256,0.999765097839541,0.999765097839541,-0.00023492975429275547,-0.00023492975429275547,True,,infinite_stale_prefix_max_all_pairs,uniform_arbitrary_stream_transfer
0,retrieval_frozen,sgd,10000,16422.80840538935,0.007279393265257556,0.0846352948169192,431.0008758731233,1.0,8.356106539231332,0.02103955587204777,0.007279386661737511,True,fixed,,,,512,0.999765097839541,0.999765097839541,-0.00023492975429275547,-0.00023492975429275547,True,,infinite_stale_prefix_max_all_pairs,uniform_arbitrary_stream_transfer
0,retrieval_frozen,sgd,10000,16422.80840538935,0.007279393265257556,0.0846352948169192,431.0008758731233,1.0,8.356106539231332,0.02103955587204777,0.007279386661737511,True,adaptive_theta,0.25,,,1,0.09903198032297185,0.19310071565602027,-2.3123124474462835,-1.6445433834125356,True,,infinite_stale_prefix_max_all_pairs,uniform_arbitrary_stream_transfer
0,retrieval_frozen,sgd,10000,16422.80840538935,0.007279393265257556,0.0846352948169192,431.0008758731233,1.0,8.356106539231332,0.02103955587204777,0.007279386661737511,True,reference_theta,0.25,,,1,0.09903198032297185,0.19310071565602027,-2.3123124474462835,-1.6445433834125356,True,,infinite_stale_prefix_max_all_pairs,uniform_arbitrary_stream_transfer
0,retrieval_frozen,sgd,10000,16422.80840538935,0.007279393265257556,0.0846352948169192,431.0008758731233,1.0,8.356106539231332,0.02103955587204777,0.007279386661737511,True,adaptive_theta,0.5,,,2,0.18620217335199474,0.3216766005874392,-1.6809222420698309,-1.1342085841328688,True,,infinite_stale_prefix_max_all_pairs,uniform_arbitrary_stream_transfer
0,retrieval_frozen,sgd,10000,16422.80840538935,0.007279393265257556,0.0846352948169192,431.0008758731233,1.0,8.356106539231332,0.02103955587204777,0.007279386661737511,True,reference_theta,0.5,,,2,0.18620217335199474,0.3216766005874392,-1.6809222420698309,-1.1342085841328688,True,,infinite_stale_prefix_max_all_pairs,uniform_arbitrary_stream_transfer
0,retrieval_frozen,sgd,10000,16422.80840538935,0.007279393265257556,0.0846352948169192,431.0008758731233,1.0,8.356106539231332,0.02103955587204777,0.007279386661737511,True,adaptive_theta,0.75,,,3,0.5212813071863414,0.6697414719939645,-0.6514654459243838,-0.40086350375686647,True,,infinite_stale_prefix_max_all_pairs,uniform_arbitrary_stream_transfer
0,retrieval_frozen,sgd,10000,16422.80840538935,0.007279393265257556,0.0846352948169192,431.0008758731233,1.0,8.356106539231332,0.02103955587204777,0.007279386661737511,True,reference_theta,0.75,,,3,0.5212813071863414,0.6697414719939645,-0.6514654459243838,-0.40086350375686647,True,,infinite_stale_prefix_max_all_pairs,uniform_arbitrary_stream_transfer
0,retrieval_frozen,sgd,10000,16422.80840538935,0.007279393265257556,0.0846352948169192,431.0008758731233,1.0,8.356106539231332,0.02103955587204777,0.007279386661737511,True,clock,,2,0.001,269709,0.999765097839541,0.999765097839541,-0.00023492975429275547,-0.00023492975429275547,True,,infinite_stale_prefix_max_all_pairs,uniform_arbitrary_stream_transfer
0,retrieval_frozen,sgd,10000,16422.80840538935,0.007279393265257556,0.0846352948169192,431.0008758731233,1.0,8.356106539231332,0.02103955587204777,0.007279386661737511,True,clock,,2,0.003,809126,0.999765097839541,0.999765097839541,-0.00023492975429275547,-0.00023492975429275547,True,,infinite_stale_prefix_max_all_pairs,uniform_arbitrary_stream_transfer
0,retrieval_frozen,sgd,10000,16422.80840538935,0.007279393265257556,0.0846352948169192,431.0008758731233,1.0,8.356106539231332,0.02103955587204777,0.007279386661737511,True,clock,,2,0.01,2697087,0.999765097839541,0.999765097839541,-0.00023492975429275547,-0.00023492975429275547,True,,infinite_stale_prefix_max_all_pairs,uniform_arbitrary_stream_transfer
0,retrieval_frozen,sgd,10000,16422.80840538935,0.007279393265257556,0.0846352948169192,431.0008758731233,1.0,8.356106539231332,0.02103955587204777,0.007279386661737511,True,clock,,2,0.03,8091260,0.999765097839541,0.999765097839541,-0.00023492975429275547,-0.00023492975429275547,True,,infinite_stale_prefix_max_all_pairs,uniform_arbitrary_stream_transfer
0,retrieval_frozen,sgd,10000,16422.80840538935,0.007279393265257556,0.0846352948169192,431.0008758731233,1.0,8.356106539231332,0.02103955587204777,0.007279386661737511,True,clock,,2,0.1,26970864,0.999765097839541,0.999765097839541,-0.00023492975429275547,-0.00023492975429275547,True,,infinite_stale_prefix_max_all_pairs,uniform_arbitrary_stream_transfer
0,retrieval_frozen,sgd,11000,17223.98011750906,0.007279393268503324,0.08463529482753344,432.89057151775404,1.0,8.41829017927306,0.020804744933091007,0.007279386661737511,True,fixed,,,,1,0.09757551647922635,0.189946465045402,-2.3271286727782874,-1.661013009443217,True,,infinite_stale_prefix_max_all_pairs,uniform_arbitrary_stream_transfer
0,retrieval_frozen,sgd,11000,17223.98011750906,0.007279393268503324,0.08463529482753344,432.89057151775404,1.0,8.41829017927306,0.020804744933091007,0.007279386661737511,True,fixed,,,,2,0.18313430829351557,0.31660429641631566,-1.6975354702308625,-1.1501025611398883,True,,infinite_stale_prefix_max_all_pairs,uniform_arbitrary_stream_transfer
0,retrieval_frozen,sgd,11000,17223.98011750906,0.007279393268503324,0.08463529482753344,432.89057151775404,1.0,8.41829017927306,0.020804744933091007,0.007279386661737511,True,fixed,,,,3,0.5152516274379955,0.6641113866649484,-0.6630999006760514,-0.4093053925729007,True,,infinite_stale_prefix_max_all_pairs,uniform_arbitrary_stream_transfer
0,retrieval_frozen,sgd,11000,17223.98011750906,0.007279393268503324,0.08463529482753344,432.89057151775404,1.0,8.41829017927306,0.020804744933091007,0.007279386661737511,True,fixed,,,,4,0.9282860716666635,0.952821788954071,-0.07441532681822881,-0.04832739286281817,True,,infinite_stale_prefix_max_all_pairs,uniform_arbitrary_stream_transfer
0,retrieval_frozen,sgd,11000,17223.98011750906,0.007279393268503324,0.08463529482753344,432.89057151775404,1.0,8.41829017927306,0.020804744933091007,0.007279386661737511,True,fixed,,,,5,0.994444711657682,0.9956726695585448,-0.00557077634344258,-0.004336720434690154,True,,infinite_stale_prefix_max_all_pairs,uniform_arbitrary_stream_transfer
0,retrieval_frozen,sgd,11000,17223.98011750906,0.007279393268503324,0.08463529482753344,432.89057151775404,1.0,8.41829017927306,0.020804744933091007,0.007279386661737511,True,fixed,,,,8,0.9997243434983598,0.9997291813079368,-0.00027569450187716455,-0.00027085537006743635,True,,infinite_stale_prefix_max_all_pairs,uniform_arbitrary_stream_transfer
0,retrieval_frozen,sgd,11000,17223.98011750906,0.007279393268503324,0.08463529482753344,432.89057151775404,1.0,8.41829017927306,0.020804744933091007,0.007279386661737511,True,fixed,,,,16,0.9997792401061963,0.9997792414467174,-0.0002207842648558332,-0.0002207829240388307,True,,infinite_stale_prefix_max_all_pairs,uniform_arbitrary_stream_transfer
0,retrieval_frozen,sgd,11000,17223.98011750906,0.007279393268503324,0.08463529482753344,432.89057151775404,1.0,8.41829017927306,0.020804744933091007,0.007279386661737511,True,fixed,,,,32,0.9997792568935303,0.9997792568935305,-0.0002207674738152013,-0.00022076747381505031,True,,infinite_stale_prefix_max_all_pairs,uniform_arbitrary_stream_transfer
0,retrieval_frozen,sgd,11000,17223.98011750906,0.007279393268503324,0.08463529482753344,432.89057151775404,1.0,8.41829017927306,0.020804744933091007,0.007279386661737511,True,fixed,,,,64,0.9997792568935322,0.9997792568935322,-0.00022076747381331166,-0.00022076747381331166,True,,infinite_stale_prefix_max_all_pairs,uniform_arbitrary_stream_transfer
0,retrieval_frozen,sgd,11000,17223.98011750906,0.007279393268503324,0.08463529482753344,432.89057151775404,1.0,8.41829017927306,0.020804744933091007,0.007279386661737511,True,fixed,,,,128,0.9997792568935322,0.9997792568935322,-0.00022076747381331166,-0.00022076747381331166,True,,infinite_stale_prefix_max_all_pairs,uniform_arbitrary_stream_transfer
0,retrieval_frozen,sgd,11000,17223.98011750906,0.007279393268503324,0.08463529482753344,432.89057151775404,1.0,8.41829017927306,0.020804744933091007,0.007279386661737511,True,fixed,,,,256,0.9997792568935322,0.9997792568935322,-0.00022076747381331166,-0.00022076747381331166,True,,infinite_stale_prefix_max_all_pairs,uniform_arbitrary_stream_transfer
0,retrieval_frozen,sgd,11000,17223.98011750906,0.007279393268503324,0.08463529482753344,432.89057151775404,1.0,8.41829017927306,0.020804744933091007,0.007279386661737511,True,fixed,,,,512,0.9997792568935322,0.9997792568935322,-0.00022076747381331166,-0.00022076747381331166,True,,infinite_stale_prefix_max_all_pairs,uniform_arbitrary_stream_transfer
0,retrieval_frozen,sgd,11000,17223.98011750906,0.007279393268503324,0.08463529482753344,432.89057151775404,1.0,8.41829017927306,0.020804744933091007,0.007279386661737511,True,adaptive_theta,0.25,,,1,0.09757551647922635,0.189946465045402,-2.3271286727782874,-1.661013009443217,True,,infinite_stale_prefix_max_all_pairs,uniform_arbitrary_stream_transfer
0,retrieval_frozen,sgd,11000,17223.98011750906,0.007279393268503324,0.08463529482753344,432.89057151775404,1.0,8.41829017927306,0.020804744933091007,0.007279386661737511,True,reference_theta,0.25,,,1,0.09757551647922635,0.189946465045402,-2.3271286727782874,-1.661013009443217,True,,infinite_stale_prefix_max_all_pairs,uniform_arbitrary_stream_transfer
0,retrieval_frozen,sgd,11000,17223.98011750906,0.007279393268503324,0.08463529482753344,432.89057151775404,1.0,8.41829017927306,0.020804744933091007,0.007279386661737511,True,adaptive_theta,0.5,,,2,0.18313430829351557,0.31660429641631566,-1.6975354702308625,-1.1501025611398883,True,,infinite_stale_prefix_max_all_pairs,uniform_arbitrary_stream_transfer
0,retrieval_frozen,sgd,11000,17223.98011750906,0.007279393268503324,0.08463529482753344,432.89057151775404,1.0,8.41829017927306,0.020804744933091007,0.007279386661737511,True,reference_theta,0.5,,,2,0.18313430829351557,0.31660429641631566,-1.6975354702308625,-1.1501025611398883,True,,infinite_stale_prefix_max_all_pairs,uniform_arbitrary_stream_transfer
0,retrieval_frozen,sgd,11000,17223.98011750906,0.007279393268503324,0.08463529482753344,432.89057151775404,1.0,8.41829017927306,0.020804744933091007,0.007279386661737511,True,adaptive_theta,0.75,,,3,0.5152516274379955,0.6641113866649484,-0.6630999006760514,-0.4093053925729007,True,,infinite_stale_prefix_max_all_pairs,uniform_arbitrary_stream_transfer
0,retrieval_frozen,sgd,11000,17223.98011750906,0.007279393268503324,0.08463529482753344,432.89057151775404,1.0,8.41829017927306,0.020804744933091007,0.007279386661737511,True,reference_theta,0.75,,,3,0.5152516274379955,0.6641113866649484,-0.6630999006760514,-0.4093053925729007,True,,infinite_stale_prefix_max_all_pairs,uniform_arbitrary_stream_transfer
0,retrieval_frozen,sgd,11000,17223.98011750906,0.007279393268503324,0.08463529482753344,432.89057151775404,1.0,8.41829017927306,0.020804744933091007,0.007279386661737511,True,clock,,2,0.001,296666,0.9997792568935322,0.9997792568935322,-0.00022076747381331166,-0.00022076747381331166,True,,infinite_stale_prefix_max_all_pairs,uniform_arbitrary_stream_transfer
0,retrieval_frozen,sgd,11000,17223.98011750906,0.007279393268503324,0.08463529482753344,432.89057151775404,1.0,8.41829017927306,0.020804744933091007,0.007279386661737511,True,clock,,2,0.003,889997,0.9997792568935322,0.9997792568935322,-0.00022076747381331166,-0.00022076747381331166,True,,infinite_stale_prefix_max_all_pairs,uniform_arbitrary_stream_transfer
0,retrieval_frozen,sgd,11000,17223.98011750906,0.007279393268503324,0.08463529482753344,432.89057151775404,1.0,8.41829017927306,0.020804744933091007,0.007279386661737511,True,clock,,2,0.01,2966655,0.9997792568935322,0.9997792568935322,-0.00022076747381331166,-0.00022076747381331166,True,,infinite_stale_prefix_max_all_pairs,uniform_arbitrary_stream_transfer
0,retrieval_frozen,sgd,11000,17223.98011750906,0.007279393268503324,0.08463529482753344,432.89057151775404,1.0,8.41829017927306,0.020804744933091007,0.007279386661737511,True,clock,,2,0.03,8899965,0.9997792568935322,0.9997792568935322,-0.00022076747381331166,-0.00022076747381331166,True,,infinite_stale_prefix_max_all_pairs,uniform_arbitrary_stream_transfer
0,retrieval_frozen,sgd,11000,17223.98011750906,0.007279393268503324,0.08463529482753344,432.89057151775404,1.0,8.41829017927306,0.020804744933091007,0.007279386661737511,True,clock,,2,0.1,29666550,0.9997792568935322,0.9997792568935322,-0.00022076747381331166,-0.00022076747381331166,True,,infinite_stale_prefix_max_all_pairs,uniform_arbitrary_stream_transfer
0,retrieval_frozen,sgd,12000,17976.52238260868,0.007279393271088384,0.08463529483597441,434.5618492277335,1.0,8.47392022961566,0.02059572326715915,0.007279386661737511,True,fixed,,,,1,0.09628877207550274,0.18716119440294435,-2.34040356016869,-1.6757850312832603,True,,infinite_stale_prefix_max_all_pairs,uniform_arbitrary_stream_transfer
0,retrieval_frozen,sgd,12000,17976.52238260868,0.007279393271088384,0.08463529483597441,434.5618492277335,1.0,8.47392022961566,0.02059572326715915,0.007279386661737511,True,fixed,,,,2,0.18043375217701996,0.31211689390563496,-1.712391592529004,-1.1643775013862117,True,,infinite_stale_prefix_max_all_pairs,uniform_arbitrary_stream_transfer
0,retrieval_frozen,sgd,12000,17976.52238260868,0.007279393271088384,0.08463529483597441,434.5618492277335,1.0,8.47392022961566,0.02059572326715915,0.007279386661737511,True,fixed,,,,3,0.5098802186289715,0.659047776491032,-0.6735794462823601,-0.416959248638576,True,,infinite_stale_prefix_max_all_pairs,uniform_arbitrary_stream_transfer
0,retrieval_frozen,sgd,12000,17976.52238260868,0.007279393271088384,0.08463529483597441,434.5618492277335,1.0,8.47392022961566,0.02059572326715915,0.007279386661737511,True,fixed,,,,4,0.9272600664094317,0.9521553209482679,-0.07552120647354163,-0.04902710524206975,True,,infinite_stale_prefix_max_all_pairs,uniform_arbitrary_stream_transfer
0,retrieval_frozen,sgd,12000,17976.52238260868,0.007279393271088384,0.08463529483597441,434.5618492277335,1.0,8.47392022961566,0.02059572326715915,0.007279386661737511,True,fixed,,,,5,0.9944813791492041,0.9957063404510631,-0.005533904695274471,-0.004302903775629085,True,,infinite_stale_prefix_max_all_pairs,uniform_arbitrary_stream_transfer
0,retrieval_frozen,sgd,12000,17976.52238260868,0.007279393271088384,0.08463529483597441,434.5618492277335,1.0,8.47392022961566,0.02059572326715915,0.007279386661737511,True,fixed,,,,8,0.9997381720093453,0.9997428072683597,-0.00026186227358732583,-0.00025722581136288766,True,,infinite_stale_prefix_max_all_pairs,uniform_arbitrary_stream_transfer
0,retrieval_frozen,sgd,12000,17976.52238260868,0.007279393271088384,0.08463529483597441,434.5618492277335,1.0,8.47392022961566,0.02059572326715915,0.007279386661737511,True,fixed,,,,16,0.9997911828492372,0.9997911841288025,-0.00020883895609969286,-0.0002088376762670029,True,,infinite_stale_prefix_max_all_pairs,uniform_arbitrary_stream_transfer
0,retrieval_frozen,sgd,12000,17976.52238260868,0.007279393271088384,0.08463529483597441,434.5618492277335,1.0,8.47392022961566,0.02059572326715915,0.007279386661737511,True,fixed,,,,32,0.9997911990291662,0.9997911990291664,-0.0002088227727913486,-0.0002088227727912047,True,,infinite_stale_prefix_max_all_pairs,uniform_arbitrary_stream_transfer
0,retrieval_frozen,sgd,12000,17976.52238260868,0.007279393271088384,0.08463529483597441,434.5618492277335,1.0,8.47392022961566,0.02059572326715915,0.007279386661737511,True,fixed,,,,64,0.9997911990291681,0.9997911990291681,-0.00020882277278952747,-0.00020882277278952747,True,,infinite_stale_prefix_max_all_pairs,uniform_arbitrary_stream_transfer
0,retrieval_frozen,sgd,12000,17976.52238260868,0.007279393271088384,0.08463529483597441,434.5618492277335,1.0,8.47392022961566,0.02059572326715915,0.007279386661737511,True,fixed,,,,128,0.9997911990291681,0.9997911990291681,-0.00020882277278952747,-0.00020882277278952747,True,,infinite_stale_prefix_max_all_pairs,uniform_arbitrary_stream_transfer
0,retrieval_frozen,sgd,12000,17976.52238260868,0.007279393271088384,0.08463529483597441,434.5618492277335,1.0,8.47392022961566,0.02059572326715915,0.007279386661737511,True,fixed,,,,256,0.9997911990291681,0.9997911990291681,-0.00020882277278952747,-0.00020882277278952747,True,,infinite_stale_prefix_max_all_pairs,uniform_arbitrary_stream_transfer
0,retrieval_frozen,sgd,12000,17976.52238260868,0.007279393271088384,0.08463529483597441,434.5618492277335,1.0,8.47392022961566,0.02059572326715915,0.007279386661737511,True,fixed,,,,512,0.9997911990291681,0.9997911990291681,-0.00020882277278952747,-0.00020882277278952747,True,,infinite_stale_prefix_max_all_pairs,uniform_arbitrary_stream_transfer
0,retrieval_frozen,sgd,12000,17976.52238260868,0.007279393271088384,0.08463529483597441,434.5618492277335,1.0,8.47392022961566,0.02059572326715915,0.007279386661737511,True,adaptive_theta,0.25,,,1,0.09628877207550274,0.18716119440294435,-2.34040356016869,-1.6757850312832603,True,,infinite_stale_prefix_max_all_pairs,uniform_arbitrary_stream_transfer
0,retrieval_frozen,sgd,12000,17976.52238260868,0.007279393271088384,0.08463529483597441,434.5618492277335,1.0,8.47392022961566,0.02059572326715915,0.007279386661737511,True,reference_theta,0.25,,,1,0.09628877207550274,0.18716119440294435,-2.34040356016869,-1.6757850312832603,True,,infinite_stale_prefix_max_all_pairs,uniform_arbitrary_stream_transfer
0,retrieval_frozen,sgd,12000,17976.52238260868,0.007279393271088384,0.08463529483597441,434.5618492277335,1.0,8.47392022961566,0.02059572326715915,0.007279386661737511,True,adaptive_theta,0.5,,,2,0.18043375217701996,0.31211689390563496,-1.712391592529004,-1.1643775013862117,True,,infinite_stale_prefix_max_all_pairs,uniform_arbitrary_stream_transfer
0,retrieval_frozen,sgd,12000,17976.52238260868,0.007279393271088384,0.08463529483597441,434.5618492277335,1.0,8.47392022961566,0.02059572326715915,0.007279386661737511,True,reference_theta,0.5,,,2,0.18043375217701996,0.31211689390563496,-1.712391592529004,-1.1643775013862117,True,,infinite_stale_prefix_max_all_pairs,uniform_arbitrary_stream_transfer
0,retrieval_frozen,sgd,12000,17976.52238260868,0.007279393271088384,0.08463529483597441,434.5618492277335,1.0,8.47392022961566,0.02059572326715915,0.007279386661737511,True,adaptive_theta,0.75,,,3,0.5098802186289715,0.659047776491032,-0.6735794462823601,-0.416959248638576,True,,infinite_stale_prefix_max_all_pairs,uniform_arbitrary_stream_transfer
0,retrieval_frozen,sgd,12000,17976.52238260868,0.007279393271088384,0.08463529483597441,434.5618492277335,1.0,8.47392022961566,0.02059572326715915,0.007279386661737511,True,reference_theta,0.75,,,3,0.5098802186289715,0.659047776491032,-0.6735794462823601,-0.416959248638576,True,,infinite_stale_prefix_max_all_pairs,uniform_arbitrary_stream_transfer
0,retrieval_frozen,sgd,12000,17976.52238260868,0.007279393271088384,0.08463529483597441,434.5618492277335,1.0,8.47392022961566,0.02059572326715915,0.007279386661737511,True,clock,,2,0.001,323156,0.9997911990291681,0.9997911990291681,-0.00020882277278952747,-0.00020882277278952747,True,,infinite_stale_prefix_max_all_pairs,uniform_arbitrary_stream_transfer
0,retrieval_frozen,sgd,12000,17976.52238260868,0.007279393271088384,0.08463529483597441,434.5618492277335,1.0,8.47392022961566,0.02059572326715915,0.007279386661737511,True,clock,,2,0.003,969467,0.9997911990291681,0.9997911990291681,-0.00020882277278952747,-0.00020882277278952747,True,,infinite_stale_prefix_max_all_pairs,uniform_arbitrary_stream_transfer
0,retrieval_frozen,sgd,12000,17976.52238260868,0.007279393271088384,0.08463529483597441,434.5618492277335,1.0,8.47392022961566,0.02059572326715915,0.007279386661737511,True,clock,,2,0.01,3231554,0.9997911990291681,0.9997911990291681,-0.00020882277278952747,-0.00020882277278952747,True,,infinite_stale_prefix_max_all_pairs,uniform_arbitrary_stream_transfer
0,retrieval_frozen,sgd,12000,17976.52238260868,0.007279393271088384,0.08463529483597441,434.5618492277335,1.0,8.47392022961566,0.02059572326715915,0.007279386661737511,True,clock,,2,0.03,9694661,0.9997911990291681,0.9997911990291681,-0.00020882277278952747,-0.00020882277278952747,True,,infinite_stale_prefix_max_all_pairs,uniform_arbitrary_stream_transfer
0,retrieval_frozen,sgd,12000,17976.52238260868,0.007279393271088384,0.08463529483597441,434.5618492277335,1.0,8.47392022961566,0.02059572326715915,0.007279386661737511,True,clock,,2,0.1,32315536,0.9997911990291681,0.9997911990291681,-0.00020882277278952747,-0.00020882277278952747,True,,infinite_stale_prefix_max_all_pairs,uniform_arbitrary_stream_transfer
0,retrieval_frozen,adam,0,0.0,-1.817513499889216e-10,4.655738713312595e-05,0.25,1.0,0.0,0.0006910930088240085,,,fixed,,,,1,0.5,,-0.6931471805599453,,False,nonpositive_matching_gap,infinite_stale_prefix_max_all_pairs,
0,retrieval_frozen,adam,0,0.0,-1.817513499889216e-10,4.655738713312595e-05,0.25,1.0,0.0,0.0006910930088240085,,,fixed,,,,2,0.5,,-0.6931471805599453,,False,nonpositive_matching_gap,infinite_stale_prefix_max_all_pairs,
0,retrieval_frozen,adam,0,0.0,-1.817513499889216e-10,4.655738713312595e-05,0.25,1.0,0.0,0.0006910930088240085,,,fixed,,,,3,0.5,,-0.6931471805599453,,False,nonpositive_matching_gap,infinite_stale_prefix_max_all_pairs,
0,retrieval_frozen,adam,0,0.0,-1.817513499889216e-10,4.655738713312595e-05,0.25,1.0,0.0,0.0006910930088240085,,,fixed,,,,4,0.5,,-0.6931471805599453,,False,nonpositive_matching_gap,infinite_stale_prefix_max_all_pairs,
0,retrieval_frozen,adam,0,0.0,-1.817513499889216e-10,4.655738713312595e-05,0.25,1.0,0.0,0.0006910930088240085,,,fixed,,,,5,0.5,,-0.6931471805599453,,False,nonpositive_matching_gap,infinite_stale_prefix_max_all_pairs,
0,retrieval_frozen,adam,0,0.0,-1.817513499889216e-10,4.655738713312595e-05,0.25,1.0,0.0,0.0006910930088240085,,,fixed,,,,8,0.5,,-0.6931471805599453,,False,nonpositive_matching_gap,infinite_stale_prefix_max_all_pairs,
0,retrieval_frozen,adam,0,0.0,-1.817513499889216e-10,4.655738713312595e-05,0.25,1.0,0.0,0.0006910930088240085,,,fixed,,,,16,0.5,,-0.6931471805599453,,False,nonpositive_matching_gap,infinite_stale_prefix_max_all_pairs,
0,retrieval_frozen,adam,0,0.0,-1.817513499889216e-10,4.655738713312595e-05,0.25,1.0,0.0,0.0006910930088240085,,,fixed,,,,32,0.5,,-0.6931471805599453,,False,nonpositive_matching_gap,infinite_stale_prefix_max_all_pairs,
0,retrieval_frozen,adam,0,0.0,-1.817513499889216e-10,4.655738713312595e-05,0.25,1.0,0.0,0.0006910930088240085,,,fixed,,,,64,0.5,,-0.6931471805599453,,False,nonpositive_matching_gap,infinite_stale_prefix_max_all_pairs,
0,retrieval_frozen,adam,0,0.0,-1.817513499889216e-10,4.655738713312595e-05,0.25,1.0,0.0,0.0006910930088240085,,,fixed,,,,128,0.5,,-0.6931471805599453,,False,nonpositive_matching_gap,infinite_stale_prefix_max_all_pairs,
0,retrieval_frozen,adam,0,0.0,-1.817513499889216e-10,4.655738713312595e-05,0.25,1.0,0.0,0.0006910930088240085,,,fixed,,,,256,0.5,,-0.6931471805599453,,False,nonpositive_matching_gap,infinite_stale_prefix_max_all_pairs,
0,retrieval_frozen,adam,0,0.0,-1.817513499889216e-10,4.655738713312595e-05,0.25,1.0,0.0,0.0006910930088240085,,,fixed,,,,512,0.5,,-0.6931471805599453,,False,nonpositive_matching_gap,infinite_stale_prefix_max_all_pairs,
0,retrieval_frozen,adam,0,0.0,-1.817513499889216e-10,4.655738713312595e-05,0.25,1.0,0.0,0.0006910930088240085,,,adaptive_theta,0.25,,,1,0.5,,-0.6931471805599453,,False,nonpositive_matching_gap,infinite_stale_prefix_max_all_pairs,
0,retrieval_frozen,adam,0,0.0,-1.817513499889216e-10,4.655738713312595e-05,0.25,1.0,0.0,0.0006910930088240085,,,adaptive_theta,0.5,,,1,0.5,,-0.6931471805599453,,False,nonpositive_matching_gap,infinite_stale_prefix_max_all_pairs,
0,retrieval_frozen,adam,0,0.0,-1.817513499889216e-10,4.655738713312595e-05,0.25,1.0,0.0,0.0006910930088240085,,,adaptive_theta,0.75,,,1,0.5,,-0.6931471805599453,,False,nonpositive_matching_gap,infinite_stale_prefix_max_all_pairs,
0,retrieval_frozen,adam,0,0.0,-1.817513499889216e-10,4.655738713312595e-05,0.25,1.0,0.0,0.0006910930088240085,,,clock,,2,0.001,1,0.5,,-0.6931471805599453,,False,nonpositive_matching_gap,infinite_stale_prefix_max_all_pairs,
0,retrieval_frozen,adam,0,0.0,-1.817513499889216e-10,4.655738713312595e-05,0.25,1.0,0.0,0.0006910930088240085,,,clock,,2,0.003,1,0.5,,-0.6931471805599453,,False,nonpositive_matching_gap,infinite_stale_prefix_max_all_pairs,
0,retrieval_frozen,adam,0,0.0,-1.817513499889216e-10,4.655738713312595e-05,0.25,1.0,0.0,0.0006910930088240085,,,clock,,2,0.01,1,0.5,,-0.6931471805599453,,False,nonpositive_matching_gap,infinite_stale_prefix_max_all_pairs,
0,retrieval_frozen,adam,0,0.0,-1.817513499889216e-10,4.655738713312595e-05,0.25,1.0,0.0,0.0006910930088240085,,,clock,,2,0.03,1,0.5,,-0.6931471805599453,,False,nonpositive_matching_gap,infinite_stale_prefix_max_all_pairs,
0,retrieval_frozen,adam,0,0.0,-1.817513499889216e-10,4.655738713312595e-05,0.25,1.0,0.0,0.0006910930088240085,,,clock,,2,0.1,1,0.5,,-0.6931471805599453,,False,nonpositive_matching_gap,infinite_stale_prefix_max_all_pairs,
0,retrieval_frozen,adam,3,0.0,0.0038331771342976348,0.062063533912272206,0.24998617352039657,1.0,0.01499858408375131,0.0006911145622059556,0.0038331771342976348,True,fixed,,,,1,0.4990091906415195,0.5013827588523814,-0.6951307652809523,-0.6903854798635536,True,,infinite_stale_prefix_max_all_pairs,uniform_arbitrary_stream_transfer
0,retrieval_frozen,adam,3,0.0,0.0038331771342976348,0.062063533912272206,0.24998617352039657,1.0,0.01499858408375131,0.0006911145622059556,0.0038331771342976348,True,fixed,,,,2,0.5020046651816411,0.502476751518324,-0.6891458661430692,-0.6882059057543697,True,,infinite_stale_prefix_max_all_pairs,uniform_arbitrary_stream_transfer
0,retrieval_frozen,adam,3,0.0,0.0038331771342976348,0.062063533912272206,0.24998617352039657,1.0,0.01499858408375131,0.0006911145622059556,0.0038331771342976348,True,fixed,,,,3,0.5031075236096506,0.5031854933724483,-0.6869513670952891,-0.686796402762559,True,,infinite_stale_prefix_max_all_pairs,uniform_arbitrary_stream_transfer
0,retrieval_frozen,adam,3,0.0,0.0038331771342976348,0.062063533912272206,0.24998617352039657,1.0,0.01499858408375131,0.0006911145622059556,0.0038331771342976348,True,fixed,,,,4,0.5035133598174992,0.5035251646338021,-0.6861450332778233,-0.686121588660727,True,,infinite_stale_prefix_max_all_pairs,uniform_arbitrary_stream_transfer
0,retrieval_frozen,adam,3,0.0,0.0038331771342976348,0.062063533912272206,0.24998617352039657,1.0,0.01499858408375131,0.0006911145622059556,0.0038331771342976348,True,fixed,,,,5,0.5036626743068103,0.5036644702172633,-0.6858485320002987,-0.685844966305752,True,,infinite_stale_prefix_max_all_pairs,uniform_arbitrary_stream_transfer
0,retrieval_frozen,adam,3,0.0,0.0038331771342976348,0.062063533912272206,0.24998617352039657,1.0,0.01499858408375131,0.0006911145622059556,0.0038331771342976348,True,fixed,,,,8,0.5037452490956184,0.5037452649639241,-0.6856845968414128,-0.6856845653407573,True,,infinite_stale_prefix_max_all_pairs,uniform_arbitrary_stream_transfer
0,retrieval_frozen,adam,3,0.0,0.0038331771342976348,0.062063533912272206,0.24998617352039657,1.0,0.01499858408375131,0.0006911145622059556,0.0038331771342976348,True,fixed,,,,16,0.5037495742785032,0.5037495742825105,-0.6856760108263097,-0.6856760108183547,True,,infinite_stale_prefix_max_all_pairs,uniform_arbitrary_stream_transfer
0,retrieval_frozen,adam,3,0.0,0.0038331771342976348,0.062063533912272206,0.24998617352039657,1.0,0.01499858408375131,0.0006911145622059556,0.0038331771342976348,True,fixed,,,,32,0.5037495757299283,0.5037495757299283,-0.6856760079450663,-0.6856760079450663,True,,infinite_stale_prefix_max_all_pairs,uniform_arbitrary_stream_transfer
0,retrieval_frozen,adam,3,0.0,0.0038331771342976348,0.062063533912272206,0.24998617352039657,1.0,0.01499858408375131,0.0006911145622059556,0.0038331771342976348,True,fixed,,,,64,0.5037495757299285,0.5037495757299285,-0.685676007945066,-0.685676007945066,True,,infinite_stale_prefix_max_all_pairs,uniform_arbitrary_stream_transfer
0,retrieval_frozen,adam,3,0.0,0.0038331771342976348,0.062063533912272206,0.24998617352039657,1.0,0.01499858408375131,0.0006911145622059556,0.0038331771342976348,True,fixed,,,,128,0.5037495757299285,0.5037495757299285,-0.685676007945066,-0.685676007945066,True,,infinite_stale_prefix_max_all_pairs,uniform_arbitrary_stream_transfer
0,retrieval_frozen,adam,3,0.0,0.0038331771342976348,0.062063533912272206,0.24998617352039657,1.0,0.01499858408375131,0.0006911145622059556,0.0038331771342976348,True,fixed,,,,256,0.5037495757299285,0.5037495757299285,-0.685676007945066,-0.685676007945066,True,,infinite_stale_prefix_max_all_pairs,uniform_arbitrary_stream_transfer
0,retrieval_frozen,adam,3,0.0,0.0038331771342976348,0.062063533912272206,0.24998617352039657,1.0,0.01499858408375131,0.0006911145622059556,0.0038331771342976348,True,fixed,,,,512,0.5037495757299285,0.5037495757299285,-0.685676007945066,-0.685676007945066,True,,infinite_stale_prefix_max_all_pairs,uniform_arbitrary_stream_transfer
0,retrieval_frozen,adam,3,0.0,0.0038331771342976348,0.062063533912272206,0.24998617352039657,1.0,0.01499858408375131,0.0006911145622059556,0.0038331771342976348,True,adaptive_theta,0.25,,,1,0.4990091906415195,0.5013827588523814,-0.6951307652809523,-0.6903854798635536,True,,infinite_stale_prefix_max_all_pairs,uniform_arbitrary_stream_transfer
0,retrieval_frozen,adam,3,0.0,0.0038331771342976348,0.062063533912272206,0.24998617352039657,1.0,0.01499858408375131,0.0006911145622059556,0.0038331771342976348,True,reference_theta,0.25,,,1,0.4990091906415195,0.5013827588523814,-0.6951307652809523,-0.6903854798635536,True,,infinite_stale_prefix_max_all_pairs,uniform_arbitrary_stream_transfer
0,retrieval_frozen,adam,3,0.0,0.0038331771342976348,0.062063533912272206,0.24998617352039657,1.0,0.01499858408375131,0.0006911145622059556,0.0038331771342976348,True,adaptive_theta,0.5,,,1,0.4990091906415195,0.5013827588523814,-0.6951307652809523,-0.6903854798635536,True,,infinite_stale_prefix_max_all_pairs,uniform_arbitrary_stream_transfer
0,retrieval_frozen,adam,3,0.0,0.0038331771342976348,0.062063533912272206,0.24998617352039657,1.0,0.01499858408375131,0.0006911145622059556,0.0038331771342976348,True,reference_theta,0.5,,,1,0.4990091906415195,0.5013827588523814,-0.6951307652809523,-0.6903854798635536,True,,infinite_stale_prefix_max_all_pairs,uniform_arbitrary_stream_transfer
0,retrieval_frozen,adam,3,0.0,0.0038331771342976348,0.062063533912272206,0.24998617352039657,1.0,0.01499858408375131,0.0006911145622059556,0.0038331771342976348,True,adaptive_theta,0.75,,,1,0.4990091906415195,0.5013827588523814,-0.6951307652809523,-0.6903854798635536,True,,infinite_stale_prefix_max_all_pairs,uniform_arbitrary_stream_transfer
0,retrieval_frozen,adam,3,0.0,0.0038331771342976348,0.062063533912272206,0.24998617352039657,1.0,0.01499858408375131,0.0006911145622059556,0.0038331771342976348,True,reference_theta,0.75,,,1,0.4990091906415195,0.5013827588523814,-0.6951307652809523,-0.6903854798635536,True,,infinite_stale_prefix_max_all_pairs,uniform_arbitrary_stream_transfer
0,retrieval_frozen,adam,3,0.0,0.0038331771342976348,0.062063533912272206,0.24998617352039657,1.0,0.01499858408375131,0.0006911145622059556,0.0038331771342976348,True,clock,,2,0.001,1,0.4990091906415195,0.5013827588523814,-0.6951307652809523,-0.6903854798635536,True,,infinite_stale_prefix_max_all_pairs,uniform_arbitrary_stream_transfer
0,retrieval_frozen,adam,3,0.0,0.0038331771342976348,0.062063533912272206,0.24998617352039657,1.0,0.01499858408375131,0.0006911145622059556,0.0038331771342976348,True,clock,,2,0.003,1,0.4990091906415195,0.5013827588523814,-0.6951307652809523,-0.6903854798635536,True,,infinite_stale_prefix_max_all_pairs,uniform_arbitrary_stream_transfer
0,retrieval_frozen,adam,3,0.0,0.0038331771342976348,0.062063533912272206,0.24998617352039657,1.0,0.01499858408375131,0.0006911145622059556,0.0038331771342976348,True,clock,,2,0.01,1,0.4990091906415195,0.5013827588523814,-0.6951307652809523,-0.6903854798635536,True,,infinite_stale_prefix_max_all_pairs,uniform_arbitrary_stream_transfer
0,retrieval_frozen,adam,3,0.0,0.0038331771342976348,0.062063533912272206,0.24998617352039657,1.0,0.01499858408375131,0.0006911145622059556,0.0038331771342976348,True,clock,,2,0.03,1,0.4990091906415195,0.5013827588523814,-0.6951307652809523,-0.6903854798635536,True,,infinite_stale_prefix_max_all_pairs,uniform_arbitrary_stream_transfer
0,retrieval_frozen,adam,3,0.0,0.0038331771342976348,0.062063533912272206,0.24998617352039657,1.0,0.01499858408375131,0.0006911145622059556,0.0038331771342976348,True,clock,,2,0.1,1,0.4990091906415195,0.5013827588523814,-0.6951307652809523,-0.6903854798635536,True,,infinite_stale_prefix_max_all_pairs,uniform_arbitrary_stream_transfer
0,retrieval_frozen,adam,1000,11.328690783793768,0.0038379014887094556,0.06209474311058711,413.7488354596388,1.0,1.0912939089026326,1.31810406697734e-08,0.0038331771342976348,True,fixed,,,,1,0.4284042572038303,0.4864357968570238,-0.8476880030073353,-0.7206503555262234,True,,infinite_stale_prefix_max_all_pairs,uniform_arbitrary_stream_transfer
0,retrieval_frozen,adam,1000,11.328690783793768,0.0038379014887094556,0.06209474311058711,413.7488354596388,1.0,1.0912939089026326,1.31810406697734e-08,0.0038331771342976348,True,fixed,,,,2,0.5175373757799359,0.550904519949197,-0.6586735327212763,-0.5961937698734884,True,,infinite_stale_prefix_max_all_pairs,uniform_arbitrary_stream_transfer
0,retrieval_frozen,adam,1000,11.328690783793768,0.0038379014887094556,0.06209474311058711,413.7488354596388,1.0,1.0912939089026326,1.31810406697734e-08,0.0038331771342976348,True,fixed,,,,3,0.6207889189934664,0.6321884761610145,-0.47676415983192677,-0.45856770752079673,True,,infinite_stale_prefix_max_all_pairs,uniform_arbitrary_stream_transfer
0,retrieval_frozen,adam,1000,11.328690783793768,0.0038379014887094556,0.06209474311058711,413.7488354596388,1.0,1.0912939089026326,1.31810406697734e-08,0.0038331771342976348,True,fixed,,,,4,0.6920534518798166,0.6944504109902757,-0.3680920837466325,-0.3646345217988217,True,,infinite_stale_prefix_max_all_pairs,uniform_arbitrary_stream_transfer
0,retrieval_frozen,adam,1000,11.328690783793768,0.0038379014887094556,0.06209474311058711,413.7488354596388,1.0,1.0912939089026326,1.31810406697734e-08,0.0038331771342976348,True,fixed,,,,5,0.7262874726365978,0.726673006145614,-0.3198093747129041,-0.31927868785156904,True,,infinite_stale_prefix_max_all_pairs,uniform_arbitrary_stream_transfer
0,retrieval_frozen,adam,1000,11.328690783793768,0.0038379014887094556,0.06209474311058711,413.7488354596388,1.0,1.0912939089026326,1.31810406697734e-08,0.0038331771342976348,True,fixed,,,,8,0.7474690581695078,0.7474701094930437,-0.29106236832720744,-0.2910609618170849,True,,infinite_stale_prefix_max_all_pairs,uniform_arbitrary_stream_transfer
0,retrieval_frozen,adam,1000,11.328690783793768,0.0038379014887094556,0.06209474311058711,413.7488354596388,1.0,1.0912939089026326,1.31810406697734e-08,0.0038331771342976348,True,fixed,,,,16,0.7486249061172956,0.7486249061174349,-0.2895172138043702,-0.28951721380418405,True,,infinite_stale_prefix_max_all_pairs,uniform_arbitrary_stream_transfer
0,retrieval_frozen,adam,1000,11.328690783793768,0.0038379014887094556,0.06209474311058711,413.7488354596388,1.0,1.0912939089026326,1.31810406697734e-08,0.0038331771342976348,True,fixed,,,,32,0.7486252947758165,0.7486252947758165,-0.28951669464127944,-0.28951669464127944,True,,infinite_stale_prefix_max_all_pairs,uniform_arbitrary_stream_transfer
0,retrieval_frozen,adam,1000,11.328690783793768,0.0038379014887094556,0.06209474311058711,413.7488354596388,1.0,1.0912939089026326,1.31810406697734e-08,0.0038331771342976348,True,fixed,,,,64,0.7486252947758604,0.7486252947758604,-0.289516694641221,-0.289516694641221,True,,infinite_stale_prefix_max_all_pairs,uniform_arbitrary_stream_transfer
0,retrieval_frozen,adam,1000,11.328690783793768,0.0038379014887094556,0.06209474311058711,413.7488354596388,1.0,1.0912939089026326,1.31810406697734e-08,0.0038331771342976348,True,fixed,,,,128,0.7486252947758604,0.7486252947758604,-0.289516694641221,-0.289516694641221,True,,infinite_stale_prefix_max_all_pairs,uniform_arbitrary_stream_transfer
0,retrieval_frozen,adam,1000,11.328690783793768,0.0038379014887094556,0.06209474311058711,413.7488354596388,1.0,1.0912939089026326,1.31810406697734e-08,0.0038331771342976348,True,fixed,,,,256,0.7486252947758604,0.7486252947758604,-0.289516694641221,-0.289516694641221,True,,infinite_stale_prefix_max_all_pairs,uniform_arbitrary_stream_transfer
0,retrieval_frozen,adam,1000,11.328690783793768,0.0038379014887094556,0.06209474311058711,413.7488354596388,1.0,1.0912939089026326,1.31810406697734e-08,0.0038331771342976348,True,fixed,,,,512,0.7486252947758604,0.7486252947758604,-0.289516694641221,-0.289516694641221,True,,infinite_stale_prefix_max_all_pairs,uniform_arbitrary_stream_transfer
0,retrieval_frozen,adam,1000,11.328690783793768,0.0038379014887094556,0.06209474311058711,413.7488354596388,1.0,1.0912939089026326,1.31810406697734e-08,0.0038331771342976348,True,adaptive_theta,0.25,,,1,0.4284042572038303,0.4864357968570238,-0.8476880030073353,-0.7206503555262234,True,,infinite_stale_prefix_max_all_pairs,uniform_arbitrary_stream_transfer
0,retrieval_frozen,adam,1000,11.328690783793768,0.0038379014887094556,0.06209474311058711,413.7488354596388,1.0,1.0912939089026326,1.31810406697734e-08,0.0038331771342976348,True,reference_theta,0.25,,,1,0.4284042572038303,0.4864357968570238,-0.8476880030073353,-0.7206503555262234,True,,infinite_stale_prefix_max_all_pairs,uniform_arbitrary_stream_transfer
0,retrieval_frozen,adam,1000,11.328690783793768,0.0038379014887094556,0.06209474311058711,413.7488354596388,1.0,1.0912939089026326,1.31810406697734e-08,0.0038331771342976348,True,adaptive_theta,0.5,,,1,0.4284042572038303,0.4864357968570238,-0.8476880030073353,-0.7206503555262234,True,,infinite_stale_prefix_max_all_pairs,uniform_arbitrary_stream_transfer
0,retrieval_frozen,adam,1000,11.328690783793768,0.0038379014887094556,0.06209474311058711,413.7488354596388,1.0,1.0912939089026326,1.31810406697734e-08,0.0038331771342976348,True,reference_theta,0.5,,,1,0.4284042572038303,0.4864357968570238,-0.8476880030073353,-0.7206503555262234,True,,infinite_stale_prefix_max_all_pairs,uniform_arbitrary_stream_transfer
0,retrieval_frozen,adam,1000,11.328690783793768,0.0038379014887094556,0.06209474311058711,413.7488354596388,1.0,1.0912939089026326,1.31810406697734e-08,0.0038331771342976348,True,adaptive_theta,0.75,,,2,0.5175373757799359,0.550904519949197,-0.6586735327212763,-0.5961937698734884,True,,infinite_stale_prefix_max_all_pairs,uniform_arbitrary_stream_transfer
0,retrieval_frozen,adam,1000,11.328690783793768,0.0038379014887094556,0.06209474311058711,413.7488354596388,1.0,1.0912939089026326,1.31810406697734e-08,0.0038331771342976348,True,reference_theta,0.75,,,2,0.5175373757799359,0.550904519949197,-0.6586735327212763,-0.5961937698734884,True,,infinite_stale_prefix_max_all_pairs,uniform_arbitrary_stream_transfer
0,retrieval_frozen,adam,1000,11.328690783793768,0.0038379014887094556,0.06209474311058711,413.7488354596388,1.0,1.0912939089026326,1.31810406697734e-08,0.0038331771342976348,True,clock,,2,0.001,1,0.4284042572038303,0.4864357968570238,-0.8476880030073353,-0.7206503555262234,True,,infinite_stale_prefix_max_all_pairs,uniform_arbitrary_stream_transfer
0,retrieval_frozen,adam,1000,11.328690783793768,0.0038379014887094556,0.06209474311058711,413.7488354596388,1.0,1.0912939089026326,1.31810406697734e-08,0.0038331771342976348,True,clock,,2,0.003,1,0.4284042572038303,0.4864357968570238,-0.8476880030073353,-0.7206503555262234,True,,infinite_stale_prefix_max_all_pairs,uniform_arbitrary_stream_transfer
0,retrieval_frozen,adam,1000,11.328690783793768,0.0038379014887094556,0.06209474311058711,413.7488354596388,1.0,1.0912939089026326,1.31810406697734e-08,0.0038331771342976348,True,clock,,2,0.01,2,0.5175373757799359,0.550904519949197,-0.6586735327212763,-0.5961937698734884,True,,infinite_stale_prefix_max_all_pairs,uniform_arbitrary_stream_transfer
0,retrieval_frozen,adam,1000,11.328690783793768,0.0038379014887094556,0.06209474311058711,413.7488354596388,1.0,1.0912939089026326,1.31810406697734e-08,0.0038331771342976348,True,clock,,2,0.03,4,0.6920534518798166,0.6944504109902757,-0.3680920837466325,-0.3646345217988217,True,,infinite_stale_prefix_max_all_pairs,uniform_arbitrary_stream_transfer
0,retrieval_frozen,adam,1000,11.328690783793768,0.0038379014887094556,0.06209474311058711,413.7488354596388,1.0,1.0912939089026326,1.31810406697734e-08,0.0038331771342976348,True,clock,,2,0.1,13,0.7486174884608595,0.7486174885092337,-0.28952712222863475,-0.2895271221640166,True,,infinite_stale_prefix_max_all_pairs,uniform_arbitrary_stream_transfer
0,retrieval_frozen,adam,2000,18.94890040505393,0.0038388803562185276,0.06210088938908288,767.812527774841,1.0,1.7509765406042148,4.902851655295805e-09,0.0038331771342976348,True,fixed,,,,1,0.38635024670533924,0.4128192584443244,-0.9510109460487446,-0.884745412694861,True,,infinite_stale_prefix_max_all_pairs,uniform_arbitrary_stream_transfer
0,retrieval_frozen,adam,2000,18.94890040505393,0.0038388803562185276,0.06210088938908288,767.812527774841,1.0,1.7509765406042148,4.902851655295805e-09,0.0038331771342976348,True,fixed,,,,2,0.4305492197613237,0.4535425402114558,-0.8426936300322361,-0.790666209611389,True,,infinite_stale_prefix_max_all_pairs,uniform_arbitrary_stream_transfer
0,retrieval_frozen,adam,2000,18.94890040505393,0.0038388803562185276,0.06210088938908288,767.812527774841,1.0,1.7509765406042148,4.902851655295805e-09,0.0038331771342976348,True,fixed,,,,3,0.5232547196834315,0.5388641431234645,-0.6476868977570389,-0.618291793418258,True,,infinite_stale_prefix_max_all_pairs,uniform_arbitrary_stream_transfer
0,retrieval_frozen,adam,2000,18.94890040505393,0.0038388803562185276,0.06210088938908288,767.812527774841,1.0,1.7509765406042148,4.902851655295805e-09,0.0038331771342976348,True,fixed,,,,4,0.6558642730426536,0.6622133937043287,-0.42180141229459506,-0.41216742800236544,True,,infinite_stale_prefix_max_all_pairs,uniform_arbitrary_stream_transfer
0,retrieval_frozen,adam,2000,18.94890040505393,0.0038388803562185276,0.06210088938908288,767.812527774841,1.0,1.7509765406042148,4.902851655295805e-09,0.0038331771342976348,True,fixed,,,,5,0.763199714097895,0.7646215051756825,-0.2702355334578069,-0.2683743320681631,True,,infinite_stale_prefix_max_all_pairs,uniform_arbitrary_stream_transfer
0,retrieval_frozen,adam,2000,18.94890040505393,0.0038388803562185276,0.06210088938908288,767.812527774841,1.0,1.7509765406042148,4.902851655295805e-09,0.0038331771342976348,True,fixed,,,,8,0.8472414847147981,0.8472458753601353,-0.16576951904439338,-0.16576433677459237,True,,infinite_stale_prefix_max_all_pairs,uniform_arbitrary_stream_transfer
0,retrieval_frozen,adam,2000,18.94890040505393,0.0038388803562185276,0.06210088938908288,767.812527774841,1.0,1.7509765406042148,4.902851655295805e-09,0.0038331771342976348,True,fixed,,,,16,0.8520743032391671,0.8520743032396967,-0.16008154558081564,-0.1600815455801942,True,,infinite_stale_prefix_max_all_pairs,uniform_arbitrary_stream_transfer
0,retrieval_frozen,adam,2000,18.94890040505393,0.0038388803562185276,0.06210088938908288,767.812527774841,1.0,1.7509765406042148,4.902851655295805e-09,0.0038331771342976348,True,fixed,,,,32,0.852075929949496,0.852075929949496,-0.1600796364647094,-0.1600796364647094,True,,infinite_stale_prefix_max_all_pairs,uniform_arbitrary_stream_transfer
0,retrieval_frozen,adam,2000,18.94890040505393,0.0038388803562185276,0.06210088938908288,767.812527774841,1.0,1.7509765406042148,4.902851655295805e-09,0.0038331771342976348,True,fixed,,,,64,0.8520759299496791,0.8520759299496791,-0.16007963646449455,-0.16007963646449455,True,,infinite_stale_prefix_max_all_pairs,uniform_arbitrary_stream_transfer
0,retrieval_frozen,adam,2000,18.94890040505393,0.0038388803562185276,0.06210088938908288,767.812527774841,1.0,1.7509765406042148,4.902851655295805e-09,0.0038331771342976348,True,fixed,,,,128,0.8520759299496791,0.8520759299496791,-0.16007963646449455,-0.16007963646449455,True,,infinite_stale_prefix_max_all_pairs,uniform_arbitrary_stream_transfer
0,retrieval_frozen,adam,2000,18.94890040505393,0.0038388803562185276,0.06210088938908288,767.812527774841,1.0,1.7509765406042148,4.902851655295805e-09,0.0038331771342976348,True,fixed,,,,256,0.8520759299496791,0.8520759299496791,-0.16007963646449455,-0.16007963646449455,True,,infinite_stale_prefix_max_all_pairs,uniform_arbitrary_stream_transfer
0,retrieval_frozen,adam,2000,18.94890040505393,0.0038388803562185276,0.06210088938908288,767.812527774841,1.0,1.7509765406042148,4.902851655295805e-09,0.0038331771342976348,True,fixed,,,,512,0.8520759299496791,0.8520759299496791,-0.16007963646449455,-0.16007963646449455,True,,infinite_stale_prefix_max_all_pairs,uniform_arbitrary_stream_transfer
0,retrieval_frozen,adam,2000,18.94890040505393,0.0038388803562185276,0.06210088938908288,767.812527774841,1.0,1.7509765406042148,4.902851655295805e-09,0.0038331771342976348,True,adaptive_theta,0.25,,,1,0.38635024670533924,0.4128192584443244,-0.9510109460487446,-0.884745412694861,True,,infinite_stale_prefix_max_all_pairs,uniform_arbitrary_stream_transfer
0,retrieval_frozen,adam,2000,18.94890040505393,0.0038388803562185276,0.06210088938908288,767.812527774841,1.0,1.7509765406042148,4.902851655295805e-09,0.0038331771342976348,True,reference_theta,0.25,,,1,0.38635024670533924,0.4128192584443244,-0.9510109460487446,-0.884745412694861,True,,infinite_stale_prefix_max_all_pairs,uniform_arbitrary_stream_transfer
0,retrieval_frozen,adam,2000,18.94890040505393,0.0038388803562185276,0.06210088938908288,767.812527774841,1.0,1.7509765406042148,4.902851655295805e-09,0.0038331771342976348,True,adaptive_theta,0.5,,,2,0.4305492197613237,0.4535425402114558,-0.8426936300322361,-0.790666209611389,True,,infinite_stale_prefix_max_all_pairs,uniform_arbitrary_stream_transfer
0,retrieval_frozen,adam,2000,18.94890040505393,0.0038388803562185276,0.06210088938908288,767.812527774841,1.0,1.7509765406042148,4.902851655295805e-09,0.0038331771342976348,True,reference_theta,0.5,,,2,0.4305492197613237,0.4535425402114558,-0.8426936300322361,-0.790666209611389,True,,infinite_stale_prefix_max_all_pairs,uniform_arbitrary_stream_transfer
0,retrieval_frozen,adam,2000,18.94890040505393,0.0038388803562185276,0.06210088938908288,767.812527774841,1.0,1.7509765406042148,4.902851655295805e-09,0.0038331771342976348,True,adaptive_theta,0.75,,,3,0.5232547196834315,0.5388641431234645,-0.6476868977570389,-0.618291793418258,True,,infinite_stale_prefix_max_all_pairs,uniform_arbitrary_stream_transfer
0,retrieval_frozen,adam,2000,18.94890040505393,0.0038388803562185276,0.06210088938908288,767.812527774841,1.0,1.7509765406042148,4.902851655295805e-09,0.0038331771342976348,True,reference_theta,0.75,,,3,0.5232547196834315,0.5388641431234645,-0.6476868977570389,-0.618291793418258,True,,infinite_stale_prefix_max_all_pairs,uniform_arbitrary_stream_transfer
0,retrieval_frozen,adam,2000,18.94890040505393,0.0038388803562185276,0.06210088938908288,767.812527774841,1.0,1.7509765406042148,4.902851655295805e-09,0.0038331771342976348,True,clock,,2,0.001,1,0.38635024670533924,0.4128192584443244,-0.9510109460487446,-0.884745412694861,True,,infinite_stale_prefix_max_all_pairs,uniform_arbitrary_stream_transfer
0,retrieval_frozen,adam,2000,18.94890040505393,0.0038388803562185276,0.06210088938908288,767.812527774841,1.0,1.7509765406042148,4.902851655295805e-09,0.0038331771342976348,True,clock,,2,0.003,2,0.4305492197613237,0.4535425402114558,-0.8426936300322361,-0.790666209611389,True,,infinite_stale_prefix_max_all_pairs,uniform_arbitrary_stream_transfer
0,retrieval_frozen,adam,2000,18.94890040505393,0.0038388803562185276,0.06210088938908288,767.812527774841,1.0,1.7509765406042148,4.902851655295805e-09,0.0038331771342976348,True,clock,,2,0.01,4,0.6558642730426536,0.6622133937043287,-0.42180141229459506,-0.41216742800236544,True,,infinite_stale_prefix_max_all_pairs,uniform_arbitrary_stream_transfer
0,retrieval_frozen,adam,2000,18.94890040505393,0.0038388803562185276,0.06210088938908288,767.812527774841,1.0,1.7509765406042148,4.902851655295805e-09,0.0038331771342976348,True,clock,,2,0.03,11,0.8518345396634636,0.8518345506252015,-0.16036297328545462,-0.16036296041706594,True,,infinite_stale_prefix_max_all_pairs,uniform_arbitrary_stream_transfer
0,retrieval_frozen,adam,2000,18.94890040505393,0.0038388803562185276,0.06210088938908288,767.812527774841,1.0,1.7509765406042148,4.902851655295805e-09,0.0038331771342976348,True,clock,,2,0.1,36,0.8520759299496756,0.8520759299496756,-0.1600796364644985,-0.1600796364644985,True,,infinite_stale_prefix_max_all_pairs,uniform_arbitrary_stream_transfer
0,retrieval_frozen,adam,3000,24.84174707475492,0.003839166362036453,0.06210260591185292,953.0514037054822,1.0,2.187180756807682,2.9793346068078037e-09,0.0038331771342976348,True,fixed,,,,1,0.35940602636496316,0.37554484225176504,-1.0233025369241666,-0.9793773947967362,True,,infinite_stale_prefix_max_all_pairs,uniform_arbitrary_stream_transfer
0,retrieval_frozen,adam,3000,24.84174707475492,0.003839166362036453,0.06210260591185292,953.0514037054822,1.0,2.187180756807682,2.9793346068078037e-09,0.0038331771342976348,True,fixed,,,,2,0.3868109217752601,0.4020357112445276,-0.9498192795677648,-0.911214360367006,True,,infinite_stale_prefix_max_all_pairs,uniform_arbitrary_stream_transfer
0,retrieval_frozen,adam,3000,24.84174707475492,0.003839166362036453,0.06210260591185292,953.0514037054822,1.0,2.187180756807682,2.9793346068078037e-09,0.0038331771342976348,True,fixed,,,,3,0.4533449516125349,0.46610670355907885,-0.7911019606914926,-0.7633406934732696,True,,infinite_stale_prefix_max_all_pairs,uniform_arbitrary_stream_transfer
0,retrieval_frozen,adam,3000,24.84174707475492,0.003839166362036453,0.06210260591185292,953.0514037054822,1.0,2.187180756807682,2.9793346068078037e-09,0.0038331771342976348,True,fixed,,,,4,0.582596964878266,0.5902292847484459,-0.540259644085433,-0.5272441993571686,True,,infinite_stale_prefix_max_all_pairs,uniform_arbitrary_stream_transfer
0,retrieval_frozen,adam,3000,24.84174707475492,0.003839166362036453,0.06210260591185292,953.0514037054822,1.0,2.187180756807682,2.9793346068078037e-09,0.0038331771342976348,True,fixed,,,,5,0.7360826320421668,0.7384908572603368,-0.3064128947588449,-0.30314655723583167,True,,infinite_stale_prefix_max_all_pairs,uniform_arbitrary_stream_transfer
0,retrieval_frozen,adam,3000,24.84174707475492,0.003839166362036453,0.06210260591185292,953.0514037054822,1.0,2.187180756807682,2.9793346068078037e-09,0.0038331771342976348,True,fixed,,,,8,0.8901781187537766,0.8901862651702935,-0.11633370284876533,-0.11632455144516451,True,,infinite_stale_prefix_max_all_pairs,uniform_arbitrary_stream_transfer
0,retrieval_frozen,adam,3000,24.84174707475492,0.003839166362036453,0.06210260591185292,953.0514037054822,1.0,2.187180756807682,2.9793346068078037e-09,0.0038331771342976348,True,fixed,,,,16,0.8990894385049535,0.8990894385059003,-0.1063727628016407,-0.10637276280058762,True,,infinite_stale_prefix_max_all_pairs,uniform_arbitrary_stream_transfer
0,retrieval_frozen,adam,3000,24.84174707475492,0.003839166362036453,0.06210260591185292,953.0514037054822,1.0,2.187180756807682,2.9793346068078037e-09,0.0038331771342976348,True,fixed,,,,32,0.8990924175435789,0.8990924175435789,-0.10636944941193491,-0.10636944941193491,True,,infinite_stale_prefix_max_all_pairs,uniform_arbitrary_stream_transfer
0,retrieval_frozen,adam,3000,24.84174707475492,0.003839166362036453,0.06210260591185292,953.0514037054822,1.0,2.187180756807682,2.9793346068078037e-09,0.0038331771342976348,True,fixed,,,,64,0.8990924175439142,0.8990924175439142,-0.10636944941156203,-0.10636944941156203,True,,infinite_stale_prefix_max_all_pairs,uniform_arbitrary_stream_transfer
0,retrieval_frozen,adam,3000,24.84174707475492,0.003839166362036453,0.06210260591185292,953.0514037054822,1.0,2.187180756807682,2.9793346068078037e-09,0.0038331771342976348,True,fixed,,,,128,0.8990924175439142,0.8990924175439142,-0.10636944941156203,-0.10636944941156203,True,,infinite_stale_prefix_max_all_pairs,uniform_arbitrary_stream_transfer
0,retrieval_frozen,adam,3000,24.84174707475492,0.003839166362036453,0.06210260591185292,953.0514037054822,1.0,2.187180756807682,2.9793346068078037e-09,0.0038331771342976348,True,fixed,,,,256,0.8990924175439142,0.8990924175439142,-0.10636944941156203,-0.10636944941156203,True,,infinite_stale_prefix_max_all_pairs,uniform_arbitrary_stream_transfer
0,retrieval_frozen,adam,3000,24.84174707475492,0.003839166362036453,0.06210260591185292,953.0514037054822,1.0,2.187180756807682,2.9793346068078037e-09,0.0038331771342976348,True,fixed,,,,512,0.8990924175439142,0.8990924175439142,-0.10636944941156203,-0.10636944941156203,True,,infinite_stale_prefix_max_all_pairs,uniform_arbitrary_stream_transfer
0,retrieval_frozen,adam,3000,24.84174707475492,0.003839166362036453,0.06210260591185292,953.0514037054822,1.0,2.187180756807682,2.9793346068078037e-09,0.0038331771342976348,True,adaptive_theta,0.25,,,1,0.35940602636496316,0.37554484225176504,-1.0233025369241666,-0.9793773947967362,True,,infinite_stale_prefix_max_all_pairs,uniform_arbitrary_stream_transfer
0,retrieval_frozen,adam,3000,24.84174707475492,0.003839166362036453,0.06210260591185292,953.0514037054822,1.0,2.187180756807682,2.9793346068078037e-09,0.0038331771342976348,True,reference_theta,0.25,,,1,0.35940602636496316,0.37554484225176504,-1.0233025369241666,-0.9793773947967362,True,,infinite_stale_prefix_max_all_pairs,uniform_arbitrary_stream_transfer
0,retrieval_frozen,adam,3000,24.84174707475492,0.003839166362036453,0.06210260591185292,953.0514037054822,1.0,2.187180756807682,2.9793346068078037e-09,0.0038331771342976348,True,adaptive_theta,0.5,,,2,0.3868109217752601,0.4020357112445276,-0.9498192795677648,-0.911214360367006,True,,infinite_stale_prefix_max_all_pairs,uniform_arbitrary_stream_transfer
0,retrieval_frozen,adam,3000,24.84174707475492,0.003839166362036453,0.06210260591185292,953.0514037054822,1.0,2.187180756807682,2.9793346068078037e-09,0.0038331771342976348,True,reference_theta,0.5,,,2,0.3868109217752601,0.4020357112445276,-0.9498192795677648,-0.911214360367006,True,,infinite_stale_prefix_max_all_pairs,uniform_arbitrary_stream_transfer
0,retrieval_frozen,adam,3000,24.84174707475492,0.003839166362036453,0.06210260591185292,953.0514037054822,1.0,2.187180756807682,2.9793346068078037e-09,0.0038331771342976348,True,adaptive_theta,0.75,,,3,0.4533449516125349,0.46610670355907885,-0.7911019606914926,-0.7633406934732696,True,,infinite_stale_prefix_max_all_pairs,uniform_arbitrary_stream_transfer
0,retrieval_frozen,adam,3000,24.84174707475492,0.003839166362036453,0.06210260591185292,953.0514037054822,1.0,2.187180756807682,2.9793346068078037e-09,0.0038331771342976348,True,reference_theta,0.75,,,3,0.4533449516125349,0.46610670355907885,-0.7911019606914926,-0.7633406934732696,True,,infinite_stale_prefix_max_all_pairs,uniform_arbitrary_stream_transfer
0,retrieval_frozen,adam,3000,24.84174707475492,0.003839166362036453,0.06210260591185292,953.0514037054822,1.0,2.187180756807682,2.9793346068078037e-09,0.0038331771342976348,True,clock,,2,0.001,1,0.35940602636496316,0.37554484225176504,-1.0233025369241666,-0.9793773947967362,True,,infinite_stale_prefix_max_all_pairs,uniform_arbitrary_stream_transfer
0,retrieval_frozen,adam,3000,24.84174707475492,0.003839166362036453,0.06210260591185292,953.0514037054822,1.0,2.187180756807682,2.9793346068078037e-09,0.0038331771342976348,True,clock,,2,0.003,2,0.3868109217752601,0.4020357112445276,-0.9498192795677648,-0.911214360367006,True,,infinite_stale_prefix_max_all_pairs,uniform_arbitrary_stream_transfer
0,retrieval_frozen,adam,3000,24.84174707475492,0.003839166362036453,0.06210260591185292,953.0514037054822,1.0,2.187180756807682,2.9793346068078037e-09,0.0038331771342976348,True,clock,,2,0.01,7,0.8747815815344462,0.8748418230454674,-0.13378104488854597,-0.1337121826283735,True,,infinite_stale_prefix_max_all_pairs,uniform_arbitrary_stream_transfer
0,retrieval_frozen,adam,3000,24.84174707475492,0.003839166362036453,0.06210260591185292,953.0514037054822,1.0,2.187180756807682,2.9793346068078037e-09,0.0038331771342976348,True,clock,,2,0.03,19,0.8990922692265142,0.8990922692265182,-0.10636961437504006,-0.10636961437503557,True,,infinite_stale_prefix_max_all_pairs,uniform_arbitrary_stream_transfer
0,retrieval_frozen,adam,3000,24.84174707475492,0.003839166362036453,0.06210260591185292,953.0514037054822,1.0,2.187180756807682,2.9793346068078037e-09,0.0038331771342976348,True,clock,,2,0.1,62,0.8990924175439142,0.8990924175439142,-0.10636944941156203,-0.10636944941156203,True,,infinite_stale_prefix_max_all_pairs,uniform_arbitrary_stream_transfer
0,retrieval_frozen,adam,4000,29.71272255340369,0.003839300344288794,0.062103395954367875,1079.8421440696495,1.0,2.528515537490346,2.0062305417576876e-09,0.0038331771342976348,True,fixed,,,,1,0.3389139502086829,0.35016299852710053,-1.082009038015714,-1.0493565228305288,True,,infinite_stale_prefix_max_all_pairs,uniform_arbitrary_stream_transfer
0,retrieval_frozen,adam,4000,29.71272255340369,0.003839300344288794,0.062103395954367875,1079.8421440696495,1.0,2.528515537490346,2.0062305417576876e-09,0.0038331771342976348,True,fixed,,,,2,0.35813013807834027,0.36905849637598276,-1.0268588444514026,-0.9968001207414686,True,,infinite_stale_prefix_max_all_pairs,uniform_arbitrary_stream_transfer
0,retrieval_frozen,adam,4000,29.71272255340369,0.003839300344288794,0.062103395954367875,1079.8421440696495,1.0,2.528515537490346,2.0062305417576876e-09,0.0038331771342976348,True,fixed,,,,3,0.40744809930680304,0.4174180061039811,-0.8978417180769469,-0.8736671465440868,True,,infinite_stale_prefix_max_all_pairs,uniform_arbitrary_stream_transfer
0,retrieval_frozen,adam,4000,29.71272255340369,0.003839300344288794,0.062103395954367875,1079.8421440696495,1.0,2.528515537490346,2.0062305417576876e-09,0.0038331771342976348,True,fixed,,,,4,0.5183837866090237,0.5257409768070265,-0.6570394102645296,-0.6429466270629604,True,,infinite_stale_prefix_max_all_pairs,uniform_arbitrary_stream_transfer
0,retrieval_frozen,adam,4000,29.71272255340369,0.003839300344288794,0.062103395954367875,1079.8421440696495,1.0,2.528515537490346,2.0062305417576876e-09,0.0038331771342976348,True,fixed,,,,5,0.6897952093484888,0.6929285407074667,-0.3713605234897571,-0.3668284009712812,True,,infinite_stale_prefix_max_all_pairs,uniform_arbitrary_stream_transfer
0,retrieval_frozen,adam,4000,29.71272255340369,0.003839300344288794,0.062103395954367875,1079.8421440696495,1.0,2.528515537490346,2.0062305417576876e-09,0.0038331771342976348,True,fixed,,,,8,0.913271802172161,0.9132837023422713,-0.09072174042207873,-0.09070871024579219,True,,infinite_stale_prefix_max_all_pairs,uniform_arbitrary_stream_transfer
0,retrieval_frozen,adam,4000,29.71272255340369,0.003839300344288794,0.062103395954367875,1079.8421440696495,1.0,2.528515537490346,2.0062305417576876e-09,0.0038331771342976348,True,fixed,,,,16,0.9261126173593717,0.9261126173606986,-0.0767594347119478,-0.07675943471051504,True,,infinite_stale_prefix_max_all_pairs,uniform_arbitrary_stream_transfer
0,retrieval_frozen,adam,4000,29.71272255340369,0.003839300344288794,0.062103395954367875,1079.8421440696495,1.0,2.528515537490346,2.0062305417576876e-09,0.0038331771342976348,True,fixed,,,,32,0.9261168441171114,0.9261168441171114,-0.07675487074422392,-0.07675487074422392,True,,infinite_stale_prefix_max_all_pairs,uniform_arbitrary_stream_transfer
0,retrieval_frozen,adam,4000,29.71272255340369,0.003839300344288794,0.062103395954367875,1079.8421440696495,1.0,2.528515537490346,2.0062305417576876e-09,0.0038331771342976348,True,fixed,,,,64,0.9261168441175871,0.9261168441175871,-0.07675487074371033,-0.07675487074371033,True,,infinite_stale_prefix_max_all_pairs,uniform_arbitrary_stream_transfer
0,retrieval_frozen,adam,4000,29.71272255340369,0.003839300344288794,0.062103395954367875,1079.8421440696495,1.0,2.528515537490346,2.0062305417576876e-09,0.0038331771342976348,True,fixed,,,,128,0.9261168441175871,0.9261168441175871,-0.07675487074371033,-0.07675487074371033,True,,infinite_stale_prefix_max_all_pairs,uniform_arbitrary_stream_transfer
0,retrieval_frozen,adam,4000,29.71272255340369,0.003839300344288794,0.062103395954367875,1079.8421440696495,1.0,2.528515537490346,2.0062305417576876e-09,0.0038331771342976348,True,fixed,,,,256,0.9261168441175871,0.9261168441175871,-0.07675487074371033,-0.07675487074371033,True,,infinite_stale_prefix_max_all_pairs,uniform_arbitrary_stream_transfer
0,retrieval_frozen,adam,4000,29.71272255340369,0.003839300344288794,0.062103395954367875,1079.8421440696495,1.0,2.528515537490346,2.0062305417576876e-09,0.0038331771342976348,True,fixed,,,,512,0.9261168441175871,0.9261168441175871,-0.07675487074371033,-0.07675487074371033,True,,infinite_stale_prefix_max_all_pairs,uniform_arbitrary_stream_transfer
0,retrieval_frozen,adam,4000,29.71272255340369,0.003839300344288794,0.062103395954367875,1079.8421440696495,1.0,2.528515537490346,2.0062305417576876e-09,0.0038331771342976348,True,adaptive_theta,0.25,,,2,0.35813013807834027,0.36905849637598276,-1.0268588444514026,-0.9968001207414686,True,,infinite_stale_prefix_max_all_pairs,uniform_arbitrary_stream_transfer
0,retrieval_frozen,adam,4000,29.71272255340369,0.003839300344288794,0.062103395954367875,1079.8421440696495,1.0,2.528515537490346,2.0062305417576876e-09,0.0038331771342976348,True,reference_theta,0.25,,,2,0.35813013807834027,0.36905849637598276,-1.0268588444514026,-0.9968001207414686,True,,infinite_stale_prefix_max_all_pairs,uniform_arbitrary_stream_transfer
0,retrieval_frozen,adam,4000,29.71272255340369,0.003839300344288794,0.062103395954367875,1079.8421440696495,1.0,2.528515537490346,2.0062305417576876e-09,0.0038331771342976348,True,adaptive_theta,0.5,,,3,0.40744809930680304,0.4174180061039811,-0.8978417180769469,-0.8736671465440868,True,,infinite_stale_prefix_max_all_pairs,uniform_arbitrary_stream_transfer
0,retrieval_frozen,adam,4000,29.71272255340369,0.003839300344288794,0.062103395954367875,1079.8421440696495,1.0,2.528515537490346,2.0062305417576876e-09,0.0038331771342976348,True,reference_theta,0.5,,,3,0.40744809930680304,0.4174180061039811,-0.8978417180769469,-0.8736671465440868,True,,infinite_stale_prefix_max_all_pairs,uniform_arbitrary_stream_transfer
0,retrieval_frozen,adam,4000,29.71272255340369,0.003839300344288794,0.062103395954367875,1079.8421440696495,1.0,2.528515537490346,2.0062305417576876e-09,0.0038331771342976348,True,adaptive_theta,0.75,,,4,0.5183837866090237,0.5257409768070265,-0.6570394102645296,-0.6429466270629604,True,,infinite_stale_prefix_max_all_pairs,uniform_arbitrary_stream_transfer
0,retrieval_frozen,adam,4000,29.71272255340369,0.003839300344288794,0.062103395954367875,1079.8421440696495,1.0,2.528515537490346,2.0062305417576876e-09,0.0038331771342976348,True,reference_theta,0.75,,,4,0.5183837866090237,0.5257409768070265,-0.6570394102645296,-0.6429466270629604,True,,infinite_stale_prefix_max_all_pairs,uniform_arbitrary_stream_transfer
0,retrieval_frozen,adam,4000,29.71272255340369,0.003839300344288794,0.062103395954367875,1079.8421440696495,1.0,2.528515537490346,2.0062305417576876e-09,0.0038331771342976348,True,clock,,2,0.001,1,0.3389139502086829,0.35016299852710053,-1.082009038015714,-1.0493565228305288,True,,infinite_stale_prefix_max_all_pairs,uniform_arbitrary_stream_transfer
0,retrieval_frozen,adam,4000,29.71272255340369,0.003839300344288794,0.062103395954367875,1079.8421440696495,1.0,2.528515537490346,2.0062305417576876e-09,0.0038331771342976348,True,clock,,2,0.003,3,0.40744809930680304,0.4174180061039811,-0.8978417180769469,-0.8736671465440868,True,,infinite_stale_prefix_max_all_pairs,uniform_arbitrary_stream_transfer
0,retrieval_frozen,adam,4000,29.71272255340369,0.003839300344288794,0.062103395954367875,1079.8421440696495,1.0,2.528515537490346,2.0062305417576876e-09,0.0038331771342976348,True,clock,,2,0.01,9,0.9214460115556172,0.9214475894268843,-0.08181109115708862,-0.08180937877253608,True,,infinite_stale_prefix_max_all_pairs,uniform_arbitrary_stream_transfer
0,retrieval_frozen,adam,4000,29.71272255340369,0.003839300344288794,0.062103395954367875,1079.8421440696495,1.0,2.528515537490346,2.0062305417576876e-09,0.0038331771342976348,True,clock,,2,0.03,27,0.9261168440469935,0.9261168440469935,-0.07675487081993566,-0.07675487081993566,True,,infinite_stale_prefix_max_all_pairs,uniform_arbitrary_stream_transfer
0,retrieval_frozen,adam,4000,29.71272255340369,0.003839300344288794,0.062103395954367875,1079.8421440696495,1.0,2.528515537490346,2.0062305417576876e-09,0.0038331771342976348,True,clock,,2,0.1,89,0.9261168441175871,0.9261168441175871,-0.07675487074371033,-0.07675487074371033,True,,infinite_stale_prefix_max_all_pairs,uniform_arbitrary_stream_transfer
0,retrieval_frozen,adam,5000,33.89887827553162,0.003839380022447628,0.06210386155966825,1181.0465575161368,1.0,2.8208361784645186,1.4016144595282387e-09,0.0038331771342976348,True,fixed,,,,1,0.3218286105066276,0.3301485685298063,-1.1337361406486666,-1.108212518168596,True,,infinite_stale_prefix_max_all_pairs,uniform_arbitrary_stream_transfer
0,retrieval_frozen,adam,5000,33.89887827553162,0.003839380022447628,0.06210386155966825,1181.0465575161368,1.0,2.8208361784645186,1.4016144595282387e-09,0.0038331771342976348,True,fixed,,,,2,0.33608143219661557,0.34427737261814356,-1.0904017906548003,-1.066307630756231,True,,infinite_stale_prefix_max_all_pairs,uniform_arbitrary_stream_transfer
0,retrieval_frozen,adam,5000,33.89887827553162,0.003839380022447628,0.06210386155966825,1181.0465575161368,1.0,2.8208361784645186,1.4016144595282387e-09,0.0038331771342976348,True,fixed,,,,3,0.37366231246028514,0.38146118382149524,-0.9844027972946365,-0.9637461796425224,True,,infinite_stale_prefix_max_all_pairs,uniform_arbitrary_stream_transfer
0,retrieval_frozen,adam,5000,33.89887827553162,0.003839380022447628,0.06210386155966825,1181.0465575161368,1.0,2.8208361784645186,1.4016144595282387e-09,0.0038331771342976348,True,fixed,,,,4,0.4652839462498056,0.47179138829585354,-0.7651074226613934,-0.7512183650453186,True,,infinite_stale_prefix_max_all_pairs,uniform_arbitrary_stream_transfer
0,retrieval_frozen,adam,5000,33.89887827553162,0.003839380022447628,0.06210386155966825,1181.0465575161368,1.0,2.8208361784645186,1.4016144595282387e-09,0.0038331771342976348,True,fixed,,,,5,0.6357379621069768,0.639278308990554,-0.45296880980691256,-0.4474153810975128,True,,infinite_stale_prefix_max_all_pairs,uniform_arbitrary_stream_transfer
0,retrieval_frozen,adam,5000,33.89887827553162,0.003839380022447628,0.06210386155966825,1181.0465575161368,1.0,2.8208361784645186,1.4016144595282387e-09,0.0038331771342976348,True,fixed,,,,8,0.9269885950209419,0.9270044931254577,-0.07581401659774582,-0.07579686647499949,True,,infinite_stale_prefix_max_all_pairs,uniform_arbitrary_stream_transfer
0,retrieval_frozen,adam,5000,33.89887827553162,0.003839380022447628,0.06210386155966825,1181.0465575161368,1.0,2.8208361784645186,1.4016144595282387e-09,0.0038331771342976348,True,fixed,,,,16,0.9437860490937008,0.9437860490953806,-0.057855781433237156,-0.05785578143145732,True,,infinite_stale_prefix_max_all_pairs,uniform_arbitrary_stream_transfer
0,retrieval_frozen,adam,5000,33.89887827553162,0.003839380022447628,0.06210386155966825,1181.0465575161368,1.0,2.8208361784645186,1.4016144595282387e-09,0.0038331771342976348,True,fixed,,,,32,0.9437914414529377,0.9437914414529377,-0.05785006790967166,-0.05785006790967166,True,,infinite_stale_prefix_max_all_pairs,uniform_arbitrary_stream_transfer
0,retrieval_frozen,adam,5000,33.89887827553162,0.003839380022447628,0.06210386155966825,1181.0465575161368,1.0,2.8208361784645186,1.4016144595282387e-09,0.0038331771342976348,True,fixed,,,,64,0.9437914414535445,0.9437914414535445,-0.057850067909028705,-0.057850067909028705,True,,infinite_stale_prefix_max_all_pairs,uniform_arbitrary_stream_transfer
0,retrieval_frozen,adam,5000,33.89887827553162,0.003839380022447628,0.06210386155966825,1181.0465575161368,1.0,2.8208361784645186,1.4016144595282387e-09,0.0038331771342976348,True,fixed,,,,128,0.9437914414535445,0.9437914414535445,-0.057850067909028705,-0.057850067909028705,True,,infinite_stale_prefix_max_all_pairs,uniform_arbitrary_stream_transfer
0,retrieval_frozen,adam,5000,33.89887827553162,0.003839380022447628,0.06210386155966825,1181.0465575161368,1.0,2.8208361784645186,1.4016144595282387e-09,0.0038331771342976348,True,fixed,,,,256,0.9437914414535445,0.9437914414535445,-0.057850067909028705,-0.057850067909028705,True,,infinite_stale_prefix_max_all_pairs,uniform_arbitrary_stream_transfer
0,retrieval_frozen,adam,5000,33.89887827553162,0.003839380022447628,0.06210386155966825,1181.0465575161368,1.0,2.8208361784645186,1.4016144595282387e-09,0.0038331771342976348,True,fixed,,,,512,0.9437914414535445,0.9437914414535445,-0.057850067909028705,-0.057850067909028705,True,,infinite_stale_prefix_max_all_pairs,uniform_arbitrary_stream_transfer
0,retrieval_frozen,adam,5000,33.89887827553162,0.003839380022447628,0.06210386155966825,1181.0465575161368,1.0,2.8208361784645186,1.4016144595282387e-09,0.0038331771342976348,True,adaptive_theta,0.25,,,2,0.33608143219661557,0.34427737261814356,-1.0904017906548003,-1.066307630756231,True,,infinite_stale_prefix_max_all_pairs,uniform_arbitrary_stream_transfer
0,retrieval_frozen,adam,5000,33.89887827553162,0.003839380022447628,0.06210386155966825,1181.0465575161368,1.0,2.8208361784645186,1.4016144595282387e-09,0.0038331771342976348,True,reference_theta,0.25,,,2,0.33608143219661557,0.34427737261814356,-1.0904017906548003,-1.066307630756231,True,,infinite_stale_prefix_max_all_pairs,uniform_arbitrary_stream_transfer
0,retrieval_frozen,adam,5000,33.89887827553162,0.003839380022447628,0.06210386155966825,1181.0465575161368,1.0,2.8208361784645186,1.4016144595282387e-09,0.0038331771342976348,True,adaptive_theta,0.5,,,3,0.37366231246028514,0.38146118382149524,-0.9844027972946365,-0.9637461796425224,True,,infinite_stale_prefix_max_all_pairs,uniform_arbitrary_stream_transfer
0,retrieval_frozen,adam,5000,33.89887827553162,0.003839380022447628,0.06210386155966825,1181.0465575161368,1.0,2.8208361784645186,1.4016144595282387e-09,0.0038331771342976348,True,reference_theta,0.5,,,3,0.37366231246028514,0.38146118382149524,-0.9844027972946365,-0.9637461796425224,True,,infinite_stale_prefix_max_all_pairs,uniform_arbitrary_stream_transfer
0,retrieval_frozen,adam,5000,33.89887827553162,0.003839380022447628,0.06210386155966825,1181.0465575161368,1.0,2.8208361784645186,1.4016144595282387e-09,0.0038331771342976348,True,adaptive_theta,0.75,,,4,0.4652839462498056,0.47179138829585354,-0.7651074226613934,-0.7512183650453186,True,,infinite_stale_prefix_max_all_pairs,uniform_arbitrary_stream_transfer
0,retrieval_frozen,adam,5000,33.89887827553162,0.003839380022447628,0.06210386155966825,1181.0465575161368,1.0,2.8208361784645186,1.4016144595282387e-09,0.0038331771342976348,True,reference_theta,0.75,,,4,0.4652839462498056,0.47179138829585354,-0.7651074226613934,-0.7512183650453186,True,,infinite_stale_prefix_max_all_pairs,uniform_arbitrary_stream_transfer
0,retrieval_frozen,adam,5000,33.89887827553162,0.003839380022447628,0.06210386155966825,1181.0465575161368,1.0,2.8208361784645186,1.4016144595282387e-09,0.0038331771342976348,True,clock,,2,0.001,2,0.33608143219661557,0.34427737261814356,-1.0904017906548003,-1.066307630756231,True,,infinite_stale_prefix_max_all_pairs,uniform_arbitrary_stream_transfer
0,retrieval_frozen,adam,5000,33.89887827553162,0.003839380022447628,0.06210386155966825,1181.0465575161368,1.0,2.8208361784645186,1.4016144595282387e-09,0.0038331771342976348,True,clock,,2,0.003,4,0.4652839462498056,0.47179138829585354,-0.7651074226613934,-0.7512183650453186,True,,infinite_stale_prefix_max_all_pairs,uniform_arbitrary_stream_transfer
0,retrieval_frozen,adam,5000,33.89887827553162,0.003839380022447628,0.06210386155966825,1181.0465575161368,1.0,2.8208361784645186,1.4016144595282387e-09,0.0038331771342976348,True,clock,,2,0.01,12,0.9434967622012603,0.943496767129001,-0.05816234586859863,-0.058162340645750196,True,,infinite_stale_prefix_max_all_pairs,uniform_arbitrary_stream_transfer
0,retrieval_frozen,adam,5000,33.89887827553162,0.003839380022447628,0.06210386155966825,1181.0465575161368,1.0,2.8208361784645186,1.4016144595282387e-09,0.0038331771342976348,True,clock,,2,0.03,35,0.9437914414535143,0.9437914414535143,-0.05785006790906071,-0.05785006790906071,True,,infinite_stale_prefix_max_all_pairs,uniform_arbitrary_stream_transfer
0,retrieval_frozen,adam,5000,33.89887827553162,0.003839380022447628,0.06210386155966825,1181.0465575161368,1.0,2.8208361784645186,1.4016144595282387e-09,0.0038331771342976348,True,clock,,2,0.1,115,0.9437914414535445,0.9437914414535445,-0.057850067909028705,-0.057850067909028705,True,,infinite_stale_prefix_max_all_pairs,uniform_arbitrary_stream_transfer
0,retrieval_frozen,adam,6000,37.589893042687706,0.003839434251828556,0.06210417677342267,1269.071449925107,1.0,3.083222786690365,9.935666046632035e-10,0.0038331771342976348,True,fixed,,,,1,0.30688683159224434,0.31322052852873117,-1.181276226089837,-1.1608477725411124,True,,infinite_stale_prefix_max_all_pairs,uniform_arbitrary_stream_transfer
0,retrieval_frozen,adam,6000,37.589893042687706,0.003839434251828556,0.06210417677342267,1269.071449925107,1.0,3.083222786690365,9.935666046632035e-10,0.0038331771342976348,True,fixed,,,,2,0.31775361691458237,0.32404000116878384,-1.1464789860833147,-1.1268883104129344,True,,infinite_stale_prefix_max_all_pairs,uniform_arbitrary_stream_transfer
0,retrieval_frozen,adam,6000,37.589893042687706,0.003839434251828556,0.06210417677342267,1269.071449925107,1.0,3.083222786690365,9.935666046632035e-10,0.0038331771342976348,True,fixed,,,,3,0.3468344502497562,0.35295814921116564,-1.0589077014956798,-1.0414057865527848,True,,infinite_stale_prefix_max_all_pairs,uniform_arbitrary_stream_transfer
0,retrieval_frozen,adam,6000,37.589893042687706,0.003839434251828556,0.06210417677342267,1269.071449925107,1.0,3.083222786690365,9.935666046632035e-10,0.0038331771342976348,True,fixed,,,,4,0.42119386804085357,0.4267041679787166,-0.8646620571358549,-0.8516643208988919,True,,infinite_stale_prefix_max_all_pairs,uniform_arbitrary_stream_transfer
0,retrieval_frozen,adam,6000,37.589893042687706,0.003839434251828556,0.06210417677342267,1269.071449925107,1.0,3.083222786690365,9.935666046632035e-10,0.0038331771342976348,True,fixed,,,,5,0.5791311821536147,0.5827635647592168,-0.5462262603122485,-0.5399737241870861,True,,infinite_stale_prefix_max_all_pairs,uniform_arbitrary_stream_transfer
0,retrieval_frozen,adam,6000,37.589893042687706,0.003839434251828556,0.06210417677342267,1269.071449925107,1.0,3.083222786690365,9.935666046632035e-10,0.0038331771342976348,True,fixed,,,,8,0.9351077133240167,0.935128243824172,-0.06709355491256302,-0.06707159992867151,True,,infinite_stale_prefix_max_all_pairs,uniform_arbitrary_stream_transfer
0,retrieval_frozen,adam,6000,37.589893042687706,0.003839434251828556,0.06210417677342267,1269.071449925107,1.0,3.083222786690365,9.935666046632035e-10,0.0038331771342976348,True,fixed,,,,16,0.9561888468188913,0.9561888468209134,-0.04479984692541426,-0.044799846923299504,True,,infinite_stale_prefix_max_all_pairs,uniform_arbitrary_stream_transfer
0,retrieval_frozen,adam,6000,37.589893042687706,0.003839434251828556,0.06210417677342267,1269.071449925107,1.0,3.083222786690365,9.935666046632035e-10,0.0038331771342976348,True,fixed,,,,32,0.956195372183677,0.956195372183677,-0.0447930226013889,-0.0447930226013889,True,,infinite_stale_prefix_max_all_pairs,uniform_arbitrary_stream_transfer
0,retrieval_frozen,adam,6000,37.589893042687706,0.003839434251828556,0.06210417677342267,1269.071449925107,1.0,3.083222786690365,9.935666046632035e-10,0.0038331771342976348,True,fixed,,,,64,0.9561953721844113,0.9561953721844113,-0.04479302260062095,-0.04479302260062095,True,,infinite_stale_prefix_max_all_pairs,uniform_arbitrary_stream_transfer
0,retrieval_frozen,adam,6000,37.589893042687706,0.003839434251828556,0.06210417677342267,1269.071449925107,1.0,3.083222786690365,9.935666046632035e-10,0.0038331771342976348,True,fixed,,,,128,0.9561953721844113,0.9561953721844113,-0.04479302260062095,-0.04479302260062095,True,,infinite_stale_prefix_max_all_pairs,uniform_arbitrary_stream_transfer
0,retrieval_frozen,adam,6000,37.589893042687706,0.003839434251828556,0.06210417677342267,1269.071449925107,1.0,3.083222786690365,9.935666046632035e-10,0.0038331771342976348,True,fixed,,,,256,0.9561953721844113,0.9561953721844113,-0.04479302260062095,-0.04479302260062095,True,,infinite_stale_prefix_max_all_pairs,uniform_arbitrary_stream_transfer
0,retrieval_frozen,adam,6000,37.589893042687706,0.003839434251828556,0.06210417677342267,1269.071449925107,1.0,3.083222786690365,9.935666046632035e-10,0.0038331771342976348,True,fixed,,,,512,0.9561953721844113,0.9561953721844113,-0.04479302260062095,-0.04479302260062095,True,,infinite_stale_prefix_max_all_pairs,uniform_arbitrary_stream_transfer
0,retrieval_frozen,adam,6000,37.589893042687706,0.003839434251828556,0.06210417677342267,1269.071449925107,1.0,3.083222786690365,9.935666046632035e-10,0.0038331771342976348,True,adaptive_theta,0.25,,,2,0.31775361691458237,0.32404000116878384,-1.1464789860833147,-1.1268883104129344,True,,infinite_stale_prefix_max_all_pairs,uniform_arbitrary_stream_transfer
0,retrieval_frozen,adam,6000,37.589893042687706,0.003839434251828556,0.06210417677342267,1269.071449925107,1.0,3.083222786690365,9.935666046632035e-10,0.0038331771342976348,True,reference_theta,0.25,,,2,0.31775361691458237,0.32404000116878384,-1.1464789860833147,-1.1268883104129344,True,,infinite_stale_prefix_max_all_pairs,uniform_arbitrary_stream_transfer
0,retrieval_frozen,adam,6000,37.589893042687706,0.003839434251828556,0.06210417677342267,1269.071449925107,1.0,3.083222786690365,9.935666046632035e-10,0.0038331771342976348,True,adaptive_theta,0.5,,,3,0.3468344502497562,0.35295814921116564,-1.0589077014956798,-1.0414057865527848,True,,infinite_stale_prefix_max_all_pairs,uniform_arbitrary_stream_transfer
0,retrieval_frozen,adam,6000,37.589893042687706,0.003839434251828556,0.06210417677342267,1269.071449925107,1.0,3.083222786690365,9.935666046632035e-10,0.0038331771342976348,True,reference_theta,0.5,,,3,0.3468344502497562,0.35295814921116564,-1.0589077014956798,-1.0414057865527848,True,,infinite_stale_prefix_max_all_pairs,uniform_arbitrary_stream_transfer
0,retrieval_frozen,adam,6000,37.589893042687706,0.003839434251828556,0.06210417677342267,1269.071449925107,1.0,3.083222786690365,9.935666046632035e-10,0.0038331771342976348,True,adaptive_theta,0.75,,,4,0.42119386804085357,0.4267041679787166,-0.8646620571358549,-0.8516643208988919,True,,infinite_stale_prefix_max_all_pairs,uniform_arbitrary_stream_transfer
0,retrieval_frozen,adam,6000,37.589893042687706,0.003839434251828556,0.06210417677342267,1269.071449925107,1.0,3.083222786690365,9.935666046632035e-10,0.0038331771342976348,True,reference_theta,0.75,,,4,0.42119386804085357,0.4267041679787166,-0.8646620571358549,-0.8516643208988919,True,,infinite_stale_prefix_max_all_pairs,uniform_arbitrary_stream_transfer
0,retrieval_frozen,adam,6000,37.589893042687706,0.003839434251828556,0.06210417677342267,1269.071449925107,1.0,3.083222786690365,9.935666046632035e-10,0.0038331771342976348,True,clock,,2,0.001,2,0.31775361691458237,0.32404000116878384,-1.1464789860833147,-1.1268883104129344,True,,infinite_stale_prefix_max_all_pairs,uniform_arbitrary_stream_transfer
0,retrieval_frozen,adam,6000,37.589893042687706,0.003839434251828556,0.06210417677342267,1269.071449925107,1.0,3.083222786690365,9.935666046632035e-10,0.0038331771342976348,True,clock,,2,0.003,5,0.5791311821536147,0.5827635647592168,-0.5462262603122485,-0.5399737241870861,True,,infinite_stale_prefix_max_all_pairs,uniform_arbitrary_stream_transfer
0,retrieval_frozen,adam,6000,37.589893042687706,0.003839434251828556,0.06210417677342267,1269.071449925107,1.0,3.083222786690365,9.935666046632035e-10,0.0038331771342976348,True,clock,,2,0.01,15,0.9561776334447663,0.9561776334595883,-0.04481157414845536,-0.04481157413295402,True,,infinite_stale_prefix_max_all_pairs,uniform_arbitrary_stream_transfer
0,retrieval_frozen,adam,6000,37.589893042687706,0.003839434251828556,0.06210417677342267,1269.071449925107,1.0,3.083222786690365,9.935666046632035e-10,0.0038331771342976348,True,clock,,2,0.03,43,0.9561953721844113,0.9561953721844113,-0.04479302260062095,-0.04479302260062095,True,,infinite_stale_prefix_max_all_pairs,uniform_arbitrary_stream_transfer
0,retrieval_frozen,adam,6000,37.589893042687706,0.003839434251828556,0.06210417677342267,1269.071449925107,1.0,3.083222786690365,9.935666046632035e-10,0.0038331771342976348,True,clock,,2,0.1,142,0.9561953721844113,0.9561953721844113,-0.04479302260062095,-0.04479302260062095,True,,infinite_stale_prefix_max_all_pairs,uniform_arbitrary_stream_transfer
0,retrieval_frozen,adam,7000,40.904032203641215,0.003839474406620603,0.062104409422585764,1349.713099610751,1.0,3.324827216563135,7.073908109254484e-10,0.0038331771342976348,True,fixed,,,,1,0.2934770881415069,0.2983676849882787,-1.2259557070149678,-1.209428710791985,True,,infinite_stale_prefix_max_all_pairs,uniform_arbitrary_stream_transfer
0,retrieval_frozen,adam,7000,40.904032203641215,0.003839474406620603,0.062104409422585764,1349.713099610751,1.0,3.324827216563135,7.073908109254484e-10,0.0038331771342976348,True,fixed,,,,2,0.3018752934878695,0.3067503569036567,-1.1977412823592275,-1.1817210318916898,True,,infinite_stale_prefix_max_all_pairs,uniform_arbitrary_stream_transfer
0,retrieval_frozen,adam,7000,40.904032203641215,0.003839474406620603,0.062104409422585764,1349.713099610751,1.0,3.324827216563135,7.073908109254484e-10,0.0038331771342976348,True,fixed,,,,3,0.32454411492898444,0.3293587200283322,-1.1253338046851376,-1.110607787767011,True,,infinite_stale_prefix_max_all_pairs,uniform_arbitrary_stream_transfer
0,retrieval_frozen,adam,7000,40.904032203641215,0.003839474406620603,0.062104409422585764,1349.713099610751,1.0,3.324827216563135,7.073908109254484e-10,0.0038331771342976348,True,fixed,,,,4,0.38422477973012914,0.3887676368841107,-0.9565275337724728,-0.9447734483271599,True,,infinite_stale_prefix_max_all_pairs,uniform_arbitrary_stream_transfer
0,retrieval_frozen,adam,7000,40.904032203641215,0.003839474406620603,0.062104409422585764,1349.713099610751,1.0,3.324827216563135,7.073908109254484e-10,0.0038331771342976348,True,fixed,,,,5,0.5234624649741035,0.526925190108086,-0.6472899513871028,-0.6406966947713397,True,,infinite_stale_prefix_max_all_pairs,uniform_arbitrary_stream_transfer
0,retrieval_frozen,adam,7000,40.904032203641215,0.003839474406620603,0.062104409422585764,1349.713099610751,1.0,3.324827216563135,7.073908109254484e-10,0.0038331771342976348,True,fixed,,,,8,0.9391845023797688,0.9392108289903515,-0.06274333091777556,-0.06271529995949467,True,,infinite_stale_prefix_max_all_pairs,uniform_arbitrary_stream_transfer
0,retrieval_frozen,adam,7000,40.904032203641215,0.003839474406620603,0.062104409422585764,1349.713099610751,1.0,3.324827216563135,7.073908109254484e-10,0.0038331771342976348,True,fixed,,,,16,0.9652631025224053,0.9652631025247753,-0.03535456970313415,-0.03535456970067886,True,,infinite_stale_prefix_max_all_pairs,uniform_arbitrary_stream_transfer
0,retrieval_frozen,adam,7000,40.904032203641215,0.003839474406620603,0.062104409422585764,1349.713099610751,1.0,3.324827216563135,7.073908109254484e-10,0.0038331771342976348,True,fixed,,,,32,0.9652707786945368,0.9652707786945368,-0.035346617320421526,-0.035346617320421526,True,,infinite_stale_prefix_max_all_pairs,uniform_arbitrary_stream_transfer
0,retrieval_frozen,adam,7000,40.904032203641215,0.003839474406620603,0.062104409422585764,1349.713099610751,1.0,3.324827216563135,7.073908109254484e-10,0.0038331771342976348,True,fixed,,,,64,0.9652707786954007,0.9652707786954007,-0.03534661731952666,-0.03534661731952666,True,,infinite_stale_prefix_max_all_pairs,uniform_arbitrary_stream_transfer
0,retrieval_frozen,adam,7000,40.904032203641215,0.003839474406620603,0.062104409422585764,1349.713099610751,1.0,3.324827216563135,7.073908109254484e-10,0.0038331771342976348,True,fixed,,,,128,0.9652707786954007,0.9652707786954007,-0.03534661731952666,-0.03534661731952666,True,,infinite_stale_prefix_max_all_pairs,uniform_arbitrary_stream_transfer
0,retrieval_frozen,adam,7000,40.904032203641215,0.003839474406620603,0.062104409422585764,1349.713099610751,1.0,3.324827216563135,7.073908109254484e-10,0.0038331771342976348,True,fixed,,,,256,0.9652707786954007,0.9652707786954007,-0.03534661731952666,-0.03534661731952666,True,,infinite_stale_prefix_max_all_pairs,uniform_arbitrary_stream_transfer
0,retrieval_frozen,adam,7000,40.904032203641215,0.003839474406620603,0.062104409422585764,1349.713099610751,1.0,3.324827216563135,7.073908109254484e-10,0.0038331771342976348,True,fixed,,,,512,0.9652707786954007,0.9652707786954007,-0.03534661731952666,-0.03534661731952666,True,,infinite_stale_prefix_max_all_pairs,uniform_arbitrary_stream_transfer
0,retrieval_frozen,adam,7000,40.904032203641215,0.003839474406620603,0.062104409422585764,1349.713099610751,1.0,3.324827216563135,7.073908109254484e-10,0.0038331771342976348,True,adaptive_theta,0.25,,,2,0.3018752934878695,0.3067503569036567,-1.1977412823592275,-1.1817210318916898,True,,infinite_stale_prefix_max_all_pairs,uniform_arbitrary_stream_transfer
0,retrieval_frozen,adam,7000,40.904032203641215,0.003839474406620603,0.062104409422585764,1349.713099610751,1.0,3.324827216563135,7.073908109254484e-10,0.0038331771342976348,True,reference_theta,0.25,,,2,0.3018752934878695,0.3067503569036567,-1.1977412823592275,-1.1817210318916898,True,,infinite_stale_prefix_max_all_pairs,uniform_arbitrary_stream_transfer
0,retrieval_frozen,adam,7000,40.904032203641215,0.003839474406620603,0.062104409422585764,1349.713099610751,1.0,3.324827216563135,7.073908109254484e-10,0.0038331771342976348,True,adaptive_theta,0.5,,,3,0.32454411492898444,0.3293587200283322,-1.1253338046851376,-1.110607787767011,True,,infinite_stale_prefix_max_all_pairs,uniform_arbitrary_stream_transfer
0,retrieval_frozen,adam,7000,40.904032203641215,0.003839474406620603,0.062104409422585764,1349.713099610751,1.0,3.324827216563135,7.073908109254484e-10,0.0038331771342976348,True,reference_theta,0.5,,,3,0.32454411492898444,0.3293587200283322,-1.1253338046851376,-1.110607787767011,True,,infinite_stale_prefix_max_all_pairs,uniform_arbitrary_stream_transfer
0,retrieval_frozen,adam,7000,40.904032203641215,0.003839474406620603,0.062104409422585764,1349.713099610751,1.0,3.324827216563135,7.073908109254484e-10,0.0038331771342976348,True,adaptive_theta,0.75,,,4,0.38422477973012914,0.3887676368841107,-0.9565275337724728,-0.9447734483271599,True,,infinite_stale_prefix_max_all_pairs,uniform_arbitrary_stream_transfer
0,retrieval_frozen,adam,7000,40.904032203641215,0.003839474406620603,0.062104409422585764,1349.713099610751,1.0,3.324827216563135,7.073908109254484e-10,0.0038331771342976348,True,reference_theta,0.75,,,4,0.38422477973012914,0.3887676368841107,-0.9565275337724728,-0.9447734483271599,True,,infinite_stale_prefix_max_all_pairs,uniform_arbitrary_stream_transfer
0,retrieval_frozen,adam,7000,40.904032203641215,0.003839474406620603,0.062104409422585764,1349.713099610751,1.0,3.324827216563135,7.073908109254484e-10,0.0038331771342976348,True,clock,,2,0.001,2,0.3018752934878695,0.3067503569036567,-1.1977412823592275,-1.1817210318916898,True,,infinite_stale_prefix_max_all_pairs,uniform_arbitrary_stream_transfer
0,retrieval_frozen,adam,7000,40.904032203641215,0.003839474406620603,0.062104409422585764,1349.713099610751,1.0,3.324827216563135,7.073908109254484e-10,0.0038331771342976348,True,clock,,2,0.003,6,0.7359778972152403,0.7373443109429216,-0.30655519166175293,-0.30470031685991505,True,,infinite_stale_prefix_max_all_pairs,uniform_arbitrary_stream_transfer
0,retrieval_frozen,adam,7000,40.904032203641215,0.003839474406620603,0.062104409422585764,1349.713099610751,1.0,3.324827216563135,7.073908109254484e-10,0.0038331771342976348,True,clock,,2,0.01,17,0.965267954882636,0.9652679548829617,-0.0353495427337808,-0.03534954273344332,True,,infinite_stale_prefix_max_all_pairs,uniform_arbitrary_stream_transfer
0,retrieval_frozen,adam,7000,40.904032203641215,0.003839474406620603,0.062104409422585764,1349.713099610751,1.0,3.324827216563135,7.073908109254484e-10,0.0038331771342976348,True,clock,,2,0.03,51,0.9652707786954007,0.9652707786954007,-0.03534661731952666,-0.03534661731952666,True,,infinite_stale_prefix_max_all_pairs,uniform_arbitrary_stream_transfer
0,retrieval_frozen,adam,7000,40.904032203641215,0.003839474406620603,0.062104409422585764,1349.713099610751,1.0,3.324827216563135,7.073908109254484e-10,0.0038331771342976348,True,clock,,2,0.1,168,0.9652707786954007,0.9652707786954007,-0.03534661731952666,-0.03534661731952666,True,,infinite_stale_prefix_max_all_pairs,uniform_arbitrary_stream_transfer
0,retrieval_frozen,adam,8000,43.92044429817172,0.0038395058513627563,0.062104591257170494,1426.0630635074685,1.0,3.55052187177249,5.0316455549191e-10,0.0038331771342976348,True,fixed,,,,1,0.2812653172289277,0.28506576671818906,-1.268456865688058,-1.2550353649198773,True,,infinite_stale_prefix_max_all_pairs,uniform_arbitrary_stream_transfer
0,retrieval_frozen,adam,8000,43.92044429817172,0.0038395058513627563,0.062104591257170494,1426.0630635074685,1.0,3.55052187177249,5.0316455549191e-10,0.0038331771342976348,True,fixed,,,,2,0.2877948303450712,0.2915927396093691,-1.245507447354998,-1.2323971776165594,True,,infinite_stale_prefix_max_all_pairs,uniform_arbitrary_stream_transfer
0,retrieval_frozen,adam,8000,43.92044429817172,0.0038395058513627563,0.062104591257170494,1426.0630635074685,1.0,3.55052187177249,5.0316455549191e-10,0.0038331771342976348,True,fixed,,,,3,0.30550898718683245,0.3092905451479526,-1.185776082843015,-1.1734741683068288,True,,infinite_stale_prefix_max_all_pairs,uniform_arbitrary_stream_transfer
0,retrieval_frozen,adam,8000,43.92044429817172,0.0038395058513627563,0.062104591257170494,1426.0630635074685,1.0,3.55052187177249,5.0316455549191e-10,0.0038331771342976348,True,fixed,,,,4,0.35299105770270284,0.356667303793854,-1.0413125546566688,-1.030951853857982,True,,infinite_stale_prefix_max_all_pairs,uniform_arbitrary_stream_transfer
0,retrieval_frozen,adam,8000,43.92044429817172,0.0038395058513627563,0.062104591257170494,1426.0630635074685,1.0,3.55052187177249,5.0316455549191e-10,0.0038331771342976348,True,fixed,,,,5,0.47122659763830693,0.4743414871922496,-0.7524162016369884,-0.7458277795628524,True,,infinite_stale_prefix_max_all_pairs,uniform_arbitrary_stream_transfer
0,retrieval_frozen,adam,8000,43.92044429817172,0.0038395058513627563,0.062104591257170494,1426.0630635074685,1.0,3.55052187177249,5.0316455549191e-10,0.0038331771342976348,True,fixed,,,,8,0.939767453940701,0.9398014873780185,-0.06212282374868516,-0.06208660966089826,True,,infinite_stale_prefix_max_all_pairs,uniform_arbitrary_stream_transfer
0,retrieval_frozen,adam,8000,43.92044429817172,0.0038395058513627563,0.062104591257170494,1426.0630635074685,1.0,3.55052187177249,5.0316455549191e-10,0.0038331771342976348,True,fixed,,,,16,0.9720826935979884,0.9720826936007272,-0.02831440242233662,-0.028314402419519078,True,,infinite_stale_prefix_max_all_pairs,uniform_arbitrary_stream_transfer
0,retrieval_frozen,adam,8000,43.92044429817172,0.0038395058513627563,0.062104591257170494,1426.0630635074685,1.0,3.55052187177249,5.0316455549191e-10,0.0038331771342976348,True,fixed,,,,32,0.9720915878409337,0.9720915878409337,-0.028305252786904895,-0.028305252786904895,True,,infinite_stale_prefix_max_all_pairs,uniform_arbitrary_stream_transfer
0,retrieval_frozen,adam,8000,43.92044429817172,0.0038395058513627563,0.062104591257170494,1426.0630635074685,1.0,3.55052187177249,5.0316455549191e-10,0.0038331771342976348,True,fixed,,,,64,0.9720915878419346,0.9720915878419346,-0.028305252785875326,-0.028305252785875326,True,,infinite_stale_prefix_max_all_pairs,uniform_arbitrary_stream_transfer
0,retrieval_frozen,adam,8000,43.92044429817172,0.0038395058513627563,0.062104591257170494,1426.0630635074685,1.0,3.55052187177249,5.0316455549191e-10,0.0038331771342976348,True,fixed,,,,128,0.9720915878419346,0.9720915878419346,-0.028305252785875326,-0.028305252785875326,True,,infinite_stale_prefix_max_all_pairs,uniform_arbitrary_stream_transfer
0,retrieval_frozen,adam,8000,43.92044429817172,0.0038395058513627563,0.062104591257170494,1426.0630635074685,1.0,3.55052187177249,5.0316455549191e-10,0.0038331771342976348,True,fixed,,,,256,0.9720915878419346,0.9720915878419346,-0.028305252785875326,-0.028305252785875326,True,,infinite_stale_prefix_max_all_pairs,uniform_arbitrary_stream_transfer
0,retrieval_frozen,adam,8000,43.92044429817172,0.0038395058513627563,0.062104591257170494,1426.0630635074685,1.0,3.55052187177249,5.0316455549191e-10,0.0038331771342976348,True,fixed,,,,512,0.9720915878419346,0.9720915878419346,-0.028305252785875326,-0.028305252785875326,True,,infinite_stale_prefix_max_all_pairs,uniform_arbitrary_stream_transfer
0,retrieval_frozen,adam,8000,43.92044429817172,0.0038395058513627563,0.062104591257170494,1426.0630635074685,1.0,3.55052187177249,5.0316455549191e-10,0.0038331771342976348,True,adaptive_theta,0.25,,,2,0.2877948303450712,0.2915927396093691,-1.245507447354998,-1.2323971776165594,True,,infinite_stale_prefix_max_all_pairs,uniform_arbitrary_stream_transfer
0,retrieval_frozen,adam,8000,43.92044429817172,0.0038395058513627563,0.062104591257170494,1426.0630635074685,1.0,3.55052187177249,5.0316455549191e-10,0.0038331771342976348,True,reference_theta,0.25,,,2,0.2877948303450712,0.2915927396093691,-1.245507447354998,-1.2323971776165594,True,,infinite_stale_prefix_max_all_pairs,uniform_arbitrary_stream_transfer
0,retrieval_frozen,adam,8000,43.92044429817172,0.0038395058513627563,0.062104591257170494,1426.0630635074685,1.0,3.55052187177249,5.0316455549191e-10,0.0038331771342976348,True,adaptive_theta,0.5,,,3,0.30550898718683245,0.3092905451479526,-1.185776082843015,-1.1734741683068288,True,,infinite_stale_prefix_max_all_pairs,uniform_arbitrary_stream_transfer
0,retrieval_frozen,adam,8000,43.92044429817172,0.0038395058513627563,0.062104591257170494,1426.0630635074685,1.0,3.55052187177249,5.0316455549191e-10,0.0038331771342976348,True,reference_theta,0.5,,,3,0.30550898718683245,0.3092905451479526,-1.185776082843015,-1.1734741683068288,True,,infinite_stale_prefix_max_all_pairs,uniform_arbitrary_stream_transfer
0,retrieval_frozen,adam,8000,43.92044429817172,0.0038395058513627563,0.062104591257170494,1426.0630635074685,1.0,3.55052187177249,5.0316455549191e-10,0.0038331771342976348,True,adaptive_theta,0.75,,,5,0.47122659763830693,0.4743414871922496,-0.7524162016369884,-0.7458277795628524,True,,infinite_stale_prefix_max_all_pairs,uniform_arbitrary_stream_transfer
0,retrieval_frozen,adam,8000,43.92044429817172,0.0038395058513627563,0.062104591257170494,1426.0630635074685,1.0,3.55052187177249,5.0316455549191e-10,0.0038331771342976348,True,reference_theta,0.75,,,5,0.47122659763830693,0.4743414871922496,-0.7524162016369884,-0.7458277795628524,True,,infinite_stale_prefix_max_all_pairs,uniform_arbitrary_stream_transfer
0,retrieval_frozen,adam,8000,43.92044429817172,0.0038395058513627563,0.062104591257170494,1426.0630635074685,1.0,3.55052187177249,5.0316455549191e-10,0.0038331771342976348,True,clock,,2,0.001,2,0.2877948303450712,0.2915927396093691,-1.245507447354998,-1.2323971776165594,True,,infinite_stale_prefix_max_all_pairs,uniform_arbitrary_stream_transfer
0,retrieval_frozen,adam,8000,43.92044429817172,0.0038395058513627563,0.062104591257170494,1426.0630635074685,1.0,3.55052187177249,5.0316455549191e-10,0.0038331771342976348,True,clock,,2,0.003,6,0.684679536504846,0.6862250327806428,-0.378804380106404,-0.37654966892495145,True,,infinite_stale_prefix_max_all_pairs,uniform_arbitrary_stream_transfer
0,retrieval_frozen,adam,8000,43.92044429817172,0.0038395058513627563,0.062104591257170494,1426.0630635074685,1.0,3.55052187177249,5.0316455549191e-10,0.0038331771342976348,True,clock,,2,0.01,20,0.9720914249512917,0.972091424951293,-0.02830542035306604,-0.028305420353064763,True,,infinite_stale_prefix_max_all_pairs,uniform_arbitrary_stream_transfer
0,retrieval_frozen,adam,8000,43.92044429817172,0.0038395058513627563,0.062104591257170494,1426.0630635074685,1.0,3.55052187177249,5.0316455549191e-10,0.0038331771342976348,True,clock,,2,0.03,58,0.9720915878419346,0.9720915878419346,-0.028305252785875326,-0.028305252785875326,True,,infinite_stale_prefix_max_all_pairs,uniform_arbitrary_stream_transfer
0,retrieval_frozen,adam,8000,43.92044429817172,0.0038395058513627563,0.062104591257170494,1426.0630635074685,1.0,3.55052187177249,5.0316455549191e-10,0.0038331771342976348,True,clock,,2,0.1,193,0.9720915878419346,0.9720915878419346,-0.028305252785875326,-0.028305252785875326,True,,infinite_stale_prefix_max_all_pairs,uniform_arbitrary_stream_transfer
0,retrieval_frozen,adam,9000,46.69492835567756,0.003839531447446852,0.06210473911547457,1499.9103774330333,1.0,3.7631766711631136,3.5652849788475503e-10,0.0038331771342976348,True,fixed,,,,1,0.27004662961956927,0.27300571587570216,-1.3091606326003857,-1.2982625467427247,True,,infinite_stale_prefix_max_all_pairs,uniform_arbitrary_stream_transfer
0,retrieval_frozen,adam,9000,46.69492835567756,0.003839531447446852,0.06210473911547457,1499.9103774330333,1.0,3.7631766711631136,3.5652849788475503e-10,0.0038331771342976348,True,fixed,,,,2,0.2751320713306535,0.2780934047521337,-1.2905040372189989,-1.279798233405907,True,,infinite_stale_prefix_max_all_pairs,uniform_arbitrary_stream_transfer
0,retrieval_frozen,adam,9000,46.69492835567756,0.003839531447446852,0.06210473911547457,1499.9103774330333,1.0,3.7631766711631136,3.5652849788475503e-10,0.0038331771342976348,True,fixed,,,,3,0.28896878693150996,0.2919314526606068,-1.2414366003997215,-1.2312362554345277,True,,infinite_stale_prefix_max_all_pairs,uniform_arbitrary_stream_transfer
0,retrieval_frozen,adam,9000,46.69492835567756,0.003839531447446852,0.06210473911547457,1499.9103774330333,1.0,3.7631766711631136,3.5652849788475503e-10,0.0038331771342976348,True,fixed,,,,4,0.32646265897253524,0.3293964381400266,-1.119439704424701,-1.1104932744724496,True,,infinite_stale_prefix_max_all_pairs,uniform_arbitrary_stream_transfer
0,retrieval_frozen,adam,9000,46.69492835567756,0.003839531447446852,0.06210473911547457,1499.9103774330333,1.0,3.7631766711631136,3.5652849788475503e-10,0.0038331771342976348,True,fixed,,,,5,0.42400624062233006,0.4266829336693081,-0.858007105409603,-0.8517140856759124,True,,infinite_stale_prefix_max_all_pairs,uniform_arbitrary_stream_transfer
0,retrieval_frozen,adam,9000,46.69492835567756,0.003839531447446852,0.06210473911547457,1499.9103774330333,1.0,3.7631766711631136,3.5652849788475503e-10,0.0038331771342976348,True,fixed,,,,8,0.9367617650332776,0.9368064906496065,-0.06532628197084657,-0.0652785381897468,True,,infinite_stale_prefix_max_all_pairs,uniform_arbitrary_stream_transfer
0,retrieval_frozen,adam,9000,46.69492835567756,0.003839531447446852,0.06210473911547457,1499.9103774330333,1.0,3.7631766711631136,3.5652849788475503e-10,0.0038331771342976348,True,fixed,,,,16,0.9773063573449329,0.977306357348077,-0.02295510664987574,-0.02295510664665859,True,,infinite_stale_prefix_max_all_pairs,uniform_arbitrary_stream_transfer
0,retrieval_frozen,adam,9000,46.69492835567756,0.003839531447446852,0.06210473911547457,1499.9103774330333,1.0,3.7631766711631136,3.5652849788475503e-10,0.0038331771342976348,True,fixed,,,,32,0.9773165866494331,0.9773165866494331,-0.022944639869536616,-0.022944639869536616,True,,infinite_stale_prefix_max_all_pairs,uniform_arbitrary_stream_transfer
0,retrieval_frozen,adam,9000,46.69492835567756,0.003839531447446852,0.06210473911547457,1499.9103774330333,1.0,3.7631766711631136,3.5652849788475503e-10,0.0038331771342976348,True,fixed,,,,64,0.9773165866505841,0.9773165866505841,-0.022944639868358888,-0.022944639868358888,True,,infinite_stale_prefix_max_all_pairs,uniform_arbitrary_stream_transfer
0,retrieval_frozen,adam,9000,46.69492835567756,0.003839531447446852,0.06210473911547457,1499.9103774330333,1.0,3.7631766711631136,3.5652849788475503e-10,0.0038331771342976348,True,fixed,,,,128,0.9773165866505841,0.9773165866505841,-0.022944639868358888,-0.022944639868358888,True,,infinite_stale_prefix_max_all_pairs,uniform_arbitrary_stream_transfer
0,retrieval_frozen,adam,9000,46.69492835567756,0.003839531447446852,0.06210473911547457,1499.9103774330333,1.0,3.7631766711631136,3.5652849788475503e-10,0.0038331771342976348,True,fixed,,,,256,0.9773165866505841,0.9773165866505841,-0.022944639868358888,-0.022944639868358888,True,,infinite_stale_prefix_max_all_pairs,uniform_arbitrary_stream_transfer
0,retrieval_frozen,adam,9000,46.69492835567756,0.003839531447446852,0.06210473911547457,1499.9103774330333,1.0,3.7631766711631136,3.5652849788475503e-10,0.0038331771342976348,True,fixed,,,,512,0.9773165866505841,0.9773165866505841,-0.022944639868358888,-0.022944639868358888,True,,infinite_stale_prefix_max_all_pairs,uniform_arbitrary_stream_transfer
0,retrieval_frozen,adam,9000,46.69492835567756,0.003839531447446852,0.06210473911547457,1499.9103774330333,1.0,3.7631766711631136,3.5652849788475503e-10,0.0038331771342976348,True,adaptive_theta,0.25,,,2,0.2751320713306535,0.2780934047521337,-1.2905040372189989,-1.279798233405907,True,,infinite_stale_prefix_max_all_pairs,uniform_arbitrary_stream_transfer
0,retrieval_frozen,adam,9000,46.69492835567756,0.003839531447446852,0.06210473911547457,1499.9103774330333,1.0,3.7631766711631136,3.5652849788475503e-10,0.0038331771342976348,True,reference_theta,0.25,,,2,0.2751320713306535,0.2780934047521337,-1.2905040372189989,-1.279798233405907,True,,infinite_stale_prefix_max_all_pairs,uniform_arbitrary_stream_transfer
0,retrieval_frozen,adam,9000,46.69492835567756,0.003839531447446852,0.06210473911547457,1499.9103774330333,1.0,3.7631766711631136,3.5652849788475503e-10,0.0038331771342976348,True,adaptive_theta,0.5,,,3,0.28896878693150996,0.2919314526606068,-1.2414366003997215,-1.2312362554345277,True,,infinite_stale_prefix_max_all_pairs,uniform_arbitrary_stream_transfer
0,retrieval_frozen,adam,9000,46.69492835567756,0.003839531447446852,0.06210473911547457,1499.9103774330333,1.0,3.7631766711631136,3.5652849788475503e-10,0.0038331771342976348,True,reference_theta,0.5,,,3,0.28896878693150996,0.2919314526606068,-1.2414366003997215,-1.2312362554345277,True,,infinite_stale_prefix_max_all_pairs,uniform_arbitrary_stream_transfer
0,retrieval_frozen,adam,9000,46.69492835567756,0.003839531447446852,0.06210473911547457,1499.9103774330333,1.0,3.7631766711631136,3.5652849788475503e-10,0.0038331771342976348,True,adaptive_theta,0.75,,,5,0.42400624062233006,0.4266829336693081,-0.858007105409603,-0.8517140856759124,True,,infinite_stale_prefix_max_all_pairs,uniform_arbitrary_stream_transfer
0,retrieval_frozen,adam,9000,46.69492835567756,0.003839531447446852,0.06210473911547457,1499.9103774330333,1.0,3.7631766711631136,3.5652849788475503e-10,0.0038331771342976348,True,reference_theta,0.75,,,5,0.42400624062233006,0.4266829336693081,-0.858007105409603,-0.8517140856759124,True,,infinite_stale_prefix_max_all_pairs,uniform_arbitrary_stream_transfer
0,retrieval_frozen,adam,9000,46.69492835567756,0.003839531447446852,0.06210473911547457,1499.9103774330333,1.0,3.7631766711631136,3.5652849788475503e-10,0.0038331771342976348,True,clock,,2,0.001,3,0.28896878693150996,0.2919314526606068,-1.2414366003997215,-1.2312362554345277,True,,infinite_stale_prefix_max_all_pairs,uniform_arbitrary_stream_transfer
0,retrieval_frozen,adam,9000,46.69492835567756,0.003839531447446852,0.06210473911547457,1499.9103774330333,1.0,3.7631766711631136,3.5652849788475503e-10,0.0038331771342976348,True,clock,,2,0.003,7,0.8411492876177648,0.8415377052361112,-0.1729861227319494,-0.17252445918205014,True,,infinite_stale_prefix_max_all_pairs,uniform_arbitrary_stream_transfer
0,retrieval_frozen,adam,9000,46.69492835567756,0.003839531447446852,0.06210473911547457,1499.9103774330333,1.0,3.7631766711631136,3.5652849788475503e-10,0.0038331771342976348,True,clock,,2,0.01,22,0.9773165612977949,0.977316561297795,-0.022944665809583913,-0.022944665809583847,True,,infinite_stale_prefix_max_all_pairs,uniform_arbitrary_stream_transfer
0,retrieval_frozen,adam,9000,46.69492835567756,0.003839531447446852,0.06210473911547457,1499.9103774330333,1.0,3.7631766711631136,3.5652849788475503e-10,0.0038331771342976348,True,clock,,2,0.03,66,0.9773165866505841,0.9773165866505841,-0.022944639868358888,-0.022944639868358888,True,,infinite_stale_prefix_max_all_pairs,uniform_arbitrary_stream_transfer
0,retrieval_frozen,adam,9000,46.69492835567756,0.003839531447446852,0.06210473911547457,1499.9103774330333,1.0,3.7631766711631136,3.5652849788475503e-10,0.0038331771342976348,True,clock,,2,0.1,219,0.9773165866505841,0.9773165866505841,-0.022944639868358888,-0.022944639868358888,True,,infinite_stale_prefix_max_all_pairs,uniform_arbitrary_stream_transfer
0,retrieval_frozen,adam,10000,49.26842521616799,0.003839552865882235,0.06210486278271852,1572.337514730511,1.0,3.9646711986741776,2.512705621632681e-10,0.0038331771342976348,True,fixed,,,,1,0.2596806291672154,0.26198331871758274,-1.3483027523629092,-1.3394744462648578,True,,infinite_stale_prefix_max_all_pairs,uniform_arbitrary_stream_transfer
0,retrieval_frozen,adam,10000,49.26842521616799,0.003839552865882235,0.06210486278271852,1572.337514730511,1.0,3.9646711986741776,2.512705621632681e-10,0.0038331771342976348,True,fixed,,,,2,0.26363859594412237,0.26594477425598023,-1.333176068467533,-1.3244666073345575,True,,infinite_stale_prefix_max_all_pairs,uniform_arbitrary_stream_transfer
0,retrieval_frozen,adam,10000,49.26842521616799,0.003839552865882235,0.06210486278271852,1572.337514730511,1.0,3.9646711986741776,2.512705621632681e-10,0.0038331771342976348,True,fixed,,,,3,0.274424571400093,0.2767378689697378,-1.293078841220697,-1.2846845422484772,True,,infinite_stale_prefix_max_all_pairs,uniform_arbitrary_stream_transfer
0,retrieval_frozen,adam,10000,49.26842521616799,0.003839552865882235,0.06210486278271852,1572.337514730511,1.0,3.9646711986741776,2.512705621632681e-10,0.0038331771342976348,True,fixed,,,,4,0.30383589417040835,0.30615188531307197,-1.191267545140032,-1.1836739429419985,True,,infinite_stale_prefix_max_all_pairs,uniform_arbitrary_stream_transfer
0,retrieval_frozen,adam,10000,49.26842521616799,0.003839552865882235,0.06210486278271852,1572.337514730511,1.0,3.9646711986741776,2.512705621632681e-10,0.0038331771342976348,True,fixed,,,,5,0.38254178965218033,0.38476192220824057,-0.960917377690701,-0.9551305198472205,True,,infinite_stale_prefix_max_all_pairs,uniform_arbitrary_stream_transfer
0,retrieval_frozen,adam,10000,49.26842521616799,0.003839552865882235,0.06210486278271852,1572.337514730511,1.0,3.9646711986741776,2.512705621632681e-10,0.0038331771342976348,True,fixed,,,,8,0.9294909141006821,0.9295508262401457,-0.07311824690802488,-0.07305379204594799,True,,infinite_stale_prefix_max_all_pairs,uniform_arbitrary_stream_transfer
0,retrieval_frozen,adam,10000,49.26842521616799,0.003839552865882235,0.06210486278271852,1572.337514730511,1.0,3.9646711986741776,2.512705621632681e-10,0.0038331771342976348,True,fixed,,,,16,0.9813673118754594,0.981367311879061,-0.018808463527816538,-0.0188084635241466,True,,infinite_stale_prefix_max_all_pairs,uniform_arbitrary_stream_transfer
0,retrieval_frozen,adam,10000,49.26842521616799,0.003839552865882235,0.06210486278271852,1572.337514730511,1.0,3.9646711986741776,2.512705621632681e-10,0.0038331771342976348,True,fixed,,,,32,0.981379044758678,0.981379044758678,-0.018796507950185108,-0.018796507950185108,True,,infinite_stale_prefix_max_all_pairs,uniform_arbitrary_stream_transfer
0,retrieval_frozen,adam,10000,49.26842521616799,0.003839552865882235,0.06210486278271852,1572.337514730511,1.0,3.9646711986741776,2.512705621632681e-10,0.0038331771342976348,True,fixed,,,,64,0.9813790447599982,0.9813790447599982,-0.018796507948839938,-0.018796507948839938,True,,infinite_stale_prefix_max_all_pairs,uniform_arbitrary_stream_transfer
0,retrieval_frozen,adam,10000,49.26842521616799,0.003839552865882235,0.06210486278271852,1572.337514730511,1.0,3.9646711986741776,2.512705621632681e-10,0.0038331771342976348,True,fixed,,,,128,0.9813790447599982,0.9813790447599982,-0.018796507948839938,-0.018796507948839938,True,,infinite_stale_prefix_max_all_pairs,uniform_arbitrary_stream_transfer
0,retrieval_frozen,adam,10000,49.26842521616799,0.003839552865882235,0.06210486278271852,1572.337514730511,1.0,3.9646711986741776,2.512705621632681e-10,0.0038331771342976348,True,fixed,,,,256,0.9813790447599982,0.9813790447599982,-0.018796507948839938,-0.018796507948839938,True,,infinite_stale_prefix_max_all_pairs,uniform_arbitrary_stream_transfer
0,retrieval_frozen,adam,10000,49.26842521616799,0.003839552865882235,0.06210486278271852,1572.337514730511,1.0,3.9646711986741776,2.512705621632681e-10,0.0038331771342976348,True,fixed,,,,512,0.9813790447599982,0.9813790447599982,-0.018796507948839938,-0.018796507948839938,True,,infinite_stale_prefix_max_all_pairs,uniform_arbitrary_stream_transfer
0,retrieval_frozen,adam,10000,49.26842521616799,0.003839552865882235,0.06210486278271852,1572.337514730511,1.0,3.9646711986741776,2.512705621632681e-10,0.0038331771342976348,True,adaptive_theta,0.25,,,2,0.26363859594412237,0.26594477425598023,-1.333176068467533,-1.3244666073345575,True,,infinite_stale_prefix_max_all_pairs,uniform_arbitrary_stream_transfer
0,retrieval_frozen,adam,10000,49.26842521616799,0.003839552865882235,0.06210486278271852,1572.337514730511,1.0,3.9646711986741776,2.512705621632681e-10,0.0038331771342976348,True,reference_theta,0.25,,,2,0.26363859594412237,0.26594477425598023,-1.333176068467533,-1.3244666073345575,True,,infinite_stale_prefix_max_all_pairs,uniform_arbitrary_stream_transfer
0,retrieval_frozen,adam,10000,49.26842521616799,0.003839552865882235,0.06210486278271852,1572.337514730511,1.0,3.9646711986741776,2.512705621632681e-10,0.0038331771342976348,True,adaptive_theta,0.5,,,4,0.30383589417040835,0.30615188531307197,-1.191267545140032,-1.1836739429419985,True,,infinite_stale_prefix_max_all_pairs,uniform_arbitrary_stream_transfer
0,retrieval_frozen,adam,10000,49.26842521616799,0.003839552865882235,0.06210486278271852,1572.337514730511,1.0,3.9646711986741776,2.512705621632681e-10,0.0038331771342976348,True,reference_theta,0.5,,,4,0.30383589417040835,0.30615188531307197,-1.191267545140032,-1.1836739429419985,True,,infinite_stale_prefix_max_all_pairs,uniform_arbitrary_stream_transfer
0,retrieval_frozen,adam,10000,49.26842521616799,0.003839552865882235,0.06210486278271852,1572.337514730511,1.0,3.9646711986741776,2.512705621632681e-10,0.0038331771342976348,True,adaptive_theta,0.75,,,5,0.38254178965218033,0.38476192220824057,-0.960917377690701,-0.9551305198472205,True,,infinite_stale_prefix_max_all_pairs,uniform_arbitrary_stream_transfer
0,retrieval_frozen,adam,10000,49.26842521616799,0.003839552865882235,0.06210486278271852,1572.337514730511,1.0,3.9646711986741776,2.512705621632681e-10,0.0038331771342976348,True,reference_theta,0.75,,,5,0.38254178965218033,0.38476192220824057,-0.960917377690701,-0.9551305198472205,True,,infinite_stale_prefix_max_all_pairs,uniform_arbitrary_stream_transfer
0,retrieval_frozen,adam,10000,49.26842521616799,0.003839552865882235,0.06210486278271852,1572.337514730511,1.0,3.9646711986741776,2.512705621632681e-10,0.0038331771342976348,True,clock,,2,0.001,3,0.274424571400093,0.2767378689697378,-1.293078841220697,-1.2846845422484772,True,,infinite_stale_prefix_max_all_pairs,uniform_arbitrary_stream_transfer
0,retrieval_frozen,adam,10000,49.26842521616799,0.003839552865882235,0.06210486278271852,1572.337514730511,1.0,3.9646711986741776,2.512705621632681e-10,0.0038331771342976348,True,clock,,2,0.003,8,0.9294909141006821,0.9295508262401457,-0.07311824690802488,-0.07305379204594799,True,,infinite_stale_prefix_max_all_pairs,uniform_arbitrary_stream_transfer
0,retrieval_frozen,adam,10000,49.26842521616799,0.003839552865882235,0.06210486278271852,1572.337514730511,1.0,3.9646711986741776,2.512705621632681e-10,0.0038331771342976348,True,clock,,2,0.01,25,0.9813790433123075,0.9813790433123075,-0.018796509423999453,-0.018796509423999453,True,,infinite_stale_prefix_max_all_pairs,uniform_arbitrary_stream_transfer
0,retrieval_frozen,adam,10000,49.26842521616799,0.003839552865882235,0.06210486278271852,1572.337514730511,1.0,3.9646711986741776,2.512705621632681e-10,0.0038331771342976348,True,clock,,2,0.03,73,0.9813790447599982,0.9813790447599982,-0.018796507948839938,-0.018796507948839938,True,,infinite_stale_prefix_max_all_pairs,uniform_arbitrary_stream_transfer
0,retrieval_frozen,adam,10000,49.26842521616799,0.003839552865882235,0.06210486278271852,1572.337514730511,1.0,3.9646711986741776,2.512705621632681e-10,0.0038331771342976348,True,clock,,2,0.1,243,0.9813790447599982,0.9813790447599982,-0.018796507948839938,-0.018796507948839938,True,,infinite_stale_prefix_max_all_pairs,uniform_arbitrary_stream_transfer
0,retrieval_frozen,adam,11000,51.67194035252699,0.0038395711541515496,0.06210496836438695,1644.008336971193,1.0,4.156363843554448,1.760064433087263e-10,0.0038331771342976348,True,fixed,,,,1,0.2500618915922532,0.2518503081389431,-1.3860468253903744,-1.3789203832893673,True,,infinite_stale_prefix_max_all_pairs,uniform_arbitrary_stream_transfer
0,retrieval_frozen,adam,11000,51.67194035252699,0.0038395711541515496,0.06210496836438695,1644.008336971193,1.0,4.156363843554448,1.760064433087263e-10,0.0038331771342976348,True,fixed,,,,2,0.25313610522756536,0.2549278318485024,-1.3738279695797417,-1.3667747862380804,True,,infinite_stale_prefix_max_all_pairs,uniform_arbitrary_stream_transfer
0,retrieval_frozen,adam,11000,51.67194035252699,0.0038395711541515496,0.06210496836438695,1644.008336971193,1.0,4.156363843554448,1.760064433087263e-10,0.0038331771342976348,True,fixed,,,,3,0.26151988252214564,0.2633194590067729,-1.3412449657780232,-1.3343873108932574,True,,infinite_stale_prefix_max_all_pairs,uniform_arbitrary_stream_transfer
0,retrieval_frozen,adam,11000,51.67194035252699,0.0038395711541515496,0.06210496836438695,1644.008336971193,1.0,4.156363843554448,1.760064433087263e-10,0.0038331771342976348,True,fixed,,,,4,0.2844571045748732,0.28626975076462496,-1.2571728115641734,-1.2508207281895944,True,,infinite_stale_prefix_max_all_pairs,uniform_arbitrary_stream_transfer
0,retrieval_frozen,adam,11000,51.67194035252699,0.0038395711541515496,0.06210496836438695,1644.008336971193,1.0,4.156363843554448,1.760064433087263e-10,0.0038331771342976348,True,fixed,,,,5,0.3469013682998969,0.34869426484560373,-1.0587147806501391,-1.0535597726809747,True,,infinite_stale_prefix_max_all_pairs,uniform_arbitrary_stream_transfer
0,retrieval_frozen,adam,11000,51.67194035252699,0.0038395711541515496,0.06210496836438695,1644.008336971193,1.0,4.156363843554448,1.760064433087263e-10,0.0038331771342976348,True,fixed,,,,8,0.9166285632395088,0.9167100965292089,-0.08705294522865831,-0.08696400008006905,True,,infinite_stale_prefix_max_all_pairs,uniform_arbitrary_stream_transfer
0,retrieval_frozen,adam,11000,51.67194035252699,0.0038395711541515496,0.06210496836438695,1644.008336971193,1.0,4.156363843554448,1.760064433087263e-10,0.0038331771342976348,True,fixed,,,,16,0.9845637167355419,0.9845637167396698,-0.015556663103301532,-0.015556663099108812,True,,infinite_stale_prefix_max_all_pairs,uniform_arbitrary_stream_transfer
0,retrieval_frozen,adam,11000,51.67194035252699,0.0038395711541515496,0.06210496836438695,1644.008336971193,1.0,4.156363843554448,1.760064433087263e-10,0.0038331771342976348,True,fixed,,,,32,0.9845771767218116,0.9845771767218116,-0.015542992180804677,-0.015542992180804677,True,,infinite_stale_prefix_max_all_pairs,uniform_arbitrary_stream_transfer
0,retrieval_frozen,adam,11000,51.67194035252699,0.0038395711541515496,0.06210496836438695,1644.008336971193,1.0,4.156363843554448,1.760064433087263e-10,0.0038331771342976348,True,fixed,,,,64,0.9845771767233259,0.9845771767233259,-0.015542992179266628,-0.015542992179266628,True,,infinite_stale_prefix_max_all_pairs,uniform_arbitrary_stream_transfer
0,retrieval_frozen,adam,11000,51.67194035252699,0.0038395711541515496,0.06210496836438695,1644.008336971193,1.0,4.156363843554448,1.760064433087263e-10,0.0038331771342976348,True,fixed,,,,128,0.9845771767233259,0.9845771767233259,-0.015542992179266628,-0.015542992179266628,True,,infinite_stale_prefix_max_all_pairs,uniform_arbitrary_stream_transfer
0,retrieval_frozen,adam,11000,51.67194035252699,0.0038395711541515496,0.06210496836438695,1644.008336971193,1.0,4.156363843554448,1.760064433087263e-10,0.0038331771342976348,True,fixed,,,,256,0.9845771767233259,0.9845771767233259,-0.015542992179266628,-0.015542992179266628,True,,infinite_stale_prefix_max_all_pairs,uniform_arbitrary_stream_transfer
0,retrieval_frozen,adam,11000,51.67194035252699,0.0038395711541515496,0.06210496836438695,1644.008336971193,1.0,4.156363843554448,1.760064433087263e-10,0.0038331771342976348,True,fixed,,,,512,0.9845771767233259,0.9845771767233259,-0.015542992179266628,-0.015542992179266628,True,,infinite_stale_prefix_max_all_pairs,uniform_arbitrary_stream_transfer
0,retrieval_frozen,adam,11000,51.67194035252699,0.0038395711541515496,0.06210496836438695,1644.008336971193,1.0,4.156363843554448,1.760064433087263e-10,0.0038331771342976348,True,adaptive_theta,0.25,,,2,0.25313610522756536,0.2549278318485024,-1.3738279695797417,-1.3667747862380804,True,,infinite_stale_prefix_max_all_pairs,uniform_arbitrary_stream_transfer
0,retrieval_frozen,adam,11000,51.67194035252699,0.0038395711541515496,0.06210496836438695,1644.008336971193,1.0,4.156363843554448,1.760064433087263e-10,0.0038331771342976348,True,reference_theta,0.25,,,2,0.25313610522756536,0.2549278318485024,-1.3738279695797417,-1.3667747862380804,True,,infinite_stale_prefix_max_all_pairs,uniform_arbitrary_stream_transfer
0,retrieval_frozen,adam,11000,51.67194035252699,0.0038395711541515496,0.06210496836438695,1644.008336971193,1.0,4.156363843554448,1.760064433087263e-10,0.0038331771342976348,True,adaptive_theta,0.5,,,4,0.2844571045748732,0.28626975076462496,-1.2571728115641734,-1.2508207281895944,True,,infinite_stale_prefix_max_all_pairs,uniform_arbitrary_stream_transfer
0,retrieval_frozen,adam,11000,51.67194035252699,0.0038395711541515496,0.06210496836438695,1644.008336971193,1.0,4.156363843554448,1.760064433087263e-10,0.0038331771342976348,True,reference_theta,0.5,,,4,0.2844571045748732,0.28626975076462496,-1.2571728115641734,-1.2508207281895944,True,,infinite_stale_prefix_max_all_pairs,uniform_arbitrary_stream_transfer
0,retrieval_frozen,adam,11000,51.67194035252699,0.0038395711541515496,0.06210496836438695,1644.008336971193,1.0,4.156363843554448,1.760064433087263e-10,0.0038331771342976348,True,adaptive_theta,0.75,,,5,0.3469013682998969,0.34869426484560373,-1.0587147806501391,-1.0535597726809747,True,,infinite_stale_prefix_max_all_pairs,uniform_arbitrary_stream_transfer
0,retrieval_frozen,adam,11000,51.67194035252699,0.0038395711541515496,0.06210496836438695,1644.008336971193,1.0,4.156363843554448,1.760064433087263e-10,0.0038331771342976348,True,reference_theta,0.75,,,5,0.3469013682998969,0.34869426484560373,-1.0587147806501391,-1.0535597726809747,True,,infinite_stale_prefix_max_all_pairs,uniform_arbitrary_stream_transfer
0,retrieval_frozen,adam,11000,51.67194035252699,0.0038395711541515496,0.06210496836438695,1644.008336971193,1.0,4.156363843554448,1.760064433087263e-10,0.0038331771342976348,True,clock,,2,0.001,3,0.26151988252214564,0.2633194590067729,-1.3412449657780232,-1.3343873108932574,True,,infinite_stale_prefix_max_all_pairs,uniform_arbitrary_stream_transfer
0,retrieval_frozen,adam,11000,51.67194035252699,0.0038395711541515496,0.06210496836438695,1644.008336971193,1.0,4.156363843554448,1.760064433087263e-10,0.0038331771342976348,True,clock,,2,0.003,9,0.965643485479771,0.9656511897563799,-0.03496057554034053,-0.03495259718601931,True,,infinite_stale_prefix_max_all_pairs,uniform_arbitrary_stream_transfer
0,retrieval_frozen,adam,11000,51.67194035252699,0.0038395711541515496,0.06210496836438695,1644.008336971193,1.0,4.156363843554448,1.760064433087263e-10,0.0038331771342976348,True,clock,,2,0.01,27,0.9845771764985799,0.9845771764985799,-0.015542992407533159,-0.015542992407533159,True,,infinite_stale_prefix_max_all_pairs,uniform_arbitrary_stream_transfer
0,retrieval_frozen,adam,11000,51.67194035252699,0.0038395711541515496,0.06210496836438695,1644.008336971193,1.0,4.156363843554448,1.760064433087263e-10,0.0038331771342976348,True,clock,,2,0.03,81,0.9845771767233259,0.9845771767233259,-0.015542992179266628,-0.015542992179266628,True,,infinite_stale_prefix_max_all_pairs,uniform_arbitrary_stream_transfer
0,retrieval_frozen,adam,11000,51.67194035252699,0.0038395711541515496,0.06210496836438695,1644.008336971193,1.0,4.156363843554448,1.760064433087263e-10,0.0038331771342976348,True,clock,,2,0.1,267,0.9845771767233259,0.9845771767233259,-0.015542992179266628,-0.015542992179266628,True,,infinite_stale_prefix_max_all_pairs,uniform_arbitrary_stream_transfer
0,retrieval_frozen,adam,12000,53.929567147825715,0.0038395870083700744,0.06210505989854833,1715.323363038751,1.0,4.33931396287181,1.2250241936962894e-10,0.0038331771342976348,True,fixed,,,,1,0.24110604903102864,0.24249142821879272,-1.4225184048064305,-1.4167889167807088,True,,infinite_stale_prefix_max_all_pairs,uniform_arbitrary_stream_transfer
0,retrieval_frozen,adam,12000,53.929567147825715,0.0038395870083700744,0.06210505989854833,1715.323363038751,1.0,4.33931396287181,1.2250241936962894e-10,0.0038331771342976348,True,fixed,,,,2,0.2434874906639383,0.24487554227477495,-1.4126897108225072,-1.4070051882236108,True,,infinite_stale_prefix_max_all_pairs,uniform_arbitrary_stream_transfer
0,retrieval_frozen,adam,12000,53.929567147825715,0.0038395870083700744,0.06210505989854833,1715.323363038751,1.0,4.33931396287181,1.2250241936962894e-10,0.0038331771342976348,True,fixed,,,,3,0.24998339032503325,0.25137815879826014,-1.3863608020269058,-1.3807968648886706,True,,infinite_stale_prefix_max_all_pairs,uniform_arbitrary_stream_transfer
0,retrieval_frozen,adam,12000,53.929567147825715,0.0038395870083700744,0.06210505989854833,1715.323363038751,1.0,4.33931396287181,1.2250241936962894e-10,0.0038331771342976348,True,fixed,,,,4,0.26778152897346474,0.26919055625641575,-1.3175838213171769,-1.3123357625980243,True,,infinite_stale_prefix_max_all_pairs,uniform_arbitrary_stream_transfer
0,retrieval_frozen,adam,12000,53.929567147825715,0.0038395870083700744,0.06210505989854833,1715.323363038751,1.0,4.33931396287181,1.2250241936962894e-10,0.0038331771342976348,True,fixed,,,,5,0.3167033679080634,0.3181230842473138,-1.1497896911143484,-1.1453169137078554,True,,infinite_stale_prefix_max_all_pairs,uniform_arbitrary_stream_transfer
0,retrieval_frozen,adam,12000,53.929567147825715,0.0038395870083700744,0.06210505989854833,1715.323363038751,1.0,4.33931396287181,1.2250241936962894e-10,0.0038331771342976348,True,fixed,,,,8,0.8961156743267501,0.8962272604801468,-0.1096857735288941,-0.10956125923938638,True,,infinite_stale_prefix_max_all_pairs,uniform_arbitrary_stream_transfer
0,retrieval_frozen,adam,12000,53.929567147825715,0.0038395870083700744,0.06210505989854833,1715.323363038751,1.0,4.33931396287181,1.2250241936962894e-10,0.0038331771342976348,True,fixed,,,,16,0.9871070470554857,0.9871070470602276,-0.012976788433250931,-0.01297678842844703,True,,infinite_stale_prefix_max_all_pairs,uniform_arbitrary_stream_transfer
0,retrieval_frozen,adam,12000,53.929567147825715,0.0038395870083700744,0.06210505989854833,1715.323363038751,1.0,4.33931396287181,1.2250241936962894e-10,0.0038331771342976348,True,fixed,,,,32,0.9871225180503718,0.9871225180503718,-0.01296111548907065,-0.01296111548907065,True,,infinite_stale_prefix_max_all_pairs,uniform_arbitrary_stream_transfer
0,retrieval_frozen,adam,12000,53.929567147825715,0.0038395870083700744,0.06210505989854833,1715.323363038751,1.0,4.33931396287181,1.2250241936962894e-10,0.0038331771342976348,True,fixed,,,,64,0.9871225180521122,0.9871225180521122,-0.01296111548730756,-0.01296111548730756,True,,infinite_stale_prefix_max_all_pairs,uniform_arbitrary_stream_transfer
0,retrieval_frozen,adam,12000,53.929567147825715,0.0038395870083700744,0.06210505989854833,1715.323363038751,1.0,4.33931396287181,1.2250241936962894e-10,0.0038331771342976348,True,fixed,,,,128,0.9871225180521122,0.9871225180521122,-0.01296111548730756,-0.01296111548730756,True,,infinite_stale_prefix_max_all_pairs,uniform_arbitrary_stream_transfer
0,retrieval_frozen,adam,12000,53.929567147825715,0.0038395870083700744,0.06210505989854833,1715.323363038751,1.0,4.33931396287181,1.2250241936962894e-10,0.0038331771342976348,True,fixed,,,,256,0.9871225180521122,0.9871225180521122,-0.01296111548730756,-0.01296111548730756,True,,infinite_stale_prefix_max_all_pairs,uniform_arbitrary_stream_transfer
0,retrieval_frozen,adam,12000,53.929567147825715,0.0038395870083700744,0.06210505989854833,1715.323363038751,1.0,4.33931396287181,1.2250241936962894e-10,0.0038331771342976348,True,fixed,,,,512,0.9871225180521122,0.9871225180521122,-0.01296111548730756,-0.01296111548730756,True,,infinite_stale_prefix_max_all_pairs,uniform_arbitrary_stream_transfer
0,retrieval_frozen,adam,12000,53.929567147825715,0.0038395870083700744,0.06210505989854833,1715.323363038751,1.0,4.33931396287181,1.2250241936962894e-10,0.0038331771342976348,True,adaptive_theta,0.25,,,2,0.2434874906639383,0.24487554227477495,-1.4126897108225072,-1.4070051882236108,True,,infinite_stale_prefix_max_all_pairs,uniform_arbitrary_stream_transfer
0,retrieval_frozen,adam,12000,53.929567147825715,0.0038395870083700744,0.06210505989854833,1715.323363038751,1.0,4.33931396287181,1.2250241936962894e-10,0.0038331771342976348,True,reference_theta,0.25,,,2,0.2434874906639383,0.24487554227477495,-1.4126897108225072,-1.4070051882236108,True,,infinite_stale_prefix_max_all_pairs,uniform_arbitrary_stream_transfer
0,retrieval_frozen,adam,12000,53.929567147825715,0.0038395870083700744,0.06210505989854833,1715.323363038751,1.0,4.33931396287181,1.2250241936962894e-10,0.0038331771342976348,True,adaptive_theta,0.5,,,4,0.26778152897346474,0.26919055625641575,-1.3175838213171769,-1.3123357625980243,True,,infinite_stale_prefix_max_all_pairs,uniform_arbitrary_stream_transfer
0,retrieval_frozen,adam,12000,53.929567147825715,0.0038395870083700744,0.06210505989854833,1715.323363038751,1.0,4.33931396287181,1.2250241936962894e-10,0.0038331771342976348,True,reference_theta,0.5,,,4,0.26778152897346474,0.26919055625641575,-1.3175838213171769,-1.3123357625980243,True,,infinite_stale_prefix_max_all_pairs,uniform_arbitrary_stream_transfer
0,retrieval_frozen,adam,12000,53.929567147825715,0.0038395870083700744,0.06210505989854833,1715.323363038751,1.0,4.33931396287181,1.2250241936962894e-10,0.0038331771342976348,True,adaptive_theta,0.75,,,5,0.3167033679080634,0.3181230842473138,-1.1497896911143484,-1.1453169137078554,True,,infinite_stale_prefix_max_all_pairs,uniform_arbitrary_stream_transfer
0,retrieval_frozen,adam,12000,53.929567147825715,0.0038395870083700744,0.06210505989854833,1715.323363038751,1.0,4.33931396287181,1.2250241936962894e-10,0.0038331771342976348,True,reference_theta,0.75,,,5,0.3167033679080634,0.3181230842473138,-1.1497896911143484,-1.1453169137078554,True,,infinite_stale_prefix_max_all_pairs,uniform_arbitrary_stream_transfer
0,retrieval_frozen,adam,12000,53.929567147825715,0.0038395870083700744,0.06210505989854833,1715.323363038751,1.0,4.33931396287181,1.2250241936962894e-10,0.0038331771342976348,True,clock,,2,0.001,3,0.24998339032503325,0.25137815879826014,-1.3863608020269058,-1.3807968648886706,True,,infinite_stale_prefix_max_all_pairs,uniform_arbitrary_stream_transfer
0,retrieval_frozen,adam,12000,53.929567147825715,0.0038395870083700744,0.06210505989854833,1715.323363038751,1.0,4.33931396287181,1.2250241936962894e-10,0.0038331771342976348,True,clock,,2,0.003,9,0.963238078695707,0.963248334490757,-0.03745467167941374,-0.037444024529265214,True,,infinite_stale_prefix_max_all_pairs,uniform_arbitrary_stream_transfer
0,retrieval_frozen,adam,12000,53.929567147825715,0.0038395870083700744,0.06210505989854833,1715.323363038751,1.0,4.33931396287181,1.2250241936962894e-10,0.0038331771342976348,True,clock,,2,0.01,30,0.9871225180392524,0.9871225180392524,-0.012961115500335125,-0.012961115500335125,True,,infinite_stale_prefix_max_all_pairs,uniform_arbitrary_stream_transfer
0,retrieval_frozen,adam,12000,53.929567147825715,0.0038395870083700744,0.06210505989854833,1715.323363038751,1.0,4.33931396287181,1.2250241936962894e-10,0.0038331771342976348,True,clock,,2,0.03,88,0.9871225180521122,0.9871225180521122,-0.01296111548730756,-0.01296111548730756,True,,infinite_stale_prefix_max_all_pairs,uniform_arbitrary_stream_transfer
0,retrieval_frozen,adam,12000,53.929567147825715,0.0038395870083700744,0.06210505989854833,1715.323363038751,1.0,4.33931396287181,1.2250241936962894e-10,0.0038331771342976348,True,clock,,2,0.1,291,0.9871225180521122,0.9871225180521122,-0.01296111548730756,-0.01296111548730756,True,,infinite_stale_prefix_max_all_pairs,uniform_arbitrary_stream_transfer
