seed,gate_mode,optimizer,step,S,lag,prefix,mean_probability,min_probability,mean_attention,min_attention,certified_probability_lower_bound,example_count,train_R
0,learned,sgd,0,0.0,1,0,0.5,0.5,1.0,1.0,,112,4
0,learned,sgd,0,0.0,1,16,0.5,0.5,0.6321205849979562,0.6321205849979562,,112,4
0,learned,sgd,0,0.0,1,64,0.5,0.5,0.6321205588285578,0.6321205588285577,,112,4
0,learned,sgd,0,0.0,2,0,0.5,0.5,0.2689414213690497,0.2689414213610862,,112,4
0,learned,sgd,0,0.0,2,16,0.5,0.5,0.2325441614757657,0.23254416146981183,,112,4
0,learned,sgd,0,0.0,2,64,0.5,0.5,0.23254415793412278,0.23254415792816893,,112,4
0,learned,sgd,0,0.0,3,0,0.5,0.5,0.09003057316998572,0.09003057316666072,,112,4
0,learned,sgd,0,0.0,3,16,0.5,0.5,0.08554821534770156,0.08554821534469942,,112,4
0,learned,sgd,0,0.0,3,64,0.5,0.5,0.08554821486839234,0.08554821486539019,,112,4
0,learned,sgd,0,0.0,4,0,0.5,0.5,0.03205860327993539,0.032058603278675366,,112,4
0,learned,sgd,0,0.0,4,16,0.5,0.5,0.03147142954385305,0.03147142954263874,,112,4
0,learned,sgd,0,0.0,4,64,0.5,0.5,0.0314714294789856,0.0314714294777713,,112,4
0,learned,sgd,0,0.0,5,0,0.5,0.5,0.011656230955984061,0.0116562309555162,,112,4
0,learned,sgd,0,0.0,5,16,0.5,0.5,0.01157769189837277,0.011577691897911182,,112,4
0,learned,sgd,0,0.0,5,64,0.5,0.5,0.011577691889593913,0.011577691889132331,,112,4
0,learned,sgd,0,0.0,6,0,0.5,0.5,0.004269778545261609,0.004269778545088934,,112,4
0,learned,sgd,0,0.0,6,16,0.5,0.5,0.004259194823586798,0.0042591948234149786,,112,4
0,learned,sgd,0,0.0,6,64,0.5,0.5,0.004259194822398709,0.004259194822226892,,112,4
0,learned,sgd,0,0.0,7,0,0.5,0.5,0.0015683003158789223,0.0015683003158153256,,112,4
0,learned,sgd,0,0.0,7,16,0.5,0.5,0.001566870211265096,0.0015668702112016156,,112,4
0,learned,sgd,0,0.0,7,64,0.5,0.5,0.001566870211104306,0.001566870211040825,,112,4
0,learned,sgd,0,0.0,8,0,0.5,0.5,0.0005766127696842267,0.0005766127696608212,,112,4
0,learned,sgd,0,0.0,8,16,0.5,0.5,0.0005764193376709881,0.0005764193376475979,,112,4
0,learned,sgd,0,0.0,8,64,0.5,0.5,0.0005764193376492274,0.0005764193376258372,,112,4
0,learned,sgd,0,0.0,9,0,0.5,0.5,0.00021207899644221169,0.00021207899643359976,,112,4
0,learned,sgd,0,0.0,9,16,0.5,0.5,0.00021205282381775504,0.0002120528238091451,,112,4
0,learned,sgd,0,0.0,9,64,0.5,0.5,0.0002120528238148101,0.00021205282380620046,,112,4
0,learned,sgd,0,0.0,10,0,0.5,0.5,7.80134161274313e-05,7.801341612426298e-05,,112,4
0,learned,sgd,0,0.0,10,16,0.5,0.5,7.800987432421721e-05,7.800987432104913e-05,,112,4
0,learned,sgd,0,0.0,10,64,0.5,0.5,7.800987432381864e-05,7.800987432065062e-05,,112,4
0,learned,sgd,0,0.0,11,0,0.5,0.5,2.8698708289339755e-05,2.8698708288174173e-05,,112,4
0,learned,sgd,0,0.0,11,16,0.5,0.5,2.869822897215476e-05,2.8698228970989198e-05,,112,4
0,learned,sgd,0,0.0,11,64,0.5,0.5,2.8698228972100827e-05,2.869822897093526e-05,,112,4
0,learned,sgd,0,0.0,12,0,0.5,0.5,1.0557553304715978e-05,1.0557553304287181e-05,,112,4
0,learned,sgd,0,0.0,12,16,0.5,0.5,1.0557488436873857e-05,1.055748843644506e-05,,112,4
0,learned,sgd,0,0.0,12,64,0.5,0.5,1.0557488436866557e-05,1.0557488436437765e-05,,112,4
0,learned,sgd,0,0.0,13,0,0.5,0.5,3.883891725203109e-06,3.8838917250453626e-06,,112,4
0,learned,sgd,0,0.0,13,16,0.5,0.5,3.883882946329418e-06,3.883882946171673e-06,,112,4
0,learned,sgd,0,0.0,13,64,0.5,0.5,3.883882946328426e-06,3.88388294617068e-06,,112,4
0,learned,sgd,0,0.0,14,0,0.5,0.5,1.4288018759603902e-06,1.4288018759023587e-06,,112,4
0,learned,sgd,0,0.0,14,16,0.5,0.5,1.4288006878707313e-06,1.4288006878127e-06,,112,4
0,learned,sgd,0,0.0,14,64,0.5,0.5,1.4288006878705968e-06,1.4288006878125653e-06,,112,4
0,learned,sgd,0,0.0,15,0,0.5,0.5,5.256265593895918e-07,5.256265593682431e-07,,112,4
0,learned,sgd,0,0.0,15,16,0.5,0.5,5.256263985992252e-07,5.256263985778766e-07,,112,4
0,learned,sgd,0,0.0,15,64,0.5,0.5,5.256263985992075e-07,5.256263985778588e-07,,112,4
0,learned,sgd,0,0.0,16,0,0.5,0.5,1.9336716754224223e-07,1.9336716753438852e-07,,112,4
0,learned,sgd,0,0.0,16,16,0.5,0.5,1.9336714578163672e-07,1.93367145773783e-07,,112,4
0,learned,sgd,0,0.0,16,64,0.5,0.5,1.9336714578163428e-07,1.933671457737806e-07,,112,4
0,learned,sgd,0,0.0,17,0,0.5,0.5,7.113580047604236e-08,7.113580047315297e-08,,112,4
0,learned,sgd,0,0.0,17,16,0.5,0.5,7.113579753106472e-08,7.113579752817534e-08,,112,4
0,learned,sgd,0,0.0,17,64,0.5,0.5,7.113579753106447e-08,7.113579752817508e-08,,112,4
0,learned,sgd,0,0.0,18,0,0.5,0.5,2.6169397841572313e-08,2.616939784050938e-08,,112,4
0,learned,sgd,0,0.0,18,16,0.5,0.5,2.616939744301294e-08,2.6169397441950013e-08,,112,4
0,learned,sgd,0,0.0,18,64,0.5,0.5,2.616939744301285e-08,2.616939744194992e-08,,112,4
0,learned,sgd,0,0.0,19,0,0.5,0.5,9.627183361068068e-09,9.627183360677038e-09,,112,4
0,learned,sgd,0,0.0,19,16,0.5,0.5,9.627183307128918e-09,9.62718330673789e-09,,112,4
0,learned,sgd,0,0.0,19,64,0.5,0.5,9.627183307128918e-09,9.62718330673789e-09,,112,4
0,learned,sgd,0,0.0,20,0,0.5,0.5,3.54164282238151e-09,3.5416428222376583e-09,,112,4
0,learned,sgd,0,0.0,20,16,0.5,0.5,3.541642815081642e-09,3.5416428149377907e-09,,112,4
0,learned,sgd,0,0.0,20,64,0.5,0.5,3.541642815081642e-09,3.5416428149377907e-09,,112,4
0,learned,sgd,0,0.0,21,0,0.5,0.5,1.3028975806290122e-09,1.302897580576092e-09,,112,4
0,learned,sgd,0,0.0,21,16,0.5,0.5,1.3028975796410827e-09,1.3028975795881626e-09,,112,4
0,learned,sgd,0,0.0,21,64,0.5,0.5,1.3028975796410827e-09,1.3028975795881626e-09,,112,4
0,learned,sgd,0,0.0,22,0,0.5,0.5,4.793092336356896e-10,4.793092336162214e-10,,112,4
0,learned,sgd,0,0.0,22,16,0.5,0.5,4.793092335019871e-10,4.793092334825188e-10,,112,4
0,learned,sgd,0,0.0,22,64,0.5,0.5,4.793092335019871e-10,4.793092334825188e-10,,112,4
0,learned,sgd,0,0.0,23,0,0.5,0.5,1.7632801298711732e-10,1.7632801297995536e-10,,112,4
0,learned,sgd,0,0.0,23,16,0.5,0.5,1.7632801296902313e-10,1.7632801296186117e-10,,112,4
0,learned,sgd,0,0.0,23,64,0.5,0.5,1.7632801296902313e-10,1.7632801296186117e-10,,112,4
0,learned,sgd,0,0.0,24,0,0.5,0.5,6.486745087636398e-11,6.486745087372924e-11,,112,4
0,learned,sgd,0,0.0,24,16,0.5,0.5,6.486745087391515e-11,6.486745087128042e-11,,112,4
0,learned,sgd,0,0.0,24,64,0.5,0.5,6.486745087391515e-11,6.486745087128042e-11,,112,4
0,learned,sgd,3,0.0,1,0,0.5498436866074375,0.5498436866074375,1.0,1.0,0.48157976525289925,112,4
0,learned,sgd,3,0.0,1,16,0.5132115685485411,0.5132115685485411,0.6321205852683468,0.6321205852683468,0.48157976525289925,112,4
0,learned,sgd,3,0.0,1,64,0.5132115659329165,0.5132115659329165,0.6321205590989486,0.6321205590989486,0.48157976525289925,112,4
0,learned,sgd,3,0.0,2,0,0.4769445854106489,0.4769416897067623,0.26932739295434094,0.2692983798883847,0.46702542346196574,112,4
0,learned,sgd,3,0.0,2,16,0.4733034507615706,0.47330128819077283,0.23283267516379746,0.23281099186873613,0.46702542346196574,112,4
0,learned,sgd,3,0.0,2,64,0.47330345040746974,0.47330128783673814,0.23283267161336105,0.23281098831896105,0.46702542346196574,112,4
0,learned,sgd,3,0.0,3,0,0.45910273073405483,0.4591015263996695,0.09019178423425037,0.09017966214437606,0.4576214875765601,112,4
0,learned,sgd,3,0.0,3,16,0.458655883258113,0.4586547962081841,0.08569376057572102,0.08568281737980557,0.4576214875765601,112,4
0,learned,sgd,3,0.0,3,64,0.4586558832103383,0.45865479616042165,0.08569376009477948,0.08568281689898687,0.4576214875765601,112,4
0,learned,sgd,3,0.0,4,0,0.45333898163492853,0.45333852606820163,0.03211970258368566,0.03211510779157029,0.45312391340649993,112,4
0,learned,sgd,3,0.0,4,16,0.4532805448010789,0.4532801058089484,0.03153030914144177,0.0315258814212596,0.45312391340649993,112,4
0,learned,sgd,3,0.0,4,64,0.45328054479462343,0.4532801058024947,0.03153030907633137,0.0315258813561675,0.45312391340649993,112,4
0,learned,sgd,3,0.0,5,0,0.45131309289828275,0.45131292385827093,0.011678918932861037,0.011677212685440471,0.45128136902268456,112,4
0,learned,sgd,3,0.0,5,16,0.4513052817327323,0.45130511496777165,0.011600074870695821,0.011598391581900406,0.45128136902268456,112,4
0,learned,sgd,3,0.0,5,64,0.4513052817318592,0.4513051149668988,0.011600074861882989,0.011598391573090129,0.45128136902268456,112,4
0,learned,sgd,3,0.0,6,0,0.45057999609938804,0.4505799337286265,0.004278152051099003,0.004277522313407291,0.45057489941054374,112,4
0,learned,sgd,3,0.0,6,16,0.45057894375157553,0.45057888169024624,0.004267526828641624,0.004266900214924411,0.45057489941054374,112,4
0,learned,sgd,3,0.0,6,64,0.45057894375145746,0.4505788816901281,0.004267526827448883,0.004266900213732018,0.45057489941054374,112,4
0,learned,sgd,3,0.0,7,0,0.45031192557502997,0.45031190260569814,0.001571384348126355,0.0015711524092158378,0.45031094869159766,112,4
0,learned,sgd,3,0.0,7,16,0.4503117833918721,0.45031176046449295,0.0015699486160050005,0.0015697171007097996,0.45031094869159766,112,4
0,learned,sgd,3,0.0,7,64,0.4503117833918561,0.4503117604644769,0.0015699486158435778,0.0015697171005484237,0.45031094869159766,112,4
0,learned,sgd,3,0.0,8,0,0.4502135258867187,0.45021351743349697,0.0005777478040692572,0.0005776624420494464,0.4502132884811247,112,4
0,learned,sgd,3,0.0,8,16,0.45021350665607873,0.45021349820853845,0.0005775536099108245,0.0005774683052623538,0.4502132884811247,112,4
0,learned,sgd,3,0.0,8,64,0.45021350665607657,0.4502134982085363,0.0005775536098889784,0.000577468305240514,0.4502132884811247,112,4
0,learned,sgd,3,0.0,9,0,0.4501773560912693,0.4501773529810606,0.00021249661726205132,0.00021246520940815822,0.45017728528288037,112,4
0,learned,sgd,3,0.0,9,16,0.45017735348927,0.4501773503798306,0.00021247034146539204,0.00021243894137791604,0.45017728528288037,112,4
0,learned,sgd,3,0.0,9,64,0.4501773534892698,0.4501773503798302,0.0002124703414624355,0.00021243894137496037,0.45017728528288037,112,4
0,learned,sgd,3,0.0,10,0,0.4501640539462106,0.450164052801969,7.816705899378857e-05,7.8155504024614e-05,0.45016403013518574,112,4
0,learned,sgd,3,0.0,10,16,0.45016405359409745,0.45016405244995994,7.816350322639156e-05,7.815194930838931e-05,0.45016403013518574,112,4
0,learned,sgd,3,0.0,10,64,0.45016405359409745,0.45016405244995994,7.816350322599143e-05,7.815194930798924e-05,0.45016403013518574,112,4
0,learned,sgd,3,0.0,11,0,0.45015916089886165,0.45015916047791066,2.8755231511896786e-05,2.8750980586271166e-05,0.45015915244219884,112,4
0,learned,sgd,3,0.0,11,16,0.45015916085120977,0.4501591604302729,2.8754750304798736e-05,2.8750499521438882e-05,0.45015915244219884,112,4
0,learned,sgd,3,0.0,11,64,0.45015916085120977,0.4501591604302729,2.8754750304744587e-05,2.8750499521384747e-05,0.45015915244219884,112,4
0,learned,sgd,3,0.0,12,0,0.45015736092018627,0.45015736076532603,1.0578347189750319e-05,1.0576783349425755e-05,0.4501573578501528,112,4
0,learned,sgd,3,0.0,12,16,0.4501573609137374,0.450157360758879,1.0578282066133016e-05,1.0576718245062282e-05,0.4501573578501528,112,4
0,learned,sgd,3,0.0,12,64,0.4501573609137374,0.450157360758879,1.0578282066125688e-05,1.0576718245054954e-05,0.4501573578501528,112,4
0,learned,sgd,3,0.0,13,0,0.450156698754896,0.4501566986979259,3.8915413869751364e-06,3.890966080622288e-06,0.45015669763104255,112,4
0,learned,sgd,3,0.0,13,16,0.4501566987540233,0.45015669869705344,3.891532573485887e-06,3.890957269738775e-06,0.45015669763104255,112,4
0,learned,sgd,3,0.0,13,64,0.4501566987540233,0.45015669869705344,3.891532573484894e-06,3.89095726973778e-06,0.45015669763104255,112,4
0,learned,sgd,3,0.0,14,0,0.45015645515923336,0.4501564551382753,1.4316160311597896e-06,1.431404387557247e-06,0.4501564547465418,112,4
0,learned,sgd,3,0.0,14,16,0.45015645515911523,0.45015645513815716,1.4316148383854167e-06,1.431403195135523e-06,0.4501564547465418,112,4
0,learned,sgd,3,0.0,14,64,0.45015645515911523,0.45015645513815716,1.4316148383852825e-06,1.4314031951353883e-06,0.4501564547465418,112,4
0,learned,sgd,3,0.0,15,0,0.45015636554557786,0.4501563655378677,5.266618292443709e-07,5.265839698840041e-07,0.45015636539385867,112,4
0,learned,sgd,3,0.0,15,16,0.4501563655455619,0.45015636553785177,5.266616678199977e-07,5.265838085073566e-07,0.45015636539385867,112,4
0,learned,sgd,3,0.0,15,64,0.4501563655455619,0.45015636553785177,5.266616678199795e-07,5.265838085073379e-07,0.45015636539385867,112,4
0,learned,sgd,3,0.0,16,0,0.45015633257858073,0.45015633257574433,1.937480219495758e-07,1.9371937908752856e-07,0.4501563325227802,112,4
0,learned,sgd,3,0.0,16,16,0.45015633257857857,0.45015633257574217,1.9374800010316676e-07,1.937193572475788e-07,0.4501563325227802,112,4
0,learned,sgd,3,0.0,16,64,0.45015633257857857,0.45015633257574217,1.9374800010316432e-07,1.9371935724757604e-07,0.4501563325227802,112,4
0,learned,sgd,3,0.0,17,0,0.4501563204507036,0.4501563204496601,7.12759089375138e-08,7.126537181688512e-08,0.4501563204301775,112,4
0,learned,sgd,3,0.0,17,16,0.45015632045070325,0.4501563204496599,7.127590598092405e-08,7.126536886116946e-08,0.4501563204301775,112,4
0,learned,sgd,3,0.0,17,64,0.45015632045070325,0.4501563204496599,7.127590598092373e-08,7.126536886116894e-08,0.4501563204301775,112,4
0,learned,sgd,3,0.0,18,0,0.45015631598910744,0.45015631598872347,2.6220940845800267e-08,2.6217064455679783e-08,0.45015631598155653,112,4
0,learned,sgd,3,0.0,18,16,0.45015631598910727,0.45015631598872347,2.6220940445669374e-08,2.62170640556672e-08,0.45015631598155653,112,4
0,learned,sgd,3,0.0,18,64,0.45015631598910727,0.45015631598872347,2.6220940445669328e-08,2.6217064055667108e-08,0.45015631598155653,112,4
0,learned,sgd,3,0.0,19,0,0.4501563143477779,0.4501563143476367,9.646144965703987e-09,9.644718921463607e-09,0.45015631434500014,112,4
0,learned,sgd,3,0.0,19,16,0.4501563143477779,0.4501563143476367,9.64614491155216e-09,9.644718867327803e-09,0.45015631434500014,112,4
0,learned,sgd,3,0.0,19,64,0.4501563143477779,0.4501563143476367,9.646144911552152e-09,9.644718867327803e-09,0.45015631434500014,112,4
0,learned,sgd,3,0.0,20,0,0.4501563137439666,0.4501563137439146,3.5486184043085944e-09,3.5480937919493744e-09,0.4501563137429446,112,4
0,learned,sgd,3,0.0,20,16,0.4501563137439666,0.45015631374391457,3.548618396979942e-09,3.5480937846228856e-09,0.4501563137429446,112,4
0,learned,sgd,3,0.0,20,64,0.4501563137439666,0.45015631374391457,3.54861839697994e-09,3.5480937846228856e-09,0.4501563137429446,112,4
0,learned,sgd,3,0.0,21,0,0.4501563135218368,0.4501563135218177,1.305463752853141e-09,1.3052707587515554e-09,0.4501563135214608,112,4
0,learned,sgd,3,0.0,21,16,0.4501563135218368,0.4501563135218177,1.3054637518613155e-09,1.3052707577600227e-09,0.4501563135214608,112,4
0,learned,sgd,3,0.0,21,64,0.4501563135218368,0.4501563135218177,1.3054637518613153e-09,1.3052707577600227e-09,0.4501563135214608,112,4
0,learned,sgd,3,0.0,22,0,0.4501563134401198,0.45015631344011275,4.802532752867961e-10,4.801822767245828e-10,0.4501563134399815,112,4
0,learned,sgd,3,0.0,22,16,0.4501563134401198,0.45015631344011275,4.80253275152567e-10,4.801822765903944e-10,0.4501563134399815,112,4
0,learned,sgd,3,0.0,22,64,0.4501563134401198,0.45015631344011275,4.80253275152567e-10,4.801822765903944e-10,0.4501563134399815,112,4
0,learned,sgd,3,0.0,23,0,0.4501563134100578,0.4501563134100552,1.7667530637235936e-10,1.7664918746098414e-10,0.45015631341000695,112,4
0,learned,sgd,3,0.0,23,16,0.4501563134100578,0.4501563134100552,1.7667530635419328e-10,1.7664918744282376e-10,0.45015631341000695,112,4
0,learned,sgd,3,0.0,23,64,0.4501563134100578,0.4501563134100552,1.7667530635419328e-10,1.7664918744282376e-10,0.45015631341000695,112,4
0,learned,sgd,3,0.0,24,0,0.4501563133989986,0.4501563133989977,6.499521292508364e-11,6.498560431456954e-11,0.4501563133989799,112,4
0,learned,sgd,3,0.0,24,16,0.4501563133989986,0.4501563133989977,6.49952129226251e-11,6.498560431211164e-11,0.4501563133989799,112,4
0,learned,sgd,3,0.0,24,64,0.4501563133989986,0.4501563133989977,6.49952129226251e-11,6.498560431211164e-11,0.4501563133989799,112,4
0,learned,sgd,1000,3776.230261264594,1,0,0.8002134677221876,0.8002134677221877,1.0,1.0,0.48243727482090487,112,4
0,learned,sgd,1000,3776.230261264594,1,16,0.7773516536086513,0.7773516536086514,0.9505163699525239,0.9505163699525238,0.48243727482090487,112,4
0,learned,sgd,1000,3776.230261264594,1,64,0.7773516536086513,0.7773516536086514,0.9505163699525239,0.9505163699525238,0.48243727482090487,112,4
0,learned,sgd,1000,3776.230261264594,2,0,0.22163400182270993,0.22162614473196407,0.047368422987892754,0.04735201171170588,0.22037152327454265,112,4
0,learned,sgd,1000,3776.230261264594,2,16,0.2215782197428405,0.22157040266236833,0.04725190038731121,0.047235569742062666,0.22037152327454265,112,4
0,learned,sgd,1000,3776.230261264594,2,64,0.2215782197428405,0.22157040266236833,0.04725190038731121,0.047235569742062666,0.22037152327454265,112,4
0,learned,sgd,1000,3776.230261264594,3,0,0.2008263550043611,0.20082597602154822,0.0023390429455986653,0.0023381920926550848,0.2008164779483462,112,4
0,learned,sgd,1000,3776.230261264594,3,16,0.20082622815431891,0.20082584926395292,0.0023387581551140555,0.0023379075093204454,0.2008164779483462,112,4
0,learned,sgd,1000,3776.230261264594,3,64,0.20082622815431891,0.20082584926395292,0.0023387581551140555,0.0023379075093204454,0.2008164779483462,112,4
0,learned,sgd,1000,3776.230261264594,4,0,0.19983788600607028,0.1998378672799073,0.00011573231854128377,0.00011569012076028662,0.19983752256977966,112,4
0,learned,sgd,1000,3776.230261264594,4,16,0.19983788569663638,0.19983786697069908,0.00011573162125896157,0.00011568942398637163,0.19983752256977966,112,4
0,learned,sgd,1000,3776.230261264594,4,64,0.19983788569663638,0.19983786697069908,0.00011573162125896157,0.00011568942398637163,0.19983752256977966,112,4
0,learned,sgd,1000,3776.230261264594,5,0,0.19978907320076272,0.19978907227419132,5.726825812660341e-06,5.724737481960547e-06,0.1997890555230057,112,4
0,learned,sgd,1000,3776.230261264594,5,16,0.19978907320000516,0.19978907227343434,5.726824105281944e-06,5.724735775827185e-06,0.1997890555230057,112,4
0,learned,sgd,1000,3776.230261264594,5,64,0.19978907320000516,0.19978907227343434,5.726824105281944e-06,5.724735775827185e-06,0.1997890555230057,112,4
0,learned,sgd,1000,3776.230261264594,6,0,0.19978665801130124,0.1997866579654513,2.8338405781542495e-07,2.832807190652581e-07,0.19978665713729182,112,4
0,learned,sgd,1000,3776.230261264594,6,16,0.1997866580112994,0.19978665796544948,2.8338405363468864e-07,2.8328071488757065e-07,0.19978665713729182,112,4
0,learned,sgd,1000,3776.230261264594,6,64,0.1997866580112994,0.19978665796544948,2.8338405363468864e-07,2.8328071488757065e-07,0.19978665713729182,112,4
0,learned,sgd,1000,3776.230261264594,7,0,0.1997865384995602,0.1997865384972914,1.4022871701880633e-08,1.4017758124010915e-08,0.19978653845631286,112,4
0,learned,sgd,1000,3776.230261264594,7,16,0.1997865384995602,0.1997865384972914,1.4022871691643558e-08,1.4017758113781275e-08,0.19978653845631286,112,4
0,learned,sgd,1000,3776.230261264594,7,64,0.1997865384995602,0.1997865384972914,1.4022871691643558e-08,1.4017758113781275e-08,0.19978653845631286,112,4
0,learned,sgd,1000,3776.230261264594,8,0,0.19978653258568688,0.19978653258557458,6.9390259506712e-10,6.936495566681996e-10,0.19978653258354684,112,4
0,learned,sgd,1000,3776.230261264594,8,16,0.19978653258568688,0.19978653258557458,6.93902595042053e-10,6.936495566431496e-10,0.19978653258354684,112,4
0,learned,sgd,1000,3776.230261264594,8,64,0.19978653258568688,0.19978653258557458,6.93902595042053e-10,6.936495566431496e-10,0.19978653258354684,112,4
0,learned,sgd,1000,3776.230261264594,9,0,0.199786532293047,0.1997865322930414,3.433681930222737e-11,3.432429804369904e-11,0.19978653229294105,112,4
0,learned,sgd,1000,3776.230261264594,9,16,0.199786532293047,0.1997865322930414,3.433681930216601e-11,3.4324298043637704e-11,0.19978653229294105,112,4
0,learned,sgd,1000,3776.230261264594,9,64,0.199786532293047,0.1997865322930414,3.433681930216601e-11,3.4324298043637704e-11,0.19978653229294105,112,4
0,learned,sgd,1000,3776.230261264594,10,0,0.19978653227856608,0.19978653227856583,1.6991104633558713e-12,1.6984908660311069e-12,0.19978653227856083,112,4
0,learned,sgd,1000,3776.230261264594,10,16,0.19978653227856608,0.19978653227856583,1.6991104633557198e-12,1.698490866030956e-12,0.19978653227856083,112,4
0,learned,sgd,1000,3776.230261264594,10,64,0.19978653227856608,0.19978653227856583,1.6991104633557198e-12,1.698490866030956e-12,0.19978653227856083,112,4
0,learned,sgd,1000,3776.230261264594,11,0,0.19978653227784957,0.19978653227784948,8.407815357849127e-14,8.404749365369417e-14,0.19978653227784923,112,4
0,learned,sgd,1000,3776.230261264594,11,16,0.19978653227784957,0.19978653227784948,8.407815357849095e-14,8.404749365369388e-14,0.19978653227784923,112,4
0,learned,sgd,1000,3776.230261264594,11,64,0.19978653227784957,0.19978653227784948,8.407815357849095e-14,8.404749365369388e-14,0.19978653227784923,112,4
0,learned,sgd,1000,3776.230261264594,12,0,0.19978653227781404,0.19978653227781404,4.160492246752943e-15,4.1589750823770064e-15,0.199786532277814,112,4
0,learned,sgd,1000,3776.230261264594,12,16,0.19978653227781404,0.19978653227781404,4.160492246752943e-15,4.1589750823770064e-15,0.199786532277814,112,4
0,learned,sgd,1000,3776.230261264594,12,64,0.19978653227781404,0.19978653227781404,4.160492246752943e-15,4.1589750823770064e-15,0.199786532277814,112,4
0,learned,sgd,1000,3776.230261264594,13,0,0.1997865322778123,0.1997865322778123,2.0587625915371548e-16,2.058011843530154e-16,0.1997865322778123,112,4
0,learned,sgd,1000,3776.230261264594,13,16,0.1997865322778123,0.1997865322778123,2.0587625915371548e-16,2.058011843530154e-16,0.1997865322778123,112,4
0,learned,sgd,1000,3776.230261264594,13,64,0.1997865322778123,0.1997865322778123,2.0587625915371548e-16,2.058011843530154e-16,0.1997865322778123,112,4
0,learned,sgd,1000,3776.230261264594,14,0,0.19978653227781223,0.1997865322778122,1.0187504643520812e-17,1.0183789669857081e-17,0.1997865322778122,112,4
0,learned,sgd,1000,3776.230261264594,14,16,0.19978653227781223,0.1997865322778122,1.0187504643520812e-17,1.0183789669857081e-17,0.1997865322778122,112,4
0,learned,sgd,1000,3776.230261264594,14,64,0.19978653227781223,0.1997865322778122,1.0187504643520812e-17,1.0183789669857081e-17,0.1997865322778122,112,4
0,learned,sgd,1000,3776.230261264594,15,0,0.19978653227781223,0.1997865322778122,5.041147108869272e-19,5.03930880504515e-19,0.1997865322778122,112,4
0,learned,sgd,1000,3776.230261264594,15,16,0.19978653227781223,0.1997865322778122,5.041147108869272e-19,5.03930880504515e-19,0.1997865322778122,112,4
0,learned,sgd,1000,3776.230261264594,15,64,0.19978653227781223,0.1997865322778122,5.041147108869272e-19,5.03930880504515e-19,0.1997865322778122,112,4
0,learned,sgd,1000,3776.230261264594,16,0,0.19978653227781223,0.1997865322778122,2.4945425855019175e-20,2.4936329260384408e-20,0.1997865322778122,112,4
0,learned,sgd,1000,3776.230261264594,16,16,0.19978653227781223,0.1997865322778122,2.4945425855019175e-20,2.4936329260384408e-20,0.1997865322778122,112,4
0,learned,sgd,1000,3776.230261264594,16,64,0.19978653227781223,0.1997865322778122,2.4945425855019175e-20,2.4936329260384408e-20,0.1997865322778122,112,4
0,learned,sgd,1000,3776.230261264594,17,0,0.19978653227781223,0.1997865322778122,1.234390224386519e-21,1.2339400918629203e-21,0.1997865322778122,112,4
0,learned,sgd,1000,3776.230261264594,17,16,0.19978653227781223,0.1997865322778122,1.234390224386519e-21,1.2339400918629203e-21,0.1997865322778122,112,4
0,learned,sgd,1000,3776.230261264594,17,64,0.19978653227781223,0.1997865322778122,1.234390224386519e-21,1.2339400918629203e-21,0.1997865322778122,112,4
0,learned,sgd,1000,3776.230261264594,18,0,0.19978653227781223,0.1997865322778122,6.108210919776375e-23,6.105983500649366e-23,0.1997865322778122,112,4
0,learned,sgd,1000,3776.230261264594,18,16,0.19978653227781223,0.1997865322778122,6.108210919776375e-23,6.105983500649366e-23,0.1997865322778122,112,4
0,learned,sgd,1000,3776.230261264594,18,64,0.19978653227781223,0.1997865322778122,6.108210919776375e-23,6.105983500649366e-23,0.1997865322778122,112,4
0,learned,sgd,1000,3776.230261264594,19,0,0.19978653227781223,0.1997865322778122,3.0225644940616904e-24,3.0214622862212747e-24,0.1997865322778122,112,4
0,learned,sgd,1000,3776.230261264594,19,16,0.19978653227781223,0.1997865322778122,3.0225644940616904e-24,3.0214622862212747e-24,0.1997865322778122,112,4
0,learned,sgd,1000,3776.230261264594,19,64,0.19978653227781223,0.1997865322778122,3.0225644940616904e-24,3.0214622862212747e-24,0.1997865322778122,112,4
0,learned,sgd,1000,3776.230261264594,20,0,0.19978653227781223,0.1997865322778122,1.49567463218785e-25,1.495129219737744e-25,0.1997865322778122,112,4
0,learned,sgd,1000,3776.230261264594,20,16,0.19978653227781223,0.1997865322778122,1.49567463218785e-25,1.495129219737744e-25,0.1997865322778122,112,4
0,learned,sgd,1000,3776.230261264594,20,64,0.19978653227781223,0.1997865322778122,1.49567463218785e-25,1.495129219737744e-25,0.1997865322778122,112,4
0,learned,sgd,1000,3776.230261264594,21,0,0.19978653227781223,0.1997865322778122,7.401141017057874e-27,7.398442118267442e-27,0.1997865322778122,112,4
0,learned,sgd,1000,3776.230261264594,21,16,0.19978653227781223,0.1997865322778122,7.401141017057874e-27,7.398442118267442e-27,0.1997865322778122,112,4
0,learned,sgd,1000,3776.230261264594,21,64,0.19978653227781223,0.1997865322778122,7.401141017057874e-27,7.398442118267442e-27,0.1997865322778122,112,4
0,learned,sgd,1000,3776.230261264594,22,0,0.19978653227781223,0.1997865322778122,3.662353240172943e-28,3.66101772708013e-28,0.1997865322778122,112,4
0,learned,sgd,1000,3776.230261264594,22,16,0.19978653227781223,0.1997865322778122,3.662353240172943e-28,3.66101772708013e-28,0.1997865322778122,112,4
0,learned,sgd,1000,3776.230261264594,22,64,0.19978653227781223,0.1997865322778122,3.662353240172943e-28,3.66101772708013e-28,0.1997865322778122,112,4
0,learned,sgd,1000,3776.230261264594,23,0,0.19978653227781223,0.1997865322778122,1.8122653283989567e-29,1.8116044680408827e-29,0.1997865322778122,112,4
0,learned,sgd,1000,3776.230261264594,23,16,0.19978653227781223,0.1997865322778122,1.8122653283989567e-29,1.8116044680408827e-29,0.1997865322778122,112,4
0,learned,sgd,1000,3776.230261264594,23,64,0.19978653227781223,0.1997865322778122,1.8122653283989567e-29,1.8116044680408827e-29,0.1997865322778122,112,4
0,learned,sgd,1000,3776.230261264594,24,0,0.19978653227781223,0.1997865322778122,8.967746705836211e-31,8.964476528889012e-31,0.1997865322778122,112,4
0,learned,sgd,1000,3776.230261264594,24,16,0.19978653227781223,0.1997865322778122,8.967746705836211e-31,8.964476528889012e-31,0.1997865322778122,112,4
0,learned,sgd,1000,3776.230261264594,24,64,0.19978653227781223,0.1997865322778122,8.967746705836211e-31,8.964476528889012e-31,0.1997865322778122,112,4
0,learned,sgd,2000,6316.300135017985,1,0,0.800176249055766,0.8001762490557661,1.0,1.0,0.48937942930366357,112,4
0,learned,sgd,2000,6316.300135017985,1,16,0.7868434251741382,0.7868434251741383,0.970666638419823,0.9706666384198228,0.48937942930366357,112,4
0,learned,sgd,2000,6316.300135017985,1,64,0.7868434251741382,0.7868434251741383,0.970666638419823,0.9706666384198228,0.48937942930366357,112,4
0,learned,sgd,2000,6316.300135017985,2,0,0.2128416485314371,0.21283608515667932,0.028656304214664613,0.028644337023136717,0.212349146267103,112,4
0,learned,sgd,2000,6316.300135017985,2,16,0.2128301220476982,0.2128245685139109,0.028631509667726818,0.028619563172892607,0.212349146267103,112,4
0,learned,sgd,2000,6316.300135017985,2,64,0.2128301220476982,0.2128245685139109,0.028631509667726818,0.028619563172892607,0.212349146267103,112,4
0,learned,sgd,2000,6316.300135017985,3,0,0.20019671034341815,0.20019654960619312,0.0008400294134963066,0.0008396676323574445,0.2001933480379406,112,4
0,learned,sgd,2000,6316.300135017985,3,16,0.20019670086926616,0.20019654014020596,0.0008400080894452956,0.0008396463266707184,0.2001933480379406,112,4
0,learned,sgd,2000,6316.300135017985,3,64,0.20019670086926616,0.20019654014020596,0.0008400080894452956,0.0008396463266707184,0.2001933480379406,112,4
0,learned,sgd,2000,6316.300135017985,4,0,0.1998346834595952,0.1998346787469312,2.4640408167174184e-05,2.462978667911296e-05,0.19983459420614608,112,4
0,learned,sgd,2000,6316.300135017985,4,16,0.1998346834514544,0.1998346787387974,2.4640389819237902e-05,2.4629768346992178e-05,0.19983459420614608,112,4
0,learned,sgd,2000,6316.300135017985,4,64,0.1998346834514544,0.1998346787387974,2.4640389819237902e-05,2.4629768346992178e-05,0.19983459420614608,112,4
0,learned,sgd,2000,6316.300135017985,5,0,0.1998240716250888,0.19982407148685252,7.227855906587682e-07,7.224740187664074e-07,0.19982406901504682,112,4
0,learned,sgd,2000,6316.300135017985,5,16,0.19982407162508184,0.1998240714868455,7.227855748713646e-07,7.224740029926121e-07,0.19982406901504682,112,4
0,learned,sgd,2000,6316.300135017985,5,64,0.19982407162508184,0.1998240714868455,7.227855748713646e-07,7.224740029926121e-07,0.19982406901504682,112,4
0,learned,sgd,2000,6316.300135017985,6,0,0.19982376035087568,0.1998237603468207,2.1201730721582954e-08,2.119259126377201e-08,0.19982376027432128,112,4
0,learned,sgd,2000,6316.300135017985,6,16,0.19982376035087568,0.1998237603468207,2.120173070799875e-08,2.1192591250199492e-08,0.19982376027432128,112,4
0,learned,sgd,2000,6316.300135017985,6,64,0.19982376035087568,0.1998237603468207,2.120173070799875e-08,2.1192591250199492e-08,0.19982376027432128,112,4
0,learned,sgd,2000,6316.300135017985,7,0,0.1998237512201623,0.19982375122004334,6.219180330770132e-10,6.216499420505171e-10,0.19982375121791668,112,4
0,learned,sgd,2000,6316.300135017985,7,16,0.1998237512201623,0.19982375122004334,6.219180330653246e-10,6.216499420388384e-10,0.19982375121791668,112,4
0,learned,sgd,2000,6316.300135017985,7,64,0.1998237512201623,0.19982375122004334,6.219180330653246e-10,6.216499420388384e-10,0.19982375121791668,112,4
0,learned,sgd,2000,6316.300135017985,8,0,0.19982375095232774,0.19982375095232427,1.824294653721843e-11,1.823508252619678e-11,0.1998237509522619,112,4
0,learned,sgd,2000,6316.300135017985,8,16,0.19982375095232774,0.19982375095232427,1.8242946537208353e-11,1.8235082526186737e-11,0.1998237509522619,112,4
0,learned,sgd,2000,6316.300135017985,8,64,0.19982375095232774,0.19982375095232427,1.8242946537208353e-11,1.8235082526186737e-11,0.1998237509522619,112,4
0,learned,sgd,2000,6316.300135017985,9,0,0.19982375094447127,0.19982375094447113,5.351269470638421e-13,5.348962691850691e-13,0.19982375094446933,112,4
0,learned,sgd,2000,6316.300135017985,9,16,0.19982375094447127,0.19982375094447113,5.351269470638345e-13,5.348962691850616e-13,0.19982375094446933,112,4
0,learned,sgd,2000,6316.300135017985,9,64,0.19982375094447127,0.19982375094447113,5.351269470638345e-13,5.348962691850616e-13,0.19982375094446933,112,4
0,learned,sgd,2000,6316.300135017985,10,0,0.19982375094424085,0.19982375094424082,1.5697072229519852e-14,1.5690305671893254e-14,0.19982375094424074,112,4
0,learned,sgd,2000,6316.300135017985,10,16,0.19982375094424085,0.19982375094424082,1.5697072229519852e-14,1.5690305671893254e-14,0.19982375094424074,112,4
0,learned,sgd,2000,6316.300135017985,10,64,0.19982375094424085,0.19982375094424082,1.5697072229519852e-14,1.5690305671893254e-14,0.19982375094424074,112,4
0,learned,sgd,2000,6316.300135017985,11,0,0.19982375094423405,0.19982375094423407,4.604478954586627e-16,4.602494095771484e-16,0.19982375094423407,112,4
0,learned,sgd,2000,6316.300135017985,11,16,0.19982375094423405,0.19982375094423407,4.604478954586627e-16,4.602494095771484e-16,0.19982375094423407,112,4
0,learned,sgd,2000,6316.300135017985,11,64,0.19982375094423405,0.19982375094423407,4.604478954586627e-16,4.602494095771484e-16,0.19982375094423407,112,4
0,learned,sgd,2000,6316.300135017985,12,0,0.19982375094423382,0.19982375094423385,1.3506484606320622e-17,1.3500662348189604e-17,0.19982375094423385,112,4
0,learned,sgd,2000,6316.300135017985,12,16,0.19982375094423382,0.19982375094423385,1.3506484606320622e-17,1.3500662348189604e-17,0.19982375094423385,112,4
0,learned,sgd,2000,6316.300135017985,12,64,0.19982375094423382,0.19982375094423385,1.3506484606320622e-17,1.3500662348189604e-17,0.19982375094423385,112,4
0,learned,sgd,2000,6316.300135017985,13,0,0.19982375094423382,0.19982375094423385,3.9619059663429837e-19,3.960198102313281e-19,0.19982375094423385,112,4
0,learned,sgd,2000,6316.300135017985,13,16,0.19982375094423382,0.19982375094423385,3.9619059663429837e-19,3.960198102313281e-19,0.19982375094423385,112,4
0,learned,sgd,2000,6316.300135017985,13,64,0.19982375094423382,0.19982375094423385,3.9619059663429837e-19,3.960198102313281e-19,0.19982375094423385,112,4
0,learned,sgd,2000,6316.300135017985,14,0,0.19982375094423382,0.19982375094423385,1.1621602025740039e-20,1.1616592286428734e-20,0.19982375094423385,112,4
0,learned,sgd,2000,6316.300135017985,14,16,0.19982375094423382,0.19982375094423385,1.1621602025740039e-20,1.1616592286428734e-20,0.19982375094423385,112,4
0,learned,sgd,2000,6316.300135017985,14,64,0.19982375094423382,0.19982375094423385,1.1621602025740039e-20,1.1616592286428734e-20,0.19982375094423385,112,4
0,learned,sgd,2000,6316.300135017985,15,0,0.19982375094423382,0.19982375094423385,3.409006543619509e-22,3.407537018673099e-22,0.19982375094423385,112,4
0,learned,sgd,2000,6316.300135017985,15,16,0.19982375094423382,0.19982375094423385,3.409006543619509e-22,3.407537018673099e-22,0.19982375094423385,112,4
0,learned,sgd,2000,6316.300135017985,15,64,0.19982375094423382,0.19982375094423385,3.409006543619509e-22,3.407537018673099e-22,0.19982375094423385,112,4
0,learned,sgd,2000,6316.300135017985,16,0,0.19982375094423382,0.19982375094423385,9.999762157318141e-24,9.99545154665773e-24,0.19982375094423385,112,4
0,learned,sgd,2000,6316.300135017985,16,16,0.19982375094423382,0.19982375094423385,9.999762157318141e-24,9.99545154665773e-24,0.19982375094423385,112,4
0,learned,sgd,2000,6316.300135017985,16,64,0.19982375094423382,0.19982375094423385,9.999762157318141e-24,9.99545154665773e-24,0.19982375094423385,112,4
0,learned,sgd,2000,6316.300135017985,17,0,0.19982375094423382,0.19982375094423385,2.9332663907638454e-25,2.932001943752513e-25,0.19982375094423385,112,4
0,learned,sgd,2000,6316.300135017985,17,16,0.19982375094423382,0.19982375094423385,2.9332663907638454e-25,2.932001943752513e-25,0.19982375094423385,112,4
0,learned,sgd,2000,6316.300135017985,17,64,0.19982375094423382,0.19982375094423385,2.9332663907638454e-25,2.932001943752513e-25,0.19982375094423385,112,4
0,learned,sgd,2000,6316.300135017985,18,0,0.19982375094423382,0.19982375094423385,8.604256365125683e-27,8.600547316987444e-27,0.19982375094423385,112,4
0,learned,sgd,2000,6316.300135017985,18,16,0.19982375094423382,0.19982375094423385,8.604256365125683e-27,8.600547316987444e-27,0.19982375094423385,112,4
0,learned,sgd,2000,6316.300135017985,18,64,0.19982375094423382,0.19982375094423385,8.604256365125683e-27,8.600547316987444e-27,0.19982375094423385,112,4
0,learned,sgd,2000,6316.300135017985,19,0,0.19982375094423382,0.19982375094423385,2.523917630867735e-28,2.5228296423661626e-28,0.19982375094423385,112,4
0,learned,sgd,2000,6316.300135017985,19,16,0.19982375094423382,0.19982375094423385,2.523917630867735e-28,2.5228296423661626e-28,0.19982375094423385,112,4
0,learned,sgd,2000,6316.300135017985,19,64,0.19982375094423382,0.19982375094423385,2.523917630867735e-28,2.5228296423661626e-28,0.19982375094423385,112,4
0,learned,sgd,2000,6316.300135017985,20,0,0.19982375094423382,0.19982375094423385,7.403498846482654e-30,7.400307410471439e-30,0.19982375094423385,112,4
0,learned,sgd,2000,6316.300135017985,20,16,0.19982375094423382,0.19982375094423385,7.403498846482654e-30,7.400307410471439e-30,0.19982375094423385,112,4
0,learned,sgd,2000,6316.300135017985,20,64,0.19982375094423382,0.19982375094423385,7.403498846482654e-30,7.400307410471439e-30,0.19982375094423385,112,4
0,learned,sgd,2000,6316.300135017985,21,0,0.19982375094423382,0.19982375094423385,2.1716950862229957e-31,2.1707589307582254e-31,0.19982375094423385,112,4
0,learned,sgd,2000,6316.300135017985,21,16,0.19982375094423382,0.19982375094423385,2.1716950862229957e-31,2.1707589307582254e-31,0.19982375094423385,112,4
0,learned,sgd,2000,6316.300135017985,21,64,0.19982375094423382,0.19982375094423385,2.1716950862229957e-31,2.1707589307582254e-31,0.19982375094423385,112,4
0,learned,sgd,2000,6316.300135017985,22,0,0.19982375094423382,0.19982375094423385,6.370311720607385e-33,6.367565661933048e-33,0.19982375094423385,112,4
0,learned,sgd,2000,6316.300135017985,22,16,0.19982375094423382,0.19982375094423385,6.370311720607385e-33,6.367565661933048e-33,0.19982375094423385,112,4
0,learned,sgd,2000,6316.300135017985,22,64,0.19982375094423382,0.19982375094423385,6.370311720607385e-33,6.367565661933048e-33,0.19982375094423385,112,4
0,learned,sgd,2000,6316.300135017985,23,0,0.19982375094423382,0.19982375094423385,1.8686265707901635e-34,1.8678210594700163e-34,0.19982375094423385,112,4
0,learned,sgd,2000,6316.300135017985,23,16,0.19982375094423382,0.19982375094423385,1.8686265707901635e-34,1.8678210594700163e-34,0.19982375094423385,112,4
0,learned,sgd,2000,6316.300135017985,23,64,0.19982375094423382,0.19982375094423385,1.8686265707901635e-34,1.8678210594700163e-34,0.19982375094423385,112,4
0,learned,sgd,2000,6316.300135017985,24,0,0.19982375094423382,0.19982375094423385,5.48130988593142e-36,5.478947050450341e-36,0.19982375094423385,112,4
0,learned,sgd,2000,6316.300135017985,24,16,0.19982375094423382,0.19982375094423385,5.48130988593142e-36,5.478947050450341e-36,0.19982375094423385,112,4
0,learned,sgd,2000,6316.300135017985,24,64,0.19982375094423382,0.19982375094423385,5.48130988593142e-36,5.478947050450341e-36,0.19982375094423385,112,4
0,learned,sgd,3000,8280.582358251637,1,0,0.8001475689894735,0.8001475689894736,1.0,1.0,0.4918014982077931,112,4
0,learned,sgd,3000,8280.582358251637,1,16,0.7900810608411797,0.7900810608411796,0.9777241666524513,0.9777241666524514,0.4918014982077931,112,4
0,learned,sgd,3000,8280.582358251637,1,64,0.7900810608411797,0.7900810608411796,0.9777241666524513,0.9777241666524514,0.4918014982077931,112,4
0,learned,sgd,3000,8280.582358251637,2,0,0.2097570487148148,0.20975242351230852,0.021923911189414873,0.02191385387850929,0.20944759946860933,112,4
0,learned,sgd,3000,8280.582358251637,2,16,0.20975201504683708,0.20974739454206373,0.021912965658701496,0.021902918385768987,0.20944759946860933,112,4
0,learned,sgd,3000,8280.582358251637,2,64,0.20975201504683708,0.20974739454206373,0.021912965658701496,0.021902918385768987,0.20944759946860933,112,4
0,learned,sgd,3000,8280.582358251637,3,0,0.20006911989392334,0.2000690180086343,0.0004882094706015893,0.000487980011838829,0.20006709815522106,112,4
0,learned,sgd,3000,8280.582358251637,3,16,0.20006911748272965,0.20006901559970763,0.00048820404028434916,0.00048797458662514734,0.20006709815522106,112,4
0,learned,sgd,3000,8280.582358251637,3,64,0.20006911748272965,0.20006901559970763,0.00048820404028434916,0.00048797458662514734,0.20006709815522106,112,4
0,learned,sgd,3000,8280.582358251637,4,0,0.19985725598194648,0.19985725371297608,1.0875191493853674e-05,1.0870077419228715e-05,0.19985721333117143,112,4
0,learned,sgd,3000,8280.582358251637,4,16,0.19985725598075096,0.1998572537117817,1.0875188799272005e-05,1.0870074727180853e-05,0.19985721333117143,112,4
0,learned,sgd,3000,8280.582358251637,4,64,0.19985725598075096,0.1998572537117817,1.0875188799272005e-05,1.0870074727180853e-05,0.19985721333117143,112,4
0,learned,sgd,3000,8280.582358251637,5,0,0.19985253848981607,0.19985253843927323,2.4225391299203815e-07,2.421399913834392e-07,0.19985253754091772,112,4
0,learned,sgd,3000,8280.582358251637,5,16,0.19985253848981552,0.19985253843927261,2.422539116549525e-07,2.4213999004761076e-07,0.19985253754091772,112,4
0,learned,sgd,3000,8280.582358251637,5,64,0.19985253848981552,0.19985253843927261,2.422539116549525e-07,2.4213999004761076e-07,0.19985253754091772,112,4
0,learned,sgd,3000,8280.582358251637,6,0,0.19985243340471667,0.19985243340359082,5.396407773581124e-09,5.393870074151071e-09,0.1998524333835798,112,4
0,learned,sgd,3000,8280.582358251637,6,16,0.19985243340471667,0.19985243340359082,5.396407772917646e-09,5.393870073488227e-09,0.1998524333835798,112,4
0,learned,sgd,3000,8280.582358251637,6,64,0.19985243340471667,0.19985243340359082,5.396407772917646e-09,5.393870073488227e-09,0.1998524333835798,112,4
0,learned,sgd,3000,8280.582358251637,7,0,0.199852431063859,0.1998524310638339,1.2020948022977408e-10,1.201529508598556e-10,0.19985243106338818,112,4
0,learned,sgd,3000,8280.582358251637,7,16,0.199852431063859,0.1998524310638339,1.2020948022944488e-10,1.2015295085952648e-10,0.19985243106338818,112,4
0,learned,sgd,3000,8280.582358251637,7,64,0.199852431063859,0.1998524310638339,1.2020948022944488e-10,1.2015295085952648e-10,0.19985243106338818,112,4
0,learned,sgd,3000,8280.582358251637,8,0,0.1998524310117145,0.1998524310117139,2.6777663483889556e-12,2.6765071095652446e-12,0.19985243101170394,112,4
0,learned,sgd,3000,8280.582358251637,8,16,0.1998524310117145,0.1998524310117139,2.6777663483887844e-12,2.6765071095650826e-12,0.19985243101170394,112,4
0,learned,sgd,3000,8280.582358251637,8,64,0.1998524310117145,0.1998524310117139,2.6777663483887844e-12,2.6765071095650826e-12,0.19985243101170394,112,4
0,learned,sgd,3000,8280.582358251637,9,0,0.1998524310105529,0.19985243101055286,5.964947692038348e-14,5.962142632620163e-14,0.19985243101055264,112,4
0,learned,sgd,3000,8280.582358251637,9,16,0.1998524310105529,0.19985243101055286,5.964947692038348e-14,5.962142632620163e-14,0.19985243101055264,112,4
0,learned,sgd,3000,8280.582358251637,9,64,0.1998524310105529,0.19985243101055286,5.964947692038348e-14,5.962142632620163e-14,0.19985243101055264,112,4
0,learned,sgd,3000,8280.582358251637,10,0,0.19985243101052702,0.19985243101052705,1.3287418071469132e-15,1.3281169567856185e-15,0.19985243101052705,112,4
0,learned,sgd,3000,8280.582358251637,10,16,0.19985243101052702,0.19985243101052705,1.3287418071469132e-15,1.3281169567856185e-15,0.19985243101052705,112,4
0,learned,sgd,3000,8280.582358251637,10,64,0.19985243101052702,0.19985243101052705,1.3287418071469132e-15,1.3281169567856185e-15,0.19985243101052705,112,4
0,learned,sgd,3000,8280.582358251637,11,0,0.19985243101052647,0.19985243101052644,2.959883105792508e-17,2.958491199540973e-17,0.19985243101052644,112,4
0,learned,sgd,3000,8280.582358251637,11,16,0.19985243101052647,0.19985243101052644,2.959883105792508e-17,2.958491199540973e-17,0.19985243101052644,112,4
0,learned,sgd,3000,8280.582358251637,11,64,0.19985243101052647,0.19985243101052644,2.959883105792508e-17,2.958491199540973e-17,0.19985243101052644,112,4
0,learned,sgd,3000,8280.582358251637,12,0,0.19985243101052647,0.19985243101052644,6.593386279285812e-19,6.59028569211635e-19,0.19985243101052644,112,4
0,learned,sgd,3000,8280.582358251637,12,16,0.19985243101052647,0.19985243101052644,6.593386279285812e-19,6.59028569211635e-19,0.19985243101052644,112,4
0,learned,sgd,3000,8280.582358251637,12,64,0.19985243101052647,0.19985243101052644,6.593386279285812e-19,6.59028569211635e-19,0.19985243101052644,112,4
0,learned,sgd,3000,8280.582358251637,13,0,0.19985243101052647,0.19985243101052644,1.468731739533845e-20,1.4680410579031803e-20,0.19985243101052644,112,4
0,learned,sgd,3000,8280.582358251637,13,16,0.19985243101052647,0.19985243101052644,1.468731739533845e-20,1.4680410579031803e-20,0.19985243101052644,112,4
0,learned,sgd,3000,8280.582358251637,13,64,0.19985243101052647,0.19985243101052644,1.468731739533845e-20,1.4680410579031803e-20,0.19985243101052644,112,4
0,learned,sgd,3000,8280.582358251637,14,0,0.19985243101052647,0.19985243101052644,3.27172234621109e-22,3.270183795321001e-22,0.19985243101052644,112,4
0,learned,sgd,3000,8280.582358251637,14,16,0.19985243101052647,0.19985243101052644,3.27172234621109e-22,3.270183795321001e-22,0.19985243101052644,112,4
0,learned,sgd,3000,8280.582358251637,14,64,0.19985243101052647,0.19985243101052644,3.27172234621109e-22,3.270183795321001e-22,0.19985243101052644,112,4
0,learned,sgd,3000,8280.582358251637,15,0,0.19985243101052647,0.19985243101052644,7.288034174364908e-24,7.284606924042472e-24,0.19985243101052644,112,4
0,learned,sgd,3000,8280.582358251637,15,16,0.19985243101052647,0.19985243101052644,7.288034174364908e-24,7.284606924042472e-24,0.19985243101052644,112,4
0,learned,sgd,3000,8280.582358251637,15,64,0.19985243101052647,0.19985243101052644,7.288034174364908e-24,7.284606924042472e-24,0.19985243101052644,112,4
0,learned,sgd,3000,8280.582358251637,16,0,0.19985243101052647,0.19985243101052644,1.6234703469939078e-25,1.6227068984236784e-25,0.19985243101052644,112,4
0,learned,sgd,3000,8280.582358251637,16,16,0.19985243101052647,0.19985243101052644,1.6234703469939078e-25,1.6227068984236784e-25,0.19985243101052644,112,4
0,learned,sgd,3000,8280.582358251637,16,64,0.19985243101052647,0.19985243101052644,1.6234703469939078e-25,1.6227068984236784e-25,0.19985243101052644,112,4
0,learned,sgd,3000,8280.582358251637,17,0,0.19985243101052647,0.19985243101052644,3.616415489432325e-27,3.6147148441203395e-27,0.19985243101052644,112,4
0,learned,sgd,3000,8280.582358251637,17,16,0.19985243101052647,0.19985243101052644,3.616415489432325e-27,3.6147148441203395e-27,0.19985243101052644,112,4
0,learned,sgd,3000,8280.582358251637,17,64,0.19985243101052647,0.19985243101052644,3.616415489432325e-27,3.6147148441203395e-27,0.19985243101052644,112,4
0,learned,sgd,3000,8280.582358251637,18,0,0.19985243101052647,0.19985243101052644,8.055866875808743e-29,8.052078546653435e-29,0.19985243101052644,112,4
0,learned,sgd,3000,8280.582358251637,18,16,0.19985243101052647,0.19985243101052644,8.055866875808743e-29,8.052078546653435e-29,0.19985243101052644,112,4
0,learned,sgd,3000,8280.582358251637,18,64,0.19985243101052647,0.19985243101052644,8.055866875808743e-29,8.052078546653435e-29,0.19985243101052644,112,4
0,learned,sgd,3000,8280.582358251637,19,0,0.19985243101052647,0.19985243101052644,1.7945114799555156e-30,1.7936675980662228e-30,0.19985243101052644,112,4
0,learned,sgd,3000,8280.582358251637,19,16,0.19985243101052647,0.19985243101052644,1.7945114799555156e-30,1.7936675980662228e-30,0.19985243101052644,112,4
0,learned,sgd,3000,8280.582358251637,19,64,0.19985243101052647,0.19985243101052644,1.7945114799555156e-30,1.7936675980662228e-30,0.19985243101052644,112,4
0,learned,sgd,3000,8280.582358251637,20,0,0.19985243101052647,0.19985243101052644,3.9974238667751645e-32,3.995544049542075e-32,0.19985243101052644,112,4
0,learned,sgd,3000,8280.582358251637,20,16,0.19985243101052647,0.19985243101052644,3.9974238667751645e-32,3.995544049542075e-32,0.19985243101052644,112,4
0,learned,sgd,3000,8280.582358251637,20,64,0.19985243101052647,0.19985243101052644,3.9974238667751645e-32,3.995544049542075e-32,0.19985243101052644,112,4
0,learned,sgd,3000,8280.582358251637,21,0,0.19985243101052647,0.19985243101052644,8.904594787579767e-34,8.900407338038951e-34,0.19985243101052644,112,4
0,learned,sgd,3000,8280.582358251637,21,16,0.19985243101052647,0.19985243101052644,8.904594787579767e-34,8.900407338038951e-34,0.19985243101052644,112,4
0,learned,sgd,3000,8280.582358251637,21,64,0.19985243101052647,0.19985243101052644,8.904594787579767e-34,8.900407338038951e-34,0.19985243101052644,112,4
0,learned,sgd,3000,8280.582358251637,22,0,0.19985243101052647,0.19985243101052644,1.9835726951557576e-35,1.9826399058745322e-35,0.19985243101052644,112,4
0,learned,sgd,3000,8280.582358251637,22,16,0.19985243101052647,0.19985243101052644,1.9835726951557576e-35,1.9826399058745322e-35,0.19985243101052644,112,4
0,learned,sgd,3000,8280.582358251637,22,64,0.19985243101052647,0.19985243101052644,1.9835726951557576e-35,1.9826399058745322e-35,0.19985243101052644,112,4
0,learned,sgd,3000,8280.582358251637,23,0,0.19985243101052647,0.19985243101052644,4.4185734790037235e-37,4.416495613146028e-37,0.19985243101052644,112,4
0,learned,sgd,3000,8280.582358251637,23,16,0.19985243101052647,0.19985243101052644,4.4185734790037235e-37,4.416495613146028e-37,0.19985243101052644,112,4
0,learned,sgd,3000,8280.582358251637,23,64,0.19985243101052647,0.19985243101052644,4.4185734790037235e-37,4.416495613146028e-37,0.19985243101052644,112,4
0,learned,sgd,3000,8280.582358251637,24,0,0.19985243101052647,0.19985243101052644,9.842740645218442e-39,9.838112025861985e-39,0.19985243101052644,112,4
0,learned,sgd,3000,8280.582358251637,24,16,0.19985243101052647,0.19985243101052644,9.842740645218442e-39,9.838112025861985e-39,0.19985243101052644,112,4
0,learned,sgd,3000,8280.582358251637,24,64,0.19985243101052647,0.19985243101052644,9.842740645218442e-39,9.838112025861985e-39,0.19985243101052644,112,4
0,learned,sgd,4000,9904.240851134537,1,0,0.800129145091143,0.8001291450911431,1.0,1.0,0.4930665729524865,112,4
0,learned,sgd,4000,9904.240851134537,1,16,0.7917599694932973,0.7917599694932974,0.9814235527552151,0.981423552755215,0.4930665729524865,112,4
0,learned,sgd,4000,9904.240851134537,1,64,0.7917599694932973,0.7917599694932974,0.9814235527552151,0.981423552755215,0.4930665729524865,112,4
0,learned,sgd,4000,9904.240851134537,2,0,0.20813940110222665,0.20813530923907447,0.018356404919839177,0.01834745576194239,0.20790838853913737,112,4
0,learned,sgd,4000,9904.240851134537,2,16,0.2081364858932482,0.20813239691373256,0.01835002917989086,0.018341086236386743,0.20790838853913737,112,4
0,learned,sgd,4000,9904.240851134537,2,64,0.2081364858932482,0.20813239691373256,0.01835002917989086,0.018341086236386743,0.20790838853913737,112,4
0,learned,sgd,4000,9904.240851134537,3,0,0.20002215294570572,0.2000220776156243,0.00034092760191201197,0.0003407579049288949,0.20002069158657806,112,4
0,learned,sgd,4000,9904.240851134537,3,16,0.2000221519690936,0.20002207663998453,0.0003409254018864223,0.00034075570709300994,0.20002069158657806,112,4
0,learned,sgd,4000,9904.240851134537,3,64,0.2000221519690936,0.20002207663998453,0.0003409254018864223,0.00034075570709300994,0.20002069158657806,112,4
0,learned,sgd,4000,9904.240851134537,4,0,0.19987366469547294,0.1998736632963583,6.333199741246394e-06,6.330046182973917e-06,0.19987363851425152,112,4
0,learned,sgd,4000,9904.240851134537,4,16,0.19987366469513607,0.1998736632960218,6.3331989820528156e-06,6.330045424536259e-06,0.19987363851425152,112,4
0,learned,sgd,4000,9904.240851134537,4,64,0.19987366469513607,0.1998736632960218,6.3331989820528156e-06,6.330045424536259e-06,0.19987363851425152,112,4
0,learned,sgd,4000,9904.240851134537,5,0,0.19987090710443592,0.19987090707844543,1.176483426468302e-07,1.1758976032688068e-07,0.199870906618415,112,4
0,learned,sgd,4000,9904.240851134537,5,16,0.19987090710443578,0.19987090707844532,1.1764834238484434e-07,1.1758976006515569e-07,0.199870906618415,112,4
0,learned,sgd,4000,9904.240851134537,5,64,0.19987090710443578,0.19987090707844532,1.1764834238484434e-07,1.1758976006515569e-07,0.199870906618415,112,4
0,learned,sgd,4000,9904.240851134537,6,0,0.19987085587846518,0.19987085587798237,2.1854882277727486e-09,2.184399976254877e-09,0.19987085586943673,112,4
0,learned,sgd,4000,9904.240851134537,6,16,0.19987085587846518,0.19987085587798237,2.185488227682341e-09,2.1843999761645595e-09,0.19987085586943673,112,4
0,learned,sgd,4000,9904.240851134537,6,64,0.19987085587846518,0.19987085587798237,2.185488227682341e-09,2.1843999761645595e-09,0.19987085586943673,112,4
0,learned,sgd,4000,9904.240851134537,7,0,0.19987085492686876,0.19987085492685977,4.05986067663386e-11,4.057839091937886e-11,0.199870854926701,112,4
0,learned,sgd,4000,9904.240851134537,7,16,0.19987085492686876,0.19987085492685977,4.0598606766307393e-11,4.0578390919347724e-11,0.199870854926701,112,4
0,learned,sgd,4000,9904.240851134537,7,64,0.19987085492686876,0.19987085492685977,4.0598606766307393e-11,4.0578390919347724e-11,0.199870854926701,112,4
0,learned,sgd,4000,9904.240851134537,8,0,0.19987085490919146,0.1998708549091913,7.541778768063277e-13,7.538023381917547e-13,0.19987085490918835,112,4
0,learned,sgd,4000,9904.240851134537,8,16,0.19987085490919146,0.1998708549091913,7.54177876806317e-13,7.53802338191744e-13,0.19987085490918835,112,4
0,learned,sgd,4000,9904.240851134537,8,64,0.19987085490919146,0.1998708549091913,7.54177876806317e-13,7.53802338191744e-13,0.19987085490918835,112,4
0,learned,sgd,4000,9904.240851134537,9,0,0.19987085490886305,0.19987085490886305,1.4009945541676669e-14,1.4002969368414671e-14,0.199870854908863,112,4
0,learned,sgd,4000,9904.240851134537,9,16,0.19987085490886305,0.19987085490886305,1.4009945541676669e-14,1.4002969368414671e-14,0.199870854908863,112,4
0,learned,sgd,4000,9904.240851134537,9,64,0.19987085490886305,0.19987085490886305,1.4009945541676669e-14,1.4002969368414671e-14,0.199870854908863,112,4
0,learned,sgd,4000,9904.240851134537,10,0,0.19987085490885698,0.19987085490885695,2.602550142572692e-16,2.6012542174269707e-16,0.19987085490885695,112,4
0,learned,sgd,4000,9904.240851134537,10,16,0.19987085490885698,0.19987085490885695,2.602550142572692e-16,2.6012542174269707e-16,0.19987085490885695,112,4
0,learned,sgd,4000,9904.240851134537,10,64,0.19987085490885698,0.19987085490885695,2.602550142572692e-16,2.6012542174269707e-16,0.19987085490885695,112,4
0,learned,sgd,4000,9904.240851134537,11,0,0.19987085490885684,0.19987085490885684,4.834613542540963e-18,4.832206174030696e-18,0.19987085490885684,112,4
0,learned,sgd,4000,9904.240851134537,11,16,0.19987085490885684,0.19987085490885684,4.834613542540963e-18,4.832206174030696e-18,0.19987085490885684,112,4
0,learned,sgd,4000,9904.240851134537,11,64,0.19987085490885684,0.19987085490885684,4.834613542540963e-18,4.832206174030696e-18,0.19987085490885684,112,4
0,learned,sgd,4000,9904.240851134537,12,0,0.19987085490885684,0.19987085490885684,8.980994342193595e-20,8.976522306780619e-20,0.19987085490885684,112,4
0,learned,sgd,4000,9904.240851134537,12,16,0.19987085490885684,0.19987085490885684,8.980994342193595e-20,8.976522306780619e-20,0.19987085490885684,112,4
0,learned,sgd,4000,9904.240851134537,12,64,0.19987085490885684,0.19987085490885684,8.980994342193595e-20,8.976522306780619e-20,0.19987085490885684,112,4
0,learned,sgd,4000,9904.240851134537,13,0,0.19987085490885684,0.19987085490885684,1.668349676034742e-21,1.6675189307354824e-21,0.19987085490885684,112,4
0,learned,sgd,4000,9904.240851134537,13,16,0.19987085490885684,0.19987085490885684,1.668349676034742e-21,1.6675189307354824e-21,0.19987085490885684,112,4
0,learned,sgd,4000,9904.240851134537,13,64,0.19987085490885684,0.19987085490885684,1.668349676034742e-21,1.6675189307354824e-21,0.19987085490885684,112,4
0,learned,sgd,4000,9904.240851134537,14,0,0.19987085490885684,0.19987085490885684,3.099200974271375e-23,3.097657744648819e-23,0.19987085490885684,112,4
0,learned,sgd,4000,9904.240851134537,14,16,0.19987085490885684,0.19987085490885684,3.099200974271375e-23,3.097657744648819e-23,0.19987085490885684,112,4
0,learned,sgd,4000,9904.240851134537,14,64,0.19987085490885684,0.19987085490885684,3.099200974271375e-23,3.097657744648819e-23,0.19987085490885684,112,4
0,learned,sgd,4000,9904.240851134537,15,0,0.19987085490885684,0.19987085490885684,5.757214339953885e-25,5.754347567586887e-25,0.19987085490885684,112,4
0,learned,sgd,4000,9904.240851134537,15,16,0.19987085490885684,0.19987085490885684,5.757214339953885e-25,5.754347567586887e-25,0.19987085490885684,112,4
0,learned,sgd,4000,9904.240851134537,15,64,0.19987085490885684,0.19987085490885684,5.757214339953885e-25,5.754347567586887e-25,0.19987085490885684,112,4
0,learned,sgd,4000,9904.240851134537,16,0,0.19987085490885684,0.19987085490885684,1.0694858846307373e-26,1.0689533401743541e-26,0.19987085490885684,112,4
0,learned,sgd,4000,9904.240851134537,16,16,0.19987085490885684,0.19987085490885684,1.0694858846307373e-26,1.0689533401743541e-26,0.19987085490885684,112,4
0,learned,sgd,4000,9904.240851134537,16,64,0.19987085490885684,0.19987085490885684,1.0694858846307373e-26,1.0689533401743541e-26,0.19987085490885684,112,4
0,learned,sgd,4000,9904.240851134537,17,0,0.19987085490885684,0.19987085490885684,1.9867248114885247e-28,1.9857355330885738e-28,0.19987085490885684,112,4
0,learned,sgd,4000,9904.240851134537,17,16,0.19987085490885684,0.19987085490885684,1.9867248114885247e-28,1.9857355330885738e-28,0.19987085490885684,112,4
0,learned,sgd,4000,9904.240851134537,17,64,0.19987085490885684,0.19987085490885684,1.9867248114885247e-28,1.9857355330885738e-28,0.19987085490885684,112,4
0,learned,sgd,4000,9904.240851134537,18,0,0.19987085490885684,0.19987085490885684,3.690628865052223e-30,3.688791137251516e-30,0.19987085490885684,112,4
0,learned,sgd,4000,9904.240851134537,18,16,0.19987085490885684,0.19987085490885684,3.690628865052223e-30,3.688791137251516e-30,0.19987085490885684,112,4
0,learned,sgd,4000,9904.240851134537,18,64,0.19987085490885684,0.19987085490885684,3.690628865052223e-30,3.688791137251516e-30,0.19987085490885684,112,4
0,learned,sgd,4000,9904.240851134537,19,0,0.19987085490885684,0.19987085490885684,6.855877241172383e-32,6.852463395818371e-32,0.19987085490885684,112,4
0,learned,sgd,4000,9904.240851134537,19,16,0.19987085490885684,0.19987085490885684,6.855877241172383e-32,6.852463395818371e-32,0.19987085490885684,112,4
0,learned,sgd,4000,9904.240851134537,19,64,0.19987085490885684,0.19987085490885684,6.855877241172383e-32,6.852463395818371e-32,0.19987085490885684,112,4
0,learned,sgd,4000,9904.240851134537,20,0,0.19987085490885684,0.19987085490885684,1.2735784188736175e-33,1.2729442476924111e-33,0.19987085490885684,112,4
0,learned,sgd,4000,9904.240851134537,20,16,0.19987085490885684,0.19987085490885684,1.2735784188736175e-33,1.2729442476924111e-33,0.19987085490885684,112,4
0,learned,sgd,4000,9904.240851134537,20,64,0.19987085490885684,0.19987085490885684,1.2735784188736175e-33,1.2729442476924111e-33,0.19987085490885684,112,4
0,learned,sgd,4000,9904.240851134537,21,0,0.19987085490885684,0.19987085490885684,2.3658562310302612e-35,2.3646781662810765e-35,0.19987085490885684,112,4
0,learned,sgd,4000,9904.240851134537,21,16,0.19987085490885684,0.19987085490885684,2.3658562310302612e-35,2.3646781662810765e-35,0.19987085490885684,112,4
0,learned,sgd,4000,9904.240851134537,21,64,0.19987085490885684,0.19987085490885684,2.3658562310302612e-35,2.3646781662810765e-35,0.19987085490885684,112,4
0,learned,sgd,4000,9904.240851134537,22,0,0.19987085490885684,0.19987085490885684,4.394920346447982e-37,4.3927319206815654e-37,0.19987085490885684,112,4
0,learned,sgd,4000,9904.240851134537,22,16,0.19987085490885684,0.19987085490885684,4.394920346447982e-37,4.3927319206815654e-37,0.19987085490885684,112,4
0,learned,sgd,4000,9904.240851134537,22,64,0.19987085490885684,0.19987085490885684,4.394920346447982e-37,4.3927319206815654e-37,0.19987085490885684,112,4
0,learned,sgd,4000,9904.240851134537,23,0,0.19987085490885684,0.19987085490885684,8.164200596082369e-39,8.160135278502473e-39,0.19987085490885684,112,4
0,learned,sgd,4000,9904.240851134537,23,16,0.19987085490885684,0.19987085490885684,8.164200596082369e-39,8.160135278502473e-39,0.19987085490885684,112,4
0,learned,sgd,4000,9904.240851134537,23,64,0.19987085490885684,0.19987085490885684,8.164200596082369e-39,8.160135278502473e-39,0.19987085490885684,112,4
0,learned,sgd,4000,9904.240851134537,24,0,0.19987085490885684,0.19987085490885684,1.516618416689674e-40,1.5158632251141117e-40,0.19987085490885684,112,4
0,learned,sgd,4000,9904.240851134537,24,16,0.19987085490885684,0.19987085490885684,1.516618416689674e-40,1.5158632251141117e-40,0.19987085490885684,112,4
0,learned,sgd,4000,9904.240851134537,24,64,0.19987085490885684,0.19987085490885684,1.516618416689674e-40,1.5158632251141117e-40,0.19987085490885684,112,4
0,learned,sgd,5000,11299.626091843822,1,0,0.8001163725307895,0.8001163725307895,1.0,1.0,0.4938578153526256,112,4
0,learned,sgd,5000,11299.626091843822,1,16,0.7928069019150595,0.7928069019150594,0.9837445390746531,0.9837445390746531,0.4938578153526256,112,4
0,learned,sgd,5000,11299.626091843822,1,64,0.7928069019150595,0.7928069019150594,0.9837445390746531,0.9837445390746531,0.4938578153526256,112,4
0,learned,sgd,5000,11299.626091843822,2,0,0.20712423877626143,0.20712050015254313,0.01610432768023438,0.016096121054861568,0.2069363953993651,112,4
0,learned,sgd,5000,11299.626091843822,2,16,0.20712228698001883,0.20711855037088495,0.016100043313648914,0.016091841053395877,0.2069363953993651,112,4
0,learned,sgd,5000,11299.626091843822,2,64,0.20712228698001883,0.20711855037088495,0.016100043313648914,0.016091841053395877,0.2069363953993651,112,4
0,learned,sgd,5000,11299.626091843822,3,0,0.19999977829607005,0.199999717985296,0.0002617483772478667,0.00026161249521965905,0.1999986230067173,112,4
0,learned,sgd,5000,11299.626091843822,3,16,0.19999977779359326,0.19999971748334094,0.00026174724515227635,0.0002616113642992472,0.1999986230067173,112,4
0,learned,sgd,5000,11299.626091843822,3,64,0.19999977779359326,0.19999971748334094,0.00026174724515227635,0.0002616113642992472,0.1999986230067173,112,4
0,learned,sgd,5000,11299.626091843822,4,0,0.19988551514567585,0.1998855141654259,4.25483129999056e-06,4.252621819977253e-06,0.19988549686253265,112,4
0,learned,sgd,5000,11299.626091843822,4,16,0.19988551514554315,0.19988551416529332,4.254831000845634e-06,4.252621521142948e-06,0.19988549686253265,112,4
0,learned,sgd,5000,11299.626091843822,4,64,0.19988551514554315,0.19988551416529332,4.254831000845634e-06,4.252621521142948e-06,0.19988549686253265,112,4
0,learned,sgd,5000,11299.626091843822,5,0,0.19988365815415365,0.19988365813821923,6.916424150501261e-08,6.912832521591105e-08,0.19988365785708392,112,4
0,learned,sgd,5000,11299.626091843822,5,16,0.1998836581541536,0.19988365813821918,6.916424142596654e-08,6.912832513694695e-08,0.19988365785708392,112,4
0,learned,sgd,5000,11299.626091843822,5,64,0.1998836581541536,0.19988365813821918,6.916424142596654e-08,6.912832513694695e-08,0.19988365785708392,112,4
0,learned,sgd,5000,11299.626091843822,6,0,0.19988362796800846,0.19988362796774944,1.124296624572321e-09,1.1237127886925133e-09,0.19988362796317952,112,4
0,learned,sgd,5000,11299.626091843822,6,16,0.19988362796800846,0.19988362796774944,1.1242966245514335e-09,1.1237127886716458e-09,0.19988362796317952,112,4
0,learned,sgd,5000,11299.626091843822,6,64,0.19988362796800846,0.19988362796774944,1.1242966245514335e-09,1.1237127886716458e-09,0.19988362796317952,112,4
0,learned,sgd,5000,11299.626091843822,7,0,0.1998836274773188,0.19988362747731458,1.82759598490647e-11,1.826646932772154e-11,0.19988362747724026,112,4
0,learned,sgd,5000,11299.626091843822,7,16,0.1998836274773188,0.19988362747731458,1.8275959849059185e-11,1.8266469327716024e-11,0.19988362747724026,112,4
0,learned,sgd,5000,11299.626091843822,7,64,0.1998836274773188,0.19988362747731458,1.8275959849059185e-11,1.8266469327716024e-11,0.19988362747724026,112,4
0,learned,sgd,5000,11299.626091843822,8,0,0.19988362746934238,0.19988362746934232,2.9708415119963515e-13,2.9692987840077745e-13,0.19988362746934113,112,4
0,learned,sgd,5000,11299.626091843822,8,16,0.19988362746934238,0.19988362746934232,2.970841511996341e-13,2.9692987840077644e-13,0.19988362746934113,112,4
0,learned,sgd,5000,11299.626091843822,8,64,0.19988362746934238,0.19988362746934232,2.970841511996341e-13,2.9692987840077644e-13,0.19988362746934113,112,4
0,learned,sgd,5000,11299.626091843822,9,0,0.1998836274692127,0.19988362746921273,4.829239811365504e-15,4.8267320359118284e-15,0.19988362746921273,112,4
0,learned,sgd,5000,11299.626091843822,9,16,0.1998836274692127,0.19988362746921273,4.829239811365504e-15,4.8267320359118284e-15,0.19988362746921273,112,4
0,learned,sgd,5000,11299.626091843822,9,64,0.1998836274692127,0.19988362746921273,4.829239811365504e-15,4.8267320359118284e-15,0.19988362746921273,112,4
0,learned,sgd,5000,11299.626091843822,10,0,0.19988362746921065,0.19988362746921065,7.850151905278134e-17,7.846075400688459e-17,0.19988362746921065,112,4
0,learned,sgd,5000,11299.626091843822,10,16,0.19988362746921065,0.19988362746921065,7.850151905278134e-17,7.846075400688459e-17,0.19988362746921065,112,4
0,learned,sgd,5000,11299.626091843822,10,64,0.19988362746921065,0.19988362746921065,7.850151905278134e-17,7.846075400688459e-17,0.19988362746921065,112,4
0,learned,sgd,5000,11299.626091843822,11,0,0.19988362746921062,0.19988362746921062,1.2760783755428615e-18,1.2754157209321668e-18,0.19988362746921062,112,4
0,learned,sgd,5000,11299.626091843822,11,16,0.19988362746921062,0.19988362746921062,1.2760783755428615e-18,1.2754157209321668e-18,0.19988362746921062,112,4
0,learned,sgd,5000,11299.626091843822,11,64,0.19988362746921062,0.19988362746921062,1.2760783755428615e-18,1.2754157209321668e-18,0.19988362746921062,112,4
0,learned,sgd,5000,11299.626091843822,12,0,0.19988362746921062,0.19988362746921062,2.074324217131712e-20,2.073247041518597e-20,0.19988362746921062,112,4
0,learned,sgd,5000,11299.626091843822,12,16,0.19988362746921062,0.19988362746921062,2.074324217131712e-20,2.073247041518597e-20,0.19988362746921062,112,4
0,learned,sgd,5000,11299.626091843822,12,64,0.19988362746921062,0.19988362746921062,2.074324217131712e-20,2.073247041518597e-20,0.19988362746921062,112,4
0,learned,sgd,5000,11299.626091843822,13,0,0.19988362746921062,0.19988362746921062,3.3719096258085564e-22,3.370158627199683e-22,0.19988362746921062,112,4
0,learned,sgd,5000,11299.626091843822,13,16,0.19988362746921062,0.19988362746921062,3.3719096258085564e-22,3.370158627199683e-22,0.19988362746921062,112,4
0,learned,sgd,5000,11299.626091843822,13,64,0.19988362746921062,0.19988362746921062,3.3719096258085564e-22,3.370158627199683e-22,0.19988362746921062,112,4
0,learned,sgd,5000,11299.626091843822,14,0,0.19988362746921062,0.19988362746921062,5.481194516613203e-24,5.478348187666516e-24,0.19988362746921062,112,4
0,learned,sgd,5000,11299.626091843822,14,16,0.19988362746921062,0.19988362746921062,5.481194516613203e-24,5.478348187666516e-24,0.19988362746921062,112,4
0,learned,sgd,5000,11299.626091843822,14,64,0.19988362746921062,0.19988362746921062,5.481194516613203e-24,5.478348187666516e-24,0.19988362746921062,112,4
0,learned,sgd,5000,11299.626091843822,15,0,0.19988362746921062,0.19988362746921062,8.909934328903156e-26,8.905307490005801e-26,0.19988362746921062,112,4
0,learned,sgd,5000,11299.626091843822,15,16,0.19988362746921062,0.19988362746921062,8.909934328903156e-26,8.905307490005801e-26,0.19988362746921062,112,4
0,learned,sgd,5000,11299.626091843822,15,64,0.19988362746921062,0.19988362746921062,8.909934328903156e-26,8.905307490005801e-26,0.19988362746921062,112,4
0,learned,sgd,5000,11299.626091843822,16,0,0.19988362746921062,0.19988362746921062,1.448350893308921e-27,1.447598779319883e-27,0.19988362746921062,112,4
0,learned,sgd,5000,11299.626091843822,16,16,0.19988362746921062,0.19988362746921062,1.448350893308921e-27,1.447598779319883e-27,0.19988362746921062,112,4
0,learned,sgd,5000,11299.626091843822,16,64,0.19988362746921062,0.19988362746921062,1.448350893308921e-27,1.447598779319883e-27,0.19988362746921062,112,4
0,learned,sgd,5000,11299.626091843822,17,0,0.19988362746921062,0.19988362746921062,2.354361135237443e-29,2.3531385392814378e-29,0.19988362746921062,112,4
0,learned,sgd,5000,11299.626091843822,17,16,0.19988362746921062,0.19988362746921062,2.354361135237443e-29,2.3531385392814378e-29,0.19988362746921062,112,4
0,learned,sgd,5000,11299.626091843822,17,64,0.19988362746921062,0.19988362746921062,2.354361135237443e-29,2.3531385392814378e-29,0.19988362746921062,112,4
0,learned,sgd,5000,11299.626091843822,18,0,0.19988362746921062,0.19988362746921062,3.827122543800787e-31,3.8251351577217544e-31,0.19988362746921062,112,4
0,learned,sgd,5000,11299.626091843822,18,16,0.19988362746921062,0.19988362746921062,3.827122543800787e-31,3.8251351577217544e-31,0.19988362746921062,112,4
0,learned,sgd,5000,11299.626091843822,18,64,0.19988362746921062,0.19988362746921062,3.827122543800787e-31,3.8251351577217544e-31,0.19988362746921062,112,4
0,learned,sgd,5000,11299.626091843822,19,0,0.19988362746921062,0.19988362746921062,6.221164096726744e-33,6.217933509051615e-33,0.19988362746921062,112,4
0,learned,sgd,5000,11299.626091843822,19,16,0.19988362746921062,0.19988362746921062,6.221164096726744e-33,6.217933509051615e-33,0.19988362746921062,112,4
0,learned,sgd,5000,11299.626091843822,19,64,0.19988362746921062,0.19988362746921062,6.221164096726744e-33,6.217933509051615e-33,0.19988362746921062,112,4
0,learned,sgd,5000,11299.626091843822,20,0,0.19988362746921062,0.19988362746921062,1.011278898845133e-34,1.0107537519279432e-34,0.19988362746921062,112,4
0,learned,sgd,5000,11299.626091843822,20,16,0.19988362746921062,0.19988362746921062,1.011278898845133e-34,1.0107537519279432e-34,0.19988362746921062,112,4
0,learned,sgd,5000,11299.626091843822,20,64,0.19988362746921062,0.19988362746921062,1.011278898845133e-34,1.0107537519279432e-34,0.19988362746921062,112,4
0,learned,sgd,5000,11299.626091843822,21,0,0.19988362746921062,0.19988362746921062,1.643880462480477e-36,1.6430268119612323e-36,0.19988362746921062,112,4
0,learned,sgd,5000,11299.626091843822,21,16,0.19988362746921062,0.19988362746921062,1.643880462480477e-36,1.6430268119612323e-36,0.19988362746921062,112,4
0,learned,sgd,5000,11299.626091843822,21,64,0.19988362746921062,0.19988362746921062,1.643880462480477e-36,1.6430268119612323e-36,0.19988362746921062,112,4
0,learned,sgd,5000,11299.626091843822,22,0,0.19988362746921062,0.19988362746921062,2.672203462379276e-38,2.6708158141133273e-38,0.19988362746921062,112,4
0,learned,sgd,5000,11299.626091843822,22,16,0.19988362746921062,0.19988362746921062,2.672203462379276e-38,2.6708158141133273e-38,0.19988362746921062,112,4
0,learned,sgd,5000,11299.626091843822,22,64,0.19988362746921062,0.19988362746921062,2.672203462379276e-38,2.6708158141133273e-38,0.19988362746921062,112,4
0,learned,sgd,5000,11299.626091843822,23,0,0.19988362746921062,0.19988362746921062,4.343789896728268e-40,4.341534210511743e-40,0.19988362746921062,112,4
0,learned,sgd,5000,11299.626091843822,23,16,0.19988362746921062,0.19988362746921062,4.343789896728268e-40,4.341534210511743e-40,0.19988362746921062,112,4
0,learned,sgd,5000,11299.626091843822,23,64,0.19988362746921062,0.19988362746921062,4.343789896728268e-40,4.341534210511743e-40,0.19988362746921062,112,4
0,learned,sgd,5000,11299.626091843822,24,0,0.19988362746921062,0.19988362746921062,7.061030693418346e-42,7.05736397150309e-42,0.19988362746921062,112,4
0,learned,sgd,5000,11299.626091843822,24,16,0.19988362746921062,0.19988362746921062,7.061030693418346e-42,7.05736397150309e-42,0.19988362746921062,112,4
0,learned,sgd,5000,11299.626091843822,24,64,0.19988362746921062,0.19988362746921062,7.061030693418346e-42,7.05736397150309e-42,0.19988362746921062,112,4
0,learned,sgd,6000,12529.964347562545,1,0,0.8001069374540373,0.8001069374540372,1.0,1.0,0.4944062688862494,112,4
0,learned,sgd,6000,12529.964347562545,1,16,0.7935316670964844,0.7935316670964843,0.9853577707809789,0.9853577707809787,0.4944062688862494,112,4
0,learned,sgd,6000,12529.964347562545,1,64,0.7935316670964844,0.7935316670964843,0.9853577707809789,0.9853577707809787,0.4944062688862494,112,4
0,learned,sgd,6000,12529.964347562545,2,0,0.2064185194202209,0.20641503639573333,0.014532613413305775,0.01452494821148552,0.20625797659737033,112,4
0,learned,sgd,6000,12529.964347562545,2,16,0.2064170936785302,0.20641361217536847,0.01452947574559155,0.014521813852660806,0.20625797659737033,112,4
0,learned,sgd,6000,12529.964347562545,2,64,0.2064170936785302,0.20641361217536847,0.01452947574559155,0.014521813852660806,0.20625797659737033,112,4
0,learned,sgd,6000,12529.964347562545,3,0,0.19998747489775037,0.19998742423732155,0.00021277045065754948,0.00021265630103380962,0.19998651239360682,112,4
0,learned,sgd,6000,12529.964347562545,3,16,0.19998747459919222,0.19998742393908372,0.0002127697779372412,0.00021265562903516986,0.19998651239360682,112,4
0,learned,sgd,6000,12529.964347562545,3,64,0.19998747459919222,0.19998742393908372,0.0002127697779372412,0.00021265562903516986,0.19998651239360682,112,4
0,learned,sgd,6000,12529.964347562545,4,0,0.19989444471017778,0.19989444396847295,3.115429549381583e-06,3.1137577341566947e-06,0.1998944309119311,112,4
0,learned,sgd,6000,12529.964347562545,4,16,0.19989444471011383,0.19989444396840905,3.115429405153731e-06,3.1137575900836062e-06,0.1998944309119311,112,4
0,learned,sgd,6000,12529.964347562545,4,64,0.19989444471011383,0.19989444396840905,3.115429405153731e-06,3.1137575900836062e-06,0.1998944309119311,112,4
0,learned,sgd,6000,12529.964347562545,5,0,0.19989308278387605,0.19989308277301585,4.5616832685837e-08,4.5592353496143096e-08,0.19989308258190217,112,4
0,learned,sgd,6000,12529.964347562545,5,16,0.19989308278387602,0.19989308277301582,4.5616832654915304e-08,4.5592353465254484e-08,0.19989308258190217,112,4
0,learned,sgd,6000,12529.964347562545,5,64,0.19989308278387602,0.19989308277301582,4.5616832654915304e-08,4.5592353465254484e-08,0.19989308258190217,112,4
0,learned,sgd,6000,12529.964347562545,6,0,0.19989306284229105,0.199893062842132,6.679321202405439e-10,6.67573690315091e-10,0.19989306283933372,112,4
0,learned,sgd,6000,12529.964347562545,6,16,0.19989306284229105,0.199893062842132,6.679321202339144e-10,6.675736903084692e-10,0.19989306283933372,112,4
0,learned,sgd,6000,12529.964347562545,6,64,0.19989306284229105,0.199893062842132,6.679321202339144e-10,6.675736903084692e-10,0.19989306283933372,112,4
0,learned,sgd,6000,12529.964347562545,7,0,0.1998930625503018,0.19989306255029948,9.780015207267898e-12,9.774766994136423e-12,0.1998930625502585,112,4
0,learned,sgd,6000,12529.964347562545,7,16,0.1998930625503018,0.19989306255029948,9.780015207266481e-12,9.774766994135001e-12,0.1998930625502585,112,4
0,learned,sgd,6000,12529.964347562545,7,64,0.1998930625503018,0.19989306255029948,9.780015207266481e-12,9.774766994135001e-12,0.1998930625502585,112,4
0,learned,sgd,6000,12529.964347562545,8,0,0.19989306254602646,0.1998930625460264,1.432012244303215e-13,1.4312437889065923e-13,0.1998930625460258,112,4
0,learned,sgd,6000,12529.964347562545,8,16,0.19989306254602646,0.1998930625460264,1.4320122443032097e-13,1.4312437889065873e-13,0.1998930625460258,112,4
0,learned,sgd,6000,12529.964347562545,8,64,0.19989306254602646,0.1998930625460264,1.4320122443032097e-13,1.4312437889065873e-13,0.1998930625460258,112,4
0,learned,sgd,6000,12529.964347562545,9,0,0.1998930625459638,0.1998930625459638,2.0967851525532635e-15,2.0956599625470767e-15,0.1998930625459638,112,4
0,learned,sgd,6000,12529.964347562545,9,16,0.1998930625459638,0.1998930625459638,2.0967851525532635e-15,2.0956599625470767e-15,0.1998930625459638,112,4
0,learned,sgd,6000,12529.964347562545,9,64,0.1998930625459638,0.1998930625459638,2.0967851525532635e-15,2.0956599625470767e-15,0.1998930625459638,112,4
0,learned,sgd,6000,12529.964347562545,10,0,0.1998930625459629,0.19989306254596287,3.070160882672549e-17,3.0685133536739953e-17,0.19989306254596287,112,4
0,learned,sgd,6000,12529.964347562545,10,16,0.1998930625459629,0.19989306254596287,3.070160882672549e-17,3.0685133536739953e-17,0.19989306254596287,112,4
0,learned,sgd,6000,12529.964347562545,10,64,0.1998930625459629,0.19989306254596287,3.070160882672549e-17,3.0685133536739953e-17,0.19989306254596287,112,4
0,learned,sgd,6000,12529.964347562545,11,0,0.1998930625459629,0.19989306254596287,4.495399938336392e-19,4.49298758861221e-19,0.19989306254596287,112,4
0,learned,sgd,6000,12529.964347562545,11,16,0.1998930625459629,0.19989306254596287,4.495399938336392e-19,4.49298758861221e-19,0.19989306254596287,112,4
0,learned,sgd,6000,12529.964347562545,11,64,0.1998930625459629,0.19989306254596287,4.495399938336392e-19,4.49298758861221e-19,0.19989306254596287,112,4
0,learned,sgd,6000,12529.964347562545,12,0,0.1998930625459629,0.19989306254596287,6.58226763282952e-21,6.57873541506773e-21,0.19989306254596287,112,4
0,learned,sgd,6000,12529.964347562545,12,16,0.1998930625459629,0.19989306254596287,6.58226763282952e-21,6.57873541506773e-21,0.19989306254596287,112,4
0,learned,sgd,6000,12529.964347562545,12,64,0.1998930625459629,0.19989306254596287,6.58226763282952e-21,6.57873541506773e-21,0.19989306254596287,112,4
0,learned,sgd,6000,12529.964347562545,13,0,0.1998930625459629,0.19989306254596287,9.637907146083458e-23,9.632735191871494e-23,0.19989306254596287,112,4
0,learned,sgd,6000,12529.964347562545,13,16,0.1998930625459629,0.19989306254596287,9.637907146083458e-23,9.632735191871494e-23,0.19989306254596287,112,4
0,learned,sgd,6000,12529.964347562545,13,64,0.1998930625459629,0.19989306254596287,9.637907146083458e-23,9.632735191871494e-23,0.19989306254596287,112,4
0,learned,sgd,6000,12529.964347562545,14,0,0.1998930625459629,0.19989306254596287,1.411204456245974e-24,1.4104471668551556e-24,0.19989306254596287,112,4
0,learned,sgd,6000,12529.964347562545,14,16,0.1998930625459629,0.19989306254596287,1.411204456245974e-24,1.4104471668551556e-24,0.19989306254596287,112,4
0,learned,sgd,6000,12529.964347562545,14,64,0.1998930625459629,0.19989306254596287,1.411204456245974e-24,1.4104471668551556e-24,0.19989306254596287,112,4
0,learned,sgd,6000,12529.964347562545,15,0,0.1998930625459629,0.19989306254596287,2.0663179123257723e-26,2.0652090718412226e-26,0.19989306254596287,112,4
0,learned,sgd,6000,12529.964347562545,15,16,0.1998930625459629,0.19989306254596287,2.0663179123257723e-26,2.0652090718412226e-26,0.19989306254596287,112,4
0,learned,sgd,6000,12529.964347562545,15,64,0.1998930625459629,0.19989306254596287,2.0663179123257723e-26,2.0652090718412226e-26,0.19989306254596287,112,4
0,learned,sgd,6000,12529.964347562545,16,0,0.1998930625459629,0.19989306254596287,3.0255500511643303e-28,3.0239264615101193e-28,0.19989306254596287,112,4
0,learned,sgd,6000,12529.964347562545,16,16,0.1998930625459629,0.19989306254596287,3.0255500511643303e-28,3.0239264615101193e-28,0.19989306254596287,112,4
0,learned,sgd,6000,12529.964347562545,16,64,0.1998930625459629,0.19989306254596287,3.0255500511643303e-28,3.0239264615101193e-28,0.19989306254596287,112,4
0,learned,sgd,6000,12529.964347562545,17,0,0.1998930625459629,0.19989306254596287,4.430079736277001e-30,4.427702439089517e-30,0.19989306254596287,112,4
0,learned,sgd,6000,12529.964347562545,17,16,0.1998930625459629,0.19989306254596287,4.430079736277001e-30,4.427702439089517e-30,0.19989306254596287,112,4
0,learned,sgd,6000,12529.964347562545,17,64,0.1998930625459629,0.19989306254596287,4.430079736277001e-30,4.427702439089517e-30,0.19989306254596287,112,4
0,learned,sgd,6000,12529.964347562545,18,0,0.1998930625459629,0.19989306254596287,6.486624295710929e-32,6.48314340267684e-32,0.19989306254596287,112,4
0,learned,sgd,6000,12529.964347562545,18,16,0.1998930625459629,0.19989306254596287,6.486624295710929e-32,6.48314340267684e-32,0.19989306254596287,112,4
0,learned,sgd,6000,12529.964347562545,18,64,0.1998930625459629,0.19989306254596287,6.486624295710929e-32,6.48314340267684e-32,0.19989306254596287,112,4
0,learned,sgd,6000,12529.964347562545,19,0,0.1998930625459629,0.19989306254596287,9.497863979547205e-34,9.492767176178003e-34,0.19989306254596287,112,4
0,learned,sgd,6000,12529.964347562545,19,16,0.1998930625459629,0.19989306254596287,9.497863979547205e-34,9.492767176178003e-34,0.19989306254596287,112,4
0,learned,sgd,6000,12529.964347562545,19,64,0.1998930625459629,0.19989306254596287,9.497863979547205e-34,9.492767176178003e-34,0.19989306254596287,112,4
0,learned,sgd,6000,12529.964347562545,20,0,0.1998930625459629,0.19989306254596287,1.3906990147961402e-35,1.3899527291639788e-35,0.19989306254596287,112,4
0,learned,sgd,6000,12529.964347562545,20,16,0.1998930625459629,0.19989306254596287,1.3906990147961402e-35,1.3899527291639788e-35,0.19989306254596287,112,4
0,learned,sgd,6000,12529.964347562545,20,64,0.1998930625459629,0.19989306254596287,1.3906990147961402e-35,1.3899527291639788e-35,0.19989306254596287,112,4
0,learned,sgd,6000,12529.964347562545,21,0,0.1998930625459629,0.19989306254596287,2.0362933749312182e-37,2.035200646402321e-37,0.19989306254596287,112,4
0,learned,sgd,6000,12529.964347562545,21,16,0.1998930625459629,0.19989306254596287,2.0362933749312182e-37,2.035200646402321e-37,0.19989306254596287,112,4
0,learned,sgd,6000,12529.964347562545,21,64,0.1998930625459629,0.19989306254596287,2.0362933749312182e-37,2.035200646402321e-37,0.19989306254596287,112,4
0,learned,sgd,6000,12529.964347562545,22,0,0.1998930625459629,0.19989306254596287,2.9815874352917384e-39,2.979987437132311e-39,0.19989306254596287,112,4
0,learned,sgd,6000,12529.964347562545,22,16,0.1998930625459629,0.19989306254596287,2.9815874352917384e-39,2.979987437132311e-39,0.19989306254596287,112,4
0,learned,sgd,6000,12529.964347562545,22,64,0.1998930625459629,0.19989306254596287,2.9815874352917384e-39,2.979987437132311e-39,0.19989306254596287,112,4
0,learned,sgd,6000,12529.964347562545,23,0,0.1998930625459629,0.19989306254596287,4.3657086664094847e-41,4.3633659124294514e-41,0.19989306254596287,112,4
0,learned,sgd,6000,12529.964347562545,23,16,0.1998930625459629,0.19989306254596287,4.3657086664094847e-41,4.3633659124294514e-41,0.19989306254596287,112,4
0,learned,sgd,6000,12529.964347562545,23,64,0.1998930625459629,0.19989306254596287,4.3657086664094847e-41,4.3633659124294514e-41,0.19989306254596287,112,4
0,learned,sgd,6000,12529.964347562545,24,0,0.1998930625459629,0.19989306254596287,6.3923706997035485e-43,6.388940385625604e-43,0.19989306254596287,112,4
0,learned,sgd,6000,12529.964347562545,24,16,0.1998930625459629,0.19989306254596287,6.3923706997035485e-43,6.388940385625604e-43,0.19989306254596287,112,4
0,learned,sgd,6000,12529.964347562545,24,64,0.1998930625459629,0.19989306254596287,6.3923706997035485e-43,6.388940385625604e-43,0.19989306254596287,112,4
0,learned,sgd,7000,13634.677401213725,1,0,0.8000996331234347,0.8000996331234346,1.0,1.0,0.4948125510497488,112,4
0,learned,sgd,7000,13634.677401213725,1,16,0.7940683334595847,0.7940683334595847,0.9865557716676572,0.9865557716676574,0.4948125510497488,112,4
0,learned,sgd,7000,13634.677401213725,1,64,0.7940683334595847,0.7940683334595847,0.9865557716676572,0.9865557716676574,0.4948125510497488,112,4
0,learned,sgd,7000,13634.677401213725,2,0,0.20589437962691867,0.20589109253687218,0.01336201844065226,0.013354770572570252,0.20575269308435437,112,4
0,learned,sgd,7000,13634.677401213725,2,16,0.20589327635705865,0.20588999047656667,0.013359585792336945,0.013352340562516446,0.20575269308435437,112,4
0,learned,sgd,7000,13634.677401213725,2,64,0.20589327635705865,0.20588999047656667,0.013359585792336945,0.013352340562516446,0.20575269308435437,112,4
0,learned,sgd,7000,13634.677401213725,3,0,0.19998007151064748,0.19998002757996355,0.00017963065324907542,0.00017953166128478819,0.1999792417260509,112,4
0,learned,sgd,7000,13634.677401213725,3,16,0.19998007131550935,0.19998002738504048,0.00017963021353121665,0.00017953122205147156,0.1999792417260509,112,4
0,learned,sgd,7000,13634.677401213725,3,64,0.19998007131550935,0.19998002738504048,0.00017963021353121665,0.00017953122205147156,0.1999792417260509,112,4
0,learned,sgd,7000,13634.677401213725,4,0,0.19990143828489843,0.19990143769433422,2.4149934621450133e-06,2.413662311458969e-06,0.199901427321801,112,4
0,learned,sgd,7000,13634.677401213725,4,16,0.19990143828486318,0.19990143769429897,2.414993382667152e-06,2.413662232068706e-06,0.199901427321801,112,4
0,learned,sgd,7000,13634.677401213725,4,64,0.19990143828486318,0.19990143769429897,2.414993382667152e-06,2.413662232068706e-06,0.199901427321801,112,4
0,learned,sgd,7000,13634.677401213725,5,0,0.19990038128079493,0.19990038127285528,3.246772315464408e-08,3.2449826810246174e-08,0.1999003811334394,112,4
0,learned,sgd,7000,13634.677401213725,5,16,0.19990038128079493,0.19990038127285525,3.2467723140278666e-08,3.2449826795896655e-08,0.1999003811334394,112,4
0,learned,sgd,7000,13634.677401213725,5,64,0.19990038128079493,0.19990038127285525,3.2467723140278666e-08,3.2449826795896655e-08,0.1999003811334394,112,4
0,learned,sgd,7000,13634.677401213725,6,0,0.19990036707021916,0.19990036707011238,4.36503483455164e-10,4.3626288090561327e-10,0.19990036706823808,112,4
0,learned,sgd,7000,13634.677401213725,6,16,0.19990036707021916,0.19990036707011238,4.365034834525676e-10,4.362628809030202e-10,0.19990036706823808,112,4
0,learned,sgd,7000,13634.677401213725,6,64,0.19990036707021916,0.19990036707011238,4.365034834525676e-10,4.362628809030202e-10,0.19990036706823808,112,4
0,learned,sgd,7000,13634.677401213725,7,0,0.19990036687916898,0.19990036687916748,5.868452499421987e-12,5.86521778380683e-12,0.19990036687914228,112,4
0,learned,sgd,7000,13634.677401213725,7,16,0.19990036687916898,0.19990036687916748,5.8684524994215244e-12,5.865217783806372e-12,0.19990036687914228,112,4
0,learned,sgd,7000,13634.677401213725,7,64,0.19990036687916898,0.19990036687916748,5.8684524994215244e-12,5.865217783806372e-12,0.19990036687914228,112,4
0,learned,sgd,7000,13634.677401213725,8,0,0.19990036687660037,0.19990036687660037,7.889681535973362e-14,7.885332710441301e-14,0.19990036687660007,112,4
0,learned,sgd,7000,13634.677401213725,8,16,0.19990036687660037,0.19990036687660037,7.889681535973362e-14,7.885332710441301e-14,0.19990036687660007,112,4
0,learned,sgd,7000,13634.677401213725,8,64,0.19990036687660037,0.19990036687660037,7.889681535973362e-14,7.885332710441301e-14,0.19990036687660007,112,4
0,learned,sgd,7000,13634.677401213725,9,0,0.19990036687656584,0.19990036687656587,1.0607068003909319e-15,1.0601221343566261e-15,0.19990036687656587,112,4
0,learned,sgd,7000,13634.677401213725,9,16,0.19990036687656584,0.19990036687656587,1.0607068003909319e-15,1.0601221343566261e-15,0.19990036687656587,112,4
0,learned,sgd,7000,13634.677401213725,9,64,0.19990036687656584,0.19990036687656587,1.0607068003909319e-15,1.0601221343566261e-15,0.19990036687656587,112,4
0,learned,sgd,7000,13634.677401213725,10,0,0.1999003668765654,0.19990036687656543,1.4260384418124174e-17,1.4252524034460804e-17,0.19990036687656543,112,4
0,learned,sgd,7000,13634.677401213725,10,16,0.1999003668765654,0.19990036687656543,1.4260384418124174e-17,1.4252524034460804e-17,0.19990036687656543,112,4
0,learned,sgd,7000,13634.677401213725,10,64,0.1999003668765654,0.19990036687656543,1.4260384418124174e-17,1.4252524034460804e-17,0.19990036687656543,112,4
0,learned,sgd,7000,13634.677401213725,11,0,0.1999003668765654,0.19990036687656543,1.9171986422424233e-19,1.9161418743149216e-19,0.19990036687656543,112,4
0,learned,sgd,7000,13634.677401213725,11,16,0.1999003668765654,0.19990036687656543,1.9171986422424233e-19,1.9161418743149216e-19,0.19990036687656543,112,4
0,learned,sgd,7000,13634.677401213725,11,64,0.1999003668765654,0.19990036687656543,1.9171986422424233e-19,1.9161418743149216e-19,0.19990036687656543,112,4
0,learned,sgd,7000,13634.677401213725,12,0,0.1999003668765654,0.19990036687656543,2.5775256304764223e-21,2.5761048875452585e-21,0.19990036687656543,112,4
0,learned,sgd,7000,13634.677401213725,12,16,0.1999003668765654,0.19990036687656543,2.5775256304764223e-21,2.5761048875452585e-21,0.19990036687656543,112,4
0,learned,sgd,7000,13634.677401213725,12,64,0.1999003668765654,0.19990036687656543,2.5775256304764223e-21,2.5761048875452585e-21,0.19990036687656543,112,4
0,learned,sgd,7000,13634.677401213725,13,0,0.1999003668765654,0.19990036687656543,3.465284310859016e-23,3.4633742316222036e-23,0.19990036687656543,112,4
0,learned,sgd,7000,13634.677401213725,13,16,0.1999003668765654,0.19990036687656543,3.465284310859016e-23,3.4633742316222036e-23,0.19990036687656543,112,4
0,learned,sgd,7000,13634.677401213725,13,64,0.1999003668765654,0.19990036687656543,3.465284310859016e-23,3.4633742316222036e-23,0.19990036687656543,112,4
0,learned,sgd,7000,13634.677401213725,14,0,0.1999003668765654,0.19990036687656543,4.658807351167316e-25,4.65623939702806e-25,0.19990036687656543,112,4
0,learned,sgd,7000,13634.677401213725,14,16,0.1999003668765654,0.19990036687656543,4.658807351167316e-25,4.65623939702806e-25,0.19990036687656543,112,4
0,learned,sgd,7000,13634.677401213725,14,64,0.1999003668765654,0.19990036687656543,4.658807351167316e-25,4.65623939702806e-25,0.19990036687656543,112,4
0,learned,sgd,7000,13634.677401213725,15,0,0.1999003668765654,0.19990036687656543,6.26340697854893e-27,6.259954562369414e-27,0.19990036687656543,112,4
0,learned,sgd,7000,13634.677401213725,15,16,0.1999003668765654,0.19990036687656543,6.26340697854893e-27,6.259954562369414e-27,0.19990036687656543,112,4
0,learned,sgd,7000,13634.677401213725,15,64,0.1999003668765654,0.19990036687656543,6.26340697854893e-27,6.259954562369414e-27,0.19990036687656543,112,4
0,learned,sgd,7000,13634.677401213725,16,0,0.1999003668765654,0.19990036687656543,8.420667355799942e-29,8.416025848658319e-29,0.19990036687656543,112,4
0,learned,sgd,7000,13634.677401213725,16,16,0.1999003668765654,0.19990036687656543,8.420667355799942e-29,8.416025848658319e-29,0.19990036687656543,112,4
0,learned,sgd,7000,13634.677401213725,16,64,0.1999003668765654,0.19990036687656543,8.420667355799942e-29,8.416025848658319e-29,0.19990036687656543,112,4
0,learned,sgd,7000,13634.677401213725,17,0,0.1999003668765654,0.19990036687656543,1.1320937464207823e-30,1.1314697316026005e-30,0.19990036687656543,112,4
0,learned,sgd,7000,13634.677401213725,17,16,0.1999003668765654,0.19990036687656543,1.1320937464207823e-30,1.1314697316026005e-30,0.19990036687656543,112,4
0,learned,sgd,7000,13634.677401213725,17,64,0.1999003668765654,0.19990036687656543,1.1320937464207823e-30,1.1314697316026005e-30,0.19990036687656543,112,4
0,learned,sgd,7000,13634.677401213725,18,0,0.1999003668765654,0.19990036687656543,1.5220126820498194e-32,1.5211737422799788e-32,0.19990036687656543,112,4
0,learned,sgd,7000,13634.677401213725,18,16,0.1999003668765654,0.19990036687656543,1.5220126820498194e-32,1.5211737422799788e-32,0.19990036687656543,112,4
0,learned,sgd,7000,13634.677401213725,18,64,0.1999003668765654,0.19990036687656543,1.5220126820498194e-32,1.5211737422799788e-32,0.19990036687656543,112,4
0,learned,sgd,7000,13634.677401213725,19,0,0.1999003668765654,0.19990036687656543,2.0462286022198675e-34,2.045100712437586e-34,0.19990036687656543,112,4
0,learned,sgd,7000,13634.677401213725,19,16,0.1999003668765654,0.19990036687656543,2.0462286022198675e-34,2.045100712437586e-34,0.19990036687656543,112,4
0,learned,sgd,7000,13634.677401213725,19,64,0.1999003668765654,0.19990036687656543,2.0462286022198675e-34,2.045100712437586e-34,0.19990036687656543,112,4
0,learned,sgd,7000,13634.677401213725,20,0,0.1999003668765654,0.19990036687656543,2.7509964548414193e-36,2.749480094064749e-36,0.19990036687656543,112,4
0,learned,sgd,7000,13634.677401213725,20,16,0.1999003668765654,0.19990036687656543,2.7509964548414193e-36,2.749480094064749e-36,0.19990036687656543,112,4
0,learned,sgd,7000,13634.677401213725,20,64,0.1999003668765654,0.19990036687656543,2.7509964548414193e-36,2.749480094064749e-36,0.19990036687656543,112,4
0,learned,sgd,7000,13634.677401213725,21,0,0.1999003668765654,0.19990036687656543,3.698502448035313e-38,3.696463817983736e-38,0.19990036687656543,112,4
0,learned,sgd,7000,13634.677401213725,21,16,0.1999003668765654,0.19990036687656543,3.698502448035313e-38,3.696463817983736e-38,0.19990036687656543,112,4
0,learned,sgd,7000,13634.677401213725,21,64,0.1999003668765654,0.19990036687656543,3.698502448035313e-38,3.696463817983736e-38,0.19990036687656543,112,4
0,learned,sgd,7000,13634.677401213725,22,0,0.1999003668765654,0.19990036687656543,4.972351139911422e-40,4.969610359121564e-40,0.19990036687656543,112,4
0,learned,sgd,7000,13634.677401213725,22,16,0.1999003668765654,0.19990036687656543,4.972351139911422e-40,4.969610359121564e-40,0.19990036687656543,112,4
0,learned,sgd,7000,13634.677401213725,22,64,0.1999003668765654,0.19990036687656543,4.972351139911422e-40,4.969610359121564e-40,0.19990036687656543,112,4
0,learned,sgd,7000,13634.677401213725,23,0,0.1999003668765654,0.19990036687656543,6.684942407355329e-42,6.681257639080554e-42,0.19990036687656543,112,4
0,learned,sgd,7000,13634.677401213725,23,16,0.1999003668765654,0.19990036687656543,6.684942407355329e-42,6.681257639080554e-42,0.19990036687656543,112,4
0,learned,sgd,7000,13634.677401213725,23,64,0.1999003668765654,0.19990036687656543,6.684942407355329e-42,6.681257639080554e-42,0.19990036687656543,112,4
0,learned,sgd,7000,13634.677401213725,24,0,0.1999003668765654,0.19990036687656543,8.987389211304522e-44,8.982435324700738e-44,0.19990036687656543,112,4
0,learned,sgd,7000,13634.677401213725,24,16,0.1999003668765654,0.19990036687656543,8.987389211304522e-44,8.982435324700738e-44,0.19990036687656543,112,4
0,learned,sgd,7000,13634.677401213725,24,64,0.1999003668765654,0.19990036687656543,8.987389211304522e-44,8.982435324700738e-44,0.19990036687656543,112,4
0,learned,sgd,8000,14640.148099390584,1,0,0.8000937758151807,0.8000937758151808,1.0,1.0,0.4951278231652132,112,4
0,learned,sgd,8000,14640.148099390584,1,16,0.7944848046912095,0.7944848046912096,0.9874875032069399,0.9874875032069399,0.4951278231652132,112,4
0,learned,sgd,8000,14640.148099390584,1,64,0.7944848046912095,0.7944848046912096,0.9874875032069399,0.9874875032069399,0.4951278231652132,112,4
0,learned,sgd,8000,14640.148099390584,2,0,0.2054866944248411,0.20548356374919144,0.012449563257877163,0.012442649948146176,0.20535884730302595,112,4
0,learned,sgd,8000,14640.148099390584,2,16,0.20548580521272178,0.20548267553438662,0.012447599661913401,0.012440688532337905,0.20535884730302595,112,4
0,learned,sgd,8000,14640.148099390584,2,64,0.20548580521272178,0.20548267553438662,0.012447599661913401,0.012440688532337905,0.20535884730302595,112,4
0,learned,sgd,8000,14640.148099390584,3,0,0.19997533909091583,0.19997530012819756,0.000155768324815268,0.00015568052362596241,0.19997460639704448,112,4
0,learned,sgd,8000,14640.148099390584,3,16,0.19997533895448308,0.1999752999919186,0.00015576801736856167,0.0001556802165257749,0.19997460639704448,112,4
0,learned,sgd,8000,14640.148099390584,3,64,0.19997533895448308,0.1999752999919186,0.00015576801736856167,0.0001556802165257749,0.19997460639704448,112,4
0,learned,sgd,8000,14640.148099390584,4,0,0.19990708887367462,0.19990708838618831,1.949049600834048e-06,1.9479507854692168e-06,0.19990707984053951,112,4
0,learned,sgd,8000,14640.148099390584,4,16,0.19990708887365324,0.19990708838616703,1.9490495526993583e-06,1.947950737388788e-06,0.19990707984053951,112,4
0,learned,sgd,8000,14640.148099390584,4,64,0.19990708887365324,0.19990708838616703,1.9490495526993583e-06,1.947950737388788e-06,0.19990707984053951,112,4
0,learned,sgd,8000,14640.148099390584,5,0,0.1999062350042183,0.19990623499811863,2.4387476713387796e-08,2.437372775783545e-08,0.19990623489121231,112,4
0,learned,sgd,8000,14640.148099390584,5,16,0.1999062350042183,0.19990623499811863,2.4387476705851707e-08,2.437372775030785e-08,0.19990623489121231,112,4
0,learned,sgd,8000,14640.148099390584,5,64,0.1999062350042183,0.19990623499811863,2.4387476705851707e-08,2.437372775030785e-08,0.19990623489121231,112,4
0,learned,sgd,8000,14640.148099390584,6,0,0.19990622432019686,0.19990622432012056,3.051482241410138e-10,3.049761903737752e-10,0.1999062243187829,112,4
0,learned,sgd,8000,14640.148099390584,6,16,0.19990622432019686,0.19990622432012056,3.05148224139834e-10,3.0497619037259637e-10,0.1999062243187829,112,4
0,learned,sgd,8000,14640.148099390584,6,64,0.19990622432019686,0.19990622432012056,3.05148224139834e-10,3.0497619037259637e-10,0.1999062243187829,112,4
0,learned,sgd,8000,14640.148099390584,7,0,0.1999062241865131,0.19990622418651216,3.818166175968332e-12,3.816013604006674e-12,0.1999062241864954,112,4
0,learned,sgd,8000,14640.148099390584,7,16,0.1999062241865131,0.19990622418651216,3.818166175968141e-12,3.816013604006484e-12,0.1999062241864954,112,4
0,learned,sgd,8000,14640.148099390584,7,64,0.1999062241865131,0.19990622418651216,3.818166175968141e-12,3.816013604006484e-12,0.1999062241864954,112,4
0,learned,sgd,8000,14640.148099390584,8,0,0.1999062241848404,0.19990622418484036,4.7774792032173556e-14,4.7747857982406375e-14,0.19990622418484016,112,4
0,learned,sgd,8000,14640.148099390584,8,16,0.1999062241848404,0.19990622418484036,4.7774792032173556e-14,4.7747857982406375e-14,0.19990622418484016,112,4
0,learned,sgd,8000,14640.148099390584,8,64,0.1999062241848404,0.19990622418484036,4.7774792032173556e-14,4.7747857982406375e-14,0.19990622418484016,112,4
0,learned,sgd,8000,14640.148099390584,9,0,0.1999062241848195,0.1999062241848195,5.9778193209168e-16,5.974449198803439e-16,0.1999062241848195,112,4
0,learned,sgd,8000,14640.148099390584,9,16,0.1999062241848195,0.1999062241848195,5.9778193209168e-16,5.974449198803439e-16,0.1999062241848195,112,4
0,learned,sgd,8000,14640.148099390584,9,64,0.1999062241848195,0.1999062241848195,5.9778193209168e-16,5.974449198803439e-16,0.1999062241848195,112,4
0,learned,sgd,8000,14640.148099390584,10,0,0.19990622418481924,0.1999062241848192,7.479744508246431e-18,7.475527644032865e-18,0.1999062241848192,112,4
0,learned,sgd,8000,14640.148099390584,10,16,0.19990622418481924,0.1999062241848192,7.479744508246431e-18,7.475527644032865e-18,0.1999062241848192,112,4
0,learned,sgd,8000,14640.148099390584,10,64,0.19990622418481924,0.1999062241848192,7.479744508246431e-18,7.475527644032865e-18,0.1999062241848192,112,4
0,learned,sgd,8000,14640.148099390584,11,0,0.19990622418481924,0.1999062241848192,9.359027917234248e-20,9.353751567239344e-20,0.1999062241848192,112,4
0,learned,sgd,8000,14640.148099390584,11,16,0.19990622418481924,0.1999062241848192,9.359027917234248e-20,9.353751567239344e-20,0.1999062241848192,112,4
0,learned,sgd,8000,14640.148099390584,11,64,0.19990622418481924,0.1999062241848192,9.359027917234248e-20,9.353751567239344e-20,0.1999062241848192,112,4
0,learned,sgd,8000,14640.148099390584,12,0,0.19990622418481924,0.1999062241848192,1.171048068005536e-21,1.1703878648816334e-21,0.1999062241848192,112,4
0,learned,sgd,8000,14640.148099390584,12,16,0.19990622418481924,0.1999062241848192,1.171048068005536e-21,1.1703878648816334e-21,0.1999062241848192,112,4
0,learned,sgd,8000,14640.148099390584,12,64,0.19990622418481924,0.1999062241848192,1.171048068005536e-21,1.1703878648816334e-21,0.1999062241848192,112,4
0,learned,sgd,8000,14640.148099390584,13,0,0.19990622418481924,0.1999062241848192,1.465273519543841e-23,1.4644474405967808e-23,0.1999062241848192,112,4
0,learned,sgd,8000,14640.148099390584,13,16,0.19990622418481924,0.1999062241848192,1.465273519543841e-23,1.4644474405967808e-23,0.1999062241848192,112,4
0,learned,sgd,8000,14640.148099390584,13,64,0.19990622418481924,0.1999062241848192,1.465273519543841e-23,1.4644474405967808e-23,0.1999062241848192,112,4
0,learned,sgd,8000,14640.148099390584,14,0,0.19990622418481924,0.1999062241848192,1.833423021424809e-25,1.8323893904072186e-25,0.1999062241848192,112,4
0,learned,sgd,8000,14640.148099390584,14,16,0.19990622418481924,0.1999062241848192,1.833423021424809e-25,1.8323893904072186e-25,0.1999062241848192,112,4
0,learned,sgd,8000,14640.148099390584,14,64,0.19990622418481924,0.1999062241848192,1.833423021424809e-25,1.8323893904072186e-25,0.1999062241848192,112,4
0,learned,sgd,8000,14640.148099390584,15,0,0.19990622418481924,0.1999062241848192,2.294069967590051e-27,2.2927766371107703e-27,0.1999062241848192,112,4
0,learned,sgd,8000,14640.148099390584,15,16,0.19990622418481924,0.1999062241848192,2.294069967590051e-27,2.2927766371107703e-27,0.1999062241848192,112,4
0,learned,sgd,8000,14640.148099390584,15,64,0.19990622418481924,0.1999062241848192,2.294069967590051e-27,2.2927766371107703e-27,0.1999062241848192,112,4
0,learned,sgd,8000,14640.148099390584,16,0,0.19990622418481924,0.1999062241848192,2.870454311252603e-29,2.8688360319051665e-29,0.1999062241848192,112,4
0,learned,sgd,8000,14640.148099390584,16,16,0.19990622418481924,0.1999062241848192,2.870454311252603e-29,2.8688360319051665e-29,0.1999062241848192,112,4
0,learned,sgd,8000,14640.148099390584,16,64,0.19990622418481924,0.1999062241848192,2.870454311252603e-29,2.8688360319051665e-29,0.1999062241848192,112,4
0,learned,sgd,8000,14640.148099390584,17,0,0.19990622418481924,0.1999062241848192,3.591655036417352e-31,3.5896301649028456e-31,0.1999062241848192,112,4
0,learned,sgd,8000,14640.148099390584,17,16,0.19990622418481924,0.1999062241848192,3.591655036417352e-31,3.5896301649028456e-31,0.1999062241848192,112,4
0,learned,sgd,8000,14640.148099390584,17,64,0.19990622418481924,0.1999062241848192,3.591655036417352e-31,3.5896301649028456e-31,0.1999062241848192,112,4
0,learned,sgd,8000,14640.148099390584,18,0,0.19990622418481924,0.1999062241848192,4.494057212495002e-33,4.491523592661838e-33,0.1999062241848192,112,4
0,learned,sgd,8000,14640.148099390584,18,16,0.19990622418481924,0.1999062241848192,4.494057212495002e-33,4.491523592661838e-33,0.1999062241848192,112,4
0,learned,sgd,8000,14640.148099390584,18,64,0.19990622418481924,0.1999062241848192,4.494057212495002e-33,4.491523592661838e-33,0.1999062241848192,112,4
0,learned,sgd,8000,14640.148099390584,19,0,0.19990622418481924,0.1999062241848192,5.623187645917199e-35,5.62001745491347e-35,0.1999062241848192,112,4
0,learned,sgd,8000,14640.148099390584,19,16,0.19990622418481924,0.1999062241848192,5.623187645917199e-35,5.62001745491347e-35,0.1999062241848192,112,4
0,learned,sgd,8000,14640.148099390584,19,64,0.19990622418481924,0.1999062241848192,5.623187645917199e-35,5.62001745491347e-35,0.1999062241848192,112,4
0,learned,sgd,8000,14640.148099390584,20,0,0.19990622418481924,0.1999062241848192,7.036011738631471e-37,7.0320450381547165e-37,0.1999062241848192,112,4
0,learned,sgd,8000,14640.148099390584,20,16,0.19990622418481924,0.1999062241848192,7.036011738631471e-37,7.0320450381547165e-37,0.1999062241848192,112,4
0,learned,sgd,8000,14640.148099390584,20,64,0.19990622418481924,0.1999062241848192,7.036011738631471e-37,7.0320450381547165e-37,0.1999062241848192,112,4
0,learned,sgd,8000,14640.148099390584,21,0,0.19990622418481924,0.1999062241848192,8.8038074315559e-39,8.798844098856457e-39,0.1999062241848192,112,4
0,learned,sgd,8000,14640.148099390584,21,16,0.19990622418481924,0.1999062241848192,8.8038074315559e-39,8.798844098856457e-39,0.1999062241848192,112,4
0,learned,sgd,8000,14640.148099390584,21,64,0.19990622418481924,0.1999062241848192,8.8038074315559e-39,8.798844098856457e-39,0.1999062241848192,112,4
0,learned,sgd,8000,14640.148099390584,22,0,0.19990622418481924,0.1999062241848192,1.1015761225406123e-40,1.1009550856957657e-40,0.1999062241848192,112,4
0,learned,sgd,8000,14640.148099390584,22,16,0.19990622418481924,0.1999062241848192,1.1015761225406123e-40,1.1009550856957657e-40,0.1999062241848192,112,4
0,learned,sgd,8000,14640.148099390584,22,64,0.19990622418481924,0.1999062241848192,1.1015761225406123e-40,1.1009550856957657e-40,0.1999062241848192,112,4
0,learned,sgd,8000,14640.148099390584,23,0,0.19990622418481924,0.1999062241848192,1.3783467700601104e-42,1.377569697907159e-42,0.1999062241848192,112,4
0,learned,sgd,8000,14640.148099390584,23,16,0.19990622418481924,0.1999062241848192,1.3783467700601104e-42,1.377569697907159e-42,0.1999062241848192,112,4
0,learned,sgd,8000,14640.148099390584,23,64,0.19990622418481924,0.1999062241848192,1.3783467700601104e-42,1.377569697907159e-42,0.1999062241848192,112,4
0,learned,sgd,8000,14640.148099390584,24,0,0.19990622418481924,0.1999062241848192,1.724655954010178e-44,1.7236836427279995e-44,0.1999062241848192,112,4
0,learned,sgd,8000,14640.148099390584,24,16,0.19990622418481924,0.1999062241848192,1.724655954010178e-44,1.7236836427279995e-44,0.1999062241848192,112,4
0,learned,sgd,8000,14640.148099390584,24,64,0.19990622418481924,0.1999062241848192,1.724655954010178e-44,1.7236836427279995e-44,0.1999062241848192,112,4
0,learned,sgd,9000,15564.976118559222,1,0,0.8000889499513983,0.8000889499513986,1.0,1.0,0.49538099766380317,112,4
0,learned,sgd,9000,15564.976118559222,1,16,0.7948193552525102,0.7948193552525101,0.9882372628136186,0.9882372628136186,0.49538099766380317,112,4
0,learned,sgd,9000,15564.976118559222,1,64,0.7948193552525102,0.7948193552525101,0.9882372628136186,0.9882372628136186,0.49538099766380317,112,4
0,learned,sgd,9000,15564.976118559222,2,0,0.2051586039959057,0.20515560199449548,0.011714009101033275,0.011707371932059308,0.20504137402760267,112,4
0,learned,sgd,9000,15564.976118559222,2,16,0.20515786536579306,0.20515486420917045,0.011712376057485084,0.011705740738548994,0.20504137402760267,112,4
0,learned,sgd,9000,15564.976118559222,2,64,0.20515786536579306,0.20515486420917045,0.011712376057485084,0.011705740738548994,0.20504137402760267,112,4
0,learned,sgd,9000,15564.976118559222,3,0,0.19997218447167514,0.19997214933295748,0.00013778480669625635,0.0001377056201058754,0.19997152600784768,112,4
0,learned,sgd,9000,15564.976118559222,3,16,0.19997218437140227,0.19997214923279985,0.00013778458072710625,0.00013770539439640227,0.19997152600784768,112,4
0,learned,sgd,9000,15564.976118559222,3,64,0.19997218437140227,0.19997214923279985,0.00013778458072710625,0.00013770539439640227,0.19997152600784768,112,4
0,learned,sgd,9000,15564.976118559222,4,0,0.19991176907501432,0.199911768661712,1.6207259154930855e-06,1.6197943101344532e-06,0.19991176142864248,112,4
0,learned,sgd,9000,15564.976118559222,4,16,0.19991176907500044,0.19991176866169816,1.6207258842275157e-06,1.619794278904821e-06,0.19991176142864248,112,4
0,learned,sgd,9000,15564.976118559222,4,64,0.19991176907500044,0.19991176866169816,1.6207258842275157e-06,1.619794278904821e-06,0.19991176142864248,112,4
0,learned,sgd,9000,15564.976118559222,5,0,0.19991105850630886,0.1999110585014473,1.9064172918456707e-08,1.9053214668111452e-08,0.19991105841638027,112,4
0,learned,sgd,9000,15564.976118559222,5,16,0.19991105850630886,0.1999110585014473,1.9064172914130745e-08,1.905321466379049e-08,0.19991105841638027,112,4
0,learned,sgd,9000,15564.976118559222,5,64,0.19991105850630886,0.1999110585014473,1.9064172914130745e-08,1.905321466379049e-08,0.19991105841638027,112,4
0,learned,sgd,9000,15564.976118559222,6,0,0.1999110501480872,0.19991105014803,2.242468557049313e-10,2.2411795668314335e-10,0.1999110501470294,112,4
0,learned,sgd,9000,15564.976118559222,6,16,0.1999110501480872,0.19991105014803,2.2424685570433276e-10,2.2411795668254537e-10,0.1999110501470294,112,4
0,learned,sgd,9000,15564.976118559222,6,64,0.1999110501480872,0.19991105014803,2.2424685570433276e-10,2.2411795668254537e-10,0.1999110501470294,112,4
0,learned,sgd,9000,15564.976118559222,7,0,0.1999110500497716,0.19991105004977097,2.637756828528017e-12,2.6362406232107357e-12,0.19991105004975918,112,4
0,learned,sgd,9000,15564.976118559222,7,16,0.1999110500497716,0.19991105004977097,2.6377568285279322e-12,2.6362406232106513e-12,0.19991105004975918,112,4
0,learned,sgd,9000,15564.976118559222,7,64,0.1999110500497716,0.19991105004977097,2.6377568285279322e-12,2.6362406232106513e-12,0.19991105004975918,112,4
0,learned,sgd,9000,15564.976118559222,8,0,0.1999110500486152,0.1999110500486152,3.102724033555756e-14,3.1009405610889744e-14,0.19991105004861504,112,4
0,learned,sgd,9000,15564.976118559222,8,16,0.1999110500486152,0.1999110500486152,3.102724033555756e-14,3.1009405610889744e-14,0.19991105004861504,112,4
0,learned,sgd,9000,15564.976118559222,8,64,0.1999110500486152,0.1999110500486152,3.102724033555756e-14,3.1009405610889744e-14,0.19991105004861504,112,4
0,learned,sgd,9000,15564.976118559222,9,0,0.19991105004860163,0.1999110500486016,3.6496527368585605e-16,3.647554885067971e-16,0.1999110500486016,112,4
0,learned,sgd,9000,15564.976118559222,9,16,0.19991105004860163,0.1999110500486016,3.6496527368585605e-16,3.647554885067971e-16,0.1999110500486016,112,4
0,learned,sgd,9000,15564.976118559222,9,64,0.19991105004860163,0.1999110500486016,3.6496527368585605e-16,3.647554885067971e-16,0.1999110500486016,112,4
0,learned,sgd,9000,15564.976118559222,10,0,0.19991105004860144,0.19991105004860144,4.292990596522479e-18,4.290522948595611e-18,0.19991105004860144,112,4
0,learned,sgd,9000,15564.976118559222,10,16,0.19991105004860144,0.19991105004860144,4.292990596522479e-18,4.290522948595611e-18,0.19991105004860144,112,4
0,learned,sgd,9000,15564.976118559222,10,64,0.19991105004860144,0.19991105004860144,4.292990596522479e-18,4.290522948595611e-18,0.19991105004860144,112,4
0,learned,sgd,9000,15564.976118559222,11,0,0.19991105004860144,0.19991105004860144,5.049732013050056e-20,5.0468293836468296e-20,0.19991105004860144,112,4
0,learned,sgd,9000,15564.976118559222,11,16,0.19991105004860144,0.19991105004860144,5.049732013050056e-20,5.0468293836468296e-20,0.19991105004860144,112,4
0,learned,sgd,9000,15564.976118559222,11,64,0.19991105004860144,0.19991105004860144,5.049732013050056e-20,5.0468293836468296e-20,0.19991105004860144,112,4
0,learned,sgd,9000,15564.976118559222,12,0,0.19991105004860144,0.19991105004860144,5.9398670531164e-22,5.936452766434438e-22,0.19991105004860144,112,4
0,learned,sgd,9000,15564.976118559222,12,16,0.19991105004860144,0.19991105004860144,5.9398670531164e-22,5.936452766434438e-22,0.19991105004860144,112,4
0,learned,sgd,9000,15564.976118559222,12,64,0.19991105004860144,0.19991105004860144,5.9398670531164e-22,5.936452766434438e-22,0.19991105004860144,112,4
0,learned,sgd,9000,15564.976118559222,13,0,0.19991105004860144,0.19991105004860144,6.986909506785388e-24,6.982893371093499e-24,0.19991105004860144,112,4
0,learned,sgd,9000,15564.976118559222,13,16,0.19991105004860144,0.19991105004860144,6.986909506785388e-24,6.982893371093499e-24,0.19991105004860144,112,4
0,learned,sgd,9000,15564.976118559222,13,64,0.19991105004860144,0.19991105004860144,6.986909506785388e-24,6.982893371093499e-24,0.19991105004860144,112,4
0,learned,sgd,9000,15564.976118559222,14,0,0.19991105004860144,0.19991105004860144,8.218518027334607e-26,8.213793952469755e-26,0.19991105004860144,112,4
0,learned,sgd,9000,15564.976118559222,14,16,0.19991105004860144,0.19991105004860144,8.218518027334607e-26,8.213793952469755e-26,0.19991105004860144,112,4
0,learned,sgd,9000,15564.976118559222,14,64,0.19991105004860144,0.19991105004860144,8.218518027334607e-26,8.213793952469755e-26,0.19991105004860144,112,4
0,learned,sgd,9000,15564.976118559222,15,0,0.19991105004860144,0.19991105004860144,9.667226761707387e-28,9.661669956598984e-28,0.19991105004860144,112,4
0,learned,sgd,9000,15564.976118559222,15,16,0.19991105004860144,0.19991105004860144,9.667226761707387e-28,9.661669956598984e-28,0.19991105004860144,112,4
0,learned,sgd,9000,15564.976118559222,15,64,0.19991105004860144,0.19991105004860144,9.667226761707387e-28,9.661669956598984e-28,0.19991105004860144,112,4
0,learned,sgd,9000,15564.976118559222,16,0,0.19991105004860144,0.19991105004860144,1.1371304771911605e-29,1.1364768448103065e-29,0.19991105004860144,112,4
0,learned,sgd,9000,15564.976118559222,16,16,0.19991105004860144,0.19991105004860144,1.1371304771911605e-29,1.1364768448103065e-29,0.19991105004860144,112,4
0,learned,sgd,9000,15564.976118559222,16,64,0.19991105004860144,0.19991105004860144,1.1371304771911605e-29,1.1364768448103065e-29,0.19991105004860144,112,4
0,learned,sgd,9000,15564.976118559222,17,0,0.19991105004860144,0.19991105004860144,1.3375766949824074e-31,1.3368078443911576e-31,0.19991105004860144,112,4
0,learned,sgd,9000,15564.976118559222,17,16,0.19991105004860144,0.19991105004860144,1.3375766949824074e-31,1.3368078443911576e-31,0.19991105004860144,112,4
0,learned,sgd,9000,15564.976118559222,17,64,0.19991105004860144,0.19991105004860144,1.3375766949824074e-31,1.3368078443911576e-31,0.19991105004860144,112,4
0,learned,sgd,9000,15564.976118559222,18,0,0.19991105004860144,0.19991105004860144,1.573356312970667e-33,1.5724519342266208e-33,0.19991105004860144,112,4
0,learned,sgd,9000,15564.976118559222,18,16,0.19991105004860144,0.19991105004860144,1.573356312970667e-33,1.5724519342266208e-33,0.19991105004860144,112,4
0,learned,sgd,9000,15564.976118559222,18,64,0.19991105004860144,0.19991105004860144,1.573356312970667e-33,1.5724519342266208e-33,0.19991105004860144,112,4
0,learned,sgd,9000,15564.976118559222,19,0,0.19991105004860144,0.19991105004860144,1.8506976810007976e-35,1.8496338840524807e-35,0.19991105004860144,112,4
0,learned,sgd,9000,15564.976118559222,19,16,0.19991105004860144,0.19991105004860144,1.8506976810007976e-35,1.8496338840524807e-35,0.19991105004860144,112,4
0,learned,sgd,9000,15564.976118559222,19,64,0.19991105004860144,0.19991105004860144,1.8506976810007976e-35,1.8496338840524807e-35,0.19991105004860144,112,4
0,learned,sgd,9000,15564.976118559222,20,0,0.19991105004860144,0.19991105004860144,2.1769270433057867e-37,2.175675726913514e-37,0.19991105004860144,112,4
0,learned,sgd,9000,15564.976118559222,20,16,0.19991105004860144,0.19991105004860144,2.1769270433057867e-37,2.175675726913514e-37,0.19991105004860144,112,4
0,learned,sgd,9000,15564.976118559222,20,64,0.19991105004860144,0.19991105004860144,2.1769270433057867e-37,2.175675726913514e-37,0.19991105004860144,112,4
0,learned,sgd,9000,15564.976118559222,21,0,0.19991105004860144,0.19991105004860144,2.5606620684332254e-39,2.5591901778472942e-39,0.19991105004860144,112,4
0,learned,sgd,9000,15564.976118559222,21,16,0.19991105004860144,0.19991105004860144,2.5606620684332254e-39,2.5591901778472942e-39,0.19991105004860144,112,4
0,learned,sgd,9000,15564.976118559222,21,64,0.19991105004860144,0.19991105004860144,2.5606620684332254e-39,2.5591901778472942e-39,0.19991105004860144,112,4
0,learned,sgd,9000,15564.976118559222,22,0,0.19991105004860144,0.19991105004860144,3.012039493411534e-41,3.010308147198593e-41,0.19991105004860144,112,4
0,learned,sgd,9000,15564.976118559222,22,16,0.19991105004860144,0.19991105004860144,3.012039493411534e-41,3.010308147198593e-41,0.19991105004860144,112,4
0,learned,sgd,9000,15564.976118559222,22,64,0.19991105004860144,0.19991105004860144,3.012039493411534e-41,3.010308147198593e-41,0.19991105004860144,112,4
0,learned,sgd,9000,15564.976118559222,23,0,0.19991105004860144,0.19991105004860144,3.5429828956001195e-43,3.540946358551973e-43,0.19991105004860144,112,4
0,learned,sgd,9000,15564.976118559222,23,16,0.19991105004860144,0.19991105004860144,3.5429828956001195e-43,3.540946358551973e-43,0.19991105004860144,112,4
0,learned,sgd,9000,15564.976118559222,23,64,0.19991105004860144,0.19991105004860144,3.5429828956001195e-43,3.540946358551973e-43,0.19991105004860144,112,4
0,learned,sgd,9000,15564.976118559222,24,0,0.19991105004860144,0.19991105004860144,4.1675176656788713e-45,4.1651221406721035e-45,0.19991105004860144,112,4
0,learned,sgd,9000,15564.976118559222,24,16,0.19991105004860144,0.19991105004860144,4.1675176656788713e-45,4.1651221406721035e-45,0.19991105004860144,112,4
0,learned,sgd,9000,15564.976118559222,24,64,0.19991105004860144,0.19991105004860144,4.1675176656788713e-45,4.1651221406721035e-45,0.19991105004860144,112,4
0,learned,sgd,10000,16422.80840538935,1,0,0.8000848879085379,0.8000848879085379,1.0,1.0,0.4955897198137173,112,4
0,learned,sgd,10000,16422.80840538935,1,16,0.7950953022860193,0.7950953022860194,0.9888565635841531,0.9888565635841532,0.4955897198137173,112,4
0,learned,sgd,10000,16422.80840538935,1,64,0.7950953022860193,0.7950953022860194,0.9888565635841531,0.9888565635841532,0.4955897198137173,112,4
0,learned,sgd,10000,16422.80840538935,2,0,0.20488758127021442,0.20488468759933576,0.011105556907444988,0.011099152852525763,0.2047787750613087,112,4
0,learned,sgd,10000,16422.80840538935,2,16,0.20488695334554732,0.20488406040522955,0.011104167235760748,0.011097764783104794,0.2047787750613087,112,4
0,learned,sgd,10000,16422.80840538935,2,64,0.20488695334554732,0.20488406040522955,0.011104167235760748,0.011097764783104794,0.2047787750613087,112,4
0,learned,sgd,10000,16422.80840538935,3,0,0.19997001935405131,0.19996998725440715,0.0001237518535877613,0.00012367951376646196,0.19996941957358613,112,4
0,learned,sgd,10000,16422.80840538935,3,16,0.19997001927747202,0.19996998717791734,0.0001237516810084652,0.00012367934138888493,0.19996941957358613,112,4
0,learned,sgd,10000,16422.80840538935,3,64,0.19997001927747202,0.19996998717791734,0.0001237516810084652,0.00012367934138888493,0.19996941957358613,112,4
0,learned,sgd,10000,16422.80840538935,4,0,0.1999157238846152,0.19991572352693385,1.379020636918171e-06,1.3782144014485891e-06,0.19991571727655885,112,4
0,learned,sgd,10000,16422.80840538935,4,16,0.19991572388460568,0.19991572352692438,1.3790206154879132e-06,1.378214380043384e-06,0.19991571727655885,112,4
0,learned,sgd,10000,16422.80840538935,4,64,0.19991572388460568,0.19991572352692438,1.3790206154879132e-06,1.378214380043384e-06,0.19991571727655885,112,4
0,learned,sgd,10000,16422.80840538935,5,0,0.19991511890893246,0.19991511890494662,1.536702874950472e-08,1.5358044500754313e-08,0.19991511883530538,112,4
0,learned,sgd,10000,16422.80840538935,5,16,0.19991511890893246,0.19991511890494662,1.5367028746843588e-08,1.5358044498096287e-08,0.19991511883530538,112,4
0,learned,sgd,10000,16422.80840538935,5,64,0.19991511890893246,0.19991511890494662,1.5367028746843588e-08,1.5358044498096287e-08,0.19991511883530538,112,4
0,learned,sgd,10000,16422.80840538935,6,0,0.19991511216743213,0.19991511216738772,1.7124150776635804e-10,1.7114139235979386e-10,0.1999151121666117,112,4
0,learned,sgd,10000,16422.80840538935,6,16,0.19991511216743213,0.19991511216738772,1.7124150776602763e-10,1.711413923594637e-10,0.1999151121666117,112,4
0,learned,sgd,10000,16422.80840538935,6,64,0.19991511216743213,0.19991511216738772,1.7124150776602763e-10,1.711413923594637e-10,0.1999151121666117,112,4
0,learned,sgd,10000,16422.80840538935,7,0,0.19991511209230867,0.19991511209230814,1.908218853547632e-12,1.907103223880108e-12,0.1999151120922995,112,4
0,learned,sgd,10000,16422.80840538935,7,16,0.19991511209230867,0.19991511209230814,1.908218853547588e-12,1.9071032238800674e-12,0.1999151120922995,112,4
0,learned,sgd,10000,16422.80840538935,7,64,0.19991511209230867,0.19991511209230814,1.908218853547588e-12,1.9071032238800674e-12,0.1999151120922995,112,4
0,learned,sgd,10000,16422.80840538935,8,0,0.19991511209147153,0.19991511209147156,2.1264115462028152e-14,2.125168351376441e-14,0.19991511209147145,112,4
0,learned,sgd,10000,16422.80840538935,8,16,0.19991511209147153,0.19991511209147156,2.1264115462028152e-14,2.125168351376441e-14,0.19991511209147145,112,4
0,learned,sgd,10000,16422.80840538935,8,64,0.19991511209147153,0.19991511209147156,2.1264115462028152e-14,2.125168351376441e-14,0.19991511209147145,112,4
0,learned,sgd,10000,16422.80840538935,9,0,0.1999151120914622,0.1999151120914622,2.36955318590338e-16,2.368167839653358e-16,0.1999151120914622,112,4
0,learned,sgd,10000,16422.80840538935,9,16,0.1999151120914622,0.1999151120914622,2.36955318590338e-16,2.368167839653358e-16,0.1999151120914622,112,4
0,learned,sgd,10000,16422.80840538935,9,64,0.1999151120914622,0.1999151120914622,2.36955318590338e-16,2.368167839653358e-16,0.1999151120914622,112,4
0,learned,sgd,10000,16422.80840538935,10,0,0.19991511209146212,0.1999151120914621,2.6404965261081714e-18,2.6389527743230665e-18,0.1999151120914621,112,4
0,learned,sgd,10000,16422.80840538935,10,16,0.19991511209146212,0.1999151120914621,2.6404965261081714e-18,2.6389527743230665e-18,0.1999151120914621,112,4
0,learned,sgd,10000,16422.80840538935,10,64,0.19991511209146212,0.1999151120914621,2.6404965261081714e-18,2.6389527743230665e-18,0.1999151120914621,112,4
0,learned,sgd,10000,16422.80840538935,11,0,0.19991511209146212,0.1999151120914621,2.942420514495097e-20,2.940700244509181e-20,0.1999151120914621,112,4
0,learned,sgd,10000,16422.80840538935,11,16,0.19991511209146212,0.1999151120914621,2.942420514495097e-20,2.940700244509181e-20,0.1999151120914621,112,4
0,learned,sgd,10000,16422.80840538935,11,64,0.19991511209146212,0.1999151120914621,2.942420514495097e-20,2.940700244509181e-20,0.1999151120914621,112,4
0,learned,sgd,10000,16422.80840538935,12,0,0.19991511209146212,0.1999151120914621,3.278867591195957e-22,3.2769506192753416e-22,0.1999151120914621,112,4
0,learned,sgd,10000,16422.80840538935,12,16,0.19991511209146212,0.1999151120914621,3.278867591195957e-22,3.2769506192753416e-22,0.1999151120914621,112,4
0,learned,sgd,10000,16422.80840538935,12,64,0.19991511209146212,0.1999151120914621,3.278867591195957e-22,3.2769506192753416e-22,0.1999151120914621,112,4
0,learned,sgd,10000,16422.80840538935,13,0,0.19991511209146212,0.1999151120914621,3.65378525184729e-24,3.6516490863764555e-24,0.1999151120914621,112,4
0,learned,sgd,10000,16422.80840538935,13,16,0.19991511209146212,0.1999151120914621,3.65378525184729e-24,3.6516490863764555e-24,0.1999151120914621,112,4
0,learned,sgd,10000,16422.80840538935,13,64,0.19991511209146212,0.1999151120914621,3.65378525184729e-24,3.6516490863764555e-24,0.1999151120914621,112,4
0,learned,sgd,10000,16422.80840538935,14,0,0.19991511209146212,0.1999151120914621,4.071572363111934e-26,4.0691919407021376e-26,0.1999151120914621,112,4
0,learned,sgd,10000,16422.80840538935,14,16,0.19991511209146212,0.1999151120914621,4.071572363111934e-26,4.0691919407021376e-26,0.1999151120914621,112,4
0,learned,sgd,10000,16422.80840538935,14,64,0.19991511209146212,0.1999151120914621,4.071572363111934e-26,4.0691919407021376e-26,0.1999151120914621,112,4
0,learned,sgd,10000,16422.80840538935,15,0,0.19991511209146212,0.1999151120914621,4.537130774085724e-28,4.5344781655090825e-28,0.1999151120914621,112,4
0,learned,sgd,10000,16422.80840538935,15,16,0.19991511209146212,0.1999151120914621,4.537130774085724e-28,4.5344781655090825e-28,0.1999151120914621,112,4
0,learned,sgd,10000,16422.80840538935,15,64,0.19991511209146212,0.1999151120914621,4.537130774085724e-28,4.5344781655090825e-28,0.1999151120914621,112,4
0,learned,sgd,10000,16422.80840538935,16,0,0.19991511209146212,0.1999151120914621,5.055922829140637e-30,5.052966911639645e-30,0.1999151120914621,112,4
0,learned,sgd,10000,16422.80840538935,16,16,0.19991511209146212,0.1999151120914621,5.055922829140637e-30,5.052966911639645e-30,0.1999151120914621,112,4
0,learned,sgd,10000,16422.80840538935,16,64,0.19991511209146212,0.1999151120914621,5.055922829140637e-30,5.052966911639645e-30,0.1999151120914621,112,4
0,learned,sgd,10000,16422.80840538935,17,0,0.19991511209146212,0.1999151120914621,5.634035456995695e-32,5.630741549123415e-32,0.1999151120914621,112,4
0,learned,sgd,10000,16422.80840538935,17,16,0.19991511209146212,0.1999151120914621,5.634035456995695e-32,5.630741549123415e-32,0.1999151120914621,112,4
0,learned,sgd,10000,16422.80840538935,17,64,0.19991511209146212,0.1999151120914621,5.634035456995695e-32,5.630741549123415e-32,0.1999151120914621,112,4
0,learned,sgd,10000,16422.80840538935,18,0,0.19991511209146212,0.1999151120914621,6.278251587965788e-34,6.274581042672347e-34,0.1999151120914621,112,4
0,learned,sgd,10000,16422.80840538935,18,16,0.19991511209146212,0.1999151120914621,6.278251587965788e-34,6.274581042672347e-34,0.1999151120914621,112,4
0,learned,sgd,10000,16422.80840538935,18,64,0.19991511209146212,0.1999151120914621,6.278251587965788e-34,6.274581042672347e-34,0.1999151120914621,112,4
0,learned,sgd,10000,16422.80840538935,19,0,0.19991511209146212,0.1999151120914621,6.996129737318694e-36,6.992039488509799e-36,0.1999151120914621,112,4
0,learned,sgd,10000,16422.80840538935,19,16,0.19991511209146212,0.1999151120914621,6.996129737318694e-36,6.992039488509799e-36,0.1999151120914621,112,4
0,learned,sgd,10000,16422.80840538935,19,64,0.19991511209146212,0.1999151120914621,6.996129737318694e-36,6.992039488509799e-36,0.1999151120914621,112,4
0,learned,sgd,10000,16422.80840538935,20,0,0.19991511209146212,0.1999151120914621,7.796092688482581e-38,7.791534745729892e-38,0.1999151120914621,112,4
0,learned,sgd,10000,16422.80840538935,20,16,0.19991511209146212,0.1999151120914621,7.796092688482581e-38,7.791534745729892e-38,0.1999151120914621,112,4
0,learned,sgd,10000,16422.80840538935,20,64,0.19991511209146212,0.1999151120914621,7.796092688482581e-38,7.791534745729892e-38,0.1999151120914621,112,4
0,learned,sgd,10000,16422.80840538935,21,0,0.19991511209146212,0.1999151120914621,8.6875263166155e-40,8.682447202090332e-40,0.1999151120914621,112,4
0,learned,sgd,10000,16422.80840538935,21,16,0.19991511209146212,0.1999151120914621,8.6875263166155e-40,8.682447202090332e-40,0.1999151120914621,112,4
0,learned,sgd,10000,16422.80840538935,21,64,0.19991511209146212,0.1999151120914621,8.6875263166155e-40,8.682447202090332e-40,0.1999151120914621,112,4
0,learned,sgd,10000,16422.80840538935,22,0,0.19991511209146212,0.1999151120914621,9.680889712020058e-42,9.675229833044054e-42,0.1999151120914621,112,4
0,learned,sgd,10000,16422.80840538935,22,16,0.19991511209146212,0.1999151120914621,9.680889712020058e-42,9.675229833044054e-42,0.1999151120914621,112,4
0,learned,sgd,10000,16422.80840538935,22,64,0.19991511209146212,0.1999151120914621,9.680889712020058e-42,9.675229833044054e-42,0.1999151120914621,112,4
0,learned,sgd,10000,16422.80840538935,23,0,0.19991511209146212,0.1999151120914621,1.0787837895472245e-43,1.0781530845323198e-43,0.1999151120914621,112,4
0,learned,sgd,10000,16422.80840538935,23,16,0.19991511209146212,0.1999151120914621,1.0787837895472245e-43,1.0781530845323198e-43,0.1999151120914621,112,4
0,learned,sgd,10000,16422.80840538935,23,64,0.19991511209146212,0.1999151120914621,1.0787837895472245e-43,1.0781530845323198e-43,0.1999151120914621,112,4
0,learned,sgd,10000,16422.80840538935,24,0,0.19991511209146212,0.1999151120914621,1.202135856526575e-45,1.2014330344035003e-45,0.1999151120914621,112,4
0,learned,sgd,10000,16422.80840538935,24,16,0.19991511209146212,0.1999151120914621,1.202135856526575e-45,1.2014330344035003e-45,0.1999151120914621,112,4
0,learned,sgd,10000,16422.80840538935,24,64,0.19991511209146212,0.1999151120914621,1.202135856526575e-45,1.2014330344035003e-45,0.1999151120914621,112,4
0,learned,sgd,11000,17223.98011750906,1,0,0.8000814091648686,0.8000814091648686,1.0,1.0,0.495765408549748,112,4
0,learned,sgd,11000,17223.98011750906,1,16,0.7953277162817703,0.7953277162817705,0.9893787822104169,0.989378782210417,0.495765408549748,112,4
0,learned,sgd,11000,17223.98011750906,1,64,0.7953277162817703,0.7953277162817705,0.9893787822104169,0.989378782210417,0.495765408549748,112,4
0,learned,sgd,11000,17223.98011750906,2,0,0.20465902907172678,0.20465622829149735,0.010591859638227261,0.010585655926464013,0.204557084966314,112,4
0,learned,sgd,11000,17223.98011750906,2,16,0.20465848540157042,0.2046556852635434,0.010590655415522038,0.010584453114002414,0.204557084966314,112,4
0,learned,sgd,11000,17223.98011750906,2,64,0.20465848540157042,0.2046556852635434,0.010590655415522038,0.010584453114002414,0.204557084966314,112,4
0,learned,sgd,11000,17223.98011750906,3,0,0.1999685040401273,0.19996847441739546,0.00011249742677141793,0.00011243066749844324,0.19996795188550276,112,4
0,learned,sgd,11000,17223.98011750906,3,16,0.19996850397984225,0.1999684743571819,0.00011249729090991629,0.00011243053179815317,0.19996795188550276,112,4
0,learned,sgd,11000,17223.98011750906,3,64,0.19996850397984225,0.1999684743571819,0.00011249729090991629,0.00011243053179815317,0.19996795188550276,112,4
0,learned,sgd,11000,17223.98011750906,4,0,0.19991912092499428,0.1999191206103796,1.1948595553014657e-06,1.1941503925730423e-06,0.19991911511990607,112,4
0,learned,sgd,11000,17223.98011750906,4,16,0.1999191209249875,0.19991912061037284,1.194859539974878e-06,1.194150377264643e-06,0.19991911511990607,112,4
0,learned,sgd,11000,17223.98011750906,4,64,0.1999191209249875,0.19991912061037284,1.194859539974878e-06,1.194150377264643e-06,0.19991911511990607,112,4
0,learned,sgd,11000,17223.98011750906,5,0,0.19991859646532567,0.1999185964619841,1.269086355182496e-08,1.2683331368988276e-08,0.1999185964036753,112,4
0,learned,sgd,11000,17223.98011750906,5,16,0.19991859646532567,0.1999185964619841,1.2690863550095966e-08,1.2683331367261343e-08,0.1999185964036753,112,4
0,learned,sgd,11000,17223.98011750906,5,64,0.19991859646532567,0.1999185964619841,1.2690863550095966e-08,1.2683331367261343e-08,0.1999185964036753,112,4
0,learned,sgd,11000,17223.98011750906,6,0,0.19991859089493083,0.19991859089489536,1.347924257203497e-10,1.3471242476476358e-10,0.19991859089427608,112,4
0,learned,sgd,11000,17223.98011750906,6,16,0.19991859089493083,0.19991859089489536,1.3479242572015472e-10,1.347124247645688e-10,0.19991859089427608,112,4
0,learned,sgd,11000,17223.98011750906,6,64,0.19991859089493083,0.19991859089489536,1.3479242572015472e-10,1.347124247645688e-10,0.19991859089427608,112,4
0,learned,sgd,11000,17223.98011750906,7,0,0.1999185908357665,0.19991859083576607,1.4316597099618787e-12,1.4308100023890845e-12,0.19991859083575952,112,4
0,learned,sgd,11000,17223.98011750906,7,16,0.1999185908357665,0.19991859083576607,1.4316597099618585e-12,1.430810002389064e-12,0.19991859083575952,112,4
0,learned,sgd,11000,17223.98011750906,7,64,0.1999185908357665,0.19991859083576607,1.4316597099618585e-12,1.430810002389064e-12,0.19991859083575952,112,4
0,learned,sgd,11000,17223.98011750906,8,0,0.1999185908351381,0.19991859083513808,1.5205969580076528e-14,1.519694465088841e-14,0.19991859083513802,112,4
0,learned,sgd,11000,17223.98011750906,8,16,0.1999185908351381,0.19991859083513808,1.5205969580076528e-14,1.519694465088841e-14,0.19991859083513802,112,4
0,learned,sgd,11000,17223.98011750906,8,64,0.1999185908351381,0.19991859083513808,1.5205969580076528e-14,1.519694465088841e-14,0.19991859083513802,112,4
0,learned,sgd,11000,17223.98011750906,9,0,0.19991859083513144,0.19991859083513142,1.6150591461176892e-16,1.6141005887332643e-16,0.19991859083513142,112,4
0,learned,sgd,11000,17223.98011750906,9,16,0.19991859083513144,0.19991859083513142,1.6150591461176892e-16,1.6141005887332643e-16,0.19991859083513142,112,4
0,learned,sgd,11000,17223.98011750906,9,64,0.19991859083513144,0.19991859083513142,1.6150591461176892e-16,1.6141005887332643e-16,0.19991859083513142,112,4
0,learned,sgd,11000,17223.98011750906,10,0,0.19991859083513133,0.19991859083513133,1.7153894933974157e-18,1.7143713887230368e-18,0.19991859083513133,112,4
0,learned,sgd,11000,17223.98011750906,10,16,0.19991859083513133,0.19991859083513133,1.7153894933974157e-18,1.7143713887230368e-18,0.19991859083513133,112,4
0,learned,sgd,11000,17223.98011750906,10,64,0.19991859083513133,0.19991859083513133,1.7153894933974157e-18,1.7143713887230368e-18,0.19991859083513133,112,4
0,learned,sgd,11000,17223.98011750906,11,0,0.19991859083513133,0.19991859083513133,1.821952540333664e-20,1.820871189185747e-20,0.19991859083513133,112,4
0,learned,sgd,11000,17223.98011750906,11,16,0.19991859083513133,0.19991859083513133,1.821952540333664e-20,1.820871189185747e-20,0.19991859083513133,112,4
0,learned,sgd,11000,17223.98011750906,11,64,0.19991859083513133,0.19991859083513133,1.821952540333664e-20,1.820871189185747e-20,0.19991859083513133,112,4
0,learned,sgd,11000,17223.98011750906,12,0,0.19991859083513133,0.19991859083513133,1.9351354733168104e-22,1.9339869467119062e-22,0.19991859083513133,112,4
0,learned,sgd,11000,17223.98011750906,12,16,0.19991859083513133,0.19991859083513133,1.9351354733168104e-22,1.9339869467119062e-22,0.19991859083513133,112,4
0,learned,sgd,11000,17223.98011750906,12,64,0.19991859083513133,0.19991859083513133,1.9351354733168104e-22,1.9339869467119062e-22,0.19991859083513133,112,4
0,learned,sgd,11000,17223.98011750906,13,0,0.19991859083513133,0.19991859083513133,2.0553495314446042e-24,2.0541296563238223e-24,0.19991859083513133,112,4
0,learned,sgd,11000,17223.98011750906,13,16,0.19991859083513133,0.19991859083513133,2.0553495314446042e-24,2.0541296563238223e-24,0.19991859083513133,112,4
0,learned,sgd,11000,17223.98011750906,13,64,0.19991859083513133,0.19991859083513133,2.0553495314446042e-24,2.0541296563238223e-24,0.19991859083513133,112,4
0,learned,sgd,11000,17223.98011750906,14,0,0.19991859083513133,0.19991859083513133,2.18303150071908e-26,2.181735844785688e-26,0.19991859083513133,112,4
0,learned,sgd,11000,17223.98011750906,14,16,0.19991859083513133,0.19991859083513133,2.18303150071908e-26,2.181735844785688e-26,0.19991859083513133,112,4
0,learned,sgd,11000,17223.98011750906,14,64,0.19991859083513133,0.19991859083513133,2.18303150071908e-26,2.181735844785688e-26,0.19991859083513133,112,4
0,learned,sgd,11000,17223.98011750906,15,0,0.19991859083513133,0.19991859083513133,2.3186453010657865e-28,2.3172691566808948e-28,0.19991859083513133,112,4
0,learned,sgd,11000,17223.98011750906,15,16,0.19991859083513133,0.19991859083513133,2.3186453010657865e-28,2.3172691566808948e-28,0.19991859083513133,112,4
0,learned,sgd,11000,17223.98011750906,15,64,0.19991859083513133,0.19991859083513133,2.3186453010657865e-28,2.3172691566808948e-28,0.19991859083513133,112,4
0,learned,sgd,11000,17223.98011750906,16,0,0.19991859083513133,0.19991859083513133,2.4626836719413133e-30,2.4612220390191267e-30,0.19991859083513133,112,4
0,learned,sgd,11000,17223.98011750906,16,16,0.19991859083513133,0.19991859083513133,2.4626836719413133e-30,2.4612220390191267e-30,0.19991859083513133,112,4
0,learned,sgd,11000,17223.98011750906,16,64,0.19991859083513133,0.19991859083513133,2.4626836719413133e-30,2.4612220390191267e-30,0.19991859083513133,112,4
0,learned,sgd,11000,17223.98011750906,17,0,0.19991859083513133,0.19991859083513133,2.615669962653919e-32,2.6141175304944215e-32,0.19991859083513133,112,4
0,learned,sgd,11000,17223.98011750906,17,16,0.19991859083513133,0.19991859083513133,2.615669962653919e-32,2.6141175304944215e-32,0.19991859083513133,112,4
0,learned,sgd,11000,17223.98011750906,17,64,0.19991859083513133,0.19991859083513133,2.615669962653919e-32,2.6141175304944215e-32,0.19991859083513133,112,4
0,learned,sgd,11000,17223.98011750906,18,0,0.19991859083513133,0.19991859083513133,2.7781600339018265e-34,2.776511161894869e-34,0.19991859083513133,112,4
0,learned,sgd,11000,17223.98011750906,18,16,0.19991859083513133,0.19991859083513133,2.7781600339018265e-34,2.776511161894869e-34,0.19991859083513133,112,4
0,learned,sgd,11000,17223.98011750906,18,64,0.19991859083513133,0.19991859083513133,2.7781600339018265e-34,2.776511161894869e-34,0.19991859083513133,112,4
0,learned,sgd,11000,17223.98011750906,19,0,0.19991859083513133,0.19991859083513133,2.950744277438677e-36,2.9489929745693726e-36,0.19991859083513133,112,4
0,learned,sgd,11000,17223.98011750906,19,16,0.19991859083513133,0.19991859083513133,2.950744277438677e-36,2.9489929745693726e-36,0.19991859083513133,112,4
0,learned,sgd,11000,17223.98011750906,19,64,0.19991859083513133,0.19991859083513133,2.950744277438677e-36,2.9489929745693726e-36,0.19991859083513133,112,4
0,learned,sgd,11000,17223.98011750906,20,0,0.19991859083513133,0.19991859083513133,3.1340497612042546e-38,3.132189664285214e-38,0.19991859083513133,112,4
0,learned,sgd,11000,17223.98011750906,20,16,0.19991859083513133,0.19991859083513133,3.1340497612042546e-38,3.132189664285214e-38,0.19991859083513133,112,4
0,learned,sgd,11000,17223.98011750906,20,64,0.19991859083513133,0.19991859083513133,3.1340497612042546e-38,3.132189664285214e-38,0.19991859083513133,112,4
0,learned,sgd,11000,17223.98011750906,21,0,0.19991859083513133,0.19991859083513133,3.3287425077141184e-40,3.3267668582654323e-40,0.19991859083513133,112,4
0,learned,sgd,11000,17223.98011750906,21,16,0.19991859083513133,0.19991859083513133,3.3287425077141184e-40,3.3267668582654323e-40,0.19991859083513133,112,4
0,learned,sgd,11000,17223.98011750906,21,64,0.19991859083513133,0.19991859083513133,3.3287425077141184e-40,3.3267668582654323e-40,0.19991859083513133,112,4
0,learned,sgd,11000,17223.98011750906,22,0,0.19991859083513133,0.19991859083513133,3.535529913987503e-42,3.533431533680467e-42,0.19991859083513133,112,4
0,learned,sgd,11000,17223.98011750906,22,16,0.19991859083513133,0.19991859083513133,3.535529913987503e-42,3.533431533680467e-42,0.19991859083513133,112,4
0,learned,sgd,11000,17223.98011750906,22,64,0.19991859083513133,0.19991859083513133,3.535529913987503e-42,3.533431533680467e-42,0.19991859083513133,112,4
0,learned,sgd,11000,17223.98011750906,23,0,0.19991859083513133,0.19991859083513133,3.755163321804715e-44,3.752934586380075e-44,0.19991859083513133,112,4
0,learned,sgd,11000,17223.98011750906,23,16,0.19991859083513133,0.19991859083513133,3.755163321804715e-44,3.752934586380075e-44,0.19991859083513133,112,4
0,learned,sgd,11000,17223.98011750906,23,64,0.19991859083513133,0.19991859083513133,3.755163321804715e-44,3.752934586380075e-44,0.19991859083513133,112,4
0,learned,sgd,11000,17223.98011750906,24,0,0.19991859083513133,0.19991859083513133,3.988440747634264e-46,3.9860735592002175e-46,0.19991859083513133,112,4
0,learned,sgd,11000,17223.98011750906,24,16,0.19991859083513133,0.19991859083513133,3.988440747634264e-46,3.9860735592002175e-46,0.19991859083513133,112,4
0,learned,sgd,11000,17223.98011750906,24,64,0.19991859083513133,0.19991859083513133,3.988440747634264e-46,3.9860735592002175e-46,0.19991859083513133,112,4
0,learned,sgd,12000,17976.52238260868,1,0,0.8000783871939641,0.8000783871939641,1.0,1.0,0.4959158030406848,112,4
0,learned,sgd,12000,17976.52238260868,1,16,0.7955268019543832,0.7955268019543831,0.9898265653678494,0.9898265653678495,0.4959158030406848,112,4
0,learned,sgd,12000,17976.52238260868,1,64,0.7955268019543832,0.7955268019543831,0.9898265653678494,0.9898265653678495,0.4959158030406848,112,4
0,learned,sgd,12000,17976.52238260868,2,0,0.2044630422624588,0.2044603223282128,0.010150923806021252,0.010144894796905989,0.2043668079117878,112,4
0,learned,sgd,12000,17976.52238260868,2,16,0.20446256452632708,0.2044598451641299,0.010149864858697183,0.010143837107126344,0.2043668079117878,112,4
0,learned,sgd,12000,17976.52238260868,2,64,0.20446256452632708,0.2044598451641299,0.010149864858697183,0.010143837107126344,0.2043668079117878,112,4
0,learned,sgd,12000,17976.52238260868,3,0,0.1999674313044518,0.19996740374199387,0.00010326955648893705,0.00010320743925657975,0.19996691862602434,112,4
0,learned,sgd,12000,17976.52238260868,3,16,0.19996743125581573,0.1999674036934163,0.00010326944687830219,0.00010320732977777738,0.19996691862602434,112,4
0,learned,sgd,12000,17976.52238260868,3,64,0.19996743125581573,0.1999674036934163,0.00010326944687830219,0.00010320732977777738,0.19996691862602434,112,4
0,learned,sgd,12000,17976.52238260868,4,0,0.1999220788978719,0.19992207861747882,1.0506060613894702e-06,1.0499740349028274e-06,0.1999220737301351,112,4
0,learned,sgd,12000,17976.52238260868,4,16,0.19992207889786684,0.19992207861747383,1.0506060500448928e-06,1.0499740235718961e-06,0.1999220737301351,112,4
0,learned,sgd,12000,17976.52238260868,4,64,0.19992207889786684,0.19992207861747383,1.0506060500448928e-06,1.0499740235718961e-06,0.1999220737301351,112,4
0,learned,sgd,12000,17976.52238260868,5,0,0.19992161754778665,0.19992161754493407,1.0688272087508997e-08,1.0681842198989966e-08,0.19992161749521797,112,4
0,learned,sgd,12000,17976.52238260868,5,16,0.19992161754778665,0.19992161754493407,1.0688272086334852e-08,1.0681842197817251e-08,0.19992161749521797,112,4
0,learned,sgd,12000,17976.52238260868,5,64,0.19992161754778665,0.19992161754493407,1.0688272086334852e-08,1.0681842197817251e-08,0.19992161749521797,112,4
0,learned,sgd,12000,17976.52238260868,6,0,0.19992161285427582,0.19992161285424676,1.0873643741268498e-10,1.0867102336127802e-10,0.19992161285374097,112,4
0,learned,sgd,12000,17976.52238260868,6,16,0.19992161285427582,0.19992161285424676,1.0873643741256346e-10,1.086710233611568e-10,0.19992161285374097,112,4
0,learned,sgd,12000,17976.52238260868,6,64,0.19992161285427582,0.19992161285424676,1.0873643741256346e-10,1.086710233611568e-10,0.19992161285374097,112,4
0,learned,sgd,12000,17976.52238260868,7,0,0.1999216128065267,0.1999216128065264,1.1062230381508464e-12,1.1055575525747457e-12,0.19992161280652126,112,4
0,learned,sgd,12000,17976.52238260868,7,16,0.1999216128065267,0.1999216128065264,1.1062230381508349e-12,1.1055575525747337e-12,0.19992161280652126,112,4
0,learned,sgd,12000,17976.52238260868,7,64,0.1999216128065267,0.1999216128065264,1.1062230381508349e-12,1.1055575525747337e-12,0.19992161280652126,112,4
0,learned,sgd,12000,17976.52238260868,8,0,0.19992161280604095,0.19992161280604093,1.1254087767206505e-14,1.1247317493199402e-14,0.19992161280604084,112,4
0,learned,sgd,12000,17976.52238260868,8,16,0.19992161280604095,0.19992161280604093,1.1254087767206505e-14,1.1247317493199402e-14,0.19992161280604084,112,4
0,learned,sgd,12000,17976.52238260868,8,64,0.19992161280604095,0.19992161280604093,1.1254087767206505e-14,1.1247317493199402e-14,0.19992161280604084,112,4
0,learned,sgd,12000,17976.52238260868,9,0,0.19992161280603596,0.19992161280603596,1.1449272624415855e-16,1.1442384930410553e-16,0.19992161280603596,112,4
0,learned,sgd,12000,17976.52238260868,9,16,0.19992161280603596,0.19992161280603596,1.1449272624415855e-16,1.1442384930410553e-16,0.19992161280603596,112,4
0,learned,sgd,12000,17976.52238260868,9,64,0.19992161280603596,0.19992161280603596,1.1449272624415855e-16,1.1442384930410553e-16,0.19992161280603596,112,4
0,learned,sgd,12000,17976.52238260868,10,0,0.1999216128060359,0.1999216128060359,1.1647842663016388e-18,1.1640835512543466e-18,0.1999216128060359,112,4
0,learned,sgd,12000,17976.52238260868,10,16,0.1999216128060359,0.1999216128060359,1.1647842663016388e-18,1.1640835512543466e-18,0.1999216128060359,112,4
0,learned,sgd,12000,17976.52238260868,10,64,0.1999216128060359,0.1999216128060359,1.1647842663016388e-18,1.1640835512543466e-18,0.1999216128060359,112,4
0,learned,sgd,12000,17976.52238260868,11,0,0.1999216128060359,0.1999216128060359,1.1849856593776993e-20,1.1842727915047602e-20,0.1999216128060359,112,4
0,learned,sgd,12000,17976.52238260868,11,16,0.1999216128060359,0.1999216128060359,1.1849856593776993e-20,1.1842727915047602e-20,0.1999216128060359,112,4
0,learned,sgd,12000,17976.52238260868,11,64,0.1999216128060359,0.1999216128060359,1.1849856593776993e-20,1.1842727915047602e-20,0.1999216128060359,112,4
0,learned,sgd,12000,17976.52238260868,12,0,0.1999216128060359,0.1999216128060359,1.2055374145714757e-22,1.204812183100805e-22,0.1999216128060359,112,4
0,learned,sgd,12000,17976.52238260868,12,16,0.1999216128060359,0.1999216128060359,1.2055374145714757e-22,1.204812183100805e-22,0.1999216128060359,112,4
0,learned,sgd,12000,17976.52238260868,12,64,0.1999216128060359,0.1999216128060359,1.2055374145714757e-22,1.204812183100805e-22,0.1999216128060359,112,4
0,learned,sgd,12000,17976.52238260868,13,0,0.1999216128060359,0.1999216128060359,1.2264456083754512e-24,1.225707798879447e-24,0.1999216128060359,112,4
0,learned,sgd,12000,17976.52238260868,13,16,0.1999216128060359,0.1999216128060359,1.2264456083754512e-24,1.225707798879447e-24,0.1999216128060359,112,4
0,learned,sgd,12000,17976.52238260868,13,64,0.1999216128060359,0.1999216128060359,1.2264456083754512e-24,1.225707798879447e-24,0.1999216128060359,112,4
0,learned,sgd,12000,17976.52238260868,14,0,0.1999216128060359,0.1999216128060359,1.2477164226695588e-26,1.2469658170017009e-26,0.1999216128060359,112,4
0,learned,sgd,12000,17976.52238260868,14,16,0.1999216128060359,0.1999216128060359,1.2477164226695588e-26,1.2469658170017009e-26,0.1999216128060359,112,4
0,learned,sgd,12000,17976.52238260868,14,64,0.1999216128060359,0.1999216128060359,1.2477164226695588e-26,1.2469658170017009e-26,0.1999216128060359,112,4
0,learned,sgd,12000,17976.52238260868,15,0,0.1999216128060359,0.1999216128060359,1.2693561465489488e-28,1.2685925227793011e-28,0.1999216128060359,112,4
0,learned,sgd,12000,17976.52238260868,15,16,0.1999216128060359,0.1999216128060359,1.2693561465489488e-28,1.2685925227793011e-28,0.1999216128060359,112,4
0,learned,sgd,12000,17976.52238260868,15,64,0.1999216128060359,0.1999216128060359,1.2693561465489488e-28,1.2685925227793011e-28,0.1999216128060359,112,4
0,learned,sgd,12000,17976.52238260868,16,0,0.1999216128060359,0.1999216128060359,1.2913711781834062e-30,1.2905943105329996e-30,0.1999216128060359,112,4
0,learned,sgd,12000,17976.52238260868,16,16,0.1999216128060359,0.1999216128060359,1.2913711781834062e-30,1.2905943105329996e-30,0.1999216128060359,112,4
0,learned,sgd,12000,17976.52238260868,16,64,0.1999216128060359,0.1999216128060359,1.2913711781834062e-30,1.2905943105329996e-30,0.1999216128060359,112,4
0,learned,sgd,12000,17976.52238260868,17,0,0.1999216128060359,0.1999216128060359,1.313768026709194e-32,1.3129776854832695e-32,0.1999216128060359,112,4
0,learned,sgd,12000,17976.52238260868,17,16,0.1999216128060359,0.1999216128060359,1.313768026709194e-32,1.3129776854832695e-32,0.1999216128060359,112,4
0,learned,sgd,12000,17976.52238260868,17,64,0.1999216128060359,0.1999216128060359,1.313768026709194e-32,1.3129776854832695e-32,0.1999216128060359,112,4
0,learned,sgd,12000,17976.52238260868,18,0,0.1999216128060359,0.1999216128060359,1.3365533141535212e-34,1.3357492656736177e-34,0.1999216128060359,112,4
0,learned,sgd,12000,17976.52238260868,18,16,0.1999216128060359,0.1999216128060359,1.3365533141535212e-34,1.3357492656736177e-34,0.1999216128060359,112,4
0,learned,sgd,12000,17976.52238260868,18,64,0.1999216128060359,0.1999216128060359,1.3365533141535212e-34,1.3357492656736177e-34,0.1999216128060359,112,4
0,learned,sgd,12000,17976.52238260868,19,0,0.1999216128060359,0.1999216128060359,1.3597337773924836e-36,1.3589157839273457e-36,0.1999216128060359,112,4
0,learned,sgd,12000,17976.52238260868,19,16,0.1999216128060359,0.1999216128060359,1.3597337773924836e-36,1.3589157839273457e-36,0.1999216128060359,112,4
0,learned,sgd,12000,17976.52238260868,19,64,0.1999216128060359,0.1999216128060359,1.3597337773924836e-36,1.3589157839273457e-36,0.1999216128060359,112,4
0,learned,sgd,12000,17976.52238260868,20,0,0.1999216128060359,0.1999216128060359,1.3833162701429384e-38,1.3824840898382277e-38,0.1999216128060359,112,4
0,learned,sgd,12000,17976.52238260868,20,16,0.1999216128060359,0.1999216128060359,1.3833162701429384e-38,1.3824840898382277e-38,0.1999216128060359,112,4
0,learned,sgd,12000,17976.52238260868,20,64,0.1999216128060359,0.1999216128060359,1.3833162701429384e-38,1.3824840898382277e-38,0.1999216128060359,112,4
0,learned,sgd,12000,17976.52238260868,21,0,0.1999216128060359,0.1999216128060359,1.4073077649889297e-40,1.406461151795716e-40,0.1999216128060359,112,4
0,learned,sgd,12000,17976.52238260868,21,16,0.1999216128060359,0.1999216128060359,1.4073077649889297e-40,1.406461151795716e-40,0.1999216128060359,112,4
0,learned,sgd,12000,17976.52238260868,21,64,0.1999216128060359,0.1999216128060359,1.4073077649889297e-40,1.406461151795716e-40,0.1999216128060359,112,4
0,learned,sgd,12000,17976.52238260868,22,0,0.1999216128060359,0.1999216128060359,1.4317153554432768e-42,1.430854059045289e-42,0.1999216128060359,112,4
0,learned,sgd,12000,17976.52238260868,22,16,0.1999216128060359,0.1999216128060359,1.4317153554432768e-42,1.430854059045289e-42,0.1999216128060359,112,4
0,learned,sgd,12000,17976.52238260868,22,64,0.1999216128060359,0.1999216128060359,1.4317153554432768e-42,1.430854059045289e-42,0.1999216128060359,112,4
0,learned,sgd,12000,17976.52238260868,23,0,0.1999216128060359,0.1999216128060359,1.4565462580448157e-44,1.4556700237844326e-44,0.1999216128060359,112,4
0,learned,sgd,12000,17976.52238260868,23,16,0.1999216128060359,0.1999216128060359,1.4565462580448157e-44,1.4556700237844326e-44,0.1999216128060359,112,4
0,learned,sgd,12000,17976.52238260868,23,64,0.1999216128060359,0.1999216128060359,1.4565462580448157e-44,1.4556700237844326e-44,0.1999216128060359,112,4
0,learned,sgd,12000,17976.52238260868,24,0,0.1999216128060359,0.1999216128060359,1.4818078144922217e-46,1.4809163832951753e-46,0.1999216128060359,112,4
0,learned,sgd,12000,17976.52238260868,24,16,0.1999216128060359,0.1999216128060359,1.4818078144922217e-46,1.4809163832951753e-46,0.1999216128060359,112,4
0,learned,sgd,12000,17976.52238260868,24,64,0.1999216128060359,0.1999216128060359,1.4818078144922217e-46,1.4809163832951753e-46,0.1999216128060359,112,4
0,learned,adam,0,0.0,1,0,0.5,0.5,1.0,1.0,,112,4
0,learned,adam,0,0.0,1,16,0.5,0.5,0.6321205849979562,0.6321205849979562,,112,4
0,learned,adam,0,0.0,1,64,0.5,0.5,0.6321205588285578,0.6321205588285577,,112,4
0,learned,adam,0,0.0,2,0,0.5,0.5,0.2689414213690497,0.2689414213610862,,112,4
0,learned,adam,0,0.0,2,16,0.5,0.5,0.2325441614757657,0.23254416146981183,,112,4
0,learned,adam,0,0.0,2,64,0.5,0.5,0.23254415793412278,0.23254415792816893,,112,4
0,learned,adam,0,0.0,3,0,0.5,0.5,0.09003057316998572,0.09003057316666072,,112,4
0,learned,adam,0,0.0,3,16,0.5,0.5,0.08554821534770156,0.08554821534469942,,112,4
0,learned,adam,0,0.0,3,64,0.5,0.5,0.08554821486839234,0.08554821486539019,,112,4
0,learned,adam,0,0.0,4,0,0.5,0.5,0.03205860327993539,0.032058603278675366,,112,4
0,learned,adam,0,0.0,4,16,0.5,0.5,0.03147142954385305,0.03147142954263874,,112,4
0,learned,adam,0,0.0,4,64,0.5,0.5,0.0314714294789856,0.0314714294777713,,112,4
0,learned,adam,0,0.0,5,0,0.5,0.5,0.011656230955984061,0.0116562309555162,,112,4
0,learned,adam,0,0.0,5,16,0.5,0.5,0.01157769189837277,0.011577691897911182,,112,4
0,learned,adam,0,0.0,5,64,0.5,0.5,0.011577691889593913,0.011577691889132331,,112,4
0,learned,adam,0,0.0,6,0,0.5,0.5,0.004269778545261609,0.004269778545088934,,112,4
0,learned,adam,0,0.0,6,16,0.5,0.5,0.004259194823586798,0.0042591948234149786,,112,4
0,learned,adam,0,0.0,6,64,0.5,0.5,0.004259194822398709,0.004259194822226892,,112,4
0,learned,adam,0,0.0,7,0,0.5,0.5,0.0015683003158789223,0.0015683003158153256,,112,4
0,learned,adam,0,0.0,7,16,0.5,0.5,0.001566870211265096,0.0015668702112016156,,112,4
0,learned,adam,0,0.0,7,64,0.5,0.5,0.001566870211104306,0.001566870211040825,,112,4
0,learned,adam,0,0.0,8,0,0.5,0.5,0.0005766127696842267,0.0005766127696608212,,112,4
0,learned,adam,0,0.0,8,16,0.5,0.5,0.0005764193376709881,0.0005764193376475979,,112,4
0,learned,adam,0,0.0,8,64,0.5,0.5,0.0005764193376492274,0.0005764193376258372,,112,4
0,learned,adam,0,0.0,9,0,0.5,0.5,0.00021207899644221169,0.00021207899643359976,,112,4
0,learned,adam,0,0.0,9,16,0.5,0.5,0.00021205282381775504,0.0002120528238091451,,112,4
0,learned,adam,0,0.0,9,64,0.5,0.5,0.0002120528238148101,0.00021205282380620046,,112,4
0,learned,adam,0,0.0,10,0,0.5,0.5,7.80134161274313e-05,7.801341612426298e-05,,112,4
0,learned,adam,0,0.0,10,16,0.5,0.5,7.800987432421721e-05,7.800987432104913e-05,,112,4
0,learned,adam,0,0.0,10,64,0.5,0.5,7.800987432381864e-05,7.800987432065062e-05,,112,4
0,learned,adam,0,0.0,11,0,0.5,0.5,2.8698708289339755e-05,2.8698708288174173e-05,,112,4
0,learned,adam,0,0.0,11,16,0.5,0.5,2.869822897215476e-05,2.8698228970989198e-05,,112,4
0,learned,adam,0,0.0,11,64,0.5,0.5,2.8698228972100827e-05,2.869822897093526e-05,,112,4
0,learned,adam,0,0.0,12,0,0.5,0.5,1.0557553304715978e-05,1.0557553304287181e-05,,112,4
0,learned,adam,0,0.0,12,16,0.5,0.5,1.0557488436873857e-05,1.055748843644506e-05,,112,4
0,learned,adam,0,0.0,12,64,0.5,0.5,1.0557488436866557e-05,1.0557488436437765e-05,,112,4
0,learned,adam,0,0.0,13,0,0.5,0.5,3.883891725203109e-06,3.8838917250453626e-06,,112,4
0,learned,adam,0,0.0,13,16,0.5,0.5,3.883882946329418e-06,3.883882946171673e-06,,112,4
0,learned,adam,0,0.0,13,64,0.5,0.5,3.883882946328426e-06,3.88388294617068e-06,,112,4
0,learned,adam,0,0.0,14,0,0.5,0.5,1.4288018759603902e-06,1.4288018759023587e-06,,112,4
0,learned,adam,0,0.0,14,16,0.5,0.5,1.4288006878707313e-06,1.4288006878127e-06,,112,4
0,learned,adam,0,0.0,14,64,0.5,0.5,1.4288006878705968e-06,1.4288006878125653e-06,,112,4
0,learned,adam,0,0.0,15,0,0.5,0.5,5.256265593895918e-07,5.256265593682431e-07,,112,4
0,learned,adam,0,0.0,15,16,0.5,0.5,5.256263985992252e-07,5.256263985778766e-07,,112,4
0,learned,adam,0,0.0,15,64,0.5,0.5,5.256263985992075e-07,5.256263985778588e-07,,112,4
0,learned,adam,0,0.0,16,0,0.5,0.5,1.9336716754224223e-07,1.9336716753438852e-07,,112,4
0,learned,adam,0,0.0,16,16,0.5,0.5,1.9336714578163672e-07,1.93367145773783e-07,,112,4
0,learned,adam,0,0.0,16,64,0.5,0.5,1.9336714578163428e-07,1.933671457737806e-07,,112,4
0,learned,adam,0,0.0,17,0,0.5,0.5,7.113580047604236e-08,7.113580047315297e-08,,112,4
0,learned,adam,0,0.0,17,16,0.5,0.5,7.113579753106472e-08,7.113579752817534e-08,,112,4
0,learned,adam,0,0.0,17,64,0.5,0.5,7.113579753106447e-08,7.113579752817508e-08,,112,4
0,learned,adam,0,0.0,18,0,0.5,0.5,2.6169397841572313e-08,2.616939784050938e-08,,112,4
0,learned,adam,0,0.0,18,16,0.5,0.5,2.616939744301294e-08,2.6169397441950013e-08,,112,4
0,learned,adam,0,0.0,18,64,0.5,0.5,2.616939744301285e-08,2.616939744194992e-08,,112,4
0,learned,adam,0,0.0,19,0,0.5,0.5,9.627183361068068e-09,9.627183360677038e-09,,112,4
0,learned,adam,0,0.0,19,16,0.5,0.5,9.627183307128918e-09,9.62718330673789e-09,,112,4
0,learned,adam,0,0.0,19,64,0.5,0.5,9.627183307128918e-09,9.62718330673789e-09,,112,4
0,learned,adam,0,0.0,20,0,0.5,0.5,3.54164282238151e-09,3.5416428222376583e-09,,112,4
0,learned,adam,0,0.0,20,16,0.5,0.5,3.541642815081642e-09,3.5416428149377907e-09,,112,4
0,learned,adam,0,0.0,20,64,0.5,0.5,3.541642815081642e-09,3.5416428149377907e-09,,112,4
0,learned,adam,0,0.0,21,0,0.5,0.5,1.3028975806290122e-09,1.302897580576092e-09,,112,4
0,learned,adam,0,0.0,21,16,0.5,0.5,1.3028975796410827e-09,1.3028975795881626e-09,,112,4
0,learned,adam,0,0.0,21,64,0.5,0.5,1.3028975796410827e-09,1.3028975795881626e-09,,112,4
0,learned,adam,0,0.0,22,0,0.5,0.5,4.793092336356896e-10,4.793092336162214e-10,,112,4
0,learned,adam,0,0.0,22,16,0.5,0.5,4.793092335019871e-10,4.793092334825188e-10,,112,4
0,learned,adam,0,0.0,22,64,0.5,0.5,4.793092335019871e-10,4.793092334825188e-10,,112,4
0,learned,adam,0,0.0,23,0,0.5,0.5,1.7632801298711732e-10,1.7632801297995536e-10,,112,4
0,learned,adam,0,0.0,23,16,0.5,0.5,1.7632801296902313e-10,1.7632801296186117e-10,,112,4
0,learned,adam,0,0.0,23,64,0.5,0.5,1.7632801296902313e-10,1.7632801296186117e-10,,112,4
0,learned,adam,0,0.0,24,0,0.5,0.5,6.486745087636398e-11,6.486745087372924e-11,,112,4
0,learned,adam,0,0.0,24,16,0.5,0.5,6.486745087391515e-11,6.486745087128042e-11,,112,4
0,learned,adam,0,0.0,24,64,0.5,0.5,6.486745087391515e-11,6.486745087128042e-11,,112,4
0,learned,adam,3,0.0,1,0,0.5037494153484657,0.5037494153484656,1.0,1.0,0.4986173140056585,112,4
0,learned,adam,3,0.0,1,16,0.5009907946013206,0.5009907946013206,0.6321242426061761,0.632124242606176,0.4986173140056585,112,4
0,learned,adam,3,0.0,1,64,0.5009907944051099,0.5009907944051099,0.6321242164410489,0.6321242164410489,0.4986173140056585,112,4
0,learned,adam,3,0.0,2,0,0.4982687725575983,0.4982686998362905,0.26913708553554,0.26912738791474067,0.49752335254022273,112,4
0,learned,adam,3,0.0,2,16,0.4979954677060478,0.49799541334683534,0.23269093004096383,0.2326836810351539,0.49752335254022273,112,4
0,learned,adam,3,0.0,2,64,0.4979954676794606,0.49799541332024994,0.23269092649546885,0.23268367748987984,0.49752335254022273,112,4
0,learned,adam,3,0.0,3,0,0.4969262980545618,0.4969262676816159,0.09011168887577463,0.09010763844104128,0.4968146362684287,112,4
0,learned,adam,3,0.0,3,16,0.49689262768550535,0.49689260026403076,0.08562151891166019,0.08561786207222541,0.4968146362684287,112,4
0,learned,adam,3,0.0,3,64,0.49689262768190573,0.49689260026043125,0.08562151843161313,0.0856178615922193,0.4968146362684287,112,4
0,learned,adam,3,0.0,4,0,0.4964912070895301,0.49649119557835897,0.03208908413012851,0.03208754902116868,0.4964749810725642,112,4
0,learned,adam,3,0.0,4,16,0.4964867958760385,0.4964867847830495,0.03150081263810026,0.0314993332969609,0.4964749810725642,112,4
0,learned,adam,3,0.0,4,64,0.4964867958755513,0.49648678478256236,0.03150081257312299,0.03149933323198972,0.4964749810725642,112,4
0,learned,adam,3,0.0,5,0,0.4963380736729462,0.4963380693985671,0.011667444033395083,0.011666874007423745,0.49633568369325787,112,4
0,learned,adam,3,0.0,5,16,0.49633748362182356,0.49633747940490436,0.01158875553619615,0.011588193173000359,0.49633568369325787,112,4
0,learned,adam,3,0.0,5,64,0.49633748362175767,0.4963374794048385,0.011588755527402045,0.011588193164207106,0.49633568369325787,112,4
0,learned,adam,3,0.0,6,0,0.4962826325407551,0.49628263096321734,0.004273876372790972,0.004273665993948026,0.4962822502331253,112,4
0,learned,adam,3,0.0,6,16,0.4962825530271479,0.49628255145742844,0.004263272517962354,0.004263063181743121,0.4962822502331253,112,4
0,learned,adam,3,0.0,6,64,0.496282553027139,0.49628255145741956,0.004263272516772196,0.004263063180553081,0.4962822502331253,112,4
0,learned,adam,3,0.0,7,0,0.49626235583392375,0.4962623552529093,0.0015697942908893903,0.0015697168073427713,0.4962622831002964,112,4
0,learned,adam,3,0.0,7,16,0.49626234508994704,0.4962623445099927,0.0015683614840796695,0.0015682841419101007,0.4962622831002964,112,4
0,learned,adam,3,0.0,7,64,0.4962623450899458,0.49626234450999157,0.0015683614839186008,0.0015682841417490483,0.4962622831002964,112,4
0,learned,adam,3,0.0,8,0,0.49625491249159026,0.49625491227775825,0.0005771569196875374,0.000577128403238672,0.49625489495839753,112,4
0,learned,adam,3,0.0,8,16,0.4962549110384149,0.49625491082472645,0.0005769631255264216,0.000576934628224174,0.49625489495839753,112,4
0,learned,adam,3,0.0,8,64,0.4962549110384148,0.49625491082472634,0.0005769631255046238,0.0005769346282023784,0.49625489495839753,112,4
0,learned,adam,3,0.0,9,0,0.49625217642198244,0.4962521763433067,0.00021227710693696864,0.000212266614788956,0.4962521712219035,112,4
0,learned,adam,3,0.0,9,16,0.49625217622536205,0.4962521761467056,0.0002122508858075027,0.00021224039625133235,0.4962521712219035,112,4
0,learned,adam,3,0.0,9,64,0.49625217622536205,0.4962521761467056,0.00021225088580455274,0.0002122403962483828,0.4962521712219035,112,4
0,learned,adam,3,0.0,10,0,0.4962511701797273,0.49625117015078274,7.808552599577564e-05,7.808166596727427e-05,0.4962511684359884,112,4
0,learned,adam,3,0.0,10,16,0.4962511701531203,0.4962511701241783,7.808197769792434e-05,7.807811802021768e-05,0.4962511684359884,112,4
0,learned,adam,3,0.0,10,64,0.4962511701531203,0.4962511701241783,7.808197769752511e-05,7.807811801981856e-05,0.4962511684359884,112,4
0,learned,adam,3,0.0,11,0,0.49625080004700567,0.49625080003635735,2.8724951183667846e-05,2.872353114271595e-05,0.49625079942843475,112,4
0,learned,adam,3,0.0,11,16,0.496250800043405,0.4962508000327571,2.8724470997039833e-05,2.8723051003563554e-05,0.49625079942843475,112,4
0,learned,adam,3,0.0,11,64,0.496250800043405,0.4962508000327571,2.87244709969858e-05,2.8723051003509524e-05,0.49625079942843475,112,4
0,learned,adam,3,0.0,12,0,0.4962506638894771,0.4962506638855598,1.0567102566719207e-05,1.0566580163989688e-05,0.4962506636650202,112,4
0,learned,adam,3,0.0,12,16,0.49625066388898975,0.49625066388507244,1.0567037582501058e-05,1.056651518619662e-05,0.4962506636650202,112,4
0,learned,adam,3,0.0,12,64,0.49625066388898975,0.49625066388507244,1.0567037582493743e-05,1.056651518618932e-05,0.4962506636650202,112,4
0,learned,adam,3,0.0,13,0,0.4962506138011416,0.49625061379970054,3.887366066575373e-06,3.8871738867136254e-06,0.49625061371898893,112,4
0,learned,adam,3,0.0,13,16,0.4962506138010757,0.4962506137996347,3.887357272126682e-06,3.887165093134458e-06,0.49625061371898893,112,4
0,learned,adam,3,0.0,13,64,0.4962506138010757,0.4962506137996347,3.887357272125692e-06,3.8871650931334705e-06,0.49625061371898893,112,4
0,learned,adam,3,0.0,14,0,0.49625059537495375,0.4962505953744237,1.430065798256433e-06,1.4299950998650076e-06,0.49625059534478855,112,4
0,learned,adam,3,0.0,14,16,0.49625059537494476,0.4962505953744147,1.4300646080825883e-06,1.429993909808838e-06,0.49625059534478855,112,4
0,learned,adam,3,0.0,14,64,0.49625059537494476,0.4962505953744147,1.4300646080824542e-06,1.4299939098087033e-06,0.49625059534478855,112,4
0,learned,adam,3,0.0,15,0,0.4962505885964187,0.4962505885962236,5.260863000688347e-07,5.260602918326503e-07,0.4962505885853293,112,4
0,learned,adam,3,0.0,15,16,0.4962505885964174,0.49625058859622245,5.260861389996074e-07,5.260601307793493e-07,0.4962505885853293,112,4
0,learned,adam,3,0.0,15,64,0.4962505885964174,0.49625058859622245,5.260861389995892e-07,5.260601307793306e-07,0.4962505885853293,112,4
0,learned,adam,3,0.0,16,0,0.49625058610276157,0.4962505861026898,1.9353437250492414e-07,1.9352480470329994e-07,0.496250586098683,112,4
0,learned,adam,3,0.0,16,16,0.49625058610276135,0.4962505861026897,1.9353435070701233e-07,1.9352478290754348e-07,0.496250586098683,112,4
0,learned,adam,3,0.0,16,64,0.49625058610276135,0.4962505861026897,1.9353435070700987e-07,1.9352478290754107e-07,0.496250586098683,112,4
0,learned,adam,3,0.0,17,0,0.4962505851854057,0.4962505851853793,7.119660387582593e-08,7.119308411312248e-08,0.49625058518390547,112,4
0,learned,adam,3,0.0,17,16,0.4962505851854057,0.4962505851853793,7.119660092585823e-08,7.119308116344665e-08,0.49625058518390547,112,4
0,learned,adam,3,0.0,17,64,0.4962505851854057,0.4962505851853793,7.11966009258579e-08,7.119308116344615e-08,0.49625058518390547,112,4
0,learned,adam,3,0.0,18,0,0.4962505848479327,0.49625058484792295,2.6191505753447822e-08,2.6190210917960537e-08,0.4962505848473809,112,4
0,learned,adam,3,0.0,18,16,0.4962505848479327,0.49625058484792295,2.6191505354221054e-08,2.619021051877323e-08,0.4962505848473809,112,4
0,learned,adam,3,0.0,18,64,0.4962505848479327,0.49625058484792295,2.6191505354221004e-08,2.6190210518773136e-08,0.4962505848473809,112,4
0,learned,adam,3,0.0,19,0,0.4962505847237847,0.496250584723781,9.635220609056277e-09,9.634744270433431e-09,0.49625058472358163,112,4
0,learned,adam,3,0.0,19,16,0.4962505847237847,0.496250584723781,9.635220555027887e-09,9.634744216410366e-09,0.49625058472358163,112,4
0,learned,adam,3,0.0,19,64,0.4962505847237847,0.496250584723781,9.635220555027877e-09,9.634744216410366e-09,0.49625058472358163,112,4
0,learned,adam,3,0.0,20,0,0.4962505846781135,0.4962505846781122,3.544564318790553e-09,3.5443890853459807e-09,0.49625058467803884,112,4
0,learned,adam,3,0.0,20,16,0.4962505846781135,0.4962505846781122,3.5445643114787508e-09,3.544389078034899e-09,0.49625058467803884,112,4
0,learned,adam,3,0.0,20,64,0.4962505846781135,0.4962505846781122,3.5445643114787508e-09,3.544389078034899e-09,0.49625058467803884,112,4
0,learned,adam,3,0.0,21,0,0.4962505846613122,0.4962505846613117,1.303959374454543e-09,1.3038949103137522e-09,0.4962505846612848,112,4
0,learned,adam,3,0.0,21,16,0.4962505846613122,0.4962505846613117,1.3039593734650174e-09,1.3038949093243253e-09,0.4962505846612848,112,4
0,learned,adam,3,0.0,21,64,0.4962505846613122,0.4962505846613117,1.3039593734650172e-09,1.3038949093243253e-09,0.4962505846612848,112,4
0,learned,adam,3,0.0,22,0,0.4962505846551314,0.49625058465513133,4.796950763770315e-10,4.796713615807185e-10,0.4962505846551213,112,4
0,learned,adam,3,0.0,22,16,0.4962505846551314,0.49625058465513133,4.796950762431161e-10,4.79671361446816e-10,0.4962505846551213,112,4
0,learned,adam,3,0.0,22,64,0.4962505846551314,0.49625058465513133,4.79695076243116e-10,4.79671361446816e-10,0.4962505846551213,112,4
0,learned,adam,3,0.0,23,0,0.49625058465285765,0.4962505846528577,1.764682020605152e-10,1.764594779612385e-10,0.496250584652854,112,4
0,learned,adam,3,0.0,23,16,0.49625058465285765,0.4962505846528577,1.7646820204239246e-10,1.7645947794311766e-10,0.496250584652854,112,4
0,learned,adam,3,0.0,23,64,0.49625058465285765,0.4962505846528577,1.7646820204239243e-10,1.7645947794311766e-10,0.496250584652854,112,4
0,learned,adam,3,0.0,24,0,0.49625058465202126,0.49625058465202126,6.491837810204885e-11,6.491516871719144e-11,0.4962505846520199,112,4
0,learned,adam,3,0.0,24,16,0.49625058465202126,0.49625058465202126,6.491837809959609e-11,6.491516871473896e-11,0.4962505846520199,112,4
0,learned,adam,3,0.0,24,64,0.49625058465202126,0.49625058465202126,6.491837809959609e-11,6.491516871473896e-11,0.4962505846520199,112,4
0,learned,adam,1000,11.328690783793768,1,0,0.7199373965411252,0.7199373965411252,1.0,1.0,0.5482624706064231,112,4
0,learned,adam,1000,11.328690783793768,1,16,0.6124144437532172,0.6124144437532171,0.7422666433900614,0.7422666433900615,0.5482624706064231,112,4
0,learned,adam,1000,11.328690783793768,1,64,0.6124144437207123,0.6124144437207124,0.7422666433175411,0.742266643317541,0.5482624706064231,112,4
0,learned,adam,1000,11.328690783793768,2,0,0.5212917198111459,0.5124674032011464,0.5451343522901779,0.526415238093897,0.44860341749432947,112,4
0,learned,adam,1000,11.328690783793768,2,16,0.4803484090407461,0.4740894802137486,0.4583484288565896,0.4450644057832417,0.44860341749432947,112,4
0,learned,adam,1000,11.328690783793768,2,64,0.4803484090277092,0.4740894802014734,0.4583484288289298,0.44506440575716893,0.44860341749432947,112,4
0,learned,adam,1000,11.328690783793768,3,0,0.36086119336793965,0.3557561796390574,0.19726695771693412,0.18552086005288118,0.347051202679427,112,4
0,learned,adam,1000,11.328690783793768,3,16,0.3553653584020993,0.35091204612055854,0.1846078239387799,0.1742933305875643,0.347051202679427,112,4
0,learned,adam,1000,11.328690783793768,3,64,0.3553653584001563,0.3509120461188387,0.18460782393428937,0.17429333058356572,0.347051202679427,112,4
0,learned,adam,1000,11.328690783793768,4,0,0.30217371147224636,0.30060502721420174,0.056759534295005985,0.05281604911554183,0.29989961583983077,112,4
0,learned,adam,1000,11.328690783793768,4,16,0.30173632471272277,0.3002275552195549,0.05566075639876979,0.051864896703265474,0.29989961583983077,112,4
0,learned,adam,1000,11.328690783793768,4,64,0.30173632471256023,0.30022755521941447,0.055660756398361357,0.05186489670291139,0.29989961583983077,112,4
0,learned,adam,1000,11.328690783793768,5,0,0.2858404730119006,0.2854197210745633,0.01508142286293378,0.013989578407581098,0.2853704613566859,112,4
0,learned,adam,1000,11.328690783793768,5,16,0.28581013361908775,0.2853936769328849,0.015002716285749907,0.01392195213532889,0.2853704613566859,112,4
0,learned,adam,1000,11.328690783793768,5,64,0.28581013361907626,0.2853936769328751,0.015002716285720233,0.013921952135303383,0.2853704613566859,112,4
0,learned,adam,1000,11.328690783793768,6,0,0.28155683649798774,0.2814473251776661,0.00391823392805529,0.003631510965637882,0.28144401108105543,112,4
0,learned,adam,1000,11.328690783793768,6,16,0.2815547992506217,0.2814455786939509,0.0039129004629668675,0.003626937576810592,0.28144401108105543,112,4
0,learned,adam,1000,11.328690783793768,6,64,0.281554799250621,0.28144557869395026,0.003912900462964848,0.003626937576808859,0.28144401108105543,112,4
0,learned,adam,1000,11.328690783793768,7,0,0.28044805157353364,0.28041975630194477,0.0010119564007214335,0.0009376995559314768,0.2804195354078325,112,4
0,learned,adam,1000,11.328690783793768,7,16,0.280447915872208,0.2804196400082931,0.001011600280450346,0.0009373943473599661,0.2804195354078325,112,4
0,learned,adam,1000,11.328690783793768,7,64,0.280447915872208,0.28041964000829306,0.0010116002804502109,0.0009373943473598507,0.2804195354078325,112,4
0,learned,adam,1000,11.328690783793768,8,0,0.28016196845237734,0.28015467113944825,0.00026095456954224104,0.0002417921760970507,0.28015465644575127,112,4
0,learned,adam,1000,11.328690783793768,8,16,0.2801619594318147,0.28015466340966594,0.0002609308821196914,0.00024177187784162987,0.28015465644575127,112,4
0,learned,adam,1000,11.328690783793768,8,64,0.2801619594318147,0.28015466340966594,0.0002609308821196824,0.00024177187784162212,0.28015465644575127,112,4
0,learned,adam,1000,11.328690783793768,9,0,0.28008821460301964,0.28008633353150086,6.726597985099911e-05,6.232560079967886e-05,0.28008633255313536,112,4
0,learned,adam,1000,11.328690783793768,9,16,0.28008821400370587,0.2800863330179564,6.726440583703735e-05,6.232425204105545e-05,0.28008633255313536,112,4
0,learned,adam,1000,11.328690783793768,9,64,0.28008821400370587,0.2800863330179564,6.726440583703676e-05,6.232425204105489e-05,0.28008633255313536,112,4
0,learned,adam,1000,11.328690783793768,10,0,0.28006920440270905,0.2800687195672054,1.7337303502178962e-05,1.6063897308907592e-05,0.2800687195016701,112,4
0,learned,adam,1000,11.328690783793768,10,16,0.2800692043628969,0.28006871953309104,1.7337198936688436e-05,1.606380770847602e-05,0.2800687195016701,112,4
0,learned,adam,1000,11.328690783793768,10,64,0.2800692043628969,0.28006871953309104,1.733719893668839e-05,1.606380770847599e-05,0.2800687195016701,112,4
0,learned,adam,1000,11.328690783793768,11,0,0.28006430474877503,0.28006417978912307,4.468442396128349e-06,4.140236120620011e-06,0.28006417978463,112,4
0,learned,adam,1000,11.328690783793768,11,16,0.2800643047461304,0.280064179786857,4.468435450051688e-06,4.140230168656214e-06,0.28006417978463,112,4
0,learned,adam,1000,11.328690783793768,11,64,0.2800643047461304,0.280064179786857,4.468435450051686e-06,4.1402301686562065e-06,0.28006417978463,112,4
0,learned,adam,1000,11.328690783793768,12,0,0.2800630419384625,0.2800630097321009,1.1516693793338128e-06,1.0670792077482517e-06,0.2800630097317664,112,4
0,learned,adam,1000,11.328690783793768,12,16,0.28006304193828674,0.28006300973195036,1.1516689179276492e-06,1.0670788123781368e-06,0.2800630097317664,112,4
0,learned,adam,1000,11.328690783793768,12,64,0.28006304193828674,0.28006300973195036,1.1516689179276492e-06,1.0670788123781368e-06,0.2800630097317664,112,4
0,learned,adam,1000,11.328690783793768,13,0,0.2800627164697193,0.28006270816905965,2.9682379570016546e-07,2.750220558460117e-07,0.2800627081690281,112,4
0,learned,adam,1000,11.328690783793768,13,16,0.28006271646970765,0.2800627081690496,2.9682376505053e-07,2.750220295829296e-07,0.2800627081690281,112,4
0,learned,adam,1000,11.328690783793768,13,64,0.28006271646970765,0.2800627081690496,2.9682376505053e-07,2.750220295829296e-07,0.2800627081690281,112,4
0,learned,adam,1000,11.328690783793768,14,0,0.2800626325855409,0.2800626304461837,7.650140521735898e-08,7.088236756473332e-08,0.2800626304461792,112,4
0,learned,adam,1000,11.328690783793768,14,16,0.28006263258554015,0.280062630446183,7.650140318141074e-08,7.088236582016861e-08,0.2800626304461792,112,4
0,learned,adam,1000,11.328690783793768,14,64,0.28006263258554015,0.280062630446183,7.650140318141074e-08,7.088236582016861e-08,0.2800626304461792,112,4
0,learned,adam,1000,11.328690783793768,15,0,0.2800626109657883,0.28006261041440456,1.9716964755266005e-08,1.8268751182990926e-08,0.28006261041440367,112,4
0,learned,adam,1000,11.328690783793768,15,16,0.2800626109657883,0.2800626104144045,1.9716964620025112e-08,1.8268751067105606e-08,0.28006261041440367,112,4
0,learned,adam,1000,11.328690783793768,15,64,0.2800626109657883,0.2800626104144045,1.971696462002511e-08,1.8268751067105606e-08,0.28006261041440367,112,4
0,learned,adam,1000,11.328690783793768,16,0,0.28006260539365674,0.2800626052515468,5.081719562950941e-09,4.708466608692314e-09,0.2800626052515466,112,4
0,learned,adam,1000,11.328690783793768,16,16,0.28006260539365674,0.2800626052515468,5.08171955396736e-09,4.7084666009944495e-09,0.2800626052515466,112,4
0,learned,adam,1000,11.328690783793768,16,64,0.28006260539365674,0.2800626052515468,5.08171955396736e-09,4.7084666009944495e-09,0.2800626052515466,112,4
0,learned,adam,1000,11.328690783793768,17,0,0.2800626039575326,0.28006260392090615,1.309728644197969e-09,1.2135289068018924e-09,0.2800626039209061,112,4
0,learned,adam,1000,11.328690783793768,17,16,0.2800626039575326,0.28006260392090615,1.3097286436012236e-09,1.2135289062905525e-09,0.2800626039209061,112,4
0,learned,adam,1000,11.328690783793768,17,64,0.2800626039575326,0.28006260392090615,1.3097286436012236e-09,1.2135289062905525e-09,0.2800626039209061,112,4
0,learned,adam,1000,11.328690783793768,18,0,0.28006260358739554,0.28006260357795565,3.375607600461102e-10,3.127668787749694e-10,0.28006260357795565,112,4
0,learned,adam,1000,11.328690783793768,18,16,0.28006260358739554,0.28006260357795565,3.375607600064705e-10,3.127668787410031e-10,0.28006260357795565,112,4
0,learned,adam,1000,11.328690783793768,18,64,0.28006260358739554,0.28006260357795565,3.375607600064705e-10,3.127668787410031e-10,0.28006260357795565,112,4
0,learned,adam,1000,11.328690783793768,19,0,0.2800626034919988,0.28006260348956585,8.700066778649692e-11,8.061045753863714e-11,0.28006260348956585,112,4
0,learned,adam,1000,11.328690783793768,19,16,0.2800626034919988,0.28006260348956585,8.700066778386389e-11,8.0610457536381e-11,0.28006260348956585,112,4
0,learned,adam,1000,11.328690783793768,19,64,0.2800626034919988,0.28006260348956585,8.700066778386389e-11,8.0610457536381e-11,0.28006260348956585,112,4
0,learned,adam,1000,11.328690783793768,20,0,0.28006260346741196,0.28006260346678485,2.2422974143260987e-11,2.077600380599659e-11,0.28006260346678485,112,4
0,learned,adam,1000,11.328690783793768,20,16,0.28006260346741196,0.28006260346678485,2.2422974143086074e-11,2.0776003805846676e-11,0.28006260346678485,112,4
0,learned,adam,1000,11.328690783793768,20,64,0.28006260346741196,0.28006260346678485,2.2422974143086074e-11,2.0776003805846676e-11,0.28006260346678485,112,4
0,learned,adam,1000,11.328690783793768,21,0,0.28006260346107503,0.28006260346091344,5.779148392815169e-12,5.354669199423825e-12,0.28006260346091344,112,4
0,learned,adam,1000,11.328690783793768,21,16,0.28006260346107503,0.28006260346091344,5.779148392803552e-12,5.3546691994138765e-12,0.28006260346091344,112,4
0,learned,adam,1000,11.328690783793768,21,64,0.28006260346107503,0.28006260346091344,5.779148392803552e-12,5.3546691994138765e-12,0.28006260346091344,112,4
0,learned,adam,1000,11.328690783793768,22,0,0.28006260345944184,0.2800626034594002,1.4894793140508466e-12,1.3800768666954523e-12,0.2800626034594002,112,4
0,learned,adam,1000,11.328690783793768,22,16,0.28006260345944184,0.2800626034594002,1.489479314050072e-12,1.3800768666947903e-12,0.2800626034594002,112,4
0,learned,adam,1000,11.328690783793768,22,64,0.28006260345944184,0.2800626034594002,1.489479314050072e-12,1.3800768666947903e-12,0.2800626034594002,112,4
0,learned,adam,1000,11.328690783793768,23,0,0.2800626034590209,0.2800626034590102,3.8388850331971237e-13,3.556918433334789e-13,0.2800626034590102,112,4
0,learned,adam,1000,11.328690783793768,23,16,0.2800626034590209,0.2800626034590102,3.83888503319661e-13,3.5569184333343467e-13,0.2800626034590102,112,4
0,learned,adam,1000,11.328690783793768,23,64,0.2800626034590209,0.2800626034590102,3.83888503319661e-13,3.5569184333343467e-13,0.2800626034590102,112,4
0,learned,adam,1000,11.328690783793768,24,0,0.28006260345891243,0.28006260345890965,9.894087255241494e-14,9.167365272692558e-14,0.28006260345890965,112,4
0,learned,adam,1000,11.328690783793768,24,16,0.28006260345891243,0.28006260345890965,9.894087255241146e-14,9.167365272692264e-14,0.28006260345890965,112,4
0,learned,adam,1000,11.328690783793768,24,64,0.28006260345891243,0.28006260345890965,9.894087255241146e-14,9.167365272692264e-14,0.28006260345890965,112,4
0,learned,adam,2000,18.94890040505393,1,0,0.8470080866005237,0.8470080866005237,1.0,1.0,0.5776692960421307,112,4
0,learned,adam,2000,18.94890040505393,1,16,0.5845068471607355,0.5845068471607355,0.5997187341856441,0.5997187341856441,0.5776692960421307,112,4
0,learned,adam,2000,18.94890040505393,1,64,0.5845067604894859,0.5845067604894859,0.5997186299157252,0.5997186299157252,0.5776692960421307,112,4
0,learned,adam,2000,18.94890040505393,2,0,0.8345230690511516,0.8315518291135426,0.9727535954398571,0.9664997454217926,0.5677159831012601,112,4
0,learned,adam,2000,18.94890040505393,2,16,0.5762469704169468,0.5743210326093989,0.5898095865166665,0.5875061823482083,0.5677159831012601,112,4
0,learned,adam,2000,18.94890040505393,2,64,0.576246886128048,0.5743209488780386,0.5898094856635662,0.5875060822817134,0.5677159831012601,112,4
0,learned,adam,2000,18.94890040505393,3,0,0.8031015328045884,0.7926863467876498,0.9108362445112693,0.8918585303963299,0.5443144689373415,112,4
0,learned,adam,2000,18.94890040505393,3,16,0.5566098413491035,0.5503678623288374,0.5664468662148462,0.559064496195082,0.5443144689373415,112,4
0,learned,adam,2000,18.94890040505393,3,64,0.5566097627759534,0.5503677855819823,0.5664467731892554,0.5590644055826817,0.5443144689373415,112,4
0,learned,adam,2000,18.94890040505393,4,0,0.7267582308492923,0.700043708896879,0.7861497125356235,0.7476168815733046,0.49405862665000194,112,4
0,learned,adam,2000,18.94890040505393,4,16,0.5132762133134722,0.4989263178732557,0.5155231290688028,0.49874520191440164,0.49405862665000194,112,4
0,learned,adam,2000,18.94890040505393,4,64,0.5132761474306171,0.49892625616804803,0.5155230519978578,0.49874512980012053,0.49405862665000194,112,4
0,learned,adam,2000,18.94890040505393,5,0,0.5731963061057499,0.5277579890457302,0.5864007928457206,0.5324737334795199,0.40640813443141405,112,4
0,learned,adam,2000,18.94890040505393,5,16,0.4330444142651802,0.40933298399624973,0.42122258548943575,0.3928539495138892,0.40640813443141405,112,4
0,learned,adam,2000,18.94890040505393,5,64,0.4330443709894372,0.40933294697014144,0.42122253398070825,0.39285390477078846,0.40640813443141405,112,4
0,learned,adam,2000,18.94890040505393,6,0,0.3821203929459765,0.34274494852559795,0.35926358004745423,0.30977152139365827,0.30197180527522005,112,4
0,learned,adam,2000,18.94890040505393,6,16,0.32743341596216285,0.3030662421563439,0.2894834590052687,0.25669762340177094,0.30197180527522005,112,4
0,learned,adam,2000,18.94890040505393,6,64,0.3274333975373222,0.30306622834617036,0.2894834346081233,0.2566976042985084,0.30197180527522005,112,4
0,learned,adam,2000,18.94890040505393,7,0,0.2526328497421069,0.2327519514567093,0.1827985746898077,0.1514873775525679,0.224098255614421,112,4
0,learned,adam,2000,18.94890040505393,7,16,0.23983229657533436,0.22435813470295052,0.16274992866996854,0.13757697051604298,0.224098255614421,112,4
0,learned,adam,2000,18.94890040505393,7,64,0.2398322917207548,0.22435813143465788,0.16274992092519142,0.13757696502878541,0.224098255614421,112,4
0,learned,adam,2000,18.94890040505393,8,0,0.193110392280337,0.18488860919807906,0.08211839552371093,0.06654314748816277,0.18338536529825003,112,4
0,learned,adam,2000,18.94890040505393,8,16,0.19080678764516681,0.18343343684567215,0.07779818086943327,0.06371337450723707,0.18338536529825003,112,4
0,learned,adam,2000,18.94890040505393,8,64,0.19080678670255166,0.1834334362423383,0.07779817909290994,0.06371337333037631,0.18338536529825003,112,4
0,learned,adam,2000,18.94890040505393,9,0,0.16897005048385585,0.16569347055792225,0.034566464640049914,0.02771647937878918,0.16544732404899892,112,4
0,learned,adam,2000,18.94890040505393,9,16,0.16858931167491337,0.16545541605127756,0.03377542765337827,0.027213056400341162,0.16544732404899892,112,4
0,learned,adam,2000,18.94890040505393,9,64,0.1685893115135382,0.16545541594981364,0.03377542731776943,0.027213056185647854,0.16544732404899892,112,4
0,learned,adam,2000,18.94890040505393,10,0,0.15936565367729047,0.15806104344188276,0.014128449498548853,0.011277509368349075,0.15802135183797827,112,4
0,learned,adam,2000,18.94890040505393,10,16,0.15930411527372285,0.15802267161805408,0.013994363776957888,0.011193255998173016,0.15802135183797827,112,4
0,learned,adam,2000,18.94890040505393,10,64,0.15930411524725566,0.1580226716015132,0.013994363719278738,0.011193255961850432,0.15802135183797827,112,4
0,learned,adam,2000,18.94890040505393,11,0,0.15553905442813384,0.15501827739003188,0.005703583372984123,0.004544199814358796,0.15501190415609506,112,4
0,learned,adam,2000,18.94890040505393,11,16,0.15552916688996785,0.15501211707433868,0.005681598635976037,0.0045304588485688465,0.15501190415609506,112,4
0,learned,adam,2000,18.94890040505393,11,64,0.15552916688569005,0.15501211707167106,0.005681598626464258,0.004530458842618417,0.15501190415609506,112,4
0,learned,adam,2000,18.94890040505393,12,0,0.15401078100128865,0.1538025746683532,0.0022908597952484336,0.0018238138732481325,0.1538015526995319,112,4
0,learned,adam,2000,18.94890040505393,12,16,0.15400919519042175,0.15380158691836746,0.00228730434632896,0.0018215964411342552,0.1538015526995319,112,4
0,learned,adam,2000,18.94890040505393,12,64,0.15400919518973402,0.15380158691793894,0.002287304344787066,0.0018215964401722712,0.1538015526995319,112,4
0,learned,adam,2000,18.94890040505393,13,0,0.1533996314397392,0.15331633191879915,0.0009182478477069206,0.0007308195754690156,0.15331616811818927,112,4
0,learned,adam,2000,18.94890040505393,13,16,0.1533993772566649,0.1533161736125146,0.0009176760410310854,0.0007304632669534778,0.15331616811818927,112,4
0,learned,adam,2000,18.94890040505393,13,64,0.15339937725655453,0.15331617361244584,0.0009176760407828747,0.0007304632667987883,0.15331616811818927,112,4
0,learned,adam,2000,18.94890040505393,14,0,0.15315509663055377,0.1531217601374645,0.0003677596813927386,0.00029265876177449413,0.15312173388697653,112,4
0,learned,adam,2000,18.94890040505393,14,16,0.15315505589798253,0.1531217347700458,0.00036766792612710465,0.00029260160655644475,0.15312173388697653,112,4
0,learned,adam,2000,18.94890040505393,14,64,0.15315505589796485,0.15312173477003474,0.0003676679260872603,0.00029260160653162394,0.15312173388697653,112,4
0,learned,adam,2000,18.94890040505393,15,0,0.15305722959891035,0.15304388670952496,0.00014723976803262772,0.00011716593851982267,0.15304388250238465,112,4
0,learned,adam,2000,18.94890040505393,15,16,0.15305722307214273,0.1530438826448496,0.0001472250576998797,0.0001171567766010171,0.15304388250238465,112,4
0,learned,adam,2000,18.94890040505393,15,64,0.1530572230721399,0.15304388264484786,0.00014722505769349084,0.00011715677659703782,0.15304388250238465,112,4
0,learned,adam,2000,18.94890040505393,16,0,0.1530180577746365,0.15301271703924174,5.894253203417547e-05,4.690256183659041e-05,0.15301271636475816,112,4
0,learned,adam,2000,18.94890040505393,16,16,0.15301805672885946,0.15301271638796715,5.8940174501897485e-05,4.690109359614674e-05,0.15301271636475816,112,4
0,learned,adam,2000,18.94890040505393,16,64,0.15301805672885901,0.15301271638796685,5.89401745008735e-05,4.6901093595509093e-05,0.15301271636475816,112,4
0,learned,adam,2000,18.94890040505393,17,0,0.15300237842840972,0.1530002406595353,2.3594430106333112e-05,1.8774737597122367e-05,0.1530002405513127,112,4
0,learned,adam,2000,18.94890040505393,17,16,0.15300237826084834,0.15300024055518396,2.359405233395991e-05,1.877450233069455e-05,0.1530002405513127,112,4
0,learned,adam,2000,18.94890040505393,17,64,0.15300237826084828,0.15300024055518396,2.3594052333795817e-05,1.877450233059237e-05,0.1530002405513127,112,4
0,learned,adam,2000,18.94890040505393,18,0,0.1529961023431953,0.1529952466386302,9.444544223912138e-06,7.5152603492473835e-06,0.15299524662122913,112,4
0,learned,adam,2000,18.94890040505393,18,16,0.1529961023163476,0.15299524662191044,9.444483692935832e-06,7.515222652530221e-06,0.15299524662122913,112,4
0,learned,adam,2000,18.94890040505393,18,64,0.1529961023163476,0.15299524662191044,9.44448369290954e-06,7.515222652513854e-06,0.15299524662122913,112,4
0,learned,adam,2000,18.94890040505393,19,0,0.15299359015362027,0.1529932476317439,3.7804964785758128e-06,3.0082319536976985e-06,0.15299324762893135,112,4
0,learned,adam,2000,18.94890040505393,19,16,0.15299359014931854,0.15299324762906497,3.7804867798399844e-06,3.0082259136632286e-06,0.15299324762893135,112,4
0,learned,adam,2000,18.94890040505393,19,64,0.15299359014931854,0.15299324762906497,3.780486779835772e-06,3.00822591366061e-06,0.15299324762893135,112,4
0,learned,adam,2000,18.94890040505393,20,0,0.1529925845726039,0.15299244746759322,1.5132657351733164e-06,1.2041413300825887e-06,0.1529924474671328,112,4
0,learned,adam,2000,18.94890040505393,20,16,0.15299258457191467,0.152992447467164,1.513264181182076e-06,1.204140362312431e-06,0.1529924474671328,112,4
0,learned,adam,2000,18.94890040505393,20,64,0.15299258457191467,0.152992447467164,1.513264181181401e-06,1.2041403623120098e-06,0.1529924474671328,112,4
0,learned,adam,2000,18.94890040505393,21,0,0.15299218205752435,0.15299212717696128,6.057326305706226e-07,4.819956813992781e-07,0.1529921271768836,112,4
0,learned,adam,2000,18.94890040505393,21,16,0.15299218205741388,0.1529921271768925,6.057323815814885e-07,4.819955263378413e-07,0.1529921271768836,112,4
0,learned,adam,2000,18.94890040505393,21,64,0.15299218205741388,0.1529921271768925,6.057323815813802e-07,4.819955263377736e-07,0.1529921271768836,112,4
0,learned,adam,2000,18.94890040505393,22,0,0.15299202093827965,0.15299199897061563,2.4246357520026645e-07,1.9293394620481901e-07,0.15299199897060162,112,4
0,learned,adam,2000,18.94890040505393,22,16,0.15299202093826197,0.1529919989706046,2.424635353058992e-07,1.9293392136005404e-07,0.15299199897060162,112,4
0,learned,adam,2000,18.94890040505393,22,64,0.15299202093826197,0.1529919989706046,2.4246353530588194e-07,1.9293392136004343e-07,0.15299199897060162,112,4
0,learned,adam,2000,18.94890040505393,23,0,0.1529919564452545,0.1529919476520083,9.705366616541404e-08,7.722787305163943e-08,0.15299194765200544,112,4
0,learned,adam,2000,18.94890040505393,23,16,0.15299195644525163,0.15299194765200655,9.705365977332955e-08,7.722786907088129e-08,0.15299194765200544,112,4
0,learned,adam,2000,18.94890040505393,23,64,0.15299195644525163,0.15299194765200655,9.705365977332674e-08,7.722786907087965e-08,0.15299194765200544,112,4
0,learned,adam,2000,18.94890040505393,24,0,0.15299193062989916,0.15299192711012657,3.8848776721761804e-08,3.0912880232411847e-08,0.15299192711012588,112,4
0,learned,adam,2000,18.94890040505393,24,16,0.15299193062989866,0.1529919271101263,3.884877569758878e-08,3.091287959459412e-08,0.15299192711012588,112,4
0,learned,adam,2000,18.94890040505393,24,64,0.15299193062989866,0.1529919271101263,3.8848775697588334e-08,3.091287959459379e-08,0.15299192711012588,112,4
0,learned,adam,3000,24.84174707475492,1,0,0.9036750702915375,0.9036750702915374,1.0,1.0,0.6227203031849354,112,4
0,learned,adam,3000,24.84174707475492,1,16,0.6260999809881423,0.6260999809881425,0.6151364200259285,0.6151364200259285,0.6227203031849354,112,4
0,learned,adam,3000,24.84174707475492,1,64,0.6260999234942487,0.6260999234942486,0.615136365174448,0.6151363651744481,0.6227203031849354,112,4
0,learned,adam,3000,24.84174707475492,2,0,0.8995274776202289,0.898290875151268,0.9895615231257503,0.9865179255651697,0.6173671965859852,112,4
0,learned,adam,3000,24.84174707475492,2,16,0.6219333643225452,0.620709439187848,0.6111702889956847,0.6100082912989235,0.6173671965859852,112,4
0,learned,adam,3000,24.84174707475492,2,64,0.6219333073172123,0.6207093823272368,0.6111702348491902,0.6100082373581774,0.6173671965859852,112,4
0,learned,adam,3000,24.84174707475492,3,0,0.8884375544489619,0.8837959781017058,0.9634515857088338,0.9531290681119008,0.6037398857657705,112,4
0,learned,adam,3000,24.84174707475492,3,16,0.6112780497446517,0.6069839358644795,0.6011052057696986,0.5970749875163868,0.6037398857657705,112,4
0,learned,adam,3000,24.84174707475492,3,64,0.6112779940198252,0.6069838806662793,0.601105153391381,0.5970749358386804,0.6037398857657705,112,4
0,learned,adam,3000,24.84174707475492,4,0,0.8578500323165864,0.8434225732099562,0.9017481859323484,0.8760855319306035,0.570248411381217,112,4
0,learned,adam,3000,24.84174707475492,4,16,0.5847578534121417,0.5732359691229507,0.5764684938322672,0.5658999816969923,0.570248411381217,112,4
0,learned,adam,3000,24.84174707475492,4,64,0.5847578010460356,0.5732359182742032,0.5764684456557472,0.5658999352748868,0.570248411381217,112,4
0,learned,adam,3000,24.84174707475492,5,0,0.7722210103869989,0.731657754673072,0.7735304380953357,0.7240207541492117,0.49572838610071956,112,4
0,learned,adam,3000,24.84174707475492,5,16,0.5236119185917245,0.4980947617466213,0.521125345140469,0.49829793082065066,0.49572838610071956,112,4
0,learned,adam,3000,24.84174707475492,5,64,0.5236118746377079,0.49809472145715383,0.5211253057527573,0.49829789482718645,0.49572838610071956,112,4
0,learned,adam,3000,24.84174707475492,6,0,0.5725628302364287,0.49885935837555745,0.5657709138649524,0.49898099624986686,0.3678092739921639,112,4
0,learned,adam,3000,24.84174707475492,6,16,0.40887203519372467,0.36909332099099734,0.4175042491478642,0.3802657305276887,0.3678092739921639,112,4
0,learned,adam,3000,24.84174707475492,6,64,0.4088720077962659,0.36909329913576905,0.4175042238197753,0.380265709566309,0.3678092739921639,112,4
0,learned,adam,3000,24.84174707475492,7,0,0.32323497387061784,0.2683997913534451,0.3340461528147104,0.276044702632652,0.23381353476646685,112,4
0,learned,adam,3000,24.84174707475492,7,16,0.2687525573577776,0.2341930110507754,0.27588115233938987,0.23539063763490403,0.23381353476646685,112,4
0,learned,adam,3000,24.84174707475492,7,64,0.2687525475207278,0.2341930046009004,0.2758811412268431,0.2353906296029009,0.23381353476646685,112,4
0,learned,adam,3000,24.84174707475492,8,0,0.18094496168536983,0.15885639998295167,0.16211252455389333,0.12774602335215718,0.15321182721794316,112,4
0,learned,adam,3000,24.84174707475492,8,16,0.17098600020798324,0.15328127357836854,0.14697181849937951,0.11829156724335772,0.15321182721794316,112,4
0,learned,adam,3000,24.84174707475492,8,64,0.17098599816901183,0.15328127239963532,0.14697181532381146,0.1182915652149602,0.15321182721794316,112,4
0,learned,adam,3000,24.84174707475492,9,0,0.12705997419110499,0.11920203975431692,0.06940210591277142,0.053318833032283804,0.11838460800340092,112,4
0,learned,adam,3000,24.84174707475492,9,16,0.12559035791919024,0.11839524204349014,0.06645639942326918,0.05159757760344376,0.11838460800340092,112,4
0,learned,adam,3000,24.84174707475492,9,64,0.12559035759526269,0.11839524186312755,0.06645639877033808,0.05159757721751769,0.11838460800340092,112,4
0,learned,adam,3000,24.84174707475492,10,0,0.10778434214098127,0.10491441857645593,0.02792192759979615,0.02121019104537312,0.10479610498579975,112,4
0,learned,adam,3000,24.84174707475492,10,16,0.10757234014831178,0.10479767856291325,0.02743144971070367,0.02093241215914308,0.10479610498579975,112,4
0,learned,adam,3000,24.84174707475492,10,64,0.10757234010012422,0.10479767853623292,0.027431449599108138,0.020932412095626952,0.10479610498579975,112,4
0,learned,adam,3000,24.84174707475492,11,0,0.1006750022943772,0.09959668982383095,0.01093736700216487,0.008270008756157044,0.09957936558700761,112,4
0,learned,adam,3000,24.84174707475492,11,16,0.10064407127666185,0.09957959797628688,0.010861208381397437,0.008227438526810868,0.09957936558700761,112,4
0,learned,adam,3000,24.84174707475492,11,64,0.10064407126954769,0.09957959797234754,0.010861208363878131,0.00822743851699848,0.09957936558700761,112,4
0,learned,adam,3000,24.84174707475492,12,0,0.09798988438641246,0.09757895098977883,0.004238441723857202,0.0031989601793163186,0.09757639731853567,112,4
0,learned,adam,3000,24.84174707475492,12,16,0.09798533316938547,0.09757643169356829,0.004226950518420743,0.0031925704171492206,0.09757639731853567,112,4
0,learned,adam,3000,24.84174707475492,12,64,0.09798533316833394,0.09757643169298576,0.004226950515765736,0.0031925704156717228,0.09757639731853567,112,4
0,learned,adam,3000,24.84174707475492,13,0,0.09696432574885432,0.09680678574014157,0.001635566843240728,0.0012335701020871684,0.0968064082157093,112,4
0,learned,adam,3000,24.84174707475492,13,16,0.09696365342643502,0.09680641330737048,0.0016338525167143099,0.001232618779103331,0.0968064082157093,112,4
0,learned,adam,3000,24.84174707475492,13,64,0.09696365342627941,0.09680641330728425,0.0016338525163175424,0.001232618778883088,0.0968064082157093,112,4
0,learned,adam,3000,24.84174707475492,14,0,0.09657080394365332,0.09651026396089757,0.000630116185482099,0.0004751137135372896,0.09651020808264245,112,4
0,learned,adam,3000,24.84174707475492,14,16,0.09657070446379239,0.09651020883797666,0.0006298615556736808,0.00047497252435328463,0.09651020808264245,112,4
0,learned,adam,3000,24.84174707475492,14,64,0.09657070446376936,0.09651020883796388,0.0006298615556147097,0.00047497252432058184,0.09651020808264245,112,4
0,learned,adam,3000,24.84174707475492,15,0,0.09641952718451774,0.09639624112421061,0.00024260462853663086,0.00018290699001966031,0.09639623284940388,112,4
0,learned,adam,3000,24.84174707475492,15,16,0.09641951245555654,0.09639623296179745,0.00024256687252700184,0.00018288606112539573,0.09639623284940388,112,4
0,learned,adam,3000,24.84174707475492,15,64,0.09641951245555311,0.09639623296179554,0.00024256687251825542,0.00018288606112054693,0.09639623284940388,112,4
0,learned,adam,3000,24.84174707475492,16,0,0.09636133230487316,0.09635237236008627,9.338390044940808e-05,7.040210241850111e-05,0.09635237113435696,112,4
0,learned,adam,3000,24.84174707475492,16,16,0.09636133012356189,0.09635237115120628,9.337830573213672e-05,7.039900152034566e-05,0.09635237113435696,112,4
0,learned,adam,3000,24.84174707475492,16,64,0.09636133012356139,0.09635237115120596,9.337830573084059e-05,7.039900151962714e-05,0.09635237113435696,112,4
0,learned,adam,3000,24.84174707475492,17,0,0.0963389390725629,0.09633549101392305,3.5942171310770605e-05,2.709637246229038e-05,0.09633549083229799,112,4
0,learned,adam,3000,24.84174707475492,17,16,0.0963389387494866,0.09633549083487154,3.5941342490180036e-05,2.7095913105311567e-05,0.09633549083229799,112,4
0,learned,adam,3000,24.84174707475492,17,64,0.09633893874948651,0.09633549083487149,3.594134248998801e-05,2.7095913105205146e-05,0.09633549083229799,112,4
0,learned,adam,3000,24.84174707475492,18,0,0.09633032130378319,0.09632899431558926,1.3833146357184777e-05,1.042858073337233e-05,0.09632899428865746,112,4
0,learned,adam,3000,24.84174707475492,18,16,0.09633032125593023,0.09632899428906858,1.3833023584797053e-05,1.0428512690450231e-05,0.09632899428865746,112,4
0,learned,adam,3000,24.84174707475492,18,64,0.09633032125593023,0.09632899428906858,1.3833023584768607e-05,1.0428512690434466e-05,0.09632899428865746,112,4
0,learned,adam,3000,24.84174707475492,19,0,0.09632700472270136,0.09632649401974705,5.3239211531079255e-06,4.013607014253386e-06,0.09632649401574639,112,4
0,learned,adam,3000,24.84174707475492,19,16,0.09632700471561344,0.09632649401581883,5.323902967633998e-06,4.013596935565924e-06,0.09632649401574639,112,4
0,learned,adam,3000,24.84174707475492,19,64,0.09632700471561344,0.09632649401581883,5.3239029676297845e-06,4.013596935563586e-06,0.09632649401574639,112,4
0,learned,adam,3000,24.84174707475492,20,0,0.09632572830380247,0.09632553175377666,2.0489904845558632e-06,1.544695165380019e-06,0.09632553175317965,112,4
0,learned,adam,3000,24.84174707475492,20,16,0.09632572830275261,0.09632553175319485,2.0489877908988796e-06,1.5446936725150421e-06,0.09632553175317965,112,4
0,learned,adam,3000,24.84174707475492,20,64,0.09632572830275261,0.09632553175319485,2.0489877908982553e-06,1.5446936725146963e-06,0.09632553175317965,112,4
0,learned,adam,3000,24.84174707475492,21,0,0.09632523705844463,0.09632516141363091,7.885829384654505e-07,5.944975561060514e-07,0.09632516141354075,112,4
0,learned,adam,3000,24.84174707475492,21,16,0.09632523705828913,0.0963251614135447,7.885825394795476e-07,5.944973349823163e-07,0.09632516141354075,112,4
0,learned,adam,3000,24.84174707475492,21,64,0.09632523705828913,0.0963251614135447,7.885825394794552e-07,5.944973349822657e-07,0.09632516141354075,112,4
0,learned,adam,3000,24.84174707475492,22,0,0.09632504799624601,0.09632501888332934,3.034970460837961e-07,2.288005732941524e-07,0.0963250188833153,112,4
0,learned,adam,3000,24.84174707475492,22,16,0.09632504799622299,0.09632501888331653,3.034969869859185e-07,2.288005405412699e-07,0.0963250188833153,112,4
0,learned,adam,3000,24.84174707475492,22,64,0.09632504799622299,0.09632501888331653,3.034969869859048e-07,2.2880054054126214e-07,0.0963250188833153,112,4
0,learned,adam,3000,24.84174707475492,23,0,0.09632497523312182,0.096324964028622,1.1680499853628537e-07,8.8057032575648e-08,0.0963249640286197,112,4
0,learned,adam,3000,24.84174707475492,23,16,0.09632497523311843,0.09632496402862016,1.1680498978270227e-07,8.805702772428898e-08,0.0963249640286197,112,4
0,learned,adam,3000,24.84174707475492,23,64,0.09632497523311843,0.09632496402862016,1.1680498978270024e-07,8.805702772428772e-08,0.0963249640286197,112,4
0,learned,adam,3000,24.84174707475492,24,0,0.09632494722924743,0.09632494291704337,4.4953999593941385e-08,3.38899514490398e-08,0.0963249429170429,112,4
0,learned,adam,3000,24.84174707475492,24,16,0.09632494722924691,0.09632494291704309,4.495399829736016e-08,3.388995073045626e-08,0.0963249429170429,112,4
0,learned,adam,3000,24.84174707475492,24,64,0.09632494722924691,0.09632494291704309,4.4953998297359856e-08,3.388995073045602e-08,0.0963249429170429,112,4
0,learned,adam,4000,29.71272255340369,1,0,0.9312604072644046,0.9312604072644047,1.0,1.0,0.6855217576540011,112,4
0,learned,adam,4000,29.71272255340369,1,16,0.6875553503357101,0.68755535033571,0.6513143442871446,0.6513143442871446,0.6855217576540011,112,4
0,learned,adam,4000,29.71272255340369,1,64,0.6875553381936877,0.6875553381936876,0.6513143334436252,0.6513143334436252,0.6855217576540011,112,4
0,learned,adam,4000,29.71272255340369,2,0,0.929243161064325,0.9285628293159839,0.9940371680473054,0.9920586163405334,0.6817345352460651,112,4
0,learned,adam,4000,29.71272255340369,2,16,0.6847096799341885,0.6837602096982269,0.6487794319501512,0.6479361726317238,0.6817345352460651,112,4
0,learned,adam,4000,29.71272255340369,2,64,0.684709667827106,0.6837601976030069,0.648779421190869,0.6479361619003967,0.6817345352460651,112,4
0,learned,adam,4000,29.71272255340369,3,0,0.9232900809096581,0.9205373856625273,0.9773344785957943,0.9699674202851082,0.6709588456051212,112,4
0,learned,adam,4000,29.71272255340369,3,16,0.6765967226401745,0.6729604004658459,0.6416207096423909,0.638439386730772,0.6709588456051212,112,4
0,learned,adam,4000,29.71272255340369,3,64,0.6765967106382822,0.6729603885133617,0.6416206991191764,0.6384393763117172,0.6709588456051212,112,4
0,learned,adam,4000,29.71272255340369,4,0,0.904910448005157,0.8953103833853601,0.9324754644509625,0.9117411013870605,0.6408372895161711,112,4
0,learned,adam,4000,29.71272255340369,4,16,0.6537630579377712,0.6427599675814013,0.6219612628440913,0.6126852070964743,0.6408372895161711,112,4
0,learned,adam,4000,29.71272255340369,4,64,0.6537630462732863,0.642759956096885,0.6219612529553615,0.6126851975010592,0.6408372895161711,112,4
0,learned,adam,4000,29.71272255340369,5,0,0.8436096462509132,0.8097172300163198,0.824395310571265,0.7778309997168722,0.5620510404191725,112,4
0,learned,adam,4000,29.71272255340369,5,16,0.5924719466361525,0.56370463587649,0.5718556230580031,0.5491538691557791,0.5620510404191725,112,4
0,learned,adam,4000,29.71272255340369,5,64,0.5924719361258769,0.5637046259943892,0.5718556146953327,0.5491538614471514,0.5620510404191725,112,4
0,learned,adam,4000,29.71272255340369,6,0,0.6497981465022189,0.561324782765971,0.6198762878538062,0.5472985710675948,0.4003750938996725,112,4
0,learned,adam,4000,29.71272255340369,6,16,0.45474060350582,0.4013345593848714,0.4650587911137626,0.4232780612634828,0.4003750938996725,112,4
0,learned,adam,4000,29.71272255340369,6,64,0.4547405963615902,0.4013345536493719,0.46505878557228136,0.4232780566837462,0.4003750938996725,112,4
0,learned,adam,4000,29.71272255340369,7,0,0.3308173246621564,0.2565125588898357,0.3634804073572731,0.29583901932755474,0.21815255499990624,112,4
0,learned,adam,4000,29.71272255340369,7,16,0.26543221761465924,0.21840089210341357,0.3037692092188663,0.2553904193644079,0.21815255499990624,112,4
0,learned,adam,4000,29.71272255340369,7,64,0.2654322151774809,0.2184008906199508,0.30376920684021685,0.25539041769716764,0.21815255499990624,112,4
0,learned,adam,4000,29.71272255340369,8,0,0.15041017372946294,0.12555165798632337,0.1667299436318316,0.127644500999428,0.12091938282039265,112,4
0,learned,adam,4000,29.71272255340369,8,16,0.141180781426011,0.12095326677670043,0.15281969152400302,0.11947980439078346,0.12091938282039265,112,4
0,learned,adam,4000,29.71272255340369,8,64,0.14118078103430642,0.12095326657446949,0.15281969091627093,0.11947980402588002,0.12091938282039265,112,4
0,learned,adam,4000,29.71272255340369,9,0,0.09414393051124025,0.08680524552129917,0.06538922021710598,0.04852470270445816,0.08629497892360977,112,4
0,learned,adam,4000,29.71272255340369,9,16,0.09312526549352063,0.08629891824914855,0.06312043024921242,0.0472960443403195,0.08629497892360977,112,4
0,learned,adam,4000,29.71272255340369,9,64,0.09312526544688134,0.08629891822564745,0.06312043014474375,0.04729604428314022,0.08629497892360977,112,4
0,learned,adam,4000,29.71272255340369,10,0,0.07714840063893036,0.07480260248688907,0.02384214254773794,0.01746962683544803,0.07474376789893306,112,4
0,learned,adam,4000,29.71272255340369,10,16,0.07703289570605779,0.07474423067862626,0.023532707135097,0.017307756287038716,0.07474376789893306,112,4
0,learned,adam,4000,29.71272255340369,10,64,0.07703289570062107,0.07474423067586602,0.023532707120520097,0.017307756279381508,0.07474376789893306,112,4
0,learned,adam,4000,29.71272255340369,11,0,0.07161438593024304,0.0708240996520569,0.008448279619174135,0.006161211659637526,0.07081709644570987,112,4
0,learned,adam,4000,29.71272255340369,11,16,0.07160075785571594,0.07081715189093304,0.008409048079637866,0.006140956038949629,0.07081709644570987,112,4
0,learned,adam,4000,29.71272255340369,11,64,0.07160075785506843,0.07081715189060239,0.008409048077773663,0.006140956037985663,0.07081709644570987,112,4
0,learned,adam,4000,29.71272255340369,12,0,0.06973493457124806,0.06946280096112925,0.0029625641977800055,0.0021569446727401197,0.06946195606131253,112,4
0,learned,adam,4000,29.71272255340369,12,16,0.06973329614028281,0.06946196276847318,0.0029577230022121773,0.002154456845359175,0.06946195606131253,112,4
0,learned,adam,4000,29.71272255340369,12,64,0.06973329614020471,0.0694619627684332,0.002957723001981415,0.0021544568452405255,0.06946195606131253,112,4
0,learned,adam,4000,29.71272255340369,13,0,0.06908579215371057,0.06899132243458295,0.001035058835590226,0.0007531492175225575,0.06899121999038342,112,4
0,learned,adam,4000,29.71272255340369,13,16,0.06908559374751633,0.06899122080542487,0.0010344671615614542,0.0007528456673925074,0.06899121999038342,112,4
0,learned,adam,4000,29.71272255340369,13,64,0.06908559374750686,0.06899122080542003,0.0010344671615332202,0.0007528456673780196,0.06899121999038342,112,4
0,learned,adam,4000,29.71272255340369,14,0,0.06886020254016337,0.06882731339889347,0.00036116074389898393,0.0002627406685828832,0.06882730095511053,112,4
0,learned,adam,4000,29.71272255340369,14,16,0.06886017845158214,0.0688273010545508,0.0003610886761579556,0.00026270371666735207,0.06882730095511053,112,4
0,learned,adam,4000,29.71272255340369,14,64,0.068860178451581,0.0688273010545502,0.0003610886761545154,0.0002627037166655877,0.06882730095511053,112,4
0,learned,adam,4000,29.71272255340369,15,0,0.06878163487626647,0.06877017312096709,0.0001259620681993159,9.162951822128657e-05,0.06877017160839428,112,4
0,learned,adam,4000,29.71272255340369,15,16,0.06878163194897932,0.06877017162062624,0.00012595330051650878,9.162502360168712e-05,0.06877017160839428,112,4
0,learned,adam,4000,29.71272255340369,15,64,0.06878163194897917,0.06877017162062618,0.00012595330051609014,9.162502360147247e-05,0.06877017160839428,112,4
0,learned,adam,4000,29.71272255340369,16,0,0.06875425067461559,0.06875025488087601,4.392487641158275e-05,3.195179833645527e-05,0.0687502546969459,112,4
0,learned,adam,4000,29.71272255340369,16,16,0.06875425031877229,0.06875025469848342,4.392381018578335e-05,3.195125179057777e-05,0.0687502546969459,112,4
0,learned,adam,4000,29.71272255340369,16,64,0.06875425031877228,0.06875025469848342,4.392381018573245e-05,3.195125179055166e-05,0.0687502546969459,112,4
0,learned,adam,4000,29.71272255340369,17,0,0.06874470356002561,0.06874331037595169,1.5316425773182506e-05,1.1141364966192722e-05,0.06874331035357246,112,4
0,learned,adam,4000,29.71272255340369,17,16,0.06874470351676419,0.06874331035377701,1.531629612963329e-05,1.1141298512724741e-05,0.06874331035357246,112,4
0,learned,adam,4000,29.71272255340369,17,64,0.06874470351676419,0.06874331035377701,1.5316296129627097e-05,1.1141298512721575e-05,0.06874331035357246,112,4
0,learned,adam,4000,29.71272255340369,18,0,0.06874137478386241,0.06874088901172228,5.340672961104665e-06,3.88486233939644e-06,0.06874088900899526,112,4
0,learned,adam,4000,29.71272255340369,18,16,0.06874137477860273,0.06874088900902628,5.340657198397914e-06,3.8848542597230765e-06,0.06874088900899526,112,4
0,learned,adam,4000,29.71272255340369,18,64,0.06874137477860273,0.06874088900902628,5.340657198397161e-06,3.88485425972269e-06,0.06874088900899526,112,4
0,learned,adam,4000,29.71272255340369,19,0,0.06874021410749212,0.0687400447270686,1.8622227778584299e-06,1.354599227100715e-06,0.06874004472673492,112,4
0,learned,adam,4000,29.71272255340369,19,16,0.06874021410685265,0.06874004472674082,1.8622208613838486e-06,1.3545982447540595e-06,0.06874004472673492,112,4
0,learned,adam,4000,29.71272255340369,19,64,0.06874021410685265,0.06874004472674082,1.862220861383757e-06,1.3545982447540138e-06,0.06874004472673492,112,4
0,learned,adam,4000,29.71272255340369,20,0,0.06873980939873,0.06873975033836935,6.493312011092554e-07,4.723297493548144e-07,0.06873975033832805,112,4
0,learned,adam,4000,29.71272255340369,20,16,0.06873980939865226,0.0687397503383295,6.493309681002659e-07,4.723296299191777e-07,0.06873975033832805,112,4
0,learned,adam,4000,29.71272255340369,20,64,0.06873980939865226,0.0687397503383295,6.493309681002547e-07,4.7232962991917186e-07,0.06873975033832805,112,4
0,learned,adam,4000,29.71272255340369,21,0,0.06873966828288361,0.0687396476894025,2.2641258122104896e-07,1.64694663936925e-07,0.0687396476893972,112,4
0,learned,adam,4000,29.71272255340369,21,16,0.06873966828287416,0.06873964768939762,2.2641255289138888e-07,1.646946494157265e-07,0.0687396476893972,112,4
0,learned,adam,4000,29.71272255340369,21,64,0.06873966828287416,0.06873964768939762,2.264125528913875e-07,1.6469464941572592e-07,0.0687396476893972,112,4
0,learned,adam,4000,29.71272255340369,22,0,0.06873961907784688,0.06873961189719763,7.89468337812586e-08,5.7426674806770385e-08,0.06873961189719689,112,4
0,learned,adam,4000,29.71272255340369,22,16,0.06873961907784575,0.06873961189719703,7.894683033688908e-08,5.742667304125802e-08,0.06873961189719689,112,4
0,learned,adam,4000,29.71272255340369,22,64,0.06873961907784575,0.06873961189719703,7.894683033688891e-08,5.742667304125781e-08,0.06873961189719689,112,4
0,learned,adam,4000,29.71272255340369,23,0,0.06873960192076027,0.06873959941697111,2.752763081625832e-08,2.002385912885387e-08,0.068739599416971,112,4
0,learned,adam,4000,29.71272255340369,23,16,0.06873960192076013,0.06873959941697103,2.752763039748603e-08,2.002385891419987e-08,0.068739599416971,112,4
0,learned,adam,4000,29.71272255340369,23,64,0.06873960192076013,0.06873959941697103,2.7527630397485998e-08,2.002385891419987e-08,0.068739599416971,112,4
0,learned,adam,4000,29.71272255340369,24,0,0.06873959593833061,0.06873959506529528,9.598490476995987e-09,6.982032758043622e-09,0.06873959506529523,112,4
0,learned,adam,4000,29.71272255340369,24,16,0.06873959593833061,0.06873959506529524,9.598490426080942e-09,6.982032731945639e-09,0.06873959506529523,112,4
0,learned,adam,4000,29.71272255340369,24,64,0.06873959593833061,0.06873959506529524,9.598490426080939e-09,6.982032731945614e-09,0.06873959506529523,112,4
0,learned,adam,5000,33.89887827553162,1,0,0.9481088282203605,0.9481088282203606,1.0,1.0,0.7426306474094212,112,4
0,learned,adam,5000,33.89887827553162,1,16,0.7438679605474193,0.7438679605474193,0.6834858516786022,0.6834858516786021,0.7426306474094212,112,4
0,learned,adam,5000,33.89887827553162,1,64,0.7438679581174737,0.7438679581174736,0.683485849483712,0.683485849483712,0.7426306474094212,112,4
0,learned,adam,5000,33.89887827553162,2,0,0.9470221973839453,0.9466196307215538,0.9962372421424516,0.994860063888258,0.7399593382697666,112,4
0,learned,adam,5000,33.89887827553162,2,16,0.7419145204125588,0.7411962879481195,0.6817259030599104,0.6810808028859479,0.7399593382697666,112,4
0,learned,adam,5000,33.89887827553162,2,64,0.7419145179830738,0.741196285518833,0.6817259008763089,0.6810808007064774,0.7399593382697666,112,4
0,learned,adam,5000,33.89887827553162,3,0,0.9435005656997143,0.941754579567157,0.9845389271937771,0.9789624975862412,0.7315271572982738,112,4
0,learned,adam,5000,33.89887827553162,3,16,0.7357462043402895,0.7327621833565741,0.6762264896623034,0.673592242971175,0.7315271572982738,112,4
0,learned,adam,5000,33.89887827553162,3,64,0.7357462019131089,0.7327621809308977,0.676226487513782,0.6735922408393683,0.7315271572982738,112,4
0,learned,adam,5000,33.89887827553162,4,0,0.9315034376127603,0.9248186137159355,0.9493719495654325,0.9319134232106676,0.7050368114613371,112,4
0,learned,adam,5000,33.89887827553162,4,16,0.7163248492724922,0.7062586026722748,0.6594376744941777,0.6509784631538229,0.7050368114613371,112,4
0,learned,adam,5000,33.89887827553162,4,64,0.7163248468605794,0.7062586002721164,0.6594376724509389,0.6509784611627509,0.7050368114613371,112,4
0,learned,adam,5000,33.89887827553162,5,0,0.8856443705731846,0.8576439427917578,0.8534593762803825,0.809063593988925,0.6247445225805216,112,4
0,learned,adam,5000,33.89887827553162,5,16,0.6565123318067874,0.6258712318514298,0.6116097100844554,0.588552122056983,0.6247445225805216,112,4
0,learned,adam,5000,33.89887827553162,5,64,0.6565123295073318,0.6258712296370419,0.6116097083262751,0.5885521204294735,0.6247445225805216,112,4
0,learned,adam,5000,33.89887827553162,6,0,0.7005142546326582,0.6019433910806683,0.6483323264141185,0.5711744471339862,0.42959669821721747,112,4
0,learned,adam,5000,33.89887827553162,6,16,0.4974611826342578,0.4302911509639844,0.49825203080765385,0.4516983835492293,0.42959669821721747,112,4
0,learned,adam,5000,33.89887827553162,6,64,0.4974611809445784,0.43029114959848913,0.49825202963832516,0.4516983825905999,0.42959669821721747,112,4
0,learned,adam,5000,33.89887827553162,7,0,0.3224221838995424,0.23419652925600673,0.370278701959419,0.2961042694752772,0.19889994348601805,112,4
0,learned,adam,5000,33.89887827553162,7,16,0.25660835309250546,0.19905009717639222,0.3155238259918323,0.26039789628914445,0.19889994348601805,112,4
0,learned,adam,5000,33.89887827553162,7,64,0.25660835256289594,0.1990500968812574,0.3155238255192972,0.26039789597055696,0.19889994348601805,112,4
0,learned,adam,5000,33.89887827553162,8,0,0.12136695531755826,0.09770614979008505,0.15785355411053884,0.11743021981577052,0.09463244302298149,112,4
0,learned,adam,5000,33.89887827553162,8,16,0.11450350890854674,0.09464721492679852,0.14685528612612325,0.11137366061038192,0.09463244302298149,112,4
0,learned,adam,5000,33.89887827553162,8,64,0.11450350884569553,0.09464721489778048,0.1468552860224925,0.11137366055210206,0.09463244302298149,112,4
0,learned,adam,5000,33.89887827553162,9,0,0.07062008594903335,0.06473361201081686,0.056197608908660324,0.04040342282895042,0.06447172364841117,112,4
0,learned,adam,5000,33.89887827553162,9,16,0.070050414562244,0.06447304260766032,0.054726324383774595,0.039661345437727744,0.06447172364841117,112,4
0,learned,adam,5000,33.89887827553162,9,64,0.07005041455664597,0.06447304260507002,0.05472632436925094,0.039661345430337,0.06447172364841117,112,4
0,learned,adam,5000,33.89887827553162,10,0,0.05745943081242021,0.0557819099389349,0.01852287400010107,0.013150540577393585,0.05575742838936994,112,4
0,learned,adam,5000,33.89887827553162,10,16,0.057407698534828557,0.05575755345650528,0.018359602772168852,0.013070940399376504,0.05575742838936994,112,4
0,learned,adam,5000,33.89887827553162,10,64,0.05740769853430876,0.05575755345625972,0.018359602770527478,0.013070940398573785,0.05575742838936994,112,4
0,learned,adam,5000,33.89887827553162,11,0,0.05361699798653558,0.05310505806991799,0.005940665057722868,0.004199992266059222,0.05310266362951387,112,4
0,learned,adam,5000,33.89887827553162,11,16,0.053611998182387426,0.05310267591904159,0.005923748231474867,0.004191839279759439,0.05310266362951387,112,4
0,learned,adam,5000,33.89887827553162,11,64,0.05361199818233686,0.05310267591901746,0.0059237482313037396,0.004191839279676881,0.05310266362951387,112,4
0,learned,adam,5000,33.89887827553162,12,0,0.05243374031205824,0.05227361844000752,0.0018882526692946889,0.001333174886739452,0.05227338042805491,112,4
0,learned,adam,5000,33.89887827553162,12,16,0.05243324534312061,0.05227338165267094,0.0018865395269617342,0.0013323523225348814,0.05227338042805491,112,4
0,learned,adam,5000,33.89887827553162,12,64,0.052433245343115595,0.05227338165266854,0.0018865395269443692,0.0013323523225265402,0.05227338042805491,112,4
0,learned,adam,5000,33.89887827553162,13,0,0.052062533400103465,0.05201204458378237,0.0005984595577830374,0.00042235264633315,0.052012020798462094,112,4
0,learned,adam,5000,33.89887827553162,13,16,0.05206248400231602,0.05201202092132642,0.0005982873432689507,0.0004222700560215781,0.052012020798462094,112,4
0,learned,adam,5000,33.89887827553162,13,64,0.052062484002315536,0.05201202092132618,0.0005982873432672038,0.0004222700560207402,0.052012020798462094,112,4
0,learned,adam,5000,33.89887827553162,14,0,0.05194537318045297,0.051929411999772905,0.00018950129782619772,0.00013371909768508376,0.051929409618680325,112,4
0,learned,adam,5000,33.89887827553162,14,16,0.051945368237721036,0.05192940963111845,0.0001894840263980566,0.00013371081781387675,0.051929409618680325,112,4
0,learned,adam,5000,33.89887827553162,14,64,0.05194536823772099,0.0519294096311184,0.00018948402639788132,0.00013371081781379267,0.051929409618680325,112,4
0,learned,adam,5000,33.89887827553162,15,0,0.051908323585261935,0.051903273573839316,5.9987899477485055e-05,4.232784591409491e-05,0.05190327333531495,112,4
0,learned,adam,5000,33.89887827553162,15,16,0.05190832309028339,0.05190327333660425,5.998616860910637e-05,4.232701624020802e-05,0.05190327333531495,112,4
0,learned,adam,5000,33.89887827553162,15,64,0.051908323090283384,0.05190327333660425,5.99861686090888e-05,4.2327016240199604e-05,0.05190327333531495,112,4
0,learned,adam,5000,33.89887827553162,16,0,0.051896600197673136,0.05189500199076612,1.898782637035865e-05,1.339774886868284e-05,0.05189500196685859,112,4
0,learned,adam,5000,33.89887827553162,16,16,0.05189660014809162,0.05189500196700154,1.8987652950973973e-05,1.3397665745039484e-05,0.05189500196685859,112,4
0,learned,adam,5000,33.89887827553162,16,64,0.05189660014809161,0.05189500196700154,1.8987652950972214e-05,1.3397665745038628e-05,0.05189500196685859,112,4
0,learned,adam,5000,33.89887827553162,17,0,0.05189288991357915,0.0518923840778297,6.009996617367822e-06,4.240615841142106e-06,0.0518923840754303,112,4
0,learned,adam,5000,33.89887827553162,17,16,0.051892889908612204,0.05189238407544899,6.0099792434050895e-06,4.240607513527683e-06,0.0518923840754303,112,4
0,learned,adam,5000,33.89887827553162,17,64,0.051892889908612204,0.05189238407544899,6.009979243404913e-06,4.240607513527601e-06,0.0518923840754303,112,4
0,learned,adam,5000,33.89887827553162,18,0,0.05189171558961877,0.051891555487384965,1.9022570771183411e-06,1.3422188016055463e-06,0.05189155548714321,112,4
0,learned,adam,5000,33.89887827553162,18,16,0.05189171558912119,0.05189155548714647,1.9022553365547705e-06,1.3422179673291338e-06,0.05189155548714321,112,4
0,learned,adam,5000,33.89887827553162,18,64,0.05189171558912119,0.05189155548714647,1.902255336554753e-06,1.3422179673291268e-06,0.05189155548714321,112,4
0,learned,adam,5000,33.89887827553162,19,0,0.051891343902819874,0.05189129322839157,6.020920946174402e-07,4.248316325999662e-07,0.05189129322836692,112,4
0,learned,adam,5000,33.89887827553162,19,16,0.051891343902770025,0.051891293228367656,6.020919202450769e-07,4.248315490209595e-07,0.05189129322836692,112,4
0,learned,adam,5000,33.89887827553162,19,64,0.051891343902770025,0.051891293228367656,6.020919202450752e-07,4.24831549020958e-07,0.05189129322836692,112,4
0,learned,adam,5000,33.89887827553162,20,0,0.051891226259024266,0.05189121021987008,1.9057074918663723e-07,1.3446526225560662e-07,0.051891210219867485,112,4
0,learned,adam,5000,33.89887827553162,20,16,0.05189122625901927,0.0518912102198677,1.9057073171778427e-07,1.3446525388255467e-07,0.051891210219867485,112,4
0,learned,adam,5000,33.89887827553162,20,64,0.05189122625901927,0.0518912102198677,1.90570731717784e-07,1.3446525388255467e-07,0.051891210219867485,112,4
0,learned,adam,5000,33.89887827553162,21,0,0.05189118902313187,0.05189118394651456,6.031834693942522e-08,4.256016215892087e-08,0.05189118394651425,112,4
0,learned,adam,5000,33.89887827553162,21,16,0.051891189023131376,0.05189118394651432,6.03183451893739e-08,4.256016132009833e-08,0.05189118394651425,112,4
0,learned,adam,5000,33.89887827553162,21,64,0.051891189023131376,0.05189118394651432,6.03183451893739e-08,4.256016132009833e-08,0.05189118394651425,112,4
0,learned,adam,5000,33.89887827553162,22,0,0.05189117723744839,0.05189117563062736,1.9091611158291845e-08,1.3470893962487213e-08,0.05189117563062732,112,4
0,learned,adam,5000,33.89887827553162,22,16,0.05189117723744834,0.05189117563062736,1.909161098296957e-08,1.3470893878452947e-08,0.05189117563062732,112,4
0,learned,adam,5000,33.89887827553162,22,64,0.05189117723744834,0.05189117563062736,1.909161098296957e-08,1.3470893878452947e-08,0.05189117563062732,112,4
0,learned,adam,5000,33.89887827553162,23,0,0.05189117350711313,0.05189117299853156,6.04276516952324e-09,4.26372859839457e-09,0.05189117299853156,112,4
0,learned,adam,5000,33.89887827553162,23,16,0.05189117350711313,0.05189117299853156,6.042765151959231e-09,4.263728589975904e-09,0.05189117299853156,112,4
0,learned,adam,5000,33.89887827553162,23,64,0.05189117350711313,0.05189117299853156,6.0427651519592305e-09,4.263728589975904e-09,0.05189117299853156,112,4
0,learned,adam,5000,33.89887827553162,24,0,0.051891172326409274,0.051891172165436004,1.912620692592796e-09,1.3495304392762483e-09,0.051891172165436004,112,4
0,learned,adam,5000,33.89887827553162,24,16,0.051891172326409274,0.051891172165436004,1.9126206908332165e-09,1.3495304384328582e-09,0.051891172165436004,112,4
0,learned,adam,5000,33.89887827553162,24,64,0.051891172326409274,0.051891172165436004,1.9126206908332165e-09,1.3495304384328582e-09,0.051891172165436004,112,4
0,learned,adam,6000,37.589893042687706,1,0,0.9595420422804201,0.9595420422804202,1.0,1.0,0.7902057972798604,112,4
0,learned,adam,6000,37.589893042687706,1,16,0.7909552761844106,0.7909552761844105,0.7101409011141271,0.710140901114127,0.7902057972798604,112,4
0,learned,adam,6000,37.589893042687706,1,64,0.7909552756492538,0.7909552756492538,0.7101409006030074,0.7101409006030074,0.7902057972798604,112,4
0,learned,adam,6000,37.589893042687706,2,0,0.9589279300438355,0.9586817511663954,0.9975205439437794,0.9965356065173653,0.7883676908259115,112,4
0,learned,adam,6000,37.589893042687706,2,16,0.7896419688297313,0.7891182799940166,0.7088895775599483,0.7083920509655635,0.7883676908259115,112,4
0,learned,adam,6000,37.589893042687706,2,64,0.789641968294,0.7891182794580606,0.7088895770506285,0.7083920504569583,0.7883676908259115,112,4
0,learned,adam,6000,37.589893042687706,3,0,0.9567629254753504,0.9556264399830351,0.9890636255390709,0.9847656953298036,0.7820066687449014,112,4
0,learned,adam,6000,37.589893042687706,3,16,0.785100335453927,0.7827607568312069,0.7046074857547708,0.7024241641730624,0.7820066687449014,112,4
0,learned,adam,6000,37.589893042687706,3,64,0.7851003349163401,0.7827607562927301,0.7046074852515846,0.7024241636729907,0.7820066687449014,112,4
0,learned,adam,6000,37.589893042687706,4,0,0.948740144262999,0.9440424545902452,0.960994940048906,0.9462106465588429,0.7598793139851758,112,4
0,learned,adam,6000,37.589893042687706,4,16,0.7693247766272819,0.7606416391047683,0.6902375510729807,0.682585296198667,0.7598793139851758,112,4
0,learned,adam,6000,37.589893042687706,4,64,0.7693247760847621,0.7606416385603367,0.6902375505900957,0.6825852957264439,0.7598793139851758,112,4
0,learned,adam,6000,37.589893042687706,5,0,0.9145899954363185,0.8921190323192709,0.8756258553648733,0.8336137829075363,0.6832946324778,112,4
0,learned,adam,6000,37.589893042687706,5,16,0.7144357498369837,0.6840457401618764,0.6449984654140442,0.6219804644738876,0.6832946324778,112,4
0,learned,adam,6000,37.589893042687706,5,64,0.7144357492932903,0.6840457396252604,0.6449984649922588,0.6219804640817965,0.6832946324778,112,4
0,learned,adam,6000,37.589893042687706,6,0,0.7444173150607659,0.6401898074961884,0.6717829500956041,0.5909906783540221,0.4617849265389393,112,4
0,learned,adam,6000,37.589893042687706,6,16,0.5420698387452537,0.4622909163013772,0.5268407551465656,0.4761348556388535,0.4617849265389393,112,4
0,learned,adam,6000,37.589893042687706,6,64,0.5420698383057637,0.46229091593969807,0.5268407548645172,0.47613485540908346,0.4617849265389393,112,4
0,learned,adam,6000,37.589893042687706,7,0,0.3150549114119144,0.21436069538187189,0.3748512480009239,0.2948896687880679,0.18241394504813657,112,4
0,learned,adam,6000,37.589893042687706,7,16,0.24996595961471613,0.1825067695946238,0.32450885764766496,0.26320845550228866,0.18241394504813657,112,4
0,learned,adam,6000,37.589893042687706,7,64,0.249965959484668,0.18250676952828565,0.3245088575396529,0.26320845543207316,0.18241394504813657,112,4
0,learned,adam,6000,37.589893042687706,8,0,0.09888118605862037,0.0771434720384678,0.1492336238292557,0.10807711428886027,0.07510323496933284,112,4
0,learned,adam,6000,37.589893042687706,8,16,0.09381415501038,0.0751099219945339,0.14042809854121463,0.10351084011320011,0.07510323496933284,112,4
0,learned,adam,6000,37.589893042687706,8,64,0.09381415499887995,0.07510992198975683,0.14042809852067653,0.10351084010234068,0.07510323496933284,112,4
0,learned,adam,6000,37.589893042687706,9,0,0.054329610881545545,0.04967266891082153,0.04858332901187729,0.03392736462359452,0.04953385318458838,112,4
0,learned,adam,6000,37.589893042687706,9,16,0.05400413680217736,0.04953432694141657,0.04760219488048214,0.03346394999428726,0.04953385318458838,112,4
0,learned,adam,6000,37.589893042687706,9,64,0.05400413680138898,0.049534326941078205,0.047602194878097075,0.03346394999315229,0.04953385318458838,112,4
0,learned,adam,6000,37.589893042687706,10,0,0.04421260112147846,0.04300902696284639,0.014606885941803541,0.010076588206461137,0.04299823324563225,112,4
0,learned,adam,6000,37.589893042687706,10,16,0.04418826055272619,0.042998270492377616,0.014516590389055934,0.010035313228103089,0.04299823324563225,112,4
0,learned,adam,6000,37.589893042687706,10,64,0.04418826055266616,0.042998270492351005,0.01451659038883317,0.010035313228001018,0.04299823324563225,112,4
0,learned,adam,6000,37.589893042687706,11,0,0.04152397723964346,0.04118736720131423,0.004280252118300345,0.00294181192169129,0.04118648184403774,112,4
0,learned,adam,6000,37.589893042687706,11,16,0.04152200775580956,0.04118648491057059,0.004272455419648675,0.002938283739153677,0.04118648184403774,112,4
0,learned,adam,6000,37.589893042687706,11,64,0.041522007755804675,0.04118648491056841,0.004272455419629352,0.002938283739144926,0.04118648184403774,112,4
0,learned,adam,6000,37.589893042687706,12,0,0.04076508340257566,0.04066854119447043,0.001244618849630972,0.0008544935444498483,0.04066846733357608,112,4
0,learned,adam,6000,37.589893042687706,12,16,0.040764919782717776,0.04066846759023769,0.001243958519432865,0.0008541956183603207,0.04066846733357608,112,4
0,learned,adam,6000,37.589893042687706,12,64,0.04076491978271736,0.0406684675902375,0.0012439585194312266,0.0008541956183595809,0.04066846733357608,112,4
0,learned,adam,6000,37.589893042687706,13,0,0.04054682390193124,0.040518926500699444,0.00036109729988426114,0.00024783290352362204,0.040518920307675475,112,4
0,learned,adam,6000,37.589893042687706,13,16,0.04054681020007029,0.04051892032937938,0.00036104169079332834,0.0002478078357126893,0.040518920307675475,112,4
0,learned,adam,6000,37.589893042687706,13,64,0.04054681020007026,0.040518920329379364,0.0003610416907931903,0.0002478078357126268,0.040518920307675475,112,4
0,learned,adam,6000,37.589893042687706,14,0,0.040483703203632086,0.040475624131582844,0.00010469536805328152,7.184924947371206e-05,0.04047562361151605,112,4
0,learned,adam,6000,37.589893042687706,14,16,0.040483702053526395,0.040475623613390424,0.00010469069271641152,7.184714242708435e-05,0.04047562361151605,112,4
0,learned,adam,6000,37.589893042687706,14,64,0.040483702053526395,0.040475623613390424,0.00010469069271639991,7.184714242707911e-05,0.04047562361151605,112,4
0,learned,adam,6000,37.589893042687706,15,0,0.04046541917447166,0.040463077990467715,3.0349260972482902e-05,2.082721990602282e-05,0.04046307794676519,112,4
0,learned,adam,6000,37.589893042687706,15,16,0.04046541907786856,0.04046307794693766,3.0348868081732902e-05,2.0827042853824217e-05,0.04046307794676519,112,4
0,learned,adam,6000,37.589893042687706,15,64,0.04046541907786856,0.04046307794693766,3.034886808173193e-05,2.082704285382381e-05,0.04046307794676519,112,4
0,learned,adam,6000,37.589893042687706,16,0,0.04046012039709028,0.04045944183473109,8.797207410420784e-06,6.037048367721937e-06,0.040459441831055105,112,4
0,learned,adam,6000,37.589893042687706,16,16,0.04046012038897451,0.04045944183107395,8.797174398535558e-06,6.037033491568424e-06,0.040459441831055105,112,4
0,learned,adam,6000,37.589893042687706,16,64,0.04046012038897451,0.04045944183107395,8.797174398535475e-06,6.0370334915683816e-06,0.040459441831055105,112,4
0,learned,adam,6000,37.589893042687706,17,0,0.040458584583514555,0.04045838790033588,2.549967249756833e-06,1.7499008943349338e-06,0.04045838790002576,112,4
0,learned,adam,6000,37.589893042687706,17,16,0.040458584582832705,0.040458387900028626,2.5499644761088137e-06,1.7498996444529527e-06,0.04045838790002576,112,4
0,learned,adam,6000,37.589893042687706,17,64,0.040458584582832705,0.040458387900028626,2.549964476108807e-06,1.7498996444529495e-06,0.04045838790002576,112,4
0,learned,adam,6000,37.589893042687706,18,0,0.04045813942113836,0.040458082411090224,7.391326079583372e-07,5.072253266883464e-07,0.040458082411063814,112,4
0,learned,adam,6000,37.589893042687706,18,16,0.04045813942108107,0.04045808241106442,7.391323749200417e-07,5.072252216750768e-07,0.040458082411063814,112,4
0,learned,adam,6000,37.589893042687706,18,64,0.04045813942108107,0.04045808241106442,7.391323749200412e-07,5.072252216750758e-07,0.040458082411063814,112,4
0,learned,adam,6000,37.589893042687706,19,0,0.040458010387374795,0.04045799386252391,2.1424442948959194e-07,1.4702392926831551e-07,0.04045799386252158,112,4
0,learned,adam,6000,37.589893042687706,19,16,0.04045801038736997,0.04045799386252173,2.142444099100842e-07,1.4702392044527178e-07,0.04045799386252158,112,4
0,learned,adam,6000,37.589893042687706,19,64,0.04045801038736997,0.04045799386252173,2.1424440991008414e-07,1.4702392044527178e-07,0.04045799386252158,112,4
0,learned,adam,6000,37.589893042687706,20,0,0.04045797298581486,0.040457968195939005,6.210070724742569e-08,4.2616228170670114e-08,0.04045796819593878,112,4
0,learned,adam,6000,37.589893042687706,20,16,0.04045797298581445,0.04045796819593883,6.210070560238806e-08,4.2616227429372706e-08,0.04045796819593878,112,4
0,learned,adam,6000,37.589893042687706,20,64,0.04045797298581445,0.04045796819593883,6.210070560238804e-08,4.2616227429372706e-08,0.04045796819593878,112,4
0,learned,adam,6000,37.589893042687706,21,0,0.04045796214463663,0.040457960756247746,1.8000455903474798e-08,1.2352701890553004e-08,0.04045796075624771,112,4
0,learned,adam,6000,37.589893042687706,21,16,0.040457962144636594,0.040457960756247725,1.800045576526149e-08,1.2352701828270457e-08,0.04045796075624771,112,4
0,learned,adam,6000,37.589893042687706,21,64,0.040457962144636594,0.040457960756247725,1.800045576526149e-08,1.2352701828270457e-08,0.04045796075624771,112,4
0,learned,adam,6000,37.589893042687706,22,0,0.04045795900222283,0.04045795859978569,5.217596006552494e-09,3.580543076479738e-09,0.04045795859978569,112,4
0,learned,adam,6000,37.589893042687706,22,16,0.04045795900222282,0.04045795859978569,5.2175959949400545e-09,3.5805430712468713e-09,0.04045795859978569,112,4
0,learned,adam,6000,37.589893042687706,22,64,0.04045795900222282,0.04045795859978569,5.2175959949400545e-09,3.5805430712468713e-09,0.04045795859978569,112,4
0,learned,adam,6000,37.589893042687706,23,0,0.04045795809136562,0.04045795797471555,1.5123676853273472e-09,1.037852994135749e-09,0.040457957974715554,112,4
0,learned,adam,6000,37.589893042687706,23,16,0.04045795809136562,0.04045795797471555,1.512367684351692e-09,1.0378529936960952e-09,0.040457957974715554,112,4
0,learned,adam,6000,37.589893042687706,23,64,0.04045795809136562,0.04045795797471555,1.512367684351692e-09,1.0378529936960952e-09,0.040457957974715554,112,4
0,learned,adam,6000,37.589893042687706,24,0,0.04045795782734537,0.0404579577935333,4.3837353571766675e-10,3.00831134408065e-10,0.0404579577935333,112,4
0,learned,adam,6000,37.589893042687706,24,16,0.04045795782734537,0.0404579577935333,4.383735356356929e-10,3.008311343711252e-10,0.0404579577935333,112,4
0,learned,adam,6000,37.589893042687706,24,64,0.04045795782734537,0.0404579577935333,4.383735356356929e-10,3.008311343711252e-10,0.0404579577935333,112,4
0,learned,adam,7000,40.904032203641215,1,0,0.9677803721639934,0.9677803721639935,1.0,1.0,0.8291382903878751,112,4
0,learned,adam,7000,40.904032203641215,1,16,0.8295898504334324,0.8295898504334323,0.7325872318942414,0.7325872318942414,0.8291382903878751,112,4
0,learned,adam,7000,40.904032203641215,1,64,0.8295898503045677,0.8295898503045677,0.7325872317602873,0.7325872317602874,0.8291382903878751,112,4
0,learned,adam,7000,40.904032203641215,2,0,0.9674230489075096,0.9672695139642814,0.9983253353186685,0.9976106606715006,0.8278993373508976,112,4
0,learned,adam,7000,40.904032203641215,2,16,0.8287230069755999,0.828351906535462,0.7316880459956998,0.7313040917316451,0.8278993373508976,112,4
0,learned,adam,7000,40.904032203641215,2,64,0.8287230068465326,0.8283519064063085,0.7316880458620745,0.73130409159816,0.8278993373508976,112,4
0,learned,adam,7000,40.904032203641215,3,0,0.966062616236524,0.9653117837071834,0.9921143670322206,0.9887759246957541,0.8232422638206722,112,4
0,learned,adam,7000,40.904032203641215,3,16,0.8254690057944105,0.8236984839409188,0.7283458122189018,0.7265453150983422,0.8232422638206722,112,4
0,learned,adam,7000,40.904032203641215,3,64,0.8254690056646032,0.8236984838107203,0.7283458120864942,0.7265453149665886,0.8232422638206722,112,4
0,learned,adam,7000,40.904032203641215,4,0,0.9606325541231808,0.9573183593569632,0.9695847673110717,0.9570803413099963,0.8055213175640933,112,4
0,learned,adam,7000,40.904032203641215,4,16,0.8131384643106373,0.8059894669144374,0.7161244570491061,0.7092854953444775,0.8055213175640933,112,4
0,learned,adam,7000,40.904032203641215,4,64,0.8131384641783145,0.8059894667808231,0.7161244569211019,0.7092854952189095,0.8055213175640933,112,4
0,learned,adam,7000,40.904032203641215,5,0,0.9354210700767399,0.9178306669795672,0.893982330847054,0.8546334860351852,0.7364971730240484,112,4
0,learned,adam,7000,40.904032203641215,5,16,0.765355851430786,0.7369865305864799,0.6739677643401585,0.6514159833727173,0.7364971730240484,112,4
0,learned,adam,7000,40.904032203641215,5,64,0.7653558512925304,0.7369865304467753,0.6739677642267525,0.6514159832668032,0.7364971730240484,112,4
0,learned,adam,7000,40.904032203641215,6,0,0.7846535396807087,0.6793467708319942,0.693862647321918,0.6103287346607577,0.4981494228879634,112,4
0,learned,adam,7000,40.904032203641215,6,16,0.5888158798615538,0.49851979079879966,0.5532667196240851,0.4991299078541906,0.4981494228879634,112,4
0,learned,adam,7000,40.904032203641215,6,64,0.5888158797369292,0.49851979069301583,0.5532667195474804,0.4991299077920086,0.4981494228879634,112,4
0,learned,adam,7000,40.904032203641215,7,0,0.3117997783047777,0.1986005959100564,0.3805343128477697,0.2949900555657564,0.16929612561961366,112,4
0,learned,adam,7000,40.904032203641215,7,16,0.2468311212328706,0.16935545956271256,0.33348489061819275,0.26631371657788394,0.16929612561961366,112,4
0,learned,adam,7000,40.904032203641215,7,64,0.24683112119668132,0.16935545954576692,0.3334848905900542,0.2663137165601819,0.16929612561961366,112,4
0,learned,adam,7000,40.904032203641215,8,0,0.08178878649976981,0.06193033736274323,0.1424653949202354,0.10060683493926167,0.06053315476079147,112,4
0,learned,adam,7000,40.904032203641215,8,16,0.07794798361493849,0.060536340803972064,0.13519305996421704,0.09704302443065044,0.06053315476079147,112,4
0,learned,adam,7000,40.904032203641215,8,64,0.07794798361251516,0.06053634080306239,0.13519305995950673,0.09704302442829989,0.06053315476079147,112,4
0,learned,adam,7000,40.904032203641215,9,0,0.04270600032031767,0.038985437649319804,0.04273855170828478,0.029042185273739328,0.038907658135250836,112,4
0,learned,adam,7000,40.904032203641215,9,16,0.042510663068706864,0.03890784187571436,0.04205247246132021,0.028737534981526806,0.038907658135250836,112,4
0,learned,adam,7000,40.904032203641215,9,64,0.04251066306857592,0.03890784187566192,0.04205247246085897,0.02873753498132068,0.038907658135250836,112,4
0,learned,adam,7000,40.904032203641215,10,0,0.034828540426576585,0.03394650548730597,0.01181646367993994,0.007934926539216744,0.033941379557434724,112,4
0,learned,adam,7000,40.904032203641215,10,16,0.034816261932871954,0.03394139177466767,0.011763195548146435,0.007912009815852097,0.033941379557434724,112,4
0,learned,adam,7000,40.904032203641215,10,64,0.0348162619328636,0.033941391774664174,0.011763195548110185,0.007912009815836467,0.033941379557434724,112,4
0,learned,adam,7000,40.904032203641215,11,0,0.0329035284593737,0.03267558507530725,0.003188858888130331,0.002134296545988279,0.03267522685811982,112,4
0,learned,adam,7000,40.904032203641215,11,16,0.03290268287957016,0.03267522771489443,0.0031849622814831453,0.0021326350698722615,0.03267522685811982,112,4
0,learned,adam,7000,40.904032203641215,11,64,0.032902682879569586,0.03267522771489418,0.0031849622814804843,0.0021326350698711257,0.03267522685811982,112,4
0,learned,adam,7000,40.904032203641215,12,0,0.032401532656928696,0.032341140834851616,0.0008548397848504541,0.0005716311448915222,0.03234111537791028,112,4
0,learned,adam,7000,40.904032203641215,12,16,0.03240147280989258,0.03234111543913285,0.0008545594295712035,0.0005715118933641892,0.03234111537791028,112,4
0,learned,adam,7000,40.904032203641215,12,64,0.032401472809892536,0.03234111543913284,0.0008545594295710118,0.0005715118933641075,0.03234111537791028,112,4
0,learned,adam,7000,40.904032203641215,13,0,0.03226820159872251,0.03225209225493323,0.0002287456081987584,0.00015292545142158419,0.0322520904374835,112,4
0,learned,adam,7000,40.904032203641215,13,16,0.03226819733093788,0.03225209044193522,0.00022872552719534604,0.00015291691534909677,0.0322520904374835,112,4
0,learned,adam,7000,40.904032203641215,13,64,0.03226819733093788,0.03225209044193522,0.00022872552719533227,0.00015291691534909105,0.0322520904374835,112,4
0,learned,adam,7000,40.904032203641215,14,0,0.032232612083019495,0.03222830711217007,6.118027047101156e-05,4.0898796235729904e-05,0.03222830698224174,112,4
0,learned,adam,7000,40.904032203641215,14,16,0.03223261177805859,0.03222830698258144,6.117883385629898e-05,4.089818566305784e-05,0.03222830698224174,112,4
0,learned,adam,7000,40.904032203641215,14,64,0.03223261177805859,0.03222830698258144,6.117883385629802e-05,4.08981856630574e-05,0.03222830698224174,112,4
0,learned,adam,7000,40.904032203641215,15,0,0.03222309963212121,0.0322219486333965,1.6361156125298187e-05,1.0937187731892693e-05,0.032221948624100764,112,4
0,learned,adam,7000,40.904032203641215,15,16,0.03222309961031791,0.032221948624130796,1.636105338151051e-05,1.0937144067000334e-05,0.032221948624100764,112,4
0,learned,adam,7000,40.904032203641215,15,64,0.03222309961031791,0.032221948624130796,1.636105338151044e-05,1.0937144067000314e-05,0.032221948624100764,112,4
0,learned,adam,7000,40.904032203641215,16,0,0.03222055621306507,0.032220248436000826,4.375237162469124e-06,2.9247670621875624e-06,0.032220248435334574,112,4
0,learned,adam,7000,40.904032203641215,16,16,0.03222055621150601,0.032220248435338245,4.375229815072476e-06,2.924763939669946e-06,0.032220248435334574,112,4
0,learned,adam,7000,40.904032203641215,16,64,0.03222055621150601,0.032220248435338245,4.3752298150724725e-06,2.924763939669946e-06,0.032220248435334574,112,4
0,learned,adam,7000,40.904032203641215,17,0,0.03221987609405865,0.03221979379159242,1.1699982223810487e-06,7.821217309016024e-07,0.03221979379154438,112,4
0,learned,adam,7000,40.904032203641215,17,16,0.032219876093947164,0.03221979379154505,1.1699976969673272e-06,7.821215076105223e-07,0.03221979379154438,112,4
0,learned,adam,7000,40.904032203641215,17,64,0.032219876093947164,0.03221979379154505,1.169997696967327e-06,7.821215076105223e-07,0.03221979379154438,112,4
0,learned,adam,7000,40.904032203641215,18,0,0.032219694223248906,0.03221967221459371,3.128727453073013e-07,2.0914945689293046e-07,0.03221967221459015,112,4
0,learned,adam,7000,40.904032203641215,18,16,0.03221969422324093,0.032219672214590316,3.1287270773509764e-07,2.0914944092545525e-07,0.03221967221459015,112,4
0,learned,adam,7000,40.904032203641215,18,64,0.03221969422324093,0.032219672214590316,3.1287270773509764e-07,2.0914944092545525e-07,0.03221967221459015,112,4
0,learned,adam,7000,40.904032203641215,19,0,0.032219645588793526,0.03221963970340348,8.366618708258642e-08,5.592924380557e-08,0.032219639703403205,112,4
0,learned,adam,7000,40.904032203641215,19,16,0.03221964558879296,0.03221963970340325,8.366618439581205e-08,5.5929242663742107e-08,0.032219639703403205,112,4
0,learned,adam,7000,40.904032203641215,19,64,0.03221964558879296,0.03221963970340325,8.366618439581203e-08,5.5929242663742107e-08,0.032219639703403205,112,4
0,learned,adam,7000,40.904032203641215,20,0,0.03221963258332785,0.032219631009499795,2.2373408136963827e-08,1.495619452386644e-08,0.03221963100949977,112,4
0,learned,adam,7000,40.904032203641215,20,16,0.032219632583327815,0.03221963100949978,2.2373407944833683e-08,1.4956194442214776e-08,0.03221963100949977,112,4
0,learned,adam,7000,40.904032203641215,20,64,0.032219632583327815,0.03221963100949978,2.2373407944833683e-08,1.4956194442214776e-08,0.03221963100949977,112,4
0,learned,adam,7000,40.904032203641215,21,0,0.0322196291055009,0.0322196286846392,5.98293510791829e-09,3.9994774237415815e-09,0.0322196286846392,112,4
0,learned,adam,7000,40.904032203641215,21,16,0.03221962910550089,0.0322196286846392,5.982935094179136e-09,3.999477417902706e-09,0.0322196286846392,112,4
0,learned,adam,7000,40.904032203641215,21,64,0.03221962910550089,0.0322196286846392,5.982935094179136e-09,3.999477417902706e-09,0.0322196286846392,112,4
0,learned,adam,7000,40.904032203641215,22,0,0.03221962817548561,0.03221962806294182,1.5999132467764808e-09,1.0695113325258643e-09,0.03221962806294182,112,4
0,learned,adam,7000,40.904032203641215,22,16,0.03221962817548561,0.03221962806294182,1.5999132457940001e-09,1.0695113321083304e-09,0.03221962806294182,112,4
0,learned,adam,7000,40.904032203641215,22,64,0.03221962817548561,0.03221962806294182,1.5999132457940001e-09,1.0695113321083304e-09,0.03221962806294182,112,4
0,learned,adam,7000,40.904032203641215,23,0,0.03221962792678764,0.032219627896692006,4.278372307908743e-10,2.8600098631837425e-10,0.032219627896692006,112,4
0,learned,adam,7000,40.904032203641215,23,16,0.03221962792678764,0.032219627896692006,4.2783723072061784e-10,2.860009862885168e-10,0.032219627896692006,112,4
0,learned,adam,7000,40.904032203641215,23,64,0.03221962792678764,0.032219627896692006,4.2783723072061784e-10,2.860009862885168e-10,0.032219627896692006,112,4
0,learned,adam,7000,40.904032203641215,24,0,0.03221962786028264,0.032219627852234686,1.1440913827948483e-10,7.648031548669456e-11,0.032219627852234686,112,4
0,learned,adam,7000,40.904032203641215,24,16,0.03221962786028264,0.032219627852234686,1.1440913827446096e-10,7.648031548455944e-11,0.032219627852234686,112,4
0,learned,adam,7000,40.904032203641215,24,64,0.03221962786028264,0.032219627852234686,1.1440913827446096e-10,7.648031548455944e-11,0.032219627852234686,112,4
0,learned,adam,8000,43.92044429817172,1,0,0.9739434574958795,0.9739434574958795,1.0,1.0,0.8608356858299483,112,4
0,learned,adam,8000,43.92044429817172,1,16,0.8611063477070091,0.861106347707009,0.7519286051082411,0.751928605108241,0.8608356858299483,112,4
0,learned,adam,8000,43.92044429817172,1,64,0.8611063476737747,0.8611063476737747,0.751928605069872,0.751928605069872,0.8608356858299483,112,4
0,learned,adam,8000,43.92044429817172,2,0,0.9737314515225782,0.9736344440781973,0.9988512310265799,0.9983282768789119,0.8600139620321061,112,4
0,learned,adam,8000,43.92044429817172,2,16,0.8605425843185456,0.8602852797288563,0.7512789009163318,0.7509830263561679,0.8600139620321061,112,4
0,learned,adam,8000,43.92044429817172,2,64,0.8605425842852557,0.8602852796955411,0.751278900878029,0.7509830263178953,0.8600139620321061,112,4
0,learned,adam,8000,43.92044429817172,3,0,0.9728642011307224,0.9723631974955903,0.9942483456734766,0.9916456964902591,0.8566815610471619,112,4
0,learned,adam,8000,43.92044429817172,3,16,0.8582600804989665,0.8569554819080696,0.7486717696508374,0.7471953004792523,0.8566815610471619,112,4
0,learned,adam,8000,43.92044429817172,3,64,0.8582600804654559,0.8569554818744345,0.7486717696128,0.7471953004413647,0.8566815610471619,112,4
0,learned,adam,8000,43.92044429817172,4,0,0.9691596695475898,0.9668143205160351,0.9761354626700994,0.9655909228035395,0.8429385531087333,112,4
0,learned,adam,8000,43.92044429817172,4,16,0.8489032353346376,0.8432222904659455,0.7383515673275547,0.732306335029214,0.8429385531087333,112,4
0,learned,adam,8000,43.92044429817172,4,64,0.8489032353002764,0.8432222904311033,0.7383515672905582,0.7323063349928215,0.8429385531087333,112,4
0,learned,adam,8000,43.92044429817172,5,0,0.9506710435799903,0.9371543431955004,0.909604716474685,0.8731156044555354,0.7835089656352261,112,4
0,learned,adam,8000,43.92044429817172,5,16,0.8090198207481336,0.7838205187126149,0.6995976260793493,0.6778570920678876,0.7835089656352261,112,4
0,learned,adam,8000,43.92044429817172,5,64,0.8090198207110487,0.7838205186743499,0.6995976260461273,0.6778570920367055,0.7835089656352261,112,4
0,learned,adam,8000,43.92044429817172,6,0,0.8213441012610456,0.7192904129878657,0.7153547480908559,0.6299257981626282,0.5386480773781294,112,4
0,learned,adam,8000,43.92044429817172,6,16,0.6367947105102221,0.5389184292901179,0.578404713606272,0.5215390248386267,0.5386480773781294,112,4
0,learned,adam,8000,43.92044429817172,6,64,0.63679471047272,0.5389184292569001,0.5784047135835089,0.521539024820168,0.5386480773781294,112,4
0,learned,adam,8000,43.92044429817172,7,0,0.31314786815114726,0.1866376024006088,0.38785255514541045,0.2967448649069258,0.15923459617419408,112,4
0,learned,adam,8000,43.92044429817172,7,16,0.2474105057812314,0.1592737250318696,0.3431801144630767,0.27028402240448934,0.15923459617419408,112,4
0,learned,adam,8000,43.92044429817172,7,64,0.24741050577009213,0.15927372502706194,0.3431801144549624,0.2702840223995318,0.15923459617419408,112,4
0,learned,adam,8000,43.92044429817172,8,0,0.06865167562196609,0.05045285627554809,0.13741601579960513,0.0947421371834799,0.04946423086608672,112,4
0,learned,adam,8000,43.92044429817172,8,16,0.06565073296680217,0.04946581860393078,0.13123188992384824,0.09187056558487947,0.04946423086608672,112,4
0,learned,adam,8000,43.92044429817172,8,64,0.06565073296622852,0.049465818603735764,0.13123188992263563,0.0918705655843067,0.04946423086608672,112,4
0,learned,adam,8000,43.92044429817172,9,0,0.03414661425924222,0.031134026951491884,0.038222056605949524,0.025304493213101388,0.031088216586093367,112,4
0,learned,adam,8000,43.92044429817172,9,16,0.03402383916080877,0.03108829249536063,0.03772150353308052,0.025094992839423808,0.031088216586093367,112,4
0,learned,adam,8000,43.92044429817172,9,64,0.03402383916078393,0.031088292495351305,0.037721503532978984,0.025094992839381068,0.031088216586093367,112,4
0,learned,adam,8000,43.92044429817172,10,0,0.027918928856586745,0.02725879998991452,0.009778151632365626,0.006399008707216057,0.027256207077299744,112,4
0,learned,adam,8000,43.92044429817172,10,16,0.027912349122856395,0.027256211406040464,0.00974493661306664,0.006385528095396982,0.027256207077299744,112,4
0,learned,adam,8000,43.92044429817172,10,64,0.027912349122855045,0.027256211406039937,0.009744936613059835,0.006385528095394215,0.027256207077299744,112,4
0,learned,adam,8000,43.92044429817172,11,0,0.02650985853692172,0.026351311295317915,0.0024446771043602844,0.0015950816674623705,0.026351155146780925,112,4
0,learned,adam,8000,43.92044429817172,11,16,0.02650946829996364,0.026351155408515035,0.00244259337921887,0.0015942427148191536,0.026351155146780925,112,4
0,learned,adam,8000,43.92044429817172,11,64,0.02650946829996356,0.026351155408515,0.0024425933792184412,0.001594242714818981,0.026351155146780925,112,4
0,learned,adam,8000,43.92044429817172,12,0,0.026168465963980876,0.026129453050571416,0.0006076356891942792,0.00039616903197175574,0.02612944349315753,112,4
0,learned,adam,8000,43.92044429817172,12,16,0.026168442171911395,0.026129443509338823,0.0006075068402573832,0.0003961172588477427,0.02612944349315753,112,4
0,learned,adam,8000,43.92044429817172,12,64,0.02616844217191139,0.026129443509338823,0.0006075068402573566,0.0003961172588477322,0.02612944349315753,112,4
0,learned,adam,8000,43.92044429817172,13,0,0.026084274871451867,0.02607461641987668,0.00015080991271575542,9.830747310550405e-05,0.02607461583247428,112,4
0,learned,adam,8000,43.92044429817172,13,16,0.026084273410699688,0.02607461583350726,0.00015080197395189997,9.830428480635672e-05,0.02607461583247428,112,4
0,learned,adam,8000,43.92044429817172,13,64,0.026084273410699688,0.02607461583350726,0.00015080197395189837,9.830428480635622e-05,0.02607461583247428,112,4
0,learned,adam,8000,43.92044429817172,14,0,0.026063420103247754,0.026061025319317914,3.741611326077588e-05,2.4389073834604036e-05,0.026061025283172088,112,4
0,learned,adam,8000,43.92044429817172,14,16,0.026063420013405773,0.026061025283245175,3.741562456905091e-05,2.43888775947535e-05,0.026061025283172088,112,4
0,learned,adam,8000,43.92044429817172,14,64,0.026063420013405773,0.026061025283245175,3.7415624569050815e-05,2.438887759475346e-05,0.026061025283172088,112,4
0,learned,adam,8000,43.92044429817172,15,0,0.026058248516175973,0.026057654512723696,9.282143632626909e-06,6.050342462182654e-06,0.026057654510497116,112,4
0,learned,adam,8000,43.92044429817172,15,16,0.026058248510647943,0.026057654510503982,9.282113556611477e-06,6.050330385180887e-06,0.026057654510497116,112,4
0,learned,adam,8000,43.92044429817172,15,64,0.026058248510647943,0.026057654510503982,9.282113556611471e-06,6.050330385180887e-06,0.026057654510497116,112,4
0,learned,adam,8000,43.92044429817172,16,0,0.026056965709307673,0.026056818358592616,2.3026513181695516e-06,1.5009237189670822e-06,0.026056818358454997,112,4
0,learned,adam,8000,43.92044429817172,16,16,0.026056965708967487,0.02605681835845601,2.3026494672753295e-06,1.5009229757475598e-06,0.026056818358454997,112,4
0,learned,adam,8000,43.92044429817172,16,64,0.026056965708967487,0.02605681835845601,2.3026494672753295e-06,1.5009229757475598e-06,0.026056818358454997,112,4
0,learned,adam,8000,43.92044429817172,17,0,0.026056647488753765,0.02605661093553633,5.712229706721423e-07,3.7233666063022514e-07,0.02605661093552772,112,4
0,learned,adam,8000,43.92044429817172,17,16,0.026056647488732827,0.026056610935527927,5.71222856768676e-07,3.723366148928092e-07,0.02605661093552772,112,4
0,learned,adam,8000,43.92044429817172,17,64,0.026056647488732827,0.026056610935527927,5.71222856768676e-07,3.723366148928092e-07,0.02605661093552772,112,4
0,learned,adam,8000,43.92044429817172,18,0,0.026056568547776167,0.026056559479985766,1.4170414352953302e-07,9.236610063167074e-08,0.026056559479985194,112,4
0,learned,adam,8000,43.92044429817172,18,16,0.026056568547774883,0.026056559479985246,1.417041365199722e-07,9.236609781701495e-08,0.026056559479985194,112,4
0,learned,adam,8000,43.92044429817172,18,64,0.026056568547774883,0.026056559479985246,1.417041365199722e-07,9.236609781701495e-08,0.026056559479985194,112,4
0,learned,adam,8000,43.92044429817172,19,0,0.026056548964804756,0.026056546715346407,3.5152748514584383e-08,2.291338901847305e-08,0.026056546715346362,112,4
0,learned,adam,8000,43.92044429817172,19,16,0.026056548964804676,0.026056546715346372,3.515274808321999e-08,2.2913388845260762e-08,0.026056546715346362,112,4
0,learned,adam,8000,43.92044429817172,19,64,0.026056548964804676,0.026056546715346372,3.515274808321999e-08,2.2913388845260762e-08,0.026056546715346362,112,4
0,learned,adam,8000,43.92044429817172,20,0,0.02605654410683139,0.02605654354880518,8.720391603449911e-09,5.6841564742688315e-09,0.02605654354880517,112,4
0,learned,adam,8000,43.92044429817172,20,16,0.026056544106831385,0.02605654354880518,8.72039157690399e-09,5.684156463609434e-09,0.02605654354880517,112,4
0,learned,adam,8000,43.92044429817172,20,64,0.026056544106831385,0.02605654354880518,8.72039157690399e-09,5.684156463609434e-09,0.02605654354880517,112,4
0,learned,adam,8000,43.92044429817172,21,0,0.026056542901707256,0.026056542763276912,2.1632797244086592e-09,1.4100766315964386e-09,0.026056542763276912,112,4
0,learned,adam,8000,43.92044429817172,21,16,0.026056542901707256,0.026056542763276912,2.163279722775042e-09,1.410076630940467e-09,0.026056542763276912,112,4
0,learned,adam,8000,43.92044429817172,21,64,0.026056542901707256,0.026056542763276912,2.163279722775042e-09,1.410076630940467e-09,0.026056542763276912,112,4
0,learned,adam,8000,43.92044429817172,22,0,0.026056542602750442,0.026056542568409835,5.366478197814468e-10,3.497996773291836e-10,0.026056542568409835,112,4
0,learned,adam,8000,43.92044429817172,22,16,0.026056542602750442,0.026056542568409835,5.366478196809151e-10,3.497996772888158e-10,0.026056542568409835,112,4
0,learned,adam,8000,43.92044429817172,22,64,0.026056542602750442,0.026056542568409835,5.366478196809151e-10,3.497996772888158e-10,0.026056542568409835,112,4
0,learned,adam,8000,43.92044429817172,23,0,0.026056542528587804,0.026056542520068882,1.3312697329621683e-10,8.677529392397081e-11,0.026056542520068882,112,4
0,learned,adam,8000,43.92044429817172,23,16,0.026056542528587804,0.026056542520068882,1.3312697329003016e-10,8.677529392148662e-11,0.026056542520068882,112,4
0,learned,adam,8000,43.92044429817172,23,64,0.026056542528587804,0.026056542520068882,1.3312697329003016e-10,8.677529392148662e-11,0.026056542520068882,112,4
0,learned,adam,8000,43.92044429817172,24,0,0.026056542510190177,0.02605654250807687,3.302499397191512e-11,2.1526468210595074e-11,0.02605654250807687,112,4
0,learned,adam,8000,43.92044429817172,24,16,0.026056542510190177,0.02605654250807687,3.3024993971534376e-11,2.1526468210442198e-11,0.02605654250807687,112,4
0,learned,adam,8000,43.92044429817172,24,64,0.026056542510190177,0.02605654250807687,3.3024993971534376e-11,2.1526468210442198e-11,0.02605654250807687,112,4
0,learned,adam,9000,46.69492835567756,1,0,0.9786716726992345,0.9786716726992346,1.0,1.0,0.8865686979506197,112,4
0,learned,adam,9000,46.69492835567756,1,16,0.8867301781945003,0.8867301781945004,0.7689077177381557,0.7689077177381558,0.8865686979506197,112,4
0,learned,adam,9000,46.69492835567756,1,64,0.8867301781854654,0.8867301781854654,0.7689077177264007,0.7689077177264007,0.8865686979506197,112,4
0,learned,adam,9000,46.69492835567756,2,0,0.9785441301599801,0.9784822806045266,0.9992039626848824,0.9988194191734823,0.8860306012208797,112,4
0,learned,adam,9000,46.69492835567756,2,16,0.8863678499598515,0.8861924550573653,0.7684369940688798,0.7682095453523615,0.8860306012208797,112,4
0,learned,adam,9000,46.69492835567756,2,64,0.8863678499508024,0.8861924550483095,0.7684369940571391,0.7682095453406278,0.8860306012208797,112,4
0,learned,adam,9000,46.69492835567756,3,0,0.9779856312843578,0.9776489453492252,0.995774620035746,0.9937426872656359,0.8836878495229935,112,4
0,learned,adam,9000,46.69492835567756,3,16,0.8847931149995585,0.8838513082159835,0.7664070209431684,0.7652029178676903,0.8836878495229935,112,4
0,learned,adam,9000,46.69492835567756,3,64,0.8847931149904485,0.8838513082068378,0.7664070209314894,0.7652029178560482,0.8836878495229935,112,4
0,learned,adam,9000,46.69492835567756,4,0,0.975443413820358,0.9737789481208778,0.9812160370179708,0.9723563088511358,0.8732892189259935,112,4
0,learned,adam,9000,46.69492835567756,4,16,0.8778528504457342,0.8734593901365191,0.7577513439507415,0.7524591627562538,0.8732892189259935,112,4
0,learned,adam,9000,46.69492835567756,4,64,0.8778528504363677,0.8734593901269974,0.757751343939325,0.7524591627449961,0.8732892189259935,112,4
0,learned,adam,9000,46.69492835567756,5,0,0.9619445122943207,0.9516952343235141,0.9230423071669376,0.8895177598765945,0.8239714178008537,112,4
0,learned,adam,9000,46.69492835567756,5,16,0.8456560405394923,0.8241655221223508,0.7225459069122581,0.7018771113920466,0.8239714178008537,112,4
0,learned,adam,9000,46.69492835567756,5,64,0.845656040529146,0.8241655221114887,0.7225459069018756,0.7018771113822515,0.8239714178008537,112,4
0,learned,adam,9000,46.69492835567756,6,0,0.8541070991558962,0.7590063742387769,0.7364272902195177,0.6499205024773417,0.5826652896593144,112,4
0,learned,adam,9000,46.69492835567756,6,16,0.6846834955766273,0.5828606563479408,0.6026314738682126,0.5437158683396208,0.5826652896593144,112,4
0,learned,adam,9000,46.69492835567756,6,64,0.6846834955649064,0.5828606563370047,0.6026314738609734,0.543715868333743,0.5826652896593144,112,4
0,learned,adam,9000,46.69492835567756,7,0,0.3192102870646291,0.17805337170432897,0.39684577277973576,0.300113942598414,0.15189617450905962,112,4
0,learned,adam,9000,46.69492835567756,7,16,0.2518098158824379,0.1519227124287811,0.35385071012274844,0.27528386110857367,0.15189617450905962,112,4
0,learned,adam,9000,46.69492835567756,7,64,0.2518098158787244,0.15192271242729555,0.3538507101202173,0.27528386110706693,0.15189617450905962,112,4
0,learned,adam,9000,46.69492835567756,8,0,0.05842525370158708,0.04163422035946655,0.13380235741735058,0.09014952334336909,0.040913314349391106,112,4
0,learned,adam,9000,46.69492835567756,8,16,0.056010242809399764,0.04091413614372826,0.12840841315690785,0.08777143568734684,0.040913314349391106,112,4
0,learned,adam,9000,46.69492835567756,8,64,0.05601024280925049,0.04091413614368225,0.128408413156566,0.08777143568719367,0.040913314349391106,112,4
0,learned,adam,9000,46.69492835567756,9,0,0.027684969259889357,0.025212699985587003,0.0346754757099347,0.022383884094093212,0.025184550785973918,112,4
0,learned,adam,9000,46.69492835567756,9,16,0.02760463699235544,0.02518458378814755,0.03429694535354114,0.022234305229172965,0.025184550785973918,112,4
0,learned,adam,9000,46.69492835567756,9,64,0.027604636992350197,0.02518458378814571,0.03429694535351639,0.022234305229163136,0.025184550785973918,112,4
0,learned,adam,9000,46.69492835567756,10,0,0.022688820657662312,0.022185443426608675,0.008246618622536598,0.005263298047378884,0.02218406190369097,112,4
0,learned,adam,9000,46.69492835567756,10,16,0.02268511254680001,0.022184063534142238,0.008224939277243519,0.005254985374374639,0.02218406190369097,112,4
0,learned,adam,9000,46.69492835567756,10,64,0.022685112546799762,0.022184063534142144,0.00822493927724209,0.005254985374374092,0.02218406190369097,112,4
0,learned,adam,9000,46.69492835567756,11,0,0.021637102095817096,0.02152427258822955,0.0019186735509771047,0.0012212481821097206,0.02152420028689189,112,4
0,learned,adam,9000,46.69492835567756,11,16,0.02163691104724545,0.021524200372688415,0.0019174964249886264,0.001220800097830409,0.02152420028689189,112,4
0,learned,adam,9000,46.69492835567756,11,64,0.021636911047245435,0.021524200372688408,0.0019174964249885488,0.0012208000978303787,0.02152420028689189,112,4
0,learned,adam,9000,46.69492835567756,12,0,0.021399384575954028,0.021373495588199107,0.00044408806622727327,0.0002824861976046345,0.021373491745116997,112,4
0,learned,adam,9000,46.69492835567756,12,16,0.021399374458707886,0.021373491749761872,0.0004440249604014621,0.00028246221652025174,0.021373491745116997,112,4
0,learned,adam,9000,46.69492835567756,12,64,0.021399374458707883,0.021373491749761872,0.00044402496040145785,0.0002824622165202502,0.021373491745116997,112,4
0,learned,adam,9000,46.69492835567756,13,0,0.021344732191088338,0.021338759306235383,0.00010266264634946885,6.529455743485248e-05,0.021338759101205418,112,4
0,learned,adam,9000,46.69492835567756,13,16,0.02134473165184303,0.021338759101472447,0.00010265927325797082,6.529327611762815e-05,0.021338759101205418,112,4
0,learned,adam,9000,46.69492835567756,13,64,0.02134473165184303,0.021338759101472447,0.00010265927325797061,6.529327611762804e-05,0.021338759101205418,112,4
0,learned,adam,9000,46.69492835567756,14,0,0.02133211749565917,0.021330737734383525,2.3726539310940263e-05,1.5089825620615143e-05,0.021330737723432507,112,4
0,learned,adam,9000,46.69492835567756,14,16,0.021332117466874495,0.021330737723451204,2.372635913838025e-05,1.5089757185706139e-05,0.021330737723432507,112,4
0,learned,adam,9000,46.69492835567756,14,64,0.021332117466874495,0.021330737723451204,2.372635913838024e-05,1.5089757185706139e-05,0.021330737723432507,112,4
0,learned,adam,9000,46.69492835567756,15,0,0.021329203140236817,0.02132888431615859,5.483126621746982e-06,3.487182688082003e-06,0.021328884315572783,112,4
0,learned,adam,9000,46.69492835567756,15,16,0.02132920313869977,0.021328884315574802,5.483116999416911e-06,3.487179033311038e-06,0.021328884315572783,112,4
0,learned,adam,9000,46.69492835567756,15,64,0.02132920313869977,0.021328884315574802,5.483116999416911e-06,3.487179033311038e-06,0.021328884315572783,112,4
0,learned,adam,9000,46.69492835567756,16,0,0.02132852969808779,0.021328456021804724,1.267113932750741e-06,8.058631661046429e-07,0.021328456021773197,112,4
0,learned,adam,9000,46.69492835567756,16,16,0.02132852969800571,0.02132845602177355,1.2671134188775974e-06,8.058629709253558e-07,0.021328456021773197,112,4
0,learned,adam,9000,46.69492835567756,16,64,0.02132852969800571,0.02132845602177355,1.2671134188775974e-06,8.058629709253558e-07,0.021328456021773197,112,4
0,learned,adam,9000,46.69492835567756,17,0,0.021328374073095395,0.021328357047155137,2.9282055436766555e-07,1.8622887360817657e-07,0.021328357047153395,112,4
0,learned,adam,9000,46.69492835567756,17,16,0.02132837407309101,0.021328357047153468,2.9282052692489746e-07,1.862288631848766e-07,0.021328357047153395,112,4
0,learned,adam,9000,46.69492835567756,17,64,0.02132837407309101,0.021328357047153468,2.9282052692489746e-07,1.862288631848766e-07,0.021328357047153395,112,4
0,learned,adam,9000,46.69492835567756,18,0,0.02132833810948306,0.021328334174923948,6.766858642669593e-08,4.3036061587621066e-08,0.021328334174923847,112,4
0,learned,adam,9000,46.69492835567756,18,16,0.021328338109482824,0.021328334174923864,6.76685849611513e-08,4.3036061030978654e-08,0.021328334174923847,112,4
0,learned,adam,9000,46.69492835567756,18,64,0.021328338109482824,0.021328334174923864,6.76685849611513e-08,4.3036061030978654e-08,0.021328334174923847,112,4
0,learned,adam,9000,46.69492835567756,19,0,0.02132832979857634,0.021328328889330325,1.5637688941847626e-08,9.945302021331164e-09,0.021328328889330315,112,4
0,learned,adam,9000,46.69492835567756,19,16,0.021328329798576327,0.021328328889330315,1.56376888635822e-08,9.945301991604434e-09,0.021328328889330315,112,4
0,learned,adam,9000,46.69492835567756,19,64,0.021328329798576327,0.021328328889330315,1.56376888635822e-08,9.945301991604434e-09,0.021328328889330315,112,4
0,learned,adam,9000,46.69492835567756,20,0,0.021328327877990282,0.02132832766787056,3.613749273318393e-09,2.2982825595784368e-09,0.02132832766787056,112,4
0,learned,adam,9000,46.69492835567756,20,16,0.021328327877990282,0.02132832766787056,3.613749269138739e-09,2.2982825579909213e-09,0.02132832766787056,112,4
0,learned,adam,9000,46.69492835567756,20,64,0.021328327877990282,0.02132832766787056,3.613749269138739e-09,2.2982825579909213e-09,0.02132832766787056,112,4
0,learned,adam,9000,46.69492835567756,21,0,0.02132832743415769,0.021328327385600646,8.351095696062801e-10,5.31115362940827e-10,0.021328327385600646,112,4
0,learned,adam,9000,46.69492835567756,21,16,0.02132832743415769,0.021328327385600646,8.351095693830722e-10,5.311153628560486e-10,0.021328327385600646,112,4
0,learned,adam,9000,46.69492835567756,21,64,0.02132832743415769,0.021328327385600646,8.351095693830722e-10,5.311153628560486e-10,0.021328327385600646,112,4
0,learned,adam,9000,46.69492835567756,22,0,0.021328327331591405,0.021328327320370245,1.9298737652077622e-10,1.2273666142267212e-10,0.021328327320370245,112,4
0,learned,adam,9000,46.69492835567756,22,16,0.021328327331591405,0.021328327320370245,1.9298737650885614e-10,1.2273666141814465e-10,0.021328327320370245,112,4
0,learned,adam,9000,46.69492835567756,22,64,0.021328327331591405,0.021328327320370245,1.9298737650885614e-10,1.2273666141814465e-10,0.021328327320370245,112,4
0,learned,adam,9000,46.69492835567756,23,0,0.02132832730788912,0.021328327305295998,4.459789329722638e-11,2.8363495209483032e-11,0.021328327305295998,112,4
0,learned,adam,9000,46.69492835567756,23,16,0.02132832730788912,0.021328327305295998,4.459789329658973e-11,2.8363495209241185e-11,0.021328327305295998,112,4
0,learned,adam,9000,46.69492835567756,23,64,0.02132832730788912,0.021328327305295998,4.459789329658973e-11,2.8363495209241185e-11,0.021328327305295998,112,4
0,learned,adam,9000,46.69492835567756,24,0,0.02132832730241171,0.021328327301812458,1.0306228947026805e-11,6.554584841358648e-12,0.021328327301812458,112,4
0,learned,adam,9000,46.69492835567756,24,16,0.02132832730241171,0.021328327301812458,1.0306228946992803e-11,6.554584841345723e-12,0.021328327301812458,112,4
0,learned,adam,9000,46.69492835567756,24,64,0.02132832730241171,0.021328327301812458,1.0306228946992803e-11,6.554584841345723e-12,0.021328327301812458,112,4
0,learned,adam,10000,49.26842521616799,1,0,0.9823656754270261,0.9823656754270261,1.0,1.0,0.90741335203869,112,4
0,learned,adam,10000,49.26842521616799,1,16,0.9075093268887678,0.907509326888768,0.7840211369480621,0.7840211369480622,0.90741335203869,112,4
0,learned,adam,10000,49.26842521616799,1,64,0.9075093268862062,0.9075093268862062,0.7840211369442661,0.7840211369442662,0.90741335203869,112,4
0,learned,adam,10000,49.26842521616799,2,0,0.9822881455756696,0.9822484488818157,0.9994446361852043,0.9991610971115404,0.9070644977320488,112,4
0,learned,adam,10000,49.26842521616799,2,16,0.9072786413842682,0.9071606706186615,0.7836797174833752,0.7835053790025887,0.9070644977320488,112,4
0,learned,adam,10000,49.26842521616799,2,64,0.9072786413817029,0.9071606706160945,0.7836797174795826,0.7835053789987977,0.9070644977320488,112,4
0,learned,adam,10000,49.26842521616799,3,0,0.981925745087154,0.981698272005359,0.996881743671082,0.995295181757457,0.9054399224857588,112,4
0,learned,adam,10000,49.26842521616799,3,16,0.9062062074556405,0.9055370094691568,0.7821030112952136,0.7811261945832463,0.9054399224857588,112,4
0,learned,adam,10000,49.26842521616799,3,64,0.9062062074530591,0.9055370094665653,0.7821030112914363,0.7811261945794783,0.9054399224857588,112,4
0,learned,adam,10000,49.26842521616799,4,0,0.9801730340866798,0.9789885447771416,0.9851943066804816,0.9777787291200885,0.8977196494060623,112,4
0,learned,adam,10000,49.26842521616799,4,16,0.9011483950152079,0.8978209028554825,0.7748893645758612,0.7702960920418119,0.8977196494060623,112,4
0,learned,adam,10000,49.26842521616799,4,64,0.9011483950125525,0.8978209028527798,0.7748893645721532,0.7702960920381478,0.8977196494060623,112,4
0,learned,adam,10000,49.26842521616799,5,0,0.9703420840840316,0.9626411843332872,0.9346423853275062,0.9041066901394148,0.8579870414948512,112,4
0,learned,adam,10000,49.26842521616799,5,16,0.8758354550772857,0.858105696859884,0.7432407850781694,0.7238299450286746,0.8579870414948512,112,4
0,learned,adam,10000,49.26842521616799,5,64,0.8758354550743086,0.8581056968567167,0.7432407850747574,0.7238299450254392,0.8579870414948512,112,4
0,learned,adam,10000,49.26842521616799,6,0,0.882628216890777,0.7972264616534629,0.7570633362216582,0.6702747978620374,0.6291266640089873,112,4
0,learned,adam,10000,49.26842521616799,6,16,0.7310216621018737,0.6292655423135101,0.626105106177061,0.565802482803068,0.6291266640089873,112,4
0,learned,adam,10000,49.26842521616799,6,64,0.7310216620981247,0.629265542309802,0.6261051061746346,0.565802482801091,0.6291266640089873,112,4
0,learned,adam,10000,49.26842521616799,7,0,0.3300909187613414,0.17254444093279525,0.407466867904989,0.3050180106057474,0.14704855966346717,112,4
0,learned,adam,10000,49.26842521616799,7,16,0.26019716967004963,0.1470670263838662,0.36560782817673665,0.28137541709940983,0.14704855966346717,112,4
0,learned,adam,10000,49.26842521616799,7,64,0.26019716966872986,0.1470670263833731,0.36560782817589643,0.28137541709892094,0.14704855966346717,112,4
0,learned,adam,10000,49.26842521616799,8,0,0.050384277293210364,0.0347562916017985,0.13139747525825607,0.08657664171490055,0.034215950941931944,112,4
0,learned,adam,10000,49.26842521616799,8,16,0.04838490430303515,0.03421639038403001,0.1265873305124162,0.08455990728297115,0.034215950941931944,112,4
0,learned,adam,10000,49.26842521616799,8,64,0.0483849043029931,0.03421639038401828,0.1265873305123125,0.084559907282927,0.034215950941931944,112,4
0,learned,adam,10000,49.26842521616799,9,0,0.022712035034144446,0.020656974882501223,0.031852767878848054,0.02006004369260593,0.020639035724961407,112,4
0,learned,adam,10000,49.26842521616799,9,16,0.022657587622444686,0.020639050691597136,0.03155759098446076,0.019949799962464553,0.020639035724961407,112,4
0,learned,adam,10000,49.26842521616799,9,64,0.022657587622443482,0.02063905069159674,0.03155759098445421,0.019949799962462093,0.020639035724961407,112,4
0,learned,adam,10000,49.26842521616799,10,0,0.018648291865150917,0.018258000161495064,0.007068137049335461,0.0044017580598217166,0.018257231235558665,112,4
0,learned,adam,10000,49.26842521616799,10,16,0.018646110751956196,0.01825723188110638,0.007053433555651699,0.004396427049557076,0.018257231235558665,112,4
0,learned,adam,10000,49.26842521616799,10,64,0.018646110751956147,0.018257231881106364,0.00705343355565137,0.004396427049556955,0.018257231235558665,112,4
0,learned,adam,10000,49.26842521616799,11,0,0.017849591732294334,0.017767691067895226,0.0015356833704494124,0.0009539781865343332,0.017767655869130962,112,4
0,learned,adam,10000,49.26842521616799,11,16,0.01784949346413312,0.01776765589892452,0.0015349874564100714,0.0009537275489181356,0.017767655869130962,112,4
0,learned,adam,10000,49.26842521616799,11,64,0.01784949346413312,0.01776765589892452,0.0015349874564100558,0.0009537275489181297,0.017767655869130962,112,4
0,learned,adam,10000,49.26842521616799,12,0,0.017680645160589967,0.017663066940219324,0.0003321036643070255,0.00020619330846768908,0.017663065304972927,112,4
0,learned,adam,10000,49.26842521616799,12,16,0.017680640611355474,0.017663065306403377,0.0003320710994674836,0.00020618159709111166,0.017663065304972927,112,4
0,learned,adam,10000,49.26842521616799,12,64,0.017680640611355474,0.017663065306403377,0.00033207109946748294,0.00020618159709111128,0.017663065304972927,112,4
0,learned,adam,10000,49.26842521616799,13,0,0.017644320804677954,0.01764052942839968,7.174739452025325e-05,4.454059509584354e-05,0.01764052935217817,112,4
0,learned,adam,10000,49.26842521616799,13,16,0.01764432059281894,0.017640529352254773,7.174587443527125e-05,4.4540048595824885e-05,0.01764052935217817,112,4
0,learned,adam,10000,49.26842521616799,13,64,0.01764432059281894,0.017640529352254773,7.174587443527119e-05,4.4540048595824885e-05,0.01764052935217817,112,4
0,learned,adam,10000,49.26842521616799,14,0,0.017636483173008803,0.017635664555887293,1.549685503209606e-05,9.620162954403939e-06,0.017635664552330333,112,4
0,learned,adam,10000,49.26842521616799,14,16,0.01763648316312975,0.017635664552336058,1.549678411443439e-05,9.620137459863636e-06,0.017635664552330333,112,4
0,learned,adam,10000,49.26842521616799,14,64,0.01763648316312975,0.017635664552336058,1.549678411443439e-05,9.620137459863636e-06,0.017635664552330333,112,4
0,learned,adam,10000,49.26842521616799,15,0,0.01763479076747696,0.017634613974676673,3.347036718074006e-06,2.0777675250552283e-06,0.0176346139745103,112,4
0,learned,adam,10000,49.26842521616799,15,16,0.017634790767016167,0.017634613974511038,3.3470334098817514e-06,2.077766335794334e-06,0.0176346139745103,112,4
0,learned,adam,10000,49.26842521616799,15,64,0.017634790767016167,0.017634613974511038,3.3470334098817514e-06,2.077766335794334e-06,0.0176346139745103,112,4
0,learned,adam,10000,49.26842521616799,16,0,0.017634425260317357,0.01763438707733154,7.228912182212198e-07,4.487545986138439e-07,0.017634387077323694,112,4
0,learned,adam,10000,49.26842521616799,16,16,0.017634425260295863,0.01763438707732382,7.228910639033466e-07,4.4875454313834113e-07,0.017634387077323694,112,4
0,learned,adam,10000,49.26842521616799,16,64,0.017634425260295863,0.01763438707732382,7.228910639033466e-07,4.4875454313834113e-07,0.017634387077323694,112,4
0,learned,adam,10000,49.26842521616799,17,0,0.01763434631927385,0.017634338072580347,1.5612931826929316e-07,9.692154209196916e-08,0.01763433807257996,112,4
0,learned,adam,10000,49.26842521616799,17,16,0.017634346319272846,0.01763433807257999,1.5612931107083691e-07,9.69215395042083e-08,0.01763433807257996,112,4
0,learned,adam,10000,49.26842521616799,17,64,0.017634346319272846,0.01763433807257999,1.5612931107083691e-07,9.69215395042083e-08,0.01763433807257996,112,4
0,learned,adam,10000,49.26842521616799,18,0,0.01763432926971328,0.01763432748860293,3.372063707368999e-08,2.0933006056932573e-08,0.0176343274886029,112,4
0,learned,adam,10000,49.26842521616799,18,16,0.01763432926971323,0.017634327488602917,3.372063673790443e-08,2.0933005936221613e-08,0.0176343274886029,112,4
0,learned,adam,10000,49.26842521616799,18,64,0.01763432926971323,0.017634327488602917,3.372063673790443e-08,2.0933005936221613e-08,0.0176343274886029,112,4
0,learned,adam,10000,49.26842521616799,19,0,0.017634325587370263,0.01763432520268813,7.282945063066708e-09,4.521086922697633e-09,0.01763432520268813,112,4
0,learned,adam,10000,49.26842521616799,19,16,0.017634325587370263,0.01763432520268813,7.282945047403348e-09,4.52108691706683e-09,0.01763432520268813,112,4
0,learned,adam,10000,49.26842521616799,19,64,0.017634325587370263,0.01763432520268813,7.282945047403348e-09,4.52108691706683e-09,0.01763432520268813,112,4
0,learned,adam,10000,49.26842521616799,20,0,0.01763432479206209,0.017634324708978872,1.572962204045305e-09,9.764592168007578e-10,0.017634324708978872,112,4
0,learned,adam,10000,49.26842521616799,20,16,0.01763432479206209,0.017634324708978872,1.57296220331466e-09,9.764592165381e-10,0.017634324708978872,112,4
0,learned,adam,10000,49.26842521616799,20,64,0.01763432479206209,0.017634324708978872,1.57296220331466e-09,9.764592165381e-10,0.017634324708978872,112,4
0,learned,adam,10000,49.26842521616799,21,0,0.017634324620292335,0.017634324602348112,3.3972658890840633e-10,2.108945516263368e-10,0.017634324602348112,112,4
0,learned,adam,10000,49.26842521616799,21,16,0.017634324620292335,0.017634324602348112,3.397265888743241e-10,2.1089455161408436e-10,0.017634324602348112,112,4
0,learned,adam,10000,49.26842521616799,21,64,0.017634324620292335,0.017634324602348112,3.397265888743241e-10,2.1089455161408436e-10,0.017634324602348112,112,4
0,learned,adam,10000,49.26842521616799,22,0,0.017634324583193698,0.017634324579318125,7.337376244318775e-11,4.554876549243453e-11,0.017634324579318125,112,4
0,learned,adam,10000,49.26842521616799,22,16,0.017634324583193698,0.017634324579318125,7.337376244159796e-11,4.5548765491862974e-11,0.017634324579318125,112,4
0,learned,adam,10000,49.26842521616799,22,64,0.017634324583193698,0.017634324579318125,7.337376244159796e-11,4.5548765491862974e-11,0.017634324579318125,112,4
0,learned,adam,10000,49.26842521616799,23,0,0.01763432457518118,0.01763432457434414,1.5847181791578287e-11,9.837570584999464e-12,0.01763432457434414,112,4
0,learned,adam,10000,49.26842521616799,23,16,0.01763432457518118,0.01763432457434414,1.584718179150411e-11,9.837570584972797e-12,0.01763432457434414,112,4
0,learned,adam,10000,49.26842521616799,23,64,0.01763432457518118,0.01763432457434414,1.584718179150411e-11,9.837570584972797e-12,0.01763432457434414,112,4
0,learned,adam,10000,49.26842521616799,24,0,0.01763432457345064,0.01763432457326986,3.422656306028181e-12,2.1247073101950958e-12,0.01763432457326986,112,4
0,learned,adam,10000,49.26842521616799,24,16,0.01763432457345064,0.01763432457326986,3.422656306024727e-12,2.124707310193858e-12,0.01763432457326986,112,4
0,learned,adam,10000,49.26842521616799,24,64,0.01763432457345064,0.01763432457326986,3.422656306024727e-12,2.124707310193858e-12,0.01763432457326986,112,4
0,learned,adam,11000,51.67194035252699,1,0,0.9852926332321827,0.985292633232183,1.0,1.0,0.9242719480626911,112,4
0,learned,adam,11000,51.67194035252699,1,16,0.9243288338096072,0.9243288338096072,0.7976117280386976,0.7976117280386976,0.9242719480626911,112,4
0,learned,adam,11000,51.67194035252699,1,64,0.9243288338088548,0.9243288338088548,0.7976117280374185,0.7976117280374184,0.9242719480626911,112,4
0,learned,adam,11000,51.67194035252699,2,0,0.9852451172634858,0.9852195070923574,0.9996107296042039,0.9994013713696099,0.924047514305562,112,4
0,learned,adam,11000,51.67194035252699,2,16,0.9241830229411859,0.9241045003582435,0.7973640594949595,0.7972308436553163,0.924047514305562,112,4
0,learned,adam,11000,51.67194035252699,2,64,0.9241830229404326,0.9241045003574898,0.797364059493681,0.7972308436540382,0.924047514305562,112,4
0,learned,adam,11000,51.67194035252699,3,0,0.985008556029448,0.9848542177648612,0.9976920686572728,0.9964540369731332,0.9229327887815406,112,4
0,learned,adam,11000,51.67194035252699,3,16,0.923459962660466,0.9229902700348085,0.7961427279326234,0.7953542213091225,0.9229327887815406,112,4
0,learned,adam,11000,51.67194035252699,3,64,0.9234599626597084,0.9229902700340483,0.796142727931349,0.7953542213078504,0.9229327887815406,112,4
0,learned,adam,11000,51.67194035252699,4,0,0.9837954615405852,0.9829502895422436,0.988325769425564,0.9821427482497767,0.9172838196631882,112,4
0,learned,adam,11000,51.67194035252699,4,16,0.91982376966782,0.9173437356455697,0.790166065677558,0.7862100149091437,0.9172838196631882,112,4
0,learned,adam,11000,51.67194035252699,4,64,0.9198237696670415,0.9173437356447773,0.7901660656763025,0.7862100149079009,0.9172838196631882,112,4
0,learned,adam,11000,51.67194035252699,5,0,0.9766432388711832,0.9708911020976753,0.9446547979206317,0.917064477896418,0.8860184580325244,112,4
0,learned,adam,11000,51.67194035252699,5,16,0.9003322208358852,0.8860898685748403,0.7619796662959377,0.7439486934381944,0.8860184580325244,112,4
0,learned,adam,11000,51.67194035252699,5,64,0.9003322208350056,0.8860898685738957,0.7619796662947701,0.7439486934370815,0.8860184580325244,112,4
0,learned,adam,11000,51.67194035252699,6,0,0.9068163758349547,0.8327288584072929,0.7771717159883854,0.6908737740279847,0.676579911123542,112,4
0,learned,adam,11000,51.67194035252699,6,16,0.7744309125473834,0.6766765337247568,0.6488673008981845,0.5878254560156823,0.676579911123542,112,4
0,learned,adam,11000,51.67194035252699,6,64,0.7744309125461679,0.6766765337234785,0.6488673008973359,0.5878254560149875,0.676579911123542,112,4
0,learned,adam,11000,51.67194035252699,7,0,0.34591561157674694,0.16993912159483016,0.4196501098656801,0.31138961065221993,0.1445610961352394,112,4
0,learned,adam,11000,51.67194035252699,7,16,0.2728057498890097,0.1445742595968826,0.3784985607911965,0.2885874806975702,0.1445610961352394,112,4
0,learned,adam,11000,51.67194035252699,7,64,0.2728057498885157,0.14457425959670844,0.37849856079090294,0.2885874806974027,0.1445610961352394,112,4
0,learned,adam,11000,51.67194035252699,8,0,0.04401679562277917,0.029325138617281817,0.1300371430590061,0.08384214708131127,0.028909709419936876,112,4
0,learned,adam,11000,51.67194035252699,8,16,0.04231550583060655,0.028909951277921116,0.1256624875028775,0.08209561659170726,0.028909709419936876,112,4
0,learned,adam,11000,51.67194035252699,8,64,0.04231550583059388,0.02890995127791791,0.12566248750284406,0.08209561659169375,0.028909709419936876,112,4
0,learned,adam,11000,51.67194035252699,9,0,0.018825134361363193,0.01709589731608977,0.029585427889741816,0.01818454632934283,0.01708409226686556,112,4
0,learned,adam,11000,51.67194035252699,9,16,0.018787049893200545,0.017084099303242166,0.0293489832166967,0.018101024607188317,0.01708409226686556,112,4
0,learned,adam,11000,51.67194035252699,9,64,0.018787049893200243,0.01708409930324206,0.02934898321669484,0.01810102460718766,0.01708409226686556,112,4
0,learned,adam,11000,51.67194035252699,10,0,0.015476652915258769,0.015169449053275276,0.006143719523783516,0.0037344965885459623,0.015169004641113853,112,4
0,learned,adam,11000,51.67194035252699,10,16,0.015475321263922018,0.015169004907710866,0.0061334120431854044,0.0037309611230606156,0.015169004641113853,112,4
0,learned,adam,11000,51.67194035252699,10,64,0.015475321263922006,0.015169004907710866,0.006133412043185323,0.0037309611230605857,0.015169004641113853,112,4
0,learned,adam,11000,51.67194035252699,11,0,0.014860533776421662,0.014800030705428041,0.001250023331291154,0.0007580760326165537,0.014800012818318234,112,4
0,learned,adam,11000,51.67194035252699,11,16,0.014860481034562775,0.014800012829185962,0.0012495956421109246,0.0007579302399053896,0.014800012818318234,112,4
0,learned,adam,11000,51.67194035252699,11,64,0.014860481034562775,0.014800012829185962,0.0012495956421109211,0.0007579302399053883,0.014800012818318234,112,4
0,learned,adam,11000,51.67194035252699,12,0,0.014738263272522284,0.014726085941699088,0.00025326254585800157,0.00015351850916705675,0.014726085211609998,112,4
0,learned,adam,11000,51.67194035252699,12,16,0.01473826112695964,0.014726085212079723,0.0002532449812332921,0.00015351252920563327,0.014726085211609998,112,4
0,learned,adam,11000,51.67194035252699,12,64,0.01473826112695964,0.014726085212079723,0.00025324498123329196,0.00015351252920563327,0.014726085211609998,112,4
0,learned,adam,11000,51.67194035252699,13,0,0.014713615658130123,0.014711153879914127,5.126854587217502e-05,3.1074150178897456e-05,0.014711153850025284,112,4
0,learned,adam,11000,51.67194035252699,13,16,0.014713615570368108,0.014711153850049796,5.1267826024683253e-05,3.1073905166021874e-05,0.014711153850025284,112,4
0,learned,adam,11000,51.67194035252699,13,64,0.014713615570368108,0.014711153850049796,5.126782602468325e-05,3.1073905166021874e-05,0.014711153850025284,112,4
0,learned,adam,11000,51.67194035252699,14,0,0.014708631297954725,0.014708133176360457,1.0376610350641461e-05,6.289199412199023e-06,0.01470813317513529,112,4
0,learned,adam,11000,51.67194035252699,14,16,0.014708631294360916,0.014708133175137363,1.0376580861785204e-05,6.289189375662981e-06,0.01470813317513529,112,4
0,learned,adam,11000,51.67194035252699,14,64,0.014708631294360916,0.014708133175137363,1.0376580861785199e-05,6.289189375662981e-06,0.01470813317513529,112,4
0,learned,adam,11000,51.67194035252699,15,0,0.0147076226868427,0.014707521877520436,2.1001229966855775e-06,1.2728665852231387e-06,0.014707521877470032,112,4
0,learned,adam,11000,51.67194035252699,15,16,0.014707622686695504,0.014707521877470342,2.100121788765848e-06,1.2728661741118111e-06,0.014707521877470032,112,4
0,learned,adam,11000,51.67194035252699,15,64,0.014707622686695504,0.014707521877470342,2.100121788765848e-06,1.2728661741118111e-06,0.014707521877470032,112,4
0,learned,adam,11000,51.67194035252699,16,0,0.014707418562537917,0.0147073981601037,4.250410326042391e-07,2.576135301254627e-07,0.01470739816010159,112,4
0,learned,adam,11000,51.67194035252699,16,16,0.01470741856253189,0.014707398160101654,4.2504098312640545e-07,2.5761351328588773e-07,0.01470739816010159,112,4
0,learned,adam,11000,51.67194035252699,16,64,0.01470741856253189,0.014707398160101654,4.2504098312640545e-07,2.5761351328588773e-07,0.01470739816010159,112,4
0,learned,adam,11000,51.67194035252699,17,0,0.014707377250449306,0.01470737312124369,8.602335157632249e-08,5.213796790772353e-08,0.0147073731212436,112,4
0,learned,adam,11000,51.67194035252699,17,16,0.014707377250449056,0.014707373121243613,8.60233495496584e-08,5.213796721795714e-08,0.0147073731212436,112,4
0,learned,adam,11000,51.67194035252699,17,64,0.014707377250449056,0.014707373121243613,8.60233495496584e-08,5.213796721795714e-08,0.0147073731212436,112,4
0,learned,adam,11000,51.67194035252699,18,0,0.014707368889378413,0.014707368053675942,1.7410118763183726e-08,1.0552113667236644e-08,0.014707368053675942,112,4
0,learned,adam,11000,51.67194035252699,18,16,0.014707368889378403,0.014707368053675942,1.7410118680169498e-08,1.0552113638983107e-08,0.014707368053675942,112,4
0,learned,adam,11000,51.67194035252699,18,64,0.014707368889378403,0.014707368053675942,1.7410118680169498e-08,1.0552113638983107e-08,0.014707368053675942,112,4
0,learned,adam,11000,51.67194035252699,19,0,0.014707367197196187,0.014707367028059819,3.523603903951929e-09,2.1356240686364915e-09,0.014707367028059819,112,4
0,learned,adam,11000,51.67194035252699,19,16,0.014707367197196187,0.014707367028059819,3.5236039005515815e-09,2.135624067479199e-09,0.014707367028059819,112,4
0,learned,adam,11000,51.67194035252699,19,64,0.014707367197196187,0.014707367028059819,3.5236039005515815e-09,2.135624067479199e-09,0.014707367028059819,112,4
0,learned,adam,11000,51.67194035252699,20,0,0.01470736685471837,0.014707366820487148,7.131361073645006e-10,4.3222526554917737e-10,0.014707366820487148,112,4
0,learned,adam,11000,51.67194035252699,20,16,0.01470736685471837,0.014707366820487148,7.131361072252192e-10,4.322252655017743e-10,0.014707366820487148,112,4
0,learned,adam,11000,51.67194035252699,20,64,0.01470736685471837,0.014707366820487148,7.131361072252192e-10,4.322252655017743e-10,0.014707366820487148,112,4
0,learned,adam,11000,51.67194035252699,21,0,0.014707366785404876,0.01470736677847688,1.4433038453222455e-10,8.747732462321898e-11,0.01470736677847688,112,4
0,learned,adam,11000,51.67194035252699,21,16,0.014707366785404876,0.01470736677847688,1.443303845265196e-10,8.747732462127722e-11,0.01470736677847688,112,4
0,learned,adam,11000,51.67194035252699,21,64,0.014707366785404876,0.01470736677847688,1.443303845265196e-10,8.747732462127722e-11,0.01470736677847688,112,4
0,learned,adam,11000,51.67194035252699,22,0,0.014707366771376641,0.01470736676997449,2.921077712080116e-11,1.770438456763825e-11,0.01470736676997449,112,4
0,learned,adam,11000,51.67194035252699,22,16,0.014707366771376641,0.01470736676997449,2.921077712056748e-11,1.7704384567558747e-11,0.01470736676997449,112,4
0,learned,adam,11000,51.67194035252699,22,64,0.014707366771376641,0.01470736676997449,2.921077712056748e-11,1.7704384567558747e-11,0.01470736676997449,112,4
0,learned,adam,11000,51.67194035252699,23,0,0.014707366768537487,0.01470736676825371,5.911918704311712e-12,3.583159798855891e-12,0.01470736676825371,112,4
0,learned,adam,11000,51.67194035252699,23,16,0.014707366768537487,0.01470736676825371,5.9119187043021476e-12,3.583159798852632e-12,0.01470736676825371,112,4
0,learned,adam,11000,51.67194035252699,23,64,0.014707366768537487,0.01470736676825371,5.9119187043021476e-12,3.583159798852632e-12,0.01470736676825371,112,4
0,learned,adam,11000,51.67194035252699,24,0,0.014707366767962879,0.014707366767905444,1.1965030105550018e-12,7.251895198583082e-13,0.014707366767905444,112,4
0,learned,adam,11000,51.67194035252699,24,16,0.014707366767962879,0.014707366767905444,1.1965030105546097e-12,7.251895198581743e-13,0.014707366767905444,112,4
0,learned,adam,11000,51.67194035252699,24,64,0.014707366767962879,0.014707366767905444,1.1965030105546097e-12,7.251895198581743e-13,0.014707366767905444,112,4
0,learned,adam,12000,53.929567147825715,1,0,0.9876388257255605,0.9876388257255605,1.0,1.0,0.9378967175777323,112,4
0,learned,adam,12000,53.929567147825715,1,16,0.9379303813699461,0.9379303813699461,0.8099258104869891,0.8099258104869889,0.9378967175777323,112,4
0,learned,adam,12000,53.929567147825715,1,64,0.937930381369718,0.9379303813697181,0.8099258104865419,0.8099258104865421,0.9378967175777323,112,4
0,learned,adam,12000,53.929567147825715,2,0,0.9876095054550681,0.9875929127044493,0.9997262289935076,0.9995715465430993,0.9377531435973565,112,4
0,learned,adam,12000,53.929567147825715,2,16,0.9378387063387105,0.937786856648185,0.809746212234739,0.8096447307755449,0.9377531435973565,112,4
0,learned,adam,12000,53.929567147825715,2,64,0.9378387063384824,0.9377868566479567,0.8097462122342926,0.8096447307750984,0.9377531435973565,112,4
0,learned,adam,12000,53.929567147825715,3,0,0.9874543207259564,0.9873492324109777,0.9982885280303346,0.9973234418561637,0.9369943282062682,112,4
0,learned,adam,12000,53.929567147825715,3,16,0.9373548848362679,0.9370283005044765,0.8088027286697262,0.8081691486693606,0.9369943282062682,112,4
0,learned,adam,12000,53.929567147825715,3,64,0.9373548848360388,0.9370283005042465,0.8088027286692806,0.8081691486689158,0.9369943282062682,112,4
0,learned,adam,12000,53.929567147825715,4,0,0.9866118435499028,0.986007206139515,0.9907968546111844,0.9856605334209652,0.932906313412647,112,4
0,learned,adam,12000,53.929567147825715,4,16,0.9347676294569796,0.9329416514796254,0.8038774267209009,0.8004937020021173,0.932906313412647,112,4
0,learned,adam,12000,53.929567147825715,4,64,0.9347676294567444,0.9329416514793861,0.8038774267204607,0.800493702001681,0.932906313412647,112,4
0,learned,adam,12000,53.929567147825715,5,0,0.9814078338522455,0.9771256269734834,0.9532767581558073,0.9285330543191744,0.9087529825361734,112,4
0,learned,adam,12000,53.929567147825715,5,16,0.919998219610694,0.9087954497833896,0.7789839104296418,0.7623993357633899,0.9087529825361734,112,4
0,learned,adam,12000,53.929567147825715,5,64,0.9199982196104279,0.908795449783102,0.7789839104292283,0.762399335762994,0.9087529825361734,112,4
0,learned,adam,12000,53.929567147825715,6,0,0.926824319447096,0.864547454684632,0.7966294034077751,0.7115598969164415,0.7233536634625586,112,4
0,learned,adam,12000,53.929567147825715,6,16,0.8138040521614158,0.7234192261994341,0.6708938425170154,0.6097397177171954,0.7233536634625586,112,4
0,learned,adam,12000,53.929567147825715,6,64,0.8138040521610185,0.7234192261989902,0.6708938425167084,0.6097397177169421,0.7233536634625586,112,4
0,learned,adam,12000,53.929567147825715,7,0,0.3667920077842347,0.17018622827942176,0.43331912930631705,0.31917415814239225,0.14439518653710973,112,4
0,learned,adam,12000,53.929567147825715,7,16,0.2899020293659217,0.1444047872392895,0.3925298636282647,0.2969326808952139,0.14439518653710973,112,4
0,learned,adam,12000,53.929567147825715,7,64,0.2899020293657287,0.14440478723922448,0.3925298636281576,0.29693268089515384,0.14439518653710973,112,4
0,learned,adam,12000,53.929567147825715,8,0,0.038953287585022256,0.02499077396765622,0.1296031421026165,0.08181422309579467,0.024663703278171998,112,4
0,learned,adam,12000,53.929567147825715,8,16,0.037466421376881075,0.02466383991552626,0.12555371269445162,0.08027296272766642,0.024663703278171998,112,4
0,learned,adam,12000,53.929567147825715,8,64,0.03746642137687701,0.02466383991552533,0.12555371269444027,0.08027296272766202,0.024663703278171998,112,4
0,learned,adam,12000,53.929567147825715,9,0,0.015747444118645516,0.014275383809374423,0.0277549109879616,0.01665422773733963,0.014267388762896911,112,4
0,learned,adam,12000,53.929567147825715,9,16,0.015720031526415896,0.0142673921771195,0.02756092102009839,0.01658938926035655,0.014267388762896911,112,4
0,learned,adam,12000,53.929567147825715,9,64,0.015720031526415816,0.014267392177119474,0.02756092102009783,0.01658938926035636,0.014267388762896911,112,4
0,learned,adam,12000,53.929567147825715,10,0,0.012954317101144284,0.012709149354707468,0.005407185595308541,0.003208817222452686,0.012708883793878528,112,4
0,learned,adam,12000,53.929567147825715,10,16,0.012953476657354036,0.012708883908095662,0.005399746216396277,0.0032064026460815933,0.012708883793878528,112,4
0,learned,adam,12000,53.929567147825715,10,64,0.012953476657354036,0.012708883908095662,0.005399746216396255,0.0032064026460815877,0.012708883793878528,112,4
0,learned,adam,12000,53.929567147825715,11,0,0.012472165033376306,0.012426754101214877,0.0010326789960930381,0.0006115024089777258,0.012426744662594793,112,4
0,learned,adam,12000,53.929567147825715,11,16,0.012472135643606051,0.012426744666736109,0.0010324070890800079,0.0006114146660881959,0.012426744662594793,112,4
0,learned,adam,12000,53.929567147825715,11,64,0.01247213564360605,0.012426744666736109,0.001032407089080007,0.0006114146660881952,0.012426744662594793,112,4
0,learned,adam,12000,53.929567147825715,12,0,0.012382208026706665,0.012373619112208316,0.00019646420702501568,0.0001162884133250734,0.012373618772256553,112,4
0,learned,adam,12000,53.929567147825715,12,16,0.012382206971520466,0.012373618772420741,0.0001964543617375406,0.00011628523982183417,0.012373618772256553,112,4
0,learned,adam,12000,53.929567147825715,12,64,0.012382206971520466,0.012373618772420741,0.00019645436173754057,0.00011628523982183417,0.012373618772256553,112,4
0,learned,adam,12000,53.929567147825715,13,0,0.012365169985184677,0.012363538987862068,3.734923444511313e-05,2.2105507710099534e-05,0.012363538975584665,112,4
0,learned,adam,12000,53.929567147825715,13,16,0.012365169947108016,0.01236353897559345,3.734887860275499e-05,2.210539303301499e-05,0.012363538975584665,112,4
0,learned,adam,12000,53.929567147825715,13,64,0.012365169947108016,0.01236353897559345,3.734887860275499e-05,2.210539303301499e-05,0.012363538975584665,112,4
0,learned,adam,12000,53.929567147825715,14,0,0.012361933674198935,0.0123616237190921,7.09935888951188e-06,4.201761681803368e-06,0.012361623718648046,112,4
0,learned,adam,12000,53.929567147825715,14,16,0.012361933672823606,0.012361623718648912,7.099346032539318e-06,4.20175753856126e-06,0.012361623718648046,112,4
0,learned,adam,12000,53.929567147825715,14,64,0.012361933672823606,0.012361623718648912,7.099346032539318e-06,4.20175753856126e-06,0.012361623718648046,112,4
0,learned,adam,12000,53.929567147825715,15,0,0.012361318613781012,0.0123612597013162,1.3494133205158174e-06,7.986491638192147e-07,0.012361259701300054,112,4
0,learned,adam,12000,53.929567147825715,15,16,0.012361318613731326,0.012361259701300196,1.3494128560095024e-06,7.986490141302062e-07,0.012361259701300054,112,4
0,learned,adam,12000,53.929567147825715,15,64,0.012361318613731326,0.012361259701300196,1.3494128560095024e-06,7.986490141302062e-07,0.012361259701300054,112,4
0,learned,adam,12000,53.929567147825715,16,0,0.012361201709516215,0.012361190511849503,2.564889479062966e-07,1.5180269070171099e-07,0.012361190511848906,112,4
0,learned,adam,12000,53.929567147825715,16,16,0.012361201709514422,0.012361190511848927,2.5648893112447205e-07,1.51802685293709e-07,0.012361190511848906,112,4
0,learned,adam,12000,53.929567147825715,16,64,0.012361201709514422,0.012361190511848927,2.5648893112447205e-07,1.51802685293709e-07,0.012361190511848906,112,4
0,learned,adam,12000,53.929567147825715,17,0,0.01236117948913564,0.012361177360750828,4.8751939900387555e-08,2.8853776948273673e-08,0.012361177360750805,112,4
0,learned,adam,12000,53.929567147825715,17,16,0.012361179489135577,0.012361177360750805,4.87519392940901e-08,2.8853776752892256e-08,0.012361177360750805,112,4
0,learned,adam,12000,53.929567147825715,17,64,0.012361179489135577,0.012361177360750805,4.87519392940901e-08,2.8853776752892256e-08,0.012361177360750805,112,4
0,learned,adam,12000,53.929567147825715,18,0,0.01236117526561853,0.0123611748610676,9.266485861472056e-09,5.484358395998577e-09,0.012361174861067602,112,4
0,learned,adam,12000,53.929567147825715,18,16,0.012361175265618526,0.0123611748610676,9.26648583956763e-09,5.484358388939805e-09,0.012361174861067602,112,4
0,learned,adam,12000,53.929567147825715,18,64,0.012361175265618526,0.0123611748610676,9.26648583956763e-09,5.484358388939805e-09,0.012361174861067602,112,4
0,learned,adam,12000,53.929567147825715,19,0,0.012361174462837068,0.012361174385942378,1.7613198041253007e-09,1.0424349817507064e-09,0.012361174385942378,112,4
0,learned,adam,12000,53.929567147825715,19,16,0.012361174462837068,0.012361174385942378,1.7613198033339343e-09,1.0424349814956852e-09,0.012361174385942378,112,4
0,learned,adam,12000,53.929567147825715,19,64,0.012361174462837068,0.012361174385942378,1.7613198033339343e-09,1.0424349814956852e-09,0.012361174385942378,112,4
0,learned,adam,12000,53.929567147825715,20,0,0.012361174310249039,0.012361174295633343,3.3478143476221136e-10,1.9813998444401328e-10,0.012361174295633343,112,4
0,learned,adam,12000,53.929567147825715,20,16,0.012361174310249039,0.012361174295633343,3.347814347336207e-10,1.9813998443480022e-10,0.012361174295633343,112,4
0,learned,adam,12000,53.929567147825715,20,64,0.012361174310249039,0.012361174295633343,3.347814347336207e-10,1.9813998443480022e-10,0.012361174295633343,112,4
0,learned,adam,12000,53.929567147825715,21,0,0.012361174281245993,0.012361174278467925,6.363330989533362e-11,3.766129695944812e-11,0.012361174278467925,112,4
0,learned,adam,12000,53.929567147825715,21,16,0.012361174281245993,0.012361174278467925,6.36333098943008e-11,3.766129695911535e-11,0.012361174278467925,112,4
0,learned,adam,12000,53.929567147825715,21,64,0.012361174281245993,0.012361174278467925,6.36333098943008e-11,3.766129695911535e-11,0.012361174278467925,112,4
0,learned,adam,12000,53.929567147825715,22,0,0.012361174275733262,0.012361174275205224,1.209504980509181e-11,7.158440495811104e-12,0.012361174275205224,112,4
0,learned,adam,12000,53.929567147825715,22,16,0.012361174275733262,0.012361174275205224,1.2095049805054496e-11,7.158440495799075e-12,0.012361174275205224,112,4
0,learned,adam,12000,53.929567147825715,22,64,0.012361174275733262,0.012361174275205224,1.2095049805054496e-11,7.158440495799075e-12,0.012361174275205224,112,4
0,learned,adam,12000,53.929567147825715,23,0,0.012361174274685435,0.012361174274585067,2.2989567888522104e-12,1.3606347754294985e-12,0.012361174274585067,112,4
0,learned,adam,12000,53.929567147825715,23,16,0.012361174274685435,0.012361174274585067,2.298956788850861e-12,1.3606347754290636e-12,0.012361174274585067,112,4
0,learned,adam,12000,53.929567147825715,23,64,0.012361174274685435,0.012361174274585067,2.298956788850861e-12,1.3606347754290636e-12,0.012361174274585067,112,4
0,learned,adam,12000,53.929567147825715,24,0,0.01236117427448627,0.012361174274467191,4.369723483684327e-13,2.5862155216387434e-13,0.012361174274467191,112,4
0,learned,adam,12000,53.929567147825715,24,16,0.01236117427448627,0.012361174274467191,4.369723483683839e-13,2.5862155216385874e-13,0.012361174274467191,112,4
0,learned,adam,12000,53.929567147825715,24,64,0.01236117427448627,0.012361174274467191,4.369723483683839e-13,2.5862155216385874e-13,0.012361174274467191,112,4
0,retrieval_frozen,sgd,0,0.0,1,0,0.5,0.5,1.0,1.0,,112,4
0,retrieval_frozen,sgd,0,0.0,1,16,0.5,0.5,0.6321205849979562,0.6321205849979562,,112,4
0,retrieval_frozen,sgd,0,0.0,1,64,0.5,0.5,0.6321205588285578,0.6321205588285577,,112,4
0,retrieval_frozen,sgd,0,0.0,2,0,0.5,0.5,0.2689414213690497,0.2689414213610862,,112,4
0,retrieval_frozen,sgd,0,0.0,2,16,0.5,0.5,0.2325441614757657,0.23254416146981183,,112,4
0,retrieval_frozen,sgd,0,0.0,2,64,0.5,0.5,0.23254415793412278,0.23254415792816893,,112,4
0,retrieval_frozen,sgd,0,0.0,3,0,0.5,0.5,0.09003057316998572,0.09003057316666072,,112,4
0,retrieval_frozen,sgd,0,0.0,3,16,0.5,0.5,0.08554821534770156,0.08554821534469942,,112,4
0,retrieval_frozen,sgd,0,0.0,3,64,0.5,0.5,0.08554821486839234,0.08554821486539019,,112,4
0,retrieval_frozen,sgd,0,0.0,4,0,0.5,0.5,0.03205860327993539,0.032058603278675366,,112,4
0,retrieval_frozen,sgd,0,0.0,4,16,0.5,0.5,0.03147142954385305,0.03147142954263874,,112,4
0,retrieval_frozen,sgd,0,0.0,4,64,0.5,0.5,0.0314714294789856,0.0314714294777713,,112,4
0,retrieval_frozen,sgd,0,0.0,5,0,0.5,0.5,0.011656230955984061,0.0116562309555162,,112,4
0,retrieval_frozen,sgd,0,0.0,5,16,0.5,0.5,0.01157769189837277,0.011577691897911182,,112,4
0,retrieval_frozen,sgd,0,0.0,5,64,0.5,0.5,0.011577691889593913,0.011577691889132331,,112,4
0,retrieval_frozen,sgd,0,0.0,6,0,0.5,0.5,0.004269778545261609,0.004269778545088934,,112,4
0,retrieval_frozen,sgd,0,0.0,6,16,0.5,0.5,0.004259194823586798,0.0042591948234149786,,112,4
0,retrieval_frozen,sgd,0,0.0,6,64,0.5,0.5,0.004259194822398709,0.004259194822226892,,112,4
0,retrieval_frozen,sgd,0,0.0,7,0,0.5,0.5,0.0015683003158789223,0.0015683003158153256,,112,4
0,retrieval_frozen,sgd,0,0.0,7,16,0.5,0.5,0.001566870211265096,0.0015668702112016156,,112,4
0,retrieval_frozen,sgd,0,0.0,7,64,0.5,0.5,0.001566870211104306,0.001566870211040825,,112,4
0,retrieval_frozen,sgd,0,0.0,8,0,0.5,0.5,0.0005766127696842267,0.0005766127696608212,,112,4
0,retrieval_frozen,sgd,0,0.0,8,16,0.5,0.5,0.0005764193376709881,0.0005764193376475979,,112,4
0,retrieval_frozen,sgd,0,0.0,8,64,0.5,0.5,0.0005764193376492274,0.0005764193376258372,,112,4
0,retrieval_frozen,sgd,0,0.0,9,0,0.5,0.5,0.00021207899644221169,0.00021207899643359976,,112,4
0,retrieval_frozen,sgd,0,0.0,9,16,0.5,0.5,0.00021205282381775504,0.0002120528238091451,,112,4
0,retrieval_frozen,sgd,0,0.0,9,64,0.5,0.5,0.0002120528238148101,0.00021205282380620046,,112,4
0,retrieval_frozen,sgd,0,0.0,10,0,0.5,0.5,7.80134161274313e-05,7.801341612426298e-05,,112,4
0,retrieval_frozen,sgd,0,0.0,10,16,0.5,0.5,7.800987432421721e-05,7.800987432104913e-05,,112,4
0,retrieval_frozen,sgd,0,0.0,10,64,0.5,0.5,7.800987432381864e-05,7.800987432065062e-05,,112,4
0,retrieval_frozen,sgd,0,0.0,11,0,0.5,0.5,2.8698708289339755e-05,2.8698708288174173e-05,,112,4
0,retrieval_frozen,sgd,0,0.0,11,16,0.5,0.5,2.869822897215476e-05,2.8698228970989198e-05,,112,4
0,retrieval_frozen,sgd,0,0.0,11,64,0.5,0.5,2.8698228972100827e-05,2.869822897093526e-05,,112,4
0,retrieval_frozen,sgd,0,0.0,12,0,0.5,0.5,1.0557553304715978e-05,1.0557553304287181e-05,,112,4
0,retrieval_frozen,sgd,0,0.0,12,16,0.5,0.5,1.0557488436873857e-05,1.055748843644506e-05,,112,4
0,retrieval_frozen,sgd,0,0.0,12,64,0.5,0.5,1.0557488436866557e-05,1.0557488436437765e-05,,112,4
0,retrieval_frozen,sgd,0,0.0,13,0,0.5,0.5,3.883891725203109e-06,3.8838917250453626e-06,,112,4
0,retrieval_frozen,sgd,0,0.0,13,16,0.5,0.5,3.883882946329418e-06,3.883882946171673e-06,,112,4
0,retrieval_frozen,sgd,0,0.0,13,64,0.5,0.5,3.883882946328426e-06,3.88388294617068e-06,,112,4
0,retrieval_frozen,sgd,0,0.0,14,0,0.5,0.5,1.4288018759603902e-06,1.4288018759023587e-06,,112,4
0,retrieval_frozen,sgd,0,0.0,14,16,0.5,0.5,1.4288006878707313e-06,1.4288006878127e-06,,112,4
0,retrieval_frozen,sgd,0,0.0,14,64,0.5,0.5,1.4288006878705968e-06,1.4288006878125653e-06,,112,4
0,retrieval_frozen,sgd,0,0.0,15,0,0.5,0.5,5.256265593895918e-07,5.256265593682431e-07,,112,4
0,retrieval_frozen,sgd,0,0.0,15,16,0.5,0.5,5.256263985992252e-07,5.256263985778766e-07,,112,4
0,retrieval_frozen,sgd,0,0.0,15,64,0.5,0.5,5.256263985992075e-07,5.256263985778588e-07,,112,4
0,retrieval_frozen,sgd,0,0.0,16,0,0.5,0.5,1.9336716754224223e-07,1.9336716753438852e-07,,112,4
0,retrieval_frozen,sgd,0,0.0,16,16,0.5,0.5,1.9336714578163672e-07,1.93367145773783e-07,,112,4
0,retrieval_frozen,sgd,0,0.0,16,64,0.5,0.5,1.9336714578163428e-07,1.933671457737806e-07,,112,4
0,retrieval_frozen,sgd,0,0.0,17,0,0.5,0.5,7.113580047604236e-08,7.113580047315297e-08,,112,4
0,retrieval_frozen,sgd,0,0.0,17,16,0.5,0.5,7.113579753106472e-08,7.113579752817534e-08,,112,4
0,retrieval_frozen,sgd,0,0.0,17,64,0.5,0.5,7.113579753106447e-08,7.113579752817508e-08,,112,4
0,retrieval_frozen,sgd,0,0.0,18,0,0.5,0.5,2.6169397841572313e-08,2.616939784050938e-08,,112,4
0,retrieval_frozen,sgd,0,0.0,18,16,0.5,0.5,2.616939744301294e-08,2.6169397441950013e-08,,112,4
0,retrieval_frozen,sgd,0,0.0,18,64,0.5,0.5,2.616939744301285e-08,2.616939744194992e-08,,112,4
0,retrieval_frozen,sgd,0,0.0,19,0,0.5,0.5,9.627183361068068e-09,9.627183360677038e-09,,112,4
0,retrieval_frozen,sgd,0,0.0,19,16,0.5,0.5,9.627183307128918e-09,9.62718330673789e-09,,112,4
0,retrieval_frozen,sgd,0,0.0,19,64,0.5,0.5,9.627183307128918e-09,9.62718330673789e-09,,112,4
0,retrieval_frozen,sgd,0,0.0,20,0,0.5,0.5,3.54164282238151e-09,3.5416428222376583e-09,,112,4
0,retrieval_frozen,sgd,0,0.0,20,16,0.5,0.5,3.541642815081642e-09,3.5416428149377907e-09,,112,4
0,retrieval_frozen,sgd,0,0.0,20,64,0.5,0.5,3.541642815081642e-09,3.5416428149377907e-09,,112,4
0,retrieval_frozen,sgd,0,0.0,21,0,0.5,0.5,1.3028975806290122e-09,1.302897580576092e-09,,112,4
0,retrieval_frozen,sgd,0,0.0,21,16,0.5,0.5,1.3028975796410827e-09,1.3028975795881626e-09,,112,4
0,retrieval_frozen,sgd,0,0.0,21,64,0.5,0.5,1.3028975796410827e-09,1.3028975795881626e-09,,112,4
0,retrieval_frozen,sgd,0,0.0,22,0,0.5,0.5,4.793092336356896e-10,4.793092336162214e-10,,112,4
0,retrieval_frozen,sgd,0,0.0,22,16,0.5,0.5,4.793092335019871e-10,4.793092334825188e-10,,112,4
0,retrieval_frozen,sgd,0,0.0,22,64,0.5,0.5,4.793092335019871e-10,4.793092334825188e-10,,112,4
0,retrieval_frozen,sgd,0,0.0,23,0,0.5,0.5,1.7632801298711732e-10,1.7632801297995536e-10,,112,4
0,retrieval_frozen,sgd,0,0.0,23,16,0.5,0.5,1.7632801296902313e-10,1.7632801296186117e-10,,112,4
0,retrieval_frozen,sgd,0,0.0,23,64,0.5,0.5,1.7632801296902313e-10,1.7632801296186117e-10,,112,4
0,retrieval_frozen,sgd,0,0.0,24,0,0.5,0.5,6.486745087636398e-11,6.486745087372924e-11,,112,4
0,retrieval_frozen,sgd,0,0.0,24,16,0.5,0.5,6.486745087391515e-11,6.486745087128042e-11,,112,4
0,retrieval_frozen,sgd,0,0.0,24,64,0.5,0.5,6.486745087391515e-11,6.486745087128042e-11,,112,4
0,retrieval_frozen,sgd,3,0.0,1,0,0.5498436866074372,0.5498436866074372,1.0,1.0,0.48157976523940227,112,4
0,retrieval_frozen,sgd,3,0.0,1,16,0.5132115685215154,0.5132115685215155,0.6321205849979562,0.6321205849979562,0.48157976523940227,112,4
0,retrieval_frozen,sgd,3,0.0,1,64,0.513211565905891,0.5132115659058909,0.6321205588285578,0.6321205588285577,0.48157976523940227,112,4
0,retrieval_frozen,sgd,3,0.0,2,0,0.47694458542509216,0.4769416897212041,0.269327393099051,0.2692983800330805,0.46702542346381976,112,4
0,retrieval_frozen,sgd,3,0.0,2,16,0.4733034507686984,0.4733012881979005,0.23283267523526294,0.232810991940201,0.46702542346381976,112,4
0,retrieval_frozen,sgd,3,0.0,2,64,0.4733034504145976,0.4733012878438659,0.2328326716848265,0.2328109883904258,0.46702542346381976,112,4
0,retrieval_frozen,sgd,3,0.0,3,0,0.4591027307444306,0.4591015264100438,0.0901917843386829,0.09017966224879408,0.4576214875830431,112,4
0,retrieval_frozen,sgd,3,0.0,3,16,0.45865588326698464,0.45865479621705474,0.08569376066502758,0.0856828174691016,0.4576214875830431,112,4
0,retrieval_frozen,sgd,3,0.0,3,64,0.4586558832192099,0.4586547961692922,0.08569376018408602,0.08568281698828288,0.4576214875830431,112,4
0,retrieval_frozen,sgd,3,0.0,4,0,0.4533389816407642,0.45333852607403635,0.032119702642539334,0.03211510785041514,0.45312391341146774,112,4
0,retrieval_frozen,sgd,3,0.0,4,16,0.45328054480663554,0.4532801058145041,0.031530309197482606,0.0315258814772924,0.45312391341146774,112,4
0,retrieval_frozen,sgd,3,0.0,4,64,0.45328054480018004,0.45328010580805056,0.03153030913237221,0.03152588141220029,0.45312391341146774,112,4
0,retrieval_frozen,sgd,3,0.0,5,0,0.4513130929012191,0.45131292386120686,0.011678918962495873,0.011677212715070766,0.45128136902545285,112,4
0,retrieval_frozen,sgd,3,0.0,5,16,0.4513052817356201,0.451305114970659,0.011600074899840825,0.011598391611041016,0.45128136902545285,112,4
0,retrieval_frozen,sgd,3,0.0,5,64,0.45130528173474704,0.45130511496978615,0.011600074891027991,0.011598391602230737,0.45128136902545285,112,4
0,retrieval_frozen,sgd,3,0.0,6,0,0.450579996100769,0.4505799337300074,0.004278152065039467,0.004277522327345615,0.45057489941189327,112,4
0,retrieval_frozen,sgd,3,0.0,6,16,0.45057894375294855,0.4505788816916191,0.0042675268425006055,0.004266900228781275,0.45057489941189327,112,4
0,retrieval_frozen,sgd,3,0.0,6,64,0.4505789437528304,0.450578881691501,0.004267526841307864,0.004266900227588886,0.45057489941189327,112,4
0,retrieval_frozen,sgd,3,0.0,7,0,0.45031192557565086,0.45031190260631887,0.0015713843543919013,0.0015711524154804239,0.4503109486922122,112,4
0,retrieval_frozen,sgd,3,0.0,7,16,0.4503117833924917,0.45031176046511234,0.0015699486222574346,0.0015697171069612788,0.4503109486922122,112,4
0,retrieval_frozen,sgd,3,0.0,7,64,0.45031178339247574,0.4503117604650964,0.0015699486220960117,0.001569717106799903,0.4503109486922122,112,4
0,retrieval_frozen,sgd,3,0.0,8,0,0.45021352588698915,0.45021351743376736,0.0005777478067959732,0.0005776624447757465,0.45021328848139364,112,4
0,retrieval_frozen,sgd,3,0.0,8,16,0.45021350665634896,0.45021349820880857,0.000577553612635482,0.000577468307986596,0.45021328848139364,112,4
0,retrieval_frozen,sgd,3,0.0,8,64,0.4502135066563468,0.4502134982088064,0.0005775536126136357,0.0005774683079647563,0.45021328848139364,112,4
0,retrieval_frozen,sgd,3,0.0,9,0,0.4501773560913844,0.4501773529811757,0.0002124966184208817,0.00021246521056681234,0.4501772852829951,112,4
0,retrieval_frozen,sgd,3,0.0,9,16,0.45017735348938526,0.45017735037994566,0.00021247034262390533,0.00021243894253625338,0.4501772852829951,112,4
0,retrieval_frozen,sgd,3,0.0,9,64,0.45017735348938487,0.4501773503799454,0.00021247034262094873,0.0002124389425332973,0.4501772852829951,112,4
0,retrieval_frozen,sgd,3,0.0,10,0,0.4501640539462589,0.4501640528020173,7.816705947748045e-05,7.815550450823254e-05,0.4501640301352339,112,4
0,retrieval_frozen,sgd,3,0.0,10,16,0.4501640535941457,0.45016405245000823,7.81635037100353e-05,7.815194979195975e-05,0.4501640301352339,112,4
0,retrieval_frozen,sgd,3,0.0,10,64,0.4501640535941457,0.4501640524500082,7.816350370963518e-05,7.815194979155983e-05,0.4501640301352339,112,4
0,retrieval_frozen,sgd,3,0.0,11,0,0.4501591608988817,0.4501591604779308,2.875523171096134e-05,2.8750980785305647e-05,0.4501591524422188,112,4
0,retrieval_frozen,sgd,3,0.0,11,16,0.45015916085122987,0.450159160430293,2.875475050385607e-05,2.87504997204662e-05,0.4501591524422188,112,4
0,retrieval_frozen,sgd,3,0.0,11,64,0.45015916085122987,0.450159160430293,2.8754750503801923e-05,2.8750499720412014e-05,0.4501591524422188,112,4
0,retrieval_frozen,sgd,3,0.0,12,0,0.4501573609201947,0.4501573607653344,1.0578347270755512e-05,1.0576783430418735e-05,0.4501573578501613,112,4
0,retrieval_frozen,sgd,3,0.0,12,16,0.45015736091374586,0.4501573607588874,1.0578282147137135e-05,1.0576718326054199e-05,0.4501573578501613,112,4
0,retrieval_frozen,sgd,3,0.0,12,64,0.45015736091374586,0.4501573607588874,1.0578282147129807e-05,1.0576718326046872e-05,0.4501573578501613,112,4
0,retrieval_frozen,sgd,3,0.0,13,0,0.45015669875489966,0.4501566986979296,3.891541419635321e-06,3.890966113277561e-06,0.45015669763104615,112,4
0,retrieval_frozen,sgd,3,0.0,13,16,0.45015669875402686,0.45015669869705716,3.891532606145912e-06,3.890957302393884e-06,0.45015669763104615,112,4
0,retrieval_frozen,sgd,3,0.0,13,64,0.45015669875402686,0.45015669869705716,3.89153260614492e-06,3.890957302392895e-06,0.45015669763104615,112,4
0,retrieval_frozen,sgd,3,0.0,14,0,0.45015645515923514,0.450156455138277,1.4316160442270012e-06,1.431404400622497e-06,0.4501564547465434,112,4
0,retrieval_frozen,sgd,3,0.0,14,16,0.45015645515911695,0.45015645513815894,1.4316148514526055e-06,1.4314032082007497e-06,0.4501564547465434,112,4
0,retrieval_frozen,sgd,3,0.0,14,64,0.45015645515911695,0.45015645513815894,1.4316148514524708e-06,1.4314032082006148e-06,0.4501564547465434,112,4
0,retrieval_frozen,sgd,3,0.0,15,0,0.45015636554557875,0.4501563655378687,5.266618344386194e-07,5.265839750774722e-07,0.45015636539385956,112,4
0,retrieval_frozen,sgd,3,0.0,15,16,0.45015636554556276,0.45015636553785265,5.266616730142427e-07,5.265838137008223e-07,0.45015636539385956,112,4
0,retrieval_frozen,sgd,3,0.0,15,64,0.45015636554556276,0.45015636553785265,5.266616730142246e-07,5.265838137008036e-07,0.45015636539385956,112,4
0,retrieval_frozen,sgd,3,0.0,16,0,0.45015633257858134,0.45015633257574494,1.9374802400283674e-07,1.93719381140482e-07,0.45015633252278076,112,4
0,retrieval_frozen,sgd,3,0.0,16,16,0.4501563325785792,0.4501563325757428,1.9374800215642722e-07,1.9371935930053128e-07,0.45015633252278076,112,4
0,retrieval_frozen,sgd,3,0.0,16,64,0.4501563325785792,0.4501563325757428,1.9374800215642475e-07,1.9371935930052887e-07,0.45015633252278076,112,4
0,retrieval_frozen,sgd,3,0.0,17,0,0.45015632045070403,0.45015632044966064,7.127590974525391e-08,7.126537262450415e-08,0.45015632043017806,112,4
0,retrieval_frozen,sgd,3,0.0,17,16,0.4501563204507038,0.4501563204496603,7.127590678866406e-08,7.126536966878845e-08,0.45015632043017806,112,4
0,retrieval_frozen,sgd,3,0.0,17,64,0.4501563204507038,0.4501563204496603,7.127590678866375e-08,7.12653696687882e-08,0.45015632043017806,112,4
0,retrieval_frozen,sgd,3,0.0,18,0,0.4501563159891078,0.450156315988724,2.6220941162223626e-08,2.621706477205585e-08,0.450156315981557,112,4
0,retrieval_frozen,sgd,3,0.0,18,16,0.4501563159891077,0.4501563159887239,2.6220940762092726e-08,2.6217064372043267e-08,0.450156315981557,112,4
0,retrieval_frozen,sgd,3,0.0,18,64,0.4501563159891077,0.4501563159887239,2.6220940762092666e-08,2.6217064372043174e-08,0.450156315981557,112,4
0,retrieval_frozen,sgd,3,0.0,19,0,0.4501563143477783,0.45015631434763703,9.646145089199518e-09,9.64471904494069e-09,0.4501563143450005,112,4
0,retrieval_frozen,sgd,3,0.0,19,16,0.4501563143477783,0.45015631434763703,9.646145035047688e-09,9.644718990804884e-09,0.4501563143450005,112,4
0,retrieval_frozen,sgd,3,0.0,19,64,0.4501563143477783,0.45015631434763703,9.646145035047685e-09,9.644718990804884e-09,0.4501563143450005,112,4
0,retrieval_frozen,sgd,3,0.0,20,0,0.450156313743967,0.450156313743915,3.5486184523482955e-09,3.5480938399819017e-09,0.45015631374294507,112,4
0,retrieval_frozen,sgd,3,0.0,20,16,0.450156313743967,0.450156313743915,3.5486184450196427e-09,3.5480938326554138e-09,0.45015631374294507,112,4
0,retrieval_frozen,sgd,3,0.0,20,64,0.450156313743967,0.450156313743915,3.5486184450196415e-09,3.5480938326554138e-09,0.45015631374294507,112,4
0,retrieval_frozen,sgd,3,0.0,21,0,0.45015631352183716,0.45015631352181806,1.3054637714854708e-09,1.305270777381104e-09,0.45015631352146124,112,4
0,retrieval_frozen,sgd,3,0.0,21,16,0.45015631352183716,0.45015631352181806,1.3054637704936448e-09,1.305270776389571e-09,0.45015631352146124,112,4
0,retrieval_frozen,sgd,3,0.0,21,64,0.45015631352183716,0.45015631352181806,1.3054637704936448e-09,1.305270776389571e-09,0.45015631352146124,112,4
0,retrieval_frozen,sgd,3,0.0,22,0,0.4501563134401202,0.4501563134401131,4.802532824942347e-10,4.80182283930946e-10,0.4501563134399819,112,4
0,retrieval_frozen,sgd,3,0.0,22,16,0.4501563134401202,0.4501563134401131,4.802532823600057e-10,4.801822837967578e-10,0.4501563134399819,112,4
0,retrieval_frozen,sgd,3,0.0,22,64,0.4501563134401202,0.4501563134401131,4.802532823600057e-10,4.801822837967578e-10,0.4501563134399819,112,4
0,retrieval_frozen,sgd,3,0.0,23,0,0.4501563134100582,0.4501563134100555,1.7667530915368287e-10,1.766491902418929e-10,0.4501563134100073,112,4
0,retrieval_frozen,sgd,3,0.0,23,16,0.4501563134100582,0.4501563134100555,1.7667530913551682e-10,1.7664919022373252e-10,0.4501563134100073,112,4
0,retrieval_frozen,sgd,3,0.0,23,64,0.4501563134100582,0.4501563134100555,1.7667530913551682e-10,1.7664919022373252e-10,0.4501563134100073,112,4
0,retrieval_frozen,sgd,3,0.0,24,0,0.450156313398999,0.45015631339899803,6.499521399604707e-11,6.498560538537332e-11,0.4501563133989802,112,4
0,retrieval_frozen,sgd,3,0.0,24,16,0.450156313398999,0.45015631339899803,6.499521399358853e-11,6.498560538291543e-11,0.4501563133989802,112,4
0,retrieval_frozen,sgd,3,0.0,24,64,0.450156313398999,0.45015631339899803,6.499521399358853e-11,6.498560538291543e-11,0.4501563133989802,112,4
0,retrieval_frozen,sgd,1000,3776.230261264594,1,0,0.7962616634759007,0.7962616634759008,1.0,1.0,0.37547594582652843,112,4
0,retrieval_frozen,sgd,1000,3776.230261264594,1,16,0.5890851809483747,0.5890851809483748,0.6321205849979562,0.6321205849979562,0.37547594582652843,112,4
0,retrieval_frozen,sgd,1000,3776.230261264594,1,64,0.589085163678921,0.5890851636789212,0.6321205588285578,0.6321205588285577,0.37547594582652843,112,4
0,retrieval_frozen,sgd,1000,3776.230261264594,2,0,0.3511480836342112,0.35087400673088676,0.27477791756772885,0.27433661022520844,0.2884675336171875,112,4
0,retrieval_frozen,sgd,1000,3776.230261264594,2,16,0.3279939273060594,0.327796818635611,0.23689499369233577,0.23656692640348467,0.2884675336171875,112,4
0,retrieval_frozen,sgd,1000,3776.230261264594,2,64,0.32799392509754693,0.32779681643389047,0.23689499001692532,0.23656692273824872,0.2884675336171875,112,4
0,retrieval_frozen,sgd,1000,3776.230261264594,3,0,0.2476890840974373,0.24759455667535055,0.09247946199135829,0.09229336422134003,0.23887088504300635,112,4
0,retrieval_frozen,sgd,1000,3776.230261264594,3,16,0.24529756214849158,0.24521299007370168,0.08775633401924117,0.08758874648217607,0.23887088504300635,112,4
0,retrieval_frozen,sgd,1000,3776.230261264594,3,64,0.2452975618939403,0.24521298982018108,0.08775633351486889,0.08758874597972881,0.23887088504300635,112,4
0,retrieval_frozen,sgd,1000,3776.230261264594,4,0,0.21871685563199122,0.21868389614358133,0.03298814775417606,0.03291739345635478,0.21724341901080477,112,4
0,retrieval_frozen,sgd,1000,3776.230261264594,4,16,0.21842752002744723,0.2183958197518213,0.032366759322313865,0.03229864336855531,0.21724341901080477,112,4
0,retrieval_frozen,sgd,1000,3776.230261264594,4,64,0.21842751999551538,0.21839581972002708,0.03236675925370302,0.03229864330023302,0.21724341901080477,112,4
0,retrieval_frozen,sgd,1000,3776.230261264594,5,0,0.20909770035974887,0.2090858422123976,0.012001584293187524,0.011975281811813749,0.20878634324752154,112,4
0,retrieval_frozen,sgd,1000,3776.230261264594,5,16,0.20906017207218502,0.20904847926068718,0.011918338872998754,0.011892399702793991,0.20878634324752154,112,4
0,retrieval_frozen,sgd,1000,3776.230261264594,5,64,0.20906017206799138,0.2090484792565119,0.011918338863695695,0.01189239969353139,0.20878634324752154,112,4
0,retrieval_frozen,sgd,1000,3776.230261264594,6,0,0.20569000468304835,0.20568567915056465,0.004397263879406446,0.004387552431293518,0.20560621676813523,112,4
0,retrieval_frozen,sgd,1000,3776.230261264594,6,16,0.205685005311794,0.20568070189241958,0.004386039531478757,0.004376377556770264,0.20560621676813523,112,4
0,retrieval_frozen,sgd,1000,3776.230261264594,6,64,0.20568500531123288,0.20568070189186094,0.0043860395302188476,0.004376377555515903,0.20560621676813523,112,4
0,retrieval_frozen,sgd,1000,3776.230261264594,7,0,0.20445364201084945,0.20445205575104528,0.0016152576064846073,0.0016116802684752367,0.20442695655483684,112,4
0,retrieval_frozen,sgd,1000,3776.230261264594,7,16,0.2044529693496899,0.20445138606933239,0.0016137406204601544,0.0016101699929944732,0.20442695655483684,112,4
0,retrieval_frozen,sgd,1000,3776.230261264594,7,64,0.20445296934961427,0.2044513860692571,0.0016137406202896003,0.001610169992824673,0.20442695655483684,112,4
0,retrieval_frozen,sgd,1000,3776.230261264594,8,0,0.20400112214874216,0.20400053927640016,0.0005938951956582882,0.0005925785350815412,0.20399186399958205,112,4
0,retrieval_frozen,sgd,1000,3776.230261264594,8,16,0.20400103130908295,0.20400044883930332,0.0005936899964889005,0.0005923742448324644,0.20399186399958205,112,4
0,retrieval_frozen,sgd,1000,3776.230261264594,8,64,0.20400103130907274,0.2040004488392932,0.0005936899964658163,0.0005923742448094828,0.20399186399958205,112,4
0,retrieval_frozen,sgd,1000,3776.230261264594,9,0,0.20383496121662922,0.20383474688197586,0.0002184378991981277,0.00021795344158191733,0.2038316309108792,112,4
0,retrieval_frozen,sgd,1000,3776.230261264594,9,16,0.20383494893252313,0.2038347346523177,0.00021841013361292527,0.00021792579904285342,0.2038316309108792,112,4
0,retrieval_frozen,sgd,1000,3776.230261264594,9,64,0.20383494893252177,0.20383473465231627,0.00021841013360980108,0.00021792579903974322,0.2038316309108792,112,4
0,retrieval_frozen,sgd,1000,3776.230261264594,10,0,0.20377387616924805,0.20377379733240297,8.035286817100253e-05,8.01746346453194e-05,0.20377266124350268,112,4
0,retrieval_frozen,sgd,1000,3776.230261264594,10,16,0.2037738745072581,0.2037737956777801,8.034911076163336e-05,8.017089389028318e-05,0.20377266124350268,112,4
0,retrieval_frozen,sgd,1000,3776.230261264594,10,64,0.2037738745072579,0.20377379567777987,8.034911076121053e-05,8.017089388986225e-05,0.20377266124350268,112,4
0,retrieval_frozen,sgd,1000,3776.230261264594,11,0,0.203751409936814,0.20375138093604692,2.955936387195157e-05,2.9493793862401563e-05,0.2037509643743025,112,4
0,retrieval_frozen,sgd,1000,3776.230261264594,11,16,0.20375140971191216,0.20375138071214202,2.9558855374533405e-05,2.9493287618994312e-05,0.2037509643743025,112,4
0,retrieval_frozen,sgd,1000,3776.230261264594,11,64,0.20375140971191216,0.203751380712142,2.9558855374476186e-05,2.949328761893731e-05,0.2037509643743025,112,4
0,retrieval_frozen,sgd,1000,3776.230261264594,12,0,0.20374314584314018,0.20374313517458253,1.087417340736977e-05,1.0850051337838018e-05,0.20374298211710756,112,4
0,retrieval_frozen,sgd,1000,3776.230261264594,12,16,0.2037431458127042,0.20374313514428152,1.0874104590357096e-05,1.0849982825877127e-05,0.20374298211710756,112,4
0,retrieval_frozen,sgd,1000,3776.230261264594,12,64,0.2037431458127042,0.20374313514428152,1.0874104590349353e-05,1.0849982825869416e-05,0.20374298211710756,112,4
0,retrieval_frozen,sgd,1000,3776.230261264594,13,0,0.20374010575736273,0.2037401018326506,4.000370104553278e-06,3.991496062531286e-06,0.2037400455512632,112,4
0,retrieval_frozen,sgd,1000,3776.230261264594,13,16,0.20374010575324375,0.2037401018285499,4.000360791214715e-06,3.991486790477219e-06,0.2037400455512632,112,4
0,retrieval_frozen,sgd,1000,3776.230261264594,13,64,0.20374010575324375,0.2037401018285499,4.000360791213666e-06,3.991486790476176e-06,0.2037400455512632,112,4
0,retrieval_frozen,sgd,1000,3776.230261264594,14,0,0.20373898738643245,0.20373898594261575,1.4716519248263176e-06,1.468387343340847e-06,0.20373896524127583,112,4
0,retrieval_frozen,sgd,1000,3776.230261264594,14,16,0.20373898738587504,0.20373898594206075,1.4716506644045656e-06,1.468386088506356e-06,0.20373896524127583,112,4
0,retrieval_frozen,sgd,1000,3776.230261264594,14,64,0.20373898738587504,0.20373898594206075,1.4716506644044233e-06,1.4683860885062152e-06,0.20373896524127583,112,4
0,retrieval_frozen,sgd,1000,3776.230261264594,15,0,0.2037385759626714,0.2037385754315215,5.413902178844057e-07,5.401892449487385e-07,0.20373856781638774,112,4
0,retrieval_frozen,sgd,1000,3776.230261264594,15,16,0.203738575962596,0.20373857543144638,5.413900473049486e-07,5.401890751254358e-07,0.20373856781638774,112,4
0,retrieval_frozen,sgd,1000,3776.230261264594,15,64,0.203738575962596,0.20373857543144638,5.413900473049293e-07,5.401890751254166e-07,0.20373856781638774,112,4
0,retrieval_frozen,sgd,1000,3776.230261264594,16,0,0.20373842460858688,0.2037384244131878,1.991662942949166e-07,1.987244809716833e-07,0.2037384216117994,112,4
0,retrieval_frozen,sgd,1000,3776.230261264594,16,16,0.20373842460857666,0.20373842441317763,1.9916627120950137e-07,1.9872445798860219e-07,0.2037384216117994,112,4
0,retrieval_frozen,sgd,1000,3776.230261264594,16,64,0.20373842460857666,0.20373842441317763,1.991662712094987e-07,1.9872445798859972e-07,0.2037384216117994,112,4
0,retrieval_frozen,sgd,1000,3776.230261264594,17,0,0.2037383689285658,0.20373836885668253,7.326918010348765e-08,7.310664605545294e-08,0.20373836782611782,112,4
0,retrieval_frozen,sgd,1000,3776.230261264594,17,16,0.20373836892856442,0.20373836885668117,7.326917697921663e-08,7.310664294503146e-08,0.20373836782611782,112,4
0,retrieval_frozen,sgd,1000,3776.230261264594,17,64,0.20373836892856442,0.20373836885668117,7.326917697921627e-08,7.310664294503095e-08,0.20373836782611782,112,4
0,retrieval_frozen,sgd,1000,3776.230261264594,18,0,0.20373834844503552,0.20373834841859115,2.695422436274562e-08,2.6894431426686492e-08,0.20373834803946875,112,4
0,retrieval_frozen,sgd,1000,3776.230261264594,18,16,0.20373834844503533,0.203738348418591,2.6954223939921528e-08,2.6894431005736714e-08,0.20373834803946875,112,4
0,retrieval_frozen,sgd,1000,3776.230261264594,18,64,0.20373834844503533,0.203738348418591,2.6954223939921488e-08,2.6894431005736714e-08,0.20373834803946875,112,4
0,retrieval_frozen,sgd,1000,3776.230261264594,19,0,0.20373834090956652,0.2037383408998382,9.915904905262232e-09,9.89390831318331e-09,0.20373834076036698,112,4
0,retrieval_frozen,sgd,1000,3776.230261264594,19,16,0.2037383409095665,0.20373834089983814,9.915904848039213e-09,9.893908256213938e-09,0.20373834076036698,112,4
0,retrieval_frozen,sgd,1000,3776.230261264594,19,64,0.2037383409095665,0.20373834089983814,9.915904848039204e-09,9.893908256213938e-09,0.20373834076036698,112,4
0,retrieval_frozen,sgd,1000,3776.230261264594,20,0,0.20373833813742248,0.20373833813384362,3.6478575430072652e-09,3.639765448981846e-09,0.20373833808253503,112,4
0,retrieval_frozen,sgd,1000,3776.230261264594,20,16,0.20373833813742243,0.20373833813384362,3.6478575352629716e-09,3.6397654412718796e-09,0.20373833808253503,112,4
0,retrieval_frozen,sgd,1000,3776.230261264594,20,64,0.20373833813742243,0.20373833813384362,3.647857535262971e-09,3.6397654412718796e-09,0.20373833808253503,112,4
0,retrieval_frozen,sgd,1000,3776.230261264594,21,0,0.20373833711760764,0.2037383371162911,1.3419717927367128e-09,1.3389948777055188e-09,0.20373833709741573,112,4
0,retrieval_frozen,sgd,1000,3776.230261264594,21,16,0.20373833711760764,0.2037383371162911,1.3419717916886367e-09,1.3389948766620898e-09,0.20373833709741573,112,4
0,retrieval_frozen,sgd,1000,3776.230261264594,21,64,0.20373833711760764,0.2037383371162911,1.3419717916886365e-09,1.3389948766620898e-09,0.20373833709741573,112,4
0,retrieval_frozen,sgd,1000,3776.230261264594,22,0,0.2037383367424388,0.2037383367419544,4.936838329554596e-10,4.925886871169342e-10,0.20373833673501057,112,4
0,retrieval_frozen,sgd,1000,3776.230261264594,22,16,0.2037383367424388,0.2037383367419544,4.936838328136177e-10,4.92588686975721e-10,0.20373833673501057,112,4
0,retrieval_frozen,sgd,1000,3776.230261264594,22,64,0.2037383367424388,0.2037383367419544,4.936838328136177e-10,4.92588686975721e-10,0.20373833673501057,112,4
0,retrieval_frozen,sgd,1000,3776.230261264594,23,0,0.20373833660442187,0.20373833660424365,1.816161325526654e-10,1.8121325091352844e-10,0.20373833660168916,112,4
0,retrieval_frozen,sgd,1000,3776.230261264594,23,16,0.20373833660442187,0.20373833660424365,1.8161613253346918e-10,1.812132508944179e-10,0.20373833660168916,112,4
0,retrieval_frozen,sgd,1000,3776.230261264594,23,64,0.20373833660442187,0.20373833660424365,1.8161613253346918e-10,1.812132508944179e-10,0.20373833660168916,112,4
0,retrieval_frozen,sgd,1000,3776.230261264594,24,0,0.20373833655364826,0.20373833655358273,6.681284134708393e-11,6.66646294748121e-11,0.20373833655264295,112,4
0,retrieval_frozen,sgd,1000,3776.230261264594,24,16,0.20373833655364826,0.20373833655358273,6.681284134448598e-11,6.66646294722258e-11,0.20373833655264295,112,4
0,retrieval_frozen,sgd,1000,3776.230261264594,24,64,0.20373833655364826,0.20373833655358273,6.681284134448598e-11,6.66646294722258e-11,0.20373833655264295,112,4
0,retrieval_frozen,sgd,2000,6316.300135017985,1,0,0.8017500816687642,0.801750081668764,1.0,1.0,0.37946959195939034,112,4
0,retrieval_frozen,sgd,2000,6316.300135017985,1,16,0.5912694892473292,0.5912694892473292,0.6321205849979562,0.6321205849979562,0.37946959195939034,112,4
0,retrieval_frozen,sgd,2000,6316.300135017985,1,64,0.591269471573684,0.591269471573684,0.6321205588285578,0.6321205588285577,0.37946959195939034,112,4
0,retrieval_frozen,sgd,2000,6316.300135017985,2,0,0.36823248574975315,0.36631575196740873,0.3068341591971841,0.3038833873737523,0.28974931794475467,112,4
0,retrieval_frozen,sgd,2000,6316.300135017985,2,16,0.3385579309917078,0.3372280163139438,0.2603436524389376,0.2582169385750456,0.28974931794475467,112,4
0,retrieval_frozen,sgd,2000,6316.300135017985,2,64,0.3385579282137109,0.3372280135864675,0.2603436479998401,0.2582169342082452,0.28974931794475467,112,4
0,retrieval_frozen,sgd,2000,6316.300135017985,3,0,0.24975128975482536,0.2490620863779257,0.10639633986984473,0.1050792045721506,0.23662752453592165,112,4
0,retrieval_frozen,sgd,2000,6316.300135017985,3,16,0.24651671723583585,0.24591048210208102,0.10019220815207357,0.09902355357241638,0.23662752453592165,112,4
0,retrieval_frozen,sgd,2000,6316.300135017985,3,64,0.24651671689455704,0.24591048176928304,0.10019220749460388,0.09902355293021547,0.23662752453592165,112,4
0,retrieval_frozen,sgd,2000,6316.300135017985,4,0,0.21582742067529484,0.21558610323631472,0.038331338172021986,0.03782095660921881,0.21306550823475737,112,4
0,retrieval_frozen,sgd,2000,6316.300135017985,4,16,0.21543206235494677,0.2152014143127348,0.03749487037933858,0.0370064116899278,0.21306550823475737,112,4
0,retrieval_frozen,sgd,2000,6316.300135017985,4,64,0.21543206231145492,0.2152014142704036,0.03749487028726076,0.03700641160023701,0.21306550823475737,112,4
0,retrieval_frozen,sgd,2000,6316.300135017985,5,0,0.20453960175652078,0.20445276051908776,0.01399481065806799,0.01380379346867083,0.20379610415688076,112,4
0,retrieval_frozen,sgd,2000,6316.300135017985,5,16,0.2044881971819334,0.20440276203316346,0.013881743724462112,0.013693784650145122,0.20379610415688076,112,4
0,retrieval_frozen,sgd,2000,6316.300135017985,5,64,0.20448819717619582,0.2044027620275822,0.013881743711840906,0.01369378463786392,0.20379610415688076,112,4
0,retrieval_frozen,sgd,2000,6316.300135017985,6,0,0.20054029213835062,0.20050861732913025,0.005134138393502989,0.005063437397647238,0.20030324018714085,112,4
0,retrieval_frozen,sgd,2000,6316.300135017985,6,16,0.20053343935129378,0.20050195279450136,0.005118842868885462,0.005048560288624976,0.20030324018714085,112,4
0,retrieval_frozen,sgd,2000,6316.300135017985,6,64,0.20053343935052487,0.20050195279375357,0.005118842867169306,0.005048560286955696,0.20030324018714085,112,4
0,retrieval_frozen,sgd,2000,6316.300135017985,7,0,0.1990893456530504,0.19907773045816962,0.001886820754330425,0.0018607537086351492,0.19900705188453063,112,4
0,retrieval_frozen,sgd,2000,6316.300135017985,7,16,0.19908842339781477,0.19907683357584025,0.0018847510428477779,0.0018587408499274637,0.19900705188453063,112,4
0,retrieval_frozen,sgd,2000,6316.300135017985,7,64,0.1990884233977111,0.1990768335757394,0.0018847510426151179,0.001858740849701191,0.19900705188453063,112,4
0,retrieval_frozen,sgd,2000,6316.300135017985,8,0,0.19855830064123717,0.19855403272216873,0.0006938626492476258,0.000684265350573377,0.19852869019058797,112,4
0,retrieval_frozen,sgd,2000,6316.300135017985,8,16,0.1985581760846516,0.19855391159419264,0.0006935825596969145,0.0006839929664821423,0.19852869019058797,112,4
0,retrieval_frozen,sgd,2000,6316.300135017985,8,64,0.1985581760846376,0.19855391159417898,0.0006935825596654071,0.0006839929664515017,0.19852869019058797,112,4
0,retrieval_frozen,sgd,2000,6316.300135017985,9,0,0.19836330828068816,0.19836173888855543,0.00025522264594745567,0.0002516909470784034,0.19835250497434886,112,4
0,retrieval_frozen,sgd,2000,6316.300135017985,9,16,0.1983632914365825,0.19836172250819986,0.00025518474071509645,0.00025165408522787914,0.19835250497434886,112,4
0,retrieval_frozen,sgd,2000,6316.300135017985,9,64,0.19836329143658057,0.19836172250819797,0.0002551847407108314,0.00025165408522373174,0.19835250497434886,112,4
0,retrieval_frozen,sgd,2000,6316.300135017985,10,0,0.1982916243750267,0.19829104712102918,9.388640718395283e-05,9.258702574337226e-05,0.1982876622068858,112,4
0,retrieval_frozen,sgd,2000,6316.300135017985,10,16,0.19829162209606183,0.19829104490481303,9.388127730670512e-05,9.258203710044659e-05,0.1982876622068858,112,4
0,retrieval_frozen,sgd,2000,6316.300135017985,10,64,0.19829162209606158,0.19829104490481278,9.388127730612787e-05,9.258203709988534e-05,0.1982876622068858,112,4
0,retrieval_frozen,sgd,2000,6316.300135017985,11,0,0.19826526007354098,0.19826504772626577,3.4538235238562306e-05,3.40602003014354e-05,0.19826380411700115,112,4
0,retrieval_frozen,sgd,2000,6316.300135017985,11,16,0.19826525976514833,0.19826504742636458,3.45375409870686e-05,3.405952516532004e-05,0.19826380411700115,112,4
0,retrieval_frozen,sgd,2000,6316.300135017985,11,64,0.19826525976514825,0.19826504742636453,3.453754098699048e-05,3.405952516524411e-05,0.19826380411700115,112,4
0,retrieval_frozen,sgd,2000,6316.300135017985,12,0,0.1982555621002152,0.19825548398372403,1.2705819556055476e-05,1.2529957729696513e-05,0.19825502670617534,112,4
0,retrieval_frozen,sgd,2000,6316.300135017985,12,16,0.1982555620584804,0.19825548394313833,1.270572559942735e-05,1.2529866360122804e-05,0.19825502670617534,112,4
0,retrieval_frozen,sgd,2000,6316.300135017985,12,64,0.1982555620584804,0.19825548394313833,1.270572559941678e-05,1.252986636011252e-05,0.19825502670617534,112,4
0,retrieval_frozen,sgd,2000,6316.300135017985,13,0,0.19825199453851478,0.1982519658012945,4.6741980072619e-06,4.609501704882036e-06,0.19825179760815798,112,4
0,retrieval_frozen,sgd,2000,6316.300135017985,13,16,0.19825199453286668,0.1982519657958019,4.67418529161972e-06,4.609489339363048e-06,0.19825179760815798,112,4
0,retrieval_frozen,sgd,2000,6316.300135017985,13,64,0.19825199453286668,0.1982519657958019,4.674185291618289e-06,4.609489339361655e-06,0.19825179760815798,112,4
0,retrieval_frozen,sgd,2000,6316.300135017985,14,0,0.19825068212259755,0.1982506715507963,1.7195397551514092e-06,1.6957392679517488e-06,0.19825060968004196,112,4
0,retrieval_frozen,sgd,2000,6316.300135017985,14,16,0.19825068212183314,0.1982506715500529,1.7195380342766074e-06,1.6957375944611414e-06,0.19825060968004196,112,4
0,retrieval_frozen,sgd,2000,6316.300135017985,14,64,0.19825068212183314,0.1982506715500529,1.7195380342764137e-06,1.6957375944609516e-06,0.19825060968004196,112,4
0,retrieval_frozen,sgd,2000,6316.300135017985,15,0,0.19825019931402174,0.1982501954248776,6.325831082450031e-07,6.238273918678044e-07,0.19825017266444622,112,4
0,retrieval_frozen,sgd,2000,6316.300135017985,15,16,0.19825019931391827,0.19825019542477698,6.325828753499361e-07,6.238271653854981e-07,0.19825017266444622,112,4
0,retrieval_frozen,sgd,2000,6316.300135017985,15,64,0.19825019931391827,0.19825019542477698,6.325828753499099e-07,6.238271653854726e-07,0.19825017266444622,112,4
0,retrieval_frozen,sgd,2000,6316.300135017985,16,0,0.1982500216989783,0.1982500202682427,2.3271429112973056e-07,2.2949324220938202e-07,0.19825001189522198,112,4
0,retrieval_frozen,sgd,2000,6316.300135017985,16,16,0.19825002169896427,0.19825002026822905,2.3271425961081128e-07,2.2949321155833635e-07,0.19825001189522198,112,4
0,retrieval_frozen,sgd,2000,6316.300135017985,16,64,0.19825002169896427,0.19825002026822905,2.3271425961080776e-07,2.294932115583327e-07,0.19825001189522198,112,4
0,retrieval_frozen,sgd,2000,6316.300135017985,17,0,0.19824995635809678,0.19824995583175856,8.561079941811416e-08,8.442584162323744e-08,0.19824995275150642,112,4
0,retrieval_frozen,sgd,2000,6316.300135017985,17,16,0.19824995635809484,0.19824995583175678,8.561079515249234e-08,8.442583747506955e-08,0.19824995275150642,112,4
0,retrieval_frozen,sgd,2000,6316.300135017985,17,64,0.19824995635809484,0.19824995583175678,8.561079515249183e-08,8.442583747506895e-08,0.19824995275150642,112,4
0,retrieval_frozen,sgd,2000,6316.300135017985,18,0,0.19824993232053537,0.19824993212690636,3.149445251288472e-08,3.1058530885514266e-08,0.1982499309937463,112,4
0,retrieval_frozen,sgd,2000,6316.300135017985,18,16,0.19824993232053512,0.19824993212690614,3.149445193559557e-08,3.1058530324120767e-08,0.1982499309937463,112,4
0,retrieval_frozen,sgd,2000,6316.300135017985,18,64,0.19824993232053512,0.19824993212690614,3.149445193559551e-08,3.1058530324120767e-08,0.1982499309937463,112,4
0,retrieval_frozen,sgd,2000,6316.300135017985,19,0,0.19824992347761144,0.19824992340637937,1.1586161517996698e-08,1.1425794911162531e-08,0.19824992298951324,112,4
0,retrieval_frozen,sgd,2000,6316.300135017985,19,16,0.19824992347761142,0.19824992340637929,1.1586161439869108e-08,1.1425794835186175e-08,0.19824992298951324,112,4
0,retrieval_frozen,sgd,2000,6316.300135017985,19,64,0.19824992347761142,0.19824992340637929,1.1586161439869102e-08,1.1425794835186175e-08,0.19824992298951324,112,4
0,retrieval_frozen,sgd,2000,6316.300135017985,20,0,0.19824992022448165,0.1982499201982768,4.262310614758502e-09,4.203315036761115e-09,0.19824992004492037,112,4
0,retrieval_frozen,sgd,2000,6316.300135017985,20,16,0.19824992022448165,0.1982499201982768,4.262310604185082e-09,4.203315026478832e-09,0.19824992004492037,112,4
0,retrieval_frozen,sgd,2000,6316.300135017985,20,64,0.19824992022448165,0.1982499201982768,4.262310604185082e-09,4.203315026478832e-09,0.19824992004492037,112,4
0,retrieval_frozen,sgd,2000,6316.300135017985,21,0,0.1982499190277221,0.19824991901808187,1.5680164457296053e-09,1.5463131854247333e-09,0.19824991896166516,112,4
0,retrieval_frozen,sgd,2000,6316.300135017985,21,16,0.1982499190277221,0.19824991901808187,1.5680164442986484e-09,1.546313184033175e-09,0.19824991896166516,112,4
0,retrieval_frozen,sgd,2000,6316.300135017985,21,64,0.1982499190277221,0.19824991901808187,1.5680164442986484e-09,1.546313184033175e-09,0.19824991896166516,112,4
0,retrieval_frozen,sgd,2000,6316.300135017985,22,0,0.19824991858745888,0.19824991858391244,5.768410136230697e-10,5.688568303451545e-10,0.19824991856315788,112,4
0,retrieval_frozen,sgd,2000,6316.300135017985,22,16,0.19824991858745888,0.19824991858391244,5.768410134294108e-10,5.68856830156827e-10,0.19824991856315788,112,4
0,retrieval_frozen,sgd,2000,6316.300135017985,22,64,0.19824991858745888,0.19824991858391244,5.768410134294108e-10,5.68856830156827e-10,0.19824991856315788,112,4
0,retrieval_frozen,sgd,2000,6316.300135017985,23,0,0.19824991842549508,0.19824991842419037,2.1220794971212026e-10,2.0927073282890454e-10,0.19824991841655523,112,4
0,retrieval_frozen,sgd,2000,6316.300135017985,23,16,0.19824991842549508,0.19824991842419037,2.1220794968591143e-10,2.0927073280341734e-10,0.19824991841655523,112,4
0,retrieval_frozen,sgd,2000,6316.300135017985,23,64,0.19824991842549508,0.19824991842419037,2.1220794968591143e-10,2.0927073280341734e-10,0.19824991841655523,112,4
0,retrieval_frozen,sgd,2000,6316.300135017985,24,0,0.19824991836591194,0.19824991836543196,7.806694194894357e-11,7.698640024324867e-11,0.19824991836262312,112,4
0,retrieval_frozen,sgd,2000,6316.300135017985,24,16,0.19824991836591194,0.19824991836543196,7.806694194539658e-11,7.698640023979941e-11,0.19824991836262312,112,4
0,retrieval_frozen,sgd,2000,6316.300135017985,24,64,0.19824991836591194,0.19824991836543196,7.806694194539658e-11,7.698640023979941e-11,0.19824991836262312,112,4
0,retrieval_frozen,sgd,3000,8280.582358251637,1,0,0.8211508507042734,0.8211508507042734,1.0,1.0,0.4216619154604601,112,4
0,retrieval_frozen,sgd,3000,8280.582358251637,1,16,0.5993474557903475,0.5993474557903475,0.6321205849979562,0.6321205849979562,0.4216619154604601,112,4
0,retrieval_frozen,sgd,3000,8280.582358251637,1,64,0.5993474366344703,0.5993474366344703,0.6321205588285578,0.6321205588285577,0.4216619154604601,112,4
0,retrieval_frozen,sgd,3000,8280.582358251637,2,0,0.45520604129290543,0.4445684330176912,0.4410571789184693,0.42696278302893437,0.31727021530055366,112,4
0,retrieval_frozen,sgd,3000,8280.582358251637,2,16,0.3883345006481221,0.3818554331726351,0.35095502976277704,0.34198543327414865,0.31727021530055366,112,4
0,retrieval_frozen,sgd,3000,8280.582358251637,2,64,0.38833449480616405,0.3818554276612614,0.35095502169482934,0.3419854256144956,0.31727021530055366,112,4
0,retrieval_frozen,sgd,3000,8280.582358251637,3,0,0.2708512388776607,0.2659571223429583,0.17511954829087098,0.16695438961492476,0.24089858271125755,112,4
0,retrieval_frozen,sgd,3000,8280.582358251637,3,16,0.2612055230145976,0.2572516009749855,0.15891585792407217,0.15216909900493464,0.24089858271125755,112,4
0,retrieval_frozen,sgd,3000,8280.582358251637,3,64,0.26120552204103986,0.2572516000916852,0.1589158562693853,0.15216909748841925,0.24089858271125755,112,4
0,retrieval_frozen,sgd,3000,8280.582358251637,4,0,0.21050766193086398,0.20874582513278145,0.06636033911092452,0.06287454056465007,0.20339358161549903,112,4
0,retrieval_frozen,sgd,3000,8280.582358251637,4,16,0.20925933310775052,0.20763053849517274,0.06389125377316458,0.060655079381569464,0.20339358161549903,112,4
0,retrieval_frozen,sgd,3000,8280.582358251637,4,64,0.20925933297279617,0.20763053837433323,0.06389125350565038,0.06065507914061874,0.20339358161549903,112,4
0,retrieval_frozen,sgd,3000,8280.582358251637,5,0,0.19016901987521556,0.18953484678658725,0.02468583710942341,0.023333666010425295,0.18811161425848116,112,4
0,retrieval_frozen,sgd,3000,8280.582358251637,5,16,0.19000481109526726,0.18938850435485155,0.0243359601891891,0.02302104826513938,0.18811161425848116,112,4
0,retrieval_frozen,sgd,3000,8280.582358251637,5,64,0.1900048110770562,0.18938850433860835,0.02433596015037408,0.023021048230430226,0.18811161425848116,112,4
0,retrieval_frozen,sgd,3000,8280.582358251637,6,0,0.18296809668987324,0.18273708598141342,0.009118964688002043,0.008611837501617177,0.18228777548303915,112,4
0,retrieval_frozen,sgd,3000,8280.582358251637,6,16,0.1829461438923651,0.18271753546710198,0.009070789596334337,0.008568891176483379,0.18228777548303915,112,4
0,retrieval_frozen,sgd,3000,8280.582358251637,6,64,0.18294614388990782,0.18271753546491296,0.009070789590941607,0.008568891171674503,0.18228777548303915,112,4
0,retrieval_frozen,sgd,3000,8280.582358251637,7,0,0.18035822805461074,0.18027357256133683,0.0033597909502615917,0.0031719053710108393,0.18011833603452387,112,4
0,retrieval_frozen,sgd,3000,8280.582358251637,7,16,0.18035527116131167,0.18027093983753625,0.0033532293112873246,0.0031660609022605038,0.18011833603452387,112,4
0,retrieval_frozen,sgd,3000,8280.582358251637,7,64,0.18035527116097963,0.18027093983724052,0.0033532293105503525,0.0031660609016040072,0.18011833603452387,112,4
0,retrieval_frozen,sgd,3000,8280.582358251637,8,0,0.17940346710872696,0.17937236948540006,0.0012366912171533947,0.0011673921832109767,0.17931662194785503,112,4
0,retrieval_frozen,sgd,3000,8280.582358251637,8,16,0.17940306764995326,0.17937201384815832,0.0012358010972856827,0.001166599601295907,0.17931662194785503,112,4
0,retrieval_frozen,sgd,3000,8280.582358251637,8,64,0.17940306764990835,0.1793720138481183,0.0012358010971855852,0.001166599601206774,0.17931662194785503,112,4
0,retrieval_frozen,sgd,3000,8280.582358251637,9,0,0.17905295745042787,0.17904152346283753,0.00045504716105553743,0.00042952910801199805,0.17902119924263815,112,4
0,retrieval_frozen,sgd,3000,8280.582358251637,9,16,0.1790529034252805,0.17904147536574264,0.00045492659167041235,0.00042942176291704647,0.17902119924263815,112,4
0,retrieval_frozen,sgd,3000,8280.582358251637,9,64,0.17905290342527438,0.17904147536573722,0.0004549265916568477,0.0004294217629049696,0.17902119924263815,112,4
0,retrieval_frozen,sgd,3000,8280.582358251637,10,0,0.17892411069516628,0.1789199052060112,0.0001674152051915139,0.00015802433935954645,0.17891245326500027,112,4
0,retrieval_frozen,sgd,3000,8280.582358251637,10,16,0.17892410338543982,0.1789198986984316,0.00016739888267880017,0.00015800980775462596,0.17891245326500027,112,4
0,retrieval_frozen,sgd,3000,8280.582358251637,10,64,0.178924103385439,0.1789198986984309,0.0001673988826769635,0.00015800980775299096,0.17891245326500027,112,4
0,retrieval_frozen,sgd,3000,8280.582358251637,11,0,0.17887672396485157,0.17887517696561972,6.159033240470798e-05,5.813517941776387e-05,0.17887243892248594,112,4
0,retrieval_frozen,sgd,3000,8280.582358251637,11,16,0.17887672297567647,0.17887517608499698,6.158812313280353e-05,5.813321257838571e-05,0.17887243892248594,112,4
0,retrieval_frozen,sgd,3000,8280.582358251637,11,64,0.17887672297567633,0.17887517608499687,6.158812313255491e-05,5.813321257816432e-05,0.17887243892248594,112,4
0,retrieval_frozen,sgd,3000,8280.582358251637,12,0,0.17885929316691707,0.17885872407310666,2.265804988953921e-05,2.138690970680929e-05,0.1788577172597806,112,4
0,retrieval_frozen,sgd,3000,8280.582358251637,12,16,0.1788592930330512,0.17885872395393146,2.265775088415277e-05,2.1386643514061e-05,0.1788577172597806,112,4
0,retrieval_frozen,sgd,3000,8280.582358251637,12,64,0.1788592930330512,0.1788587239539314,2.2657750884119118e-05,2.1386643514031028e-05,0.1788577172597806,112,4
0,retrieval_frozen,sgd,3000,8280.582358251637,13,0,0.17885288097913452,0.17885267162330631,8.33546224100354e-06,7.867827722058984e-06,0.17885230129915652,112,4
0,retrieval_frozen,sgd,3000,8280.582358251637,13,16,0.17885288096101798,0.17885267160717794,8.335421774380225e-06,7.8677916962909e-06,0.17885230129915652,112,4
0,retrieval_frozen,sgd,3000,8280.582358251637,13,64,0.17885288096101795,0.17885267160717794,8.335421774375673e-06,7.867791696286846e-06,0.17885230129915652,112,4
0,retrieval_frozen,sgd,3000,8280.582358251637,14,0,0.17885052210015587,0.17885044508273293,3.0664494555096795e-06,2.8944152231085295e-06,0.17885030885645184,112,4
0,retrieval_frozen,sgd,3000,8280.582358251637,14,16,0.17885052209770405,0.17885044508055017,3.066443978915656e-06,2.894410347526252e-06,0.17885030885645184,112,4
0,retrieval_frozen,sgd,3000,8280.582358251637,14,64,0.17885052209770405,0.17885044508055017,3.0664439789150404e-06,2.8944103475257022e-06,0.17885030885645184,112,4
0,retrieval_frozen,sgd,3000,8280.582358251637,15,0,0.17884965432155223,0.17884962598846388,1.1280842891960516e-06,1.0647962821149485e-06,0.1788495758747472,112,4
0,retrieval_frozen,sgd,3000,8280.582358251637,15,16,0.1788496543212204,0.17884962598816853,1.1280835480180504e-06,1.0647956222754074e-06,0.1788495758747472,112,4
0,retrieval_frozen,sgd,3000,8280.582358251637,15,64,0.1788496543212204,0.17884962598816853,1.1280835480179665e-06,1.0647956222753337e-06,0.1788495758747472,112,4
0,retrieval_frozen,sgd,3000,8280.582358251637,16,0,0.17884933508425035,0.1788493246610948,4.149990960088435e-07,3.917167190573371e-07,0.17884930622544185,112,4
0,retrieval_frozen,sgd,3000,8280.582358251637,16,16,0.17884933508420547,0.17884932466105483,4.149989957012293e-07,3.9171662975770434e-07,0.17884930622544185,112,4
0,retrieval_frozen,sgd,3000,8280.582358251637,16,64,0.17884933508420547,0.17884932466105483,4.1499899570121803e-07,3.917166297576946e-07,0.17884930622544185,112,4
0,retrieval_frozen,sgd,3000,8280.582358251637,17,0,0.17884921764349213,0.17884921380902818,1.5266964609676787e-07,1.4410453553096256e-07,0.17884920702695123,112,4
0,retrieval_frozen,sgd,3000,8280.582358251637,17,16,0.17884921764348607,0.1788492138090228,1.526696325216045e-07,1.4410452344556852e-07,0.17884920702695123,112,4
0,retrieval_frozen,sgd,3000,8280.582358251637,17,64,0.17884921764348607,0.1788492138090228,1.52669632521603e-07,1.44104523445567e-07,0.17884920702695123,112,4
0,retrieval_frozen,sgd,3000,8280.582358251637,18,0,0.17884917443946272,0.17884917302884235,5.616402552046649e-08,5.301309706062136e-08,0.1788491705338585,112,4
0,retrieval_frozen,sgd,3000,8280.582358251637,18,16,0.17884917443946188,0.17884917302884165,5.616402368326773e-08,5.301309542504087e-08,0.1788491705338585,112,4
0,retrieval_frozen,sgd,3000,8280.582358251637,18,64,0.17884917443946188,0.17884917302884165,5.616402368326752e-08,5.301309542504068e-08,0.1788491705338585,112,4
0,retrieval_frozen,sgd,3000,8280.582358251637,19,0,0.17884915854559003,0.17884915802665183,2.0661590516011113e-08,1.9502428664778657e-08,0.17884915710879892,112,4
0,retrieval_frozen,sgd,3000,8280.582358251637,19,16,0.17884915854558994,0.17884915802665172,2.0661590267373284e-08,1.9502428443426928e-08,0.17884915710879892,112,4
0,retrieval_frozen,sgd,3000,8280.582358251637,19,64,0.17884915854558994,0.17884915802665172,2.0661590267373257e-08,1.9502428443426928e-08,0.17884915710879892,112,4
0,retrieval_frozen,sgd,3000,8280.582358251637,20,0,0.17884915269856125,0.17884915250765454,7.600974398944716e-09,7.174542578085014e-09,0.17884915216999536,112,4
0,retrieval_frozen,sgd,3000,8280.582358251637,20,16,0.17884915269856122,0.17884915250765454,7.600974365295245e-09,7.174542548128318e-09,0.17884915216999536,112,4
0,retrieval_frozen,sgd,3000,8280.582358251637,20,64,0.17884915269856122,0.17884915250765454,7.600974365295242e-09,7.174542548128318e-09,0.17884915216999536,112,4
0,retrieval_frozen,sgd,3000,8280.582358251637,21,0,0.17884915054755957,0.1788491504773289,2.7962422177881834e-09,2.639366716912175e-09,0.17884915035311105,112,4
0,retrieval_frozen,sgd,3000,8280.582358251637,21,16,0.17884915054755957,0.1788491504773289,2.796242213234223e-09,2.6393667128579725e-09,0.17884915035311105,112,4
0,retrieval_frozen,sgd,3000,8280.582358251637,21,64,0.17884915054755957,0.1788491504773289,2.7962422132342224e-09,2.6393667128579725e-09,0.17884915035311105,112,4
0,retrieval_frozen,sgd,3000,8280.582358251637,22,0,0.1788491497562503,0.17884914973041388,1.028680024939809e-09,9.709687532194864e-10,0.17884914968471669,112,4
0,retrieval_frozen,sgd,3000,8280.582358251637,22,16,0.1788491497562503,0.17884914973041388,1.0286800243234972e-09,9.709687526708111e-10,0.17884914968471669,112,4
0,retrieval_frozen,sgd,3000,8280.582358251637,22,64,0.1788491497562503,0.17884914973041388,1.0286800243234972e-09,9.709687526708111e-10,0.17884914968471669,112,4
0,retrieval_frozen,sgd,3000,8280.582358251637,23,0,0.17884914946514388,0.1788491494556392,3.784302327840276e-10,3.571994423774037e-10,0.1788491494388281,112,4
0,retrieval_frozen,sgd,3000,8280.582358251637,23,16,0.17884914946514388,0.1788491494556392,3.78430232700619e-10,3.5719944230314907e-10,0.1788491494388281,112,4
0,retrieval_frozen,sgd,3000,8280.582358251637,23,64,0.17884914946514388,0.1788491494556392,3.78430232700619e-10,3.5719944230314907e-10,0.1788491494388281,112,4
0,retrieval_frozen,sgd,3000,8280.582358251637,24,0,0.1788491493580518,0.17884914935455523,1.3921670256775682e-10,1.3140633125505848e-10,0.17884914934837082,112,4
0,retrieval_frozen,sgd,3000,8280.582358251637,24,16,0.1788491493580518,0.17884914935455523,1.3921670255646865e-10,1.3140633124500908e-10,0.17884914934837082,112,4
0,retrieval_frozen,sgd,3000,8280.582358251637,24,64,0.1788491493580518,0.17884914935455523,1.3921670255646865e-10,1.3140633124500908e-10,0.17884914934837082,112,4
0,retrieval_frozen,sgd,4000,9904.240851134537,1,0,0.9855750219009477,0.9855750219009478,1.0,1.0,0.6306791918242018,112,4
0,retrieval_frozen,sgd,4000,9904.240851134537,1,16,0.7532877192897723,0.7532877192897725,0.6321205849979562,0.6321205849979562,0.6306791918242018,112,4
0,retrieval_frozen,sgd,4000,9904.240851134537,1,64,0.7532876782006881,0.7532876782006882,0.6321205588285578,0.6321205588285577,0.6306791918242018,112,4
0,retrieval_frozen,sgd,4000,9904.240851134537,2,0,0.9826464486604506,0.9813281764862457,0.9778292783029399,0.9689445728985242,0.6051106371039708,112,4
0,retrieval_frozen,sgd,4000,9904.240851134537,2,16,0.7389860102130853,0.7330543851128876,0.6231866504353292,0.6195681611018576,0.6051106371039708,112,4
0,retrieval_frozen,sgd,4000,9904.240851134537,2,64,0.7389859687667568,0.7330543435493878,0.6231866250002648,0.619568135961465,0.6051106371039708,112,4
0,retrieval_frozen,sgd,4000,9904.240851134537,3,0,0.9724353649120623,0.9652734111695938,0.9223975537269818,0.8935485307959682,0.5388747114954826,112,4
0,retrieval_frozen,sgd,4000,9904.240851134537,3,16,0.6997139114063172,0.6774801181038814,0.6001759000485541,0.587851449457349,0.5388747114954826,112,4
0,retrieval_frozen,sgd,4000,9904.240851134537,3,64,0.6997138695560202,0.6774800763243883,0.6001758764554449,0.5878514268250298,0.5388747114954826,112,4
0,retrieval_frozen,sgd,4000,9904.240851134537,4,0,0.9247486929896134,0.8815206865725229,0.7997765414254268,0.7375455363547042,0.39101382194401496,112,4
0,retrieval_frozen,sgd,4000,9904.240851134537,4,16,0.5948856674007157,0.533831967482974,0.5456089898036658,0.516042435949853,0.39101382194401496,112,4
0,retrieval_frozen,sgd,4000,9904.240851134537,4,64,0.5948856278369588,0.5338319308145013,0.5456089702959492,0.5160424185091209,0.39101382194401496,112,4
0,retrieval_frozen,sgd,4000,9904.240851134537,5,0,0.6744229135650661,0.5003661461279761,0.5887516624508401,0.5001733538421369,0.18730920806986978,112,4
0,retrieval_frozen,sgd,4000,9904.240851134537,5,16,0.3732915695456583,0.2786296989028709,0.4380745736671124,0.3874041782086977,0.18730920806986978,112,4
0,retrieval_frozen,sgd,4000,9904.240851134537,5,64,0.3732915447223411,0.27862968221160866,0.4380745610623826,0.38740416837940017,0.18730920806986978,112,4
0,retrieval_frozen,sgd,4000,9904.240851134537,6,0,0.2163418175809346,0.12234954987995451,0.3440127085892938,0.266779928562835,0.06680700619876184,112,4
0,retrieval_frozen,sgd,4000,9904.240851134537,6,16,0.14327961169056316,0.09336054316056562,0.28611129728381507,0.23092637231989635,0.06680700619876184,112,4
0,retrieval_frozen,sgd,4000,9904.240851134537,6,64,0.1432796059458152,0.09336054066298236,0.28611129187411627,0.2309263688273598,0.06680700619876184,112,4
0,retrieval_frozen,sgd,4000,9904.240851134537,7,0,0.055255534837690155,0.038027904272896526,0.16189004995529196,0.11760613627555437,0.029686824762480805,112,4
0,retrieval_frozen,sgd,4000,9904.240851134537,7,16,0.04908024592299033,0.03576674431619364,0.14770529603422095,0.11007234222136472,0.029686824762480805,112,4
0,retrieval_frozen,sgd,4000,9904.240851134537,7,64,0.04908024532785155,0.035766744084990955,0.1477052945801542,0.11007234142785852,0.029686824762480805,112,4
0,retrieval_frozen,sgd,4000,9904.240851134537,8,0,0.02510823960810154,0.021248875493901757,0.06642643761073941,0.04666973220352591,0.01937888237266741,112,4
0,retrieval_frozen,sgd,4000,9904.240851134537,8,16,0.02457648526755012,0.02103312054927677,0.06389413392165604,0.04543566793011115,0.01937888237266741,112,4
0,retrieval_frozen,sgd,4000,9904.240851134537,8,64,0.024576485210722077,0.0210331205257566,0.0638941336477964,0.04543566779490771,0.01937888237266741,112,4
0,retrieval_frozen,sgd,4000,9904.240851134537,9,0,0.01784578250560315,0.016710144723245172,0.025524240051543107,0.017680714983884765,0.01615433622329925,112,4
0,retrieval_frozen,sgd,4000,9904.240851134537,9,16,0.017788367442339848,0.016685165279100495,0.02514029962028725,0.017500637568792443,0.01615433622329925,112,4
0,retrieval_frozen,sgd,4000,9904.240851134537,9,64,0.01778836743599003,0.0166851652763201,0.0251402995777474,0.017500637548733787,0.01615433622329925,112,4
0,retrieval_frozen,sgd,4000,9904.240851134537,10,0,0.015619100693941814,0.015236581985573146,0.009546362296222284,0.006576503534552356,0.015048457672419182,112,4
0,retrieval_frozen,sgd,4000,9904.240851134537,10,16,0.01561201954639709,0.015233403702754379,0.009492081492259203,0.006551428783142859,0.015048457672419182,112,4
0,retrieval_frozen,sgd,4000,9904.240851134537,10,64,0.015612019545605075,0.015233403702398113,0.009492081486186393,0.006551428780331825,0.015048457672419182,112,4
0,retrieval_frozen,sgd,4000,9904.240851134537,11,0,0.014855803907529072,0.014719689068934432,0.003533593022529483,0.002429271139026035,0.014652617983841194,112,4
0,retrieval_frozen,sgd,4000,9904.240851134537,11,16,0.0148548790873526,0.014719268848324068,0.003526125855279599,0.0024258415350645614,0.014652617983841194,112,4
0,retrieval_frozen,sgd,4000,9904.240851134537,11,64,0.01485487908724876,0.014719268848276847,0.0035261258544411053,0.0024258415346791544,0.014652617983841194,112,4
0,retrieval_frozen,sgd,4000,9904.240851134537,12,0,0.014582336059941137,0.014532877206679012,0.0013028962066628806,0.0008950277026317891,0.014508488420446445,112,4
0,retrieval_frozen,sgd,4000,9904.240851134537,12,16,0.014582212551790706,0.014532820826518552,0.0013018795017107668,0.0008945617386470455,0.014508488420446445,112,4
0,retrieval_frozen,sgd,4000,9904.240851134537,12,64,0.014582212551776818,0.014532820826512203,0.0013018795015964436,0.000894561738594636,0.014508488420446445,112,4
0,retrieval_frozen,sgd,4000,9904.240851134537,13,0,0.014482713983820412,0.014464601902388581,0.00047971060324557095,0.00032944520749383623,0.014455668190419048,112,4
0,retrieval_frozen,sgd,4000,9904.240851134537,13,16,0.014482697350797163,0.014464594296528582,0.000479572699824088,0.0003293820552649452,0.014455668190419048,112,4
0,retrieval_frozen,sgd,4000,9904.240851134537,13,64,0.01448269735079529,0.014464594296527734,0.0004795726998085736,0.0003293820552578398,0.014455668190419048,112,4
0,retrieval_frozen,sgd,4000,9904.240851134537,14,0,0.014446197284530884,0.014439545408988475,0.00017653012070223932,0.00012122089268979751,0.014436264070377099,112,4
0,retrieval_frozen,sgd,4000,9904.240851134537,14,16,0.014446195037572463,0.014439544380859284,0.0001765114421640068,0.0001212123414345048,0.014436264070377099,112,4
0,retrieval_frozen,sgd,4000,9904.240851134537,14,64,0.014446195037572208,0.014439544380859171,0.00017651144216190498,0.00012121234143354245,0.014436264070377099,112,4
0,retrieval_frozen,sgd,4000,9904.240851134537,15,0,0.014432781406661674,0.014430335831345084,6.494917463949594e-05,4.459802797597491e-05,0.01442912939630214,112,4
0,retrieval_frozen,sgd,4000,9904.240851134537,15,16,0.014432781102771778,0.014430335692263242,6.494664600984612e-05,4.459687046373231e-05,0.01442912939630214,112,4
0,retrieval_frozen,sgd,4000,9904.240851134537,15,64,0.014432781102771745,0.01443033569226323,6.494664600956156e-05,4.4596870463602075e-05,0.01442912939630214,112,4
0,retrieval_frozen,sgd,4000,9904.240851134537,16,0,0.014427848397375887,0.014426948925197778,2.389446398781014e-05,1.640715153180428e-05,0.014426505197526685,112,4
0,retrieval_frozen,sgd,4000,9904.240851134537,16,16,0.01442784835625896,0.014426948906378113,2.389412173693133e-05,1.640699486831856e-05,0.014426505197526685,112,4
0,retrieval_frozen,sgd,4000,9904.240851134537,16,64,0.014427848356258956,0.014426948906378113,2.389412173689282e-05,1.640699486830093e-05,0.014426505197526685,112,4
0,retrieval_frozen,sgd,4000,9904.240851134537,17,0,0.014426033971626355,0.014425703102005053,8.790417120231393e-06,6.035915170811211e-06,0.014425539876570144,112,4
0,retrieval_frozen,sgd,4000,9904.240851134537,17,16,0.014426033966062285,0.014425703099458233,8.790370799716202e-06,6.035893968154432e-06,0.014425539876570144,112,4
0,retrieval_frozen,sgd,4000,9904.240851134537,17,64,0.014426033966062285,0.014425703099458233,8.790370799710991e-06,6.035893968152041e-06,0.014425539876570144,112,4
0,retrieval_frozen,sgd,4000,9904.240851134537,18,0,0.014425366525939934,0.014425244809557333,3.233832016809873e-06,2.22049741431008e-06,0.014425184764014923,112,4
0,retrieval_frozen,sgd,4000,9904.240851134537,18,16,0.014425366525186941,0.01442524480921267,3.2338257479154514e-06,2.2204945448146554e-06,0.014425184764014923,112,4
0,retrieval_frozen,sgd,4000,9904.240851134537,18,64,0.014425366525186941,0.01442524480921267,3.2338257479147462e-06,2.2204945448143323e-06,0.014425184764014923,112,4
0,retrieval_frozen,sgd,4000,9904.240851134537,19,0,0.01442512099238145,0.014425076215933967,1.1896627889936064e-06,8.168764731248031e-07,0.014425054126648781,112,4
0,retrieval_frozen,sgd,4000,9904.240851134537,19,16,0.014425120992279541,0.014425076215887322,1.1896619405863056e-06,8.168760847794396e-07,0.014425054126648781,112,4
0,retrieval_frozen,sgd,4000,9904.240851134537,19,64,0.014425120992279541,0.014425076215887322,1.1896619405862097e-06,8.168760847793959e-07,0.014425054126648781,112,4
0,retrieval_frozen,sgd,4000,9904.240851134537,20,0,0.014425030666443494,0.014425014194177676,4.3765281679181487e-07,3.0051221272228703e-07,0.014425006068015646,112,4
0,retrieval_frozen,sgd,4000,9904.240851134537,20,16,0.014425030666429703,0.014425014194171361,4.3765270197213845e-07,3.005121601653883e-07,0.014425006068015646,112,4
0,retrieval_frozen,sgd,4000,9904.240851134537,20,64,0.014425030666429703,0.014425014194171361,4.376527019721256e-07,3.005121601653824e-07,0.014425006068015646,112,4
0,retrieval_frozen,sgd,4000,9904.240851134537,21,0,0.014424997437497583,0.014424991377698934,1.6100351897802268e-07,1.1055228549075052e-07,0.0144249883882553,112,4
0,retrieval_frozen,sgd,4000,9904.240851134537,21,16,0.014424997437495717,0.014424991377698078,1.6100350343885762e-07,1.1055227837794437e-07,0.0144249883882553,112,4
0,retrieval_frozen,sgd,4000,9904.240851134537,21,64,0.014424997437495717,0.014424991377698078,1.6100350343885587e-07,1.1055227837794359e-07,0.0144249883882553,112,4
0,retrieval_frozen,sgd,4000,9904.240851134537,22,0,0.01442498521326637,0.014424982983992285,5.9229890720252913e-08,4.066991579572702e-08,0.014424981884238014,112,4
0,retrieval_frozen,sgd,4000,9904.240851134537,22,16,0.01442498521326612,0.014424982983992172,5.9229888617255017e-08,4.066991483311318e-08,0.014424981884238014,112,4
0,retrieval_frozen,sgd,4000,9904.240851134537,22,64,0.01442498521326612,0.014424982983992172,5.922988861725478e-08,4.066991483311304e-08,0.014424981884238014,112,4
0,retrieval_frozen,sgd,4000,9904.240851134537,23,0,0.014424980716225036,0.014424979896121098,2.1789459928685823e-08,1.4961626272893917e-08,0.014424979491544187,112,4
0,retrieval_frozen,sgd,4000,9904.240851134537,23,16,0.014424980716225,0.014424979896121083,2.178945964407598e-08,1.4961626142618288e-08,0.014424979491544187,112,4
0,retrieval_frozen,sgd,4000,9904.240851134537,23,64,0.014424980716225,0.014424979896121083,2.1789459644075947e-08,1.4961626142618288e-08,0.014424979491544187,112,4
0,retrieval_frozen,sgd,4000,9904.240851134537,24,0,0.014424979061856252,0.014424978760156896,8.015894454303686e-09,5.504074763373512e-09,0.014424978611321386,112,4
0,retrieval_frozen,sgd,4000,9904.240851134537,24,16,0.01442497906185625,0.014424978760156896,8.01589441578593e-09,5.504074745742619e-09,0.014424978611321386,112,4
0,retrieval_frozen,sgd,4000,9904.240851134537,24,64,0.01442497906185625,0.014424978760156896,8.015894415785923e-09,5.504074745742619e-09,0.014424978611321386,112,4
0,retrieval_frozen,sgd,5000,11299.626091843822,1,0,0.996956682887581,0.9969566828875809,1.0,1.0,0.7078447526328125,112,4
0,retrieval_frozen,sgd,5000,11299.626091843822,1,16,0.8220679382048379,0.8220679382048379,0.6321205849979562,0.6321205849979562,0.7078447526328125,112,4
0,retrieval_frozen,sgd,5000,11299.626091843822,1,64,0.8220678938647856,0.8220678938647857,0.6321205588285578,0.6321205588285577,0.7078447526328125,112,4
0,retrieval_frozen,sgd,5000,11299.626091843822,2,0,0.9965539916742424,0.9963444026883116,0.9892639391646068,0.9841217705022376,0.6918294021229022,112,4
0,retrieval_frozen,sgd,5000,11299.626091843822,2,16,0.8146469441007239,0.8109963193577758,0.6278130051042478,0.6257387405768755,0.6918294021229022,112,4
0,retrieval_frozen,sgd,5000,11299.626091843822,2,64,0.8146468989514514,0.8109962738265184,0.6278129792902468,0.6257387149332184,0.6918294021229022,112,4
0,retrieval_frozen,sgd,5000,11299.626091843822,3,0,0.9952235093481825,0.9941552323563179,0.9612668741811911,0.9434185111018547,0.647928116207942,112,4
0,retrieval_frozen,sgd,5000,11299.626091843822,3,16,0.7938140006452252,0.7795363771852221,0.6164112515390264,0.6090313491807756,0.647928116207942,112,4
0,retrieval_frozen,sgd,5000,11299.626091843822,3,64,0.7938139534846813,0.7795363288251402,0.6164112266535451,0.6090313248882219,0.647928116207942,112,4
0,retrieval_frozen,sgd,5000,11299.626091843822,4,0,0.9892854508773867,0.9825685174156141,0.8928421551780207,0.8480714574701825,0.5313630316495042,112,4
0,retrieval_frozen,sgd,5000,11299.626091843822,4,16,0.733247721682007,0.6868836752033838,0.5874832780086618,0.5678196516383585,0.5313630316495042,112,4
0,retrieval_frozen,sgd,5000,11299.626091843822,4,64,0.7332476706201272,0.6868836225963111,0.5874832554000523,0.5678196305222096,0.5313630316495042,112,4
0,retrieval_frozen,sgd,5000,11299.626091843822,5,0,0.9425971841586848,0.8715496845835481,0.7490302857582641,0.6652978493619518,0.2924036226964752,112,4
0,retrieval_frozen,sgd,5000,11299.626091843822,5,16,0.560902093350181,0.4412027314843509,0.5213553795692256,0.4796018574986706,0.2924036226964752,112,4
0,retrieval_frozen,sgd,5000,11299.626091843822,5,64,0.5609020431479672,0.4412026884625535,0.5213553617452278,0.4796018424341405,0.2924036226964752,112,4
0,retrieval_frozen,sgd,5000,11299.626091843822,6,0,0.5608899661370162,0.2824823601176335,0.5227222443436818,0.41952519205086397,0.08028125513351458,112,4
0,retrieval_frozen,sgd,5000,11299.626091843822,6,16,0.24468990233569718,0.13172074105950857,0.40013734319280986,0.33719719464172326,0.08028125513351458,112,4
0,retrieval_frozen,sgd,5000,11299.626091843822,6,64,0.24468987967042533,0.13172073119408212,0.4001373326497625,0.33719718719505876,0.08028125513351458,112,4
0,retrieval_frozen,sgd,5000,11299.626091843822,7,0,0.08622493984884246,0.033341609619918514,0.28826051773451894,0.20932501959223504,0.018163192469059657,112,4
0,retrieval_frozen,sgd,5000,11299.626091843822,7,16,0.052857213849425023,0.025822504455153134,0.2462346736723681,0.1865937455899122,0.018163192469059657,112,4
0,retrieval_frozen,sgd,5000,11299.626091843822,7,64,0.05285721135453179,0.02582250379069901,0.2462346696422259,0.18659374330963288,0.018163192469059657,112,4
0,retrieval_frozen,sgd,5000,11299.626091843822,8,0,0.014065894734660649,0.008449228518010403,0.13021404248340143,0.08862283343067885,0.006734689589295876,112,4
0,retrieval_frozen,sgd,5000,11299.626091843822,8,16,0.012524921226428344,0.008037679764628849,0.12080252223035784,0.08427617036071591,0.006734689589295876,112,4
0,retrieval_frozen,sgd,5000,11299.626091843822,8,64,0.01252492107606147,0.008037679721668302,0.12080252124965536,0.08427616989555473,0.006734689589295876,112,4
0,retrieval_frozen,sgd,5000,11299.626091843822,9,0,0.005601546578803891,0.004532592771744982,0.05232553990849539,0.03451809522409505,0.004175405778377538,112,4
0,retrieval_frozen,sgd,5000,11299.626091843822,9,16,0.0054952109230260145,0.004497202637182864,0.05072706796678899,0.033838326386616414,0.004175405778377538,112,4
0,retrieval_frozen,sgd,5000,11299.626091843822,9,64,0.00549521091156734,0.00449720263329387,0.05072706779257295,0.03383832631162499,0.004175405778377538,112,4
0,retrieval_frozen,sgd,5000,11299.626091843822,10,0,0.003834427738960558,0.003535297330930116,0.019929103174218036,0.012979038658673761,0.0034312208833646583,112,4
0,retrieval_frozen,sgd,5000,11299.626091843822,10,16,0.00382377488225165,0.0035313290002220543,0.019692054029858796,0.012881736496482138,0.0034312208833646583,112,4
0,retrieval_frozen,sgd,5000,11299.626091843822,10,64,0.0038237748810695774,0.003531328999779073,0.0196920540035108,0.012881736485614304,0.0034312208833646583,112,4
0,retrieval_frozen,sgd,5000,11299.626091843822,11,0,0.0033163444107103895,0.003217275354433454,0.007428150589832051,0.004813845355565503,0.0031822628193998686,112,4
0,retrieval_frozen,sgd,5000,11299.626091843822,11,16,0.003315064360439476,0.003216775814226112,0.007394930432836915,0.004800396825191393,0.0031822628193998686,112,4
0,retrieval_frozen,sgd,5000,11299.626091843822,11,64,0.0033150643602961266,0.0032167758141700576,0.007394930429115805,0.004800396823682188,0.0031822628193998686,112,4
0,retrieval_frozen,sgd,5000,11299.626091843822,12,0,0.0031414291555109134,0.0031063868235710382,0.0027459889869965856,0.0017762691047265805,0.0030939297086868853,112,4
0,retrieval_frozen,sgd,5000,11299.626091843822,12,16,0.0031412635313483117,0.0031063210252792093,0.002741434239235521,0.0017744347878612483,0.0030939297086868853,112,4
0,retrieval_frozen,sgd,5000,11299.626091843822,12,64,0.0031412635313297055,0.0031063210252718133,0.0027414342387238333,0.0017744347876550374,0.0030939297086868853,112,4
0,retrieval_frozen,sgd,5000,11299.626091843822,13,0,0.0030791005521209336,0.0030663951069564333,0.0010120087524929271,0.0006541805204511237,0.003061868701686632,112,4
0,retrieval_frozen,sgd,5000,11299.626091843822,13,16,0.00307907850839707,0.0030663862909950236,0.001011389361059803,0.0006539315570790372,0.003061868701686632,112,4
0,retrieval_frozen,sgd,5000,11299.626091843822,13,64,0.00307907850839459,0.0030663862909940326,0.001011389360990144,0.0006539315570510303,0.003061868701686632,112,4
0,retrieval_frozen,sgd,5000,11299.626091843822,14,0,0.003056439414004493,0.003051790305381144,0.0003725435914175024,0.0002407581890098425,0.003050132706753945,112,4
0,retrieval_frozen,sgd,5000,11299.626091843822,14,16,0.003056436449041327,0.0030517891166749068,0.00037245961709724034,0.000240724459747566,0.003050132706753945,112,4
0,retrieval_frozen,sgd,5000,11299.626091843822,14,64,0.0030564364490409932,0.003051789116674774,0.0003724596170877925,0.00024072445974377058,0.003050132706753945,112,4
0,retrieval_frozen,sgd,5000,11299.626091843822,15,0,0.003048138908081675,0.0030464319652855234,0.00013708450306124987,8.858334291823899e-05,0.0030458231913109593,112,4
0,retrieval_frozen,sgd,5000,11299.626091843822,15,16,0.0030481385077275325,0.003046431804630544,0.00013707313095006734,8.857877637792509e-05,0.0030458231913109593,112,4
0,retrieval_frozen,sgd,5000,11299.626091843822,15,64,0.0030481385077274874,0.0030464318046305255,0.00013707313094878774,8.857877637741124e-05,0.0030458231913109593,112,4
0,retrieval_frozen,sgd,5000,11299.626091843822,16,0,0.0030450901907071526,0.003044462696962579,5.043508873393134e-05,3.258979845019057e-05,0.0030442388797922147,112,4
0,retrieval_frozen,sgd,5000,11299.626091843822,16,16,0.0030450901365703695,0.0030444626752311843,5.043354931622535e-05,3.258918034745436e-05,0.0030442388797922147,112,4
0,retrieval_frozen,sgd,5000,11299.626091843822,16,64,0.0030450901365703625,0.0030444626752311817,5.043354931605212e-05,3.2589180347384835e-05,0.0030442388797922147,112,4
0,retrieval_frozen,sgd,5000,11299.626091843822,17,0,0.0030439692884825964,0.0030437385080444262,1.855464382941715e-05,1.1989361514067263e-05,0.003043656189014306,112,4
0,retrieval_frozen,sgd,5000,11299.626091843822,17,16,0.003043969281158232,0.0030437385051039455,1.8554435473468953e-05,1.198927785854116e-05,0.003043656189014306,112,4
0,retrieval_frozen,sgd,5000,11299.626091843822,17,64,0.003043969281158232,0.0030437385051039424,1.8554435473445504e-05,1.1989277858531746e-05,0.003043656189014306,112,4
0,retrieval_frozen,sgd,5000,11299.626091843822,18,0,0.003043557020648731,0.003043472129606899,6.825954774046311e-06,4.4106727275197265e-06,0.003043441848659311,112,4
0,retrieval_frozen,sgd,5000,11299.626091843822,18,16,0.0030435570196575986,0.0030434721292089753,6.825926575218037e-06,4.410661405755469e-06,0.003043441848659311,112,4
0,retrieval_frozen,sgd,5000,11299.626091843822,18,64,0.0030435570196575986,0.0030434721292089753,6.8259265752148614e-06,4.4106614057542e-06,0.003043441848659311,112,4
0,retrieval_frozen,sgd,5000,11299.626091843822,19,0,0.0030434053678385143,0.0030433741392976873,2.5111396297597937e-06,1.622600299691082e-06,0.0030433629999021584,112,4
0,retrieval_frozen,sgd,5000,11299.626091843822,19,16,0.0030434053677043846,0.0030433741392438367,2.511135813417725e-06,1.62259876744596e-06,0.0030433629999021584,112,4
0,retrieval_frozen,sgd,5000,11299.626091843822,19,64,0.0030434053677043846,0.0030433741392438367,2.511135813417295e-06,1.6225987674457869e-06,0.0030433629999021584,112,4
0,retrieval_frozen,sgd,5000,11299.626091843822,20,0,0.0030433495795181707,0.0030433380913327058,9.237981597379265e-07,5.969218980024689e-07,0.003043333993424462,112,4
0,retrieval_frozen,sgd,5000,11299.626091843822,20,16,0.003043349579500018,0.003043338091325416,9.237976432499185e-07,5.969216906350955e-07,0.003043333993424462,112,4
0,retrieval_frozen,sgd,5000,11299.626091843822,20,64,0.003043349579500018,0.003043338091325416,9.237976432498605e-07,5.969216906350722e-07,0.003043333993424462,112,4
0,retrieval_frozen,sgd,5000,11299.626091843822,21,0,0.003043329056362751,0.0030433248301161625,3.39846555933564e-07,2.1959537634212337e-07,0.0030433233225862443,112,4
0,retrieval_frozen,sgd,5000,11299.626091843822,21,16,0.0030433290563602945,0.0030433248301151793,3.3984648603439994e-07,2.1959534827797413e-07,0.0030433233225862443,112,4
0,retrieval_frozen,sgd,5000,11299.626091843822,21,64,0.0030433290563602945,0.0030433248301151793,3.398464860343921e-07,2.1959534827797098e-07,0.0030433233225862443,112,4
0,retrieval_frozen,sgd,5000,11299.626091843822,22,0,0.0030433215063456706,0.003043319951599234,1.250225888481797e-07,8.078463544116646e-08,0.0030433193970108192,112,4
0,retrieval_frozen,sgd,5000,11299.626091843822,22,16,0.0030433215063453384,0.0030433199515991017,1.2502257938835095e-07,8.078463164309561e-08,0.0030433193970108192,112,4
0,retrieval_frozen,sgd,5000,11299.626091843822,22,64,0.0030433215063453384,0.0030433199515991017,1.250225793883499e-07,8.078463164309502e-08,0.0030433193970108192,112,4
0,retrieval_frozen,sgd,5000,11299.626091843822,23,0,0.0030433187288536486,0.003043318156894778,4.599324387717198e-08,2.9719008044719815e-08,0.0030433179528732137,112,4
0,retrieval_frozen,sgd,5000,11299.626091843822,23,16,0.0030433187288536035,0.003043318156894759,4.59932425969231e-08,2.971900753070675e-08,0.0030433179528732137,112,4
0,retrieval_frozen,sgd,5000,11299.626091843822,23,64,0.0030433187288536035,0.003043318156894759,4.599324259692294e-08,2.971900753070665e-08,0.0030433179528732137,112,4
0,retrieval_frozen,sgd,5000,11299.626091843822,24,0,0.0030433177070719824,0.003043317496660123,1.6919969363772e-08,1.093301227512217e-08,0.0030433174216048017,112,4
0,retrieval_frozen,sgd,5000,11299.626091843822,24,16,0.0030433177070719767,0.003043317496660123,1.691996919050914e-08,1.0933012205558066e-08,0.0030433174216048017,112,4
0,retrieval_frozen,sgd,5000,11299.626091843822,24,64,0.0030433177070719767,0.003043317496660123,1.6919969190509127e-08,1.0933012205558066e-08,0.0030433174216048017,112,4
0,retrieval_frozen,sgd,6000,12529.964347562545,1,0,0.9982794911563346,0.9982794911563347,1.0,1.0,0.7406628841392817,112,4
0,retrieval_frozen,sgd,6000,12529.964347562545,1,16,0.8430998458196444,0.8430998458196445,0.6321205849979562,0.6321205849979562,0.7406628841392817,112,4
0,retrieval_frozen,sgd,6000,12529.964347562545,1,64,0.8430998017625057,0.8430998017625057,0.6321205588285578,0.6321205588285577,0.7406628841392817,112,4
0,retrieval_frozen,sgd,6000,12529.964347562545,2,0,0.9980721826872191,0.997960496788265,0.9910664177238891,0.9866105061914099,0.7268915498213327,112,4
0,retrieval_frozen,sgd,6000,12529.964347562545,2,16,0.8369706212807076,0.8338342100828314,0.6285386522122967,0.6267439751390056,0.7268915498213327,112,4
0,retrieval_frozen,sgd,6000,12529.964347562545,2,64,0.8369705763500576,0.8338341647183759,0.6285386263386009,0.6267439494128905,0.7268915498213327,112,4
0,retrieval_frozen,sgd,6000,12529.964347562545,3,0,0.9973949244348125,0.9968342641488653,0.9676111353231708,0.9519743425465576,0.6886583041183384,112,4
0,retrieval_frozen,sgd,6000,12529.964347562545,3,16,0.8197007029446041,0.8073459917521454,0.6190160967863819,0.6125855254432885,0.6886583041183384,112,4
0,retrieval_frozen,sgd,6000,12529.964347562545,3,64,0.8197006557582446,0.807345943101877,0.6190160716902964,0.6125855008663752,0.6886583041183384,112,4
0,retrieval_frozen,sgd,6000,12529.964347562545,4,0,0.994430704292182,0.990957569863735,0.9093156307813984,0.8690428084913037,0.5829617407030104,112,4
0,retrieval_frozen,sgd,6000,12529.964347562545,4,16,0.7687739867685354,0.7274664835452131,0.5945860561709945,0.5771446308288684,0.5829617407030104,112,4
0,retrieval_frozen,sgd,6000,12529.964347562545,4,64,0.7687739345283087,0.7274664285004191,0.5945860330135517,0.5771446090134675,0.5829617407030104,112,4
0,retrieval_frozen,sgd,6000,12529.964347562545,5,0,0.9704923540675863,0.9295054487539588,0.7821646323112069,0.7026520334118658,0.3409097186136109,112,4
0,retrieval_frozen,sgd,6000,12529.964347562545,5,16,0.6151713173744672,0.49590927109446925,0.5372565026627615,0.4987142685687516,0.3409097186136109,112,4
0,retrieval_frozen,sgd,6000,12529.964347562545,5,64,0.6151712611444332,0.4959092192707566,0.5372564837400245,0.49871425227963756,0.3409097186136109,112,4
0,retrieval_frozen,sgd,6000,12529.964347562545,6,0,0.689398560715592,0.3817971612041716,0.5685462213100185,0.4621329677596607,0.09120306023919149,112,4
0,retrieval_frozen,sgd,6000,12529.964347562545,6,16,0.2877886410629426,0.15078057627804659,0.4265547225398897,0.3641851546550945,0.09120306023919149,112,4
0,retrieval_frozen,sgd,6000,12529.964347562545,6,64,0.2877886100133242,0.15078056212259333,0.42655471056911526,0.3641851459687238,0.09120306023919149,112,4
0,retrieval_frozen,sgd,6000,12529.964347562545,7,0,0.11262765336150661,0.035000762865875334,0.32784551434124065,0.23938848946912547,0.016595529361380677,112,4
0,retrieval_frozen,sgd,6000,12529.964347562545,7,16,0.05754180004979557,0.024380010930265584,0.27460147819824215,0.21011550989485012,0.016595529361380677,112,4
0,retrieval_frozen,sgd,6000,12529.964347562545,7,64,0.057541796346422744,0.024380010054990006,0.2746014731921311,0.21011550700343726,0.016595529361380677,112,4
0,retrieval_frozen,sgd,6000,12529.964347562545,8,0,0.012608520462753129,0.006402628727956143,0.15290421291495054,0.10362283096818652,0.0048556101416134465,112,4
0,retrieval_frozen,sgd,6000,12529.964347562545,8,16,0.01055763066276809,0.005942701438578102,0.14008817500339873,0.0977291691332163,0.0048556101416134465,112,4
0,retrieval_frozen,sgd,6000,12529.964347562545,8,64,0.010557630471961421,0.005942701391549967,0.14008817368494875,0.09772916850769472,0.0048556101416134465,112,4
0,retrieval_frozen,sgd,6000,12529.964347562545,9,0,0.003846868216285011,0.0028873105556070024,0.06246130325138664,0.04077016992498284,0.0026159139146116426,112,4
0,retrieval_frozen,sgd,6000,12529.964347562545,9,16,0.0037318616548168396,0.0028528937671227867,0.060194126013348885,0.03982522538979132,0.0026159139146116426,112,4
0,retrieval_frozen,sgd,6000,12529.964347562545,9,64,0.0037318616425825444,0.002852893763362028,0.0601941257677728,0.03982522528591647,0.0026159139146116426,112,4
0,retrieval_frozen,sgd,6000,12529.964347562545,10,0,0.0023367837223799343,0.0020920404312274876,0.023956224110093103,0.015392056209589902,0.0020187802105481626,112,4
0,retrieval_frozen,sgd,6000,12529.964347562545,10,16,0.0023264044538045584,0.002088412738616779,0.023613819425308692,0.01525540111544003,0.0020187802105481626,112,4
0,retrieval_frozen,sgd,6000,12529.964347562545,10,64,0.0023264044526569577,0.002088412738212511,0.02361381938734704,0.015255401100198055,0.0020187802105481626,112,4
0,retrieval_frozen,sgd,6000,12529.964347562545,11,0,0.0019282883672426328,0.0018501325606258986,0.00895349623871101,0.005717612368031988,0.0018262224287874922,112,4
0,retrieval_frozen,sgd,6000,12529.964347562545,11,16,0.0019270938242321168,0.0018496869466959032,0.008905161371067274,0.005698650014129661,0.0018262224287874922,112,4
0,retrieval_frozen,sgd,6000,12529.964347562545,11,64,0.0019270938240984936,0.0018496869466459282,0.008905161365658394,0.005698650012002811,0.0018262224287874922,112,4
0,retrieval_frozen,sgd,6000,12529.964347562545,12,0,0.0017945435064228611,0.0017672754668020378,0.0033132546000966693,0.0021109613216274948,0.001758865449498249,112,4
0,retrieval_frozen,sgd,6000,12529.964347562545,12,16,0.001794391482791094,0.0017672173124892022,0.0033066091997272637,0.002108371124070857,0.001758865449498249,112,4
0,retrieval_frozen,sgd,6000,12529.964347562545,12,64,0.0017943914827740226,0.0017672173124826654,0.0033066091989809804,0.0021083711237797247,0.001758865449498249,112,4
0,retrieval_frozen,sgd,6000,12529.964347562545,13,0,0.0017474270929415093,0.0017375906436493192,0.0012215323217649708,0.0007776087110352228,0.0017345477845677434,112,4
0,retrieval_frozen,sgd,6000,12529.964347562545,13,16,0.0017474069841106248,0.001737582878628383,0.0012206276983329832,0.0007772569633141222,0.0017345477845677434,112,4
0,retrieval_frozen,sgd,6000,12529.964347562545,13,64,0.0017474069841083638,0.0017375828786275111,0.0012206276982312597,0.0007772569632745563,0.0017345477845677434,112,4
0,retrieval_frozen,sgd,6000,12529.964347562545,14,0,0.0017303689098746061,0.0017267763693968306,0.0004497369307469495,0.0002862058303265283,0.0017256638074939694,112,4
0,retrieval_frozen,sgd,6000,12529.964347562545,14,16,0.0017303662113428112,0.0017267753237243397,0.00044961423942536504,0.00028615816636067904,0.0017256638074939694,112,4
0,retrieval_frozen,sgd,6000,12529.964347562545,14,64,0.0017303662113425076,0.0017267753237242217,0.00044961423941156185,0.00028615816635531576,0.0017256638074939694,112,4
0,retrieval_frozen,sgd,6000,12529.964347562545,15,0,0.0017241304120543667,0.0017228123064008413,0.00016549778807272849,0.0001053081425806301,0.0017224039409028734,112,4
0,retrieval_frozen,sgd,6000,12529.964347562545,15,16,0.00172413004798322,0.0017228121651431648,0.0001654811704408928,0.00010530168896874626,0.0017224039409028734,112,4
0,retrieval_frozen,sgd,6000,12529.964347562545,15,64,0.0017241300479831788,0.001722812165143148,0.00016548117043902296,0.00010530168896802,0.0017224039409028734,112,4
0,retrieval_frozen,sgd,6000,12529.964347562545,16,0,0.001721840367338197,0.001721355938509956,6.088984326966322e-05,3.8743259333095734e-05,0.0017212058340248494,112,4
0,retrieval_frozen,sgd,6000,12529.964347562545,16,16,0.0017218403181229658,0.0017213559194056765,6.088759366163996e-05,3.874238578249085e-05,0.0017212058340248494,112,4
0,retrieval_frozen,sgd,6000,12529.964347562545,16,64,0.0017218403181229604,0.0017213559194056748,6.08875936613868e-05,3.874238578239258e-05,0.0017212058340248494,112,4
0,retrieval_frozen,sgd,6000,12529.964347562545,17,0,0.001720998578756369,0.0017208204316178652,2.2401016148819225e-05,1.4253194904904064e-05,0.001720765228144308,112,4
0,retrieval_frozen,sgd,6000,12529.964347562545,17,16,0.0017209985720986205,0.0017208204290330232,2.2400711664804028e-05,1.4253076675255353e-05,0.001720765228144308,112,4
0,retrieval_frozen,sgd,6000,12529.964347562545,17,64,0.0017209985720986198,0.0017208204290330232,2.240071166476976e-05,1.4253076675242035e-05,0.001720765228144308,112,4
0,retrieval_frozen,sgd,6000,12529.964347562545,18,0,0.0017206889929162934,0.0017206234649425126,8.240994384891674e-06,5.243504246352625e-06,0.0017206031590036722,112,4
0,retrieval_frozen,sgd,6000,12529.964347562545,18,16,0.0017206889920154049,0.0017206234645927238,8.240953175834195e-06,5.243488245339678e-06,0.0017206031590036722,112,4
0,retrieval_frozen,sgd,6000,12529.964347562545,18,64,0.0017206889920154049,0.0017206234645927238,8.24095317582956e-06,5.243488245337872e-06,0.0017206031590036722,112,4
0,retrieval_frozen,sgd,6000,12529.964347562545,19,0,0.0017205751149465983,0.001720551009729008,3.0317087960731848e-06,1.9289837551474105e-06,0.0017205435399006838,112,4
0,retrieval_frozen,sgd,6000,12529.964347562545,19,16,0.0017205751148246834,0.0017205510096816694,3.0317032189527106e-06,1.928981589627372e-06,0.0017205435399006838,112,4
0,retrieval_frozen,sgd,6000,12529.964347562545,19,64,0.0017205751148246834,0.0017205510096816694,3.031703218952083e-06,1.928981589627129e-06,0.0017205435399006838,112,4
0,retrieval_frozen,sgd,6000,12529.964347562545,20,0,0.0017205332232467392,0.0017205243555920198,1.1153055554587101e-06,7.096343243376372e-07,0.0017205216076375829,112,4
0,retrieval_frozen,sgd,6000,12529.964347562545,20,16,0.00172053322323024,0.0017205243555856124,1.1153048006734975e-06,7.096340312654528e-07,0.0017205216076375829,112,4
0,retrieval_frozen,sgd,6000,12529.964347562545,20,64,0.00172053322323024,0.0017205243555856124,1.1153048006734128e-06,7.096340312654199e-07,0.0017205216076375829,112,4
0,retrieval_frozen,sgd,6000,12529.964347562545,21,0,0.001720517812376797,0.0017205145501704865,4.102982846202267e-07,2.610599948542301e-07,0.0017205135392602048,112,4
0,retrieval_frozen,sgd,6000,12529.964347562545,21,16,0.0017205178123745643,0.0017205145501696202,4.1029818247095544e-07,2.6105995519117696e-07,0.0017205135392602048,112,4
0,retrieval_frozen,sgd,6000,12529.964347562545,21,64,0.0017205178123745643,0.0017205145501696202,4.1029818247094395e-07,2.6105995519117283e-07,0.0017205135392602048,112,4
0,retrieval_frozen,sgd,6000,12529.964347562545,22,0,0.0017205121430650511,0.0017205109429693326,1.50940344279626e-07,9.603862074256827e-08,0.0017205105710769903,112,4
0,retrieval_frozen,sgd,6000,12529.964347562545,22,16,0.001720512143064749,0.001720510942969217,1.5094033045521544e-07,9.603861537475529e-08,0.0017205105710769903,112,4
0,retrieval_frozen,sgd,6000,12529.964347562545,22,64,0.001720512143064749,0.001720510942969217,1.5094033045521388e-07,9.603861537475494e-08,0.0017205105710769903,112,4
0,retrieval_frozen,sgd,6000,12529.964347562545,23,0,0.0017205100574459384,0.0017205096159557912,5.552785500112642e-08,3.5330636257579963e-08,0.0017205094791443486,112,4
0,retrieval_frozen,sgd,6000,12529.964347562545,23,16,0.0017205100574458974,0.001720509615955776,5.552785313019542e-08,3.533063553112532e-08,0.0017205094791443486,112,4
0,retrieval_frozen,sgd,6000,12529.964347562545,23,64,0.0017205100574458974,0.001720509615955776,5.552785313019522e-08,3.5330635531125194e-08,0.0017205094791443486,112,4
0,retrieval_frozen,sgd,6000,12529.964347562545,24,0,0.001720509290190103,0.0017205091277750076,2.0427557011243774e-08,1.2997415010653738e-08,0.0017205090774449036,112,4
0,retrieval_frozen,sgd,6000,12529.964347562545,24,16,0.0017205092901900977,0.0017205091277750063,2.042755675804077e-08,1.2997414912338832e-08,0.0017205090774449036,112,4
0,retrieval_frozen,sgd,6000,12529.964347562545,24,64,0.0017205092901900977,0.0017205091277750063,2.0427556758040734e-08,1.2997414912338784e-08,0.0017205090774449036,112,4
0,retrieval_frozen,sgd,7000,13634.677401213725,1,0,0.9987833018878509,0.9987833018878508,1.0,1.0,0.7606728044101607,112,4
0,retrieval_frozen,sgd,7000,13634.677401213725,1,16,0.8548506031048595,0.8548506031048597,0.6321205849979562,0.6321205849979562,0.7606728044101607,112,4
0,retrieval_frozen,sgd,7000,13634.677401213725,1,64,0.8548505595258388,0.8548505595258388,0.6321205588285578,0.6321205588285577,0.7606728044101607,112,4
0,retrieval_frozen,sgd,7000,13634.677401213725,2,0,0.9986433877871779,0.9985666333329005,0.9918988232374625,0.9877725402179733,0.7481148053900574,112,4
0,retrieval_frozen,sgd,7000,13634.677401213725,2,16,0.8493553373811513,0.8464851711728612,0.6288734320855917,0.6272127034378839,0.7481148053900574,112,4
0,retrieval_frozen,sgd,7000,13634.677401213725,2,64,0.8493552929045729,0.8464851262392293,0.6288734061843314,0.6272126776732745,0.7481148053900574,112,4
0,retrieval_frozen,sgd,7000,13634.677401213725,3,0,0.9981887747853904,0.997806329797109,0.9705618282385038,0.9560075253848557,0.7130172303893946,112,4
0,retrieval_frozen,sgd,7000,13634.677401213725,3,16,0.8338438901588014,0.8224983888791423,0.6202233447291553,0.6142530622058011,0.7130172303893946,112,4
0,retrieval_frozen,sgd,7000,13634.677401213725,3,64,0.8338438433281343,0.8224983404614424,0.6202233195351561,0.6142530374949027,0.7130172303893946,112,4
0,retrieval_frozen,sgd,7000,13634.677401213725,4,0,0.9962190904077733,0.993870992311396,0.9171120169151781,0.8791559921845293,0.6139022834044954,112,4
0,retrieval_frozen,sgd,7000,13634.677401213725,4,16,0.7877889826335122,0.7493167120346218,0.5979163969719546,0.581587675087139,0.6139022834044954,112,4
0,retrieval_frozen,sgd,7000,13634.677401213725,4,64,0.7877889302347009,0.749316656188462,0.5979163735548789,0.5815876529345615,0.6139022834044954,112,4
0,retrieval_frozen,sgd,7000,13634.677401213725,5,0,0.9802028177008852,0.9513235877062072,0.7984395018819459,0.7214965558813254,0.3724809580997421,112,4
0,retrieval_frozen,sgd,7000,13634.677401213725,5,16,0.6448221466524259,0.5272642699460689,0.5449146942019806,0.5081340463056655,0.3724809580997421,112,4
0,retrieval_frozen,sgd,7000,13634.677401213725,5,64,0.6448220876635854,0.5272642133774653,0.5449146747383234,0.5081340293953984,0.3724809580997421,112,4
0,retrieval_frozen,sgd,7000,13634.677401213725,6,0,0.7552714650427758,0.45000491606201926,0.5924622681261383,0.4850492579545203,0.09939064731818475,112,4
0,retrieval_frozen,sgd,7000,13634.677401213725,6,16,0.3144954681017872,0.16332006334200774,0.4399347940451313,0.3782687729674219,0.09939064731818475,112,4
0,retrieval_frozen,sgd,7000,13634.677401213725,6,64,0.31449543169946415,0.16332004615612056,0.4399347813170634,0.37826876359622935,0.09939064731818475,112,4
0,retrieval_frozen,sgd,7000,13634.677401213725,7,0,0.13378709817191212,0.03669965611449839,0.3499493015264387,0.2565272363561236,0.01600092429773252,112,4
0,retrieval_frozen,sgd,7000,13634.677401213725,7,16,0.06097668367294921,0.023780613853851034,0.28997415590639697,0.22320441152134426,0.01600092429773252,112,4
0,retrieval_frozen,sgd,7000,13634.677401213725,7,64,0.06097667907366967,0.023780612837255657,0.28997415032800594,0.2232044082584768,0.01600092429773252,112,4
0,retrieval_frozen,sgd,7000,13634.677401213725,8,0,0.012069931525254056,0.005481717683108981,0.16621926808670567,0.11247897150821116,0.004038039816507392,112,4
0,retrieval_frozen,sgd,7000,13634.677401213725,8,16,0.009662119905184922,0.004998607745371571,0.15118548266926193,0.1055684468260666,0.004038039816507392,112,4
0,retrieval_frozen,sgd,7000,13634.677401213725,8,64,0.009662119688416496,0.004998607696650918,0.15118548113409883,0.10556844609616864,0.004038039816507392,112,4
0,retrieval_frozen,sgd,7000,13634.677401213725,9,0,0.0030978694030827625,0.002209263076790687,0.06856672918587718,0.04452140046270399,0.00198332701429886,112,4
0,retrieval_frozen,sgd,7000,13634.677401213725,9,16,0.002979816931452792,0.002176245861828454,0.06584272600777184,0.04339696703235203,0.00198332701429886,112,4
0,retrieval_frozen,sgd,7000,13634.677401213725,9,64,0.002979816919004538,0.0021762458582338384,0.06584272571380385,0.04339696690900958,0.00198332701429886,112,4
0,retrieval_frozen,sgd,7000,13634.677401213725,10,0,0.0017379119954653282,0.0015249517942668232,0.026409494843369675,0.016849282387426553,0.001467063009813577,112,4
0,retrieval_frozen,sgd,7000,13634.677401213725,10,16,0.001727978109594906,0.0015216119460306418,0.025993539571284197,0.016685664616090272,0.001467063009813577,112,4
0,retrieval_frozen,sgd,7000,13634.677401213725,10,64,0.001727978108499124,0.001521611945658848,0.02599353952523952,0.016685664597856316,0.001467063009813577,112,4
0,retrieval_frozen,sgd,7000,13634.677401213725,11,0,0.0013896292167328572,0.0013232778961150971,0.009886826479045622,0.006264748770736201,0.001304775855934458,112,4
0,retrieval_frozen,sgd,7000,13634.677401213725,11,16,0.0013885189378980256,0.0013228743246985804,0.009827847427165328,0.006241990862496428,0.001304775855934458,112,4
0,retrieval_frozen,sgd,7000,13634.677401213725,11,64,0.001388518937773917,0.0013228743246533367,0.009827847420569266,0.006241990859944668,0.001304775855934458,112,4
0,retrieval_frozen,sgd,7000,13634.677401213725,12,0,0.0012779595998512118,0.0012550243421994567,0.003660931257379579,0.002313769028452072,0.0012485681160581488,112,4
0,retrieval_frozen,sgd,7000,13634.677401213725,12,16,0.0012778198873735149,0.0012549720017942419,0.0036528086718547745,0.002310657590457467,0.0012485681160581488,112,4
0,retrieval_frozen,sgd,7000,13634.677401213725,12,64,0.0012778198873578301,0.0012549720017883605,0.0036528086709428083,0.002310657590107791,0.0012485681160581488,112,4
0,retrieval_frozen,sgd,7000,13634.677401213725,13,0,0.0012389250737538783,0.0012306801163093517,0.001350028421263534,0.0008524258252551117,0.0012283510781806826,112,4
0,retrieval_frozen,sgd,7000,13634.677401213725,13,16,0.0012389066713479897,0.0012306731437740632,0.0013489220131947266,0.0008520031533759264,0.0012283510781806826,112,4
0,retrieval_frozen,sgd,7000,13634.677401213725,13,64,0.0012389066713459208,0.0012306731437732794,0.001348922013070323,0.0008520031533283844,0.0012283510781806826,112,4
0,retrieval_frozen,sgd,7000,13634.677401213725,14,0,0.001224833457488341,0.0012218260092859427,0.0004970886553235399,0.0003137577833107054,0.0012209753742099844,112,4
0,retrieval_frozen,sgd,7000,13634.677401213725,14,16,0.0012248309918152823,0.0012218250711371252,0.0004969385615147882,0.00031370050169291283,0.0012209753742099844,112,4
0,retrieval_frozen,sgd,7000,13634.677401213725,14,64,0.0012248309918150052,0.0012218250711370192,0.0004969385614979027,0.0003137005016864675,0.0012209753742099844,112,4
0,retrieval_frozen,sgd,7000,13634.677401213725,15,0,0.0012196853442619138,0.0012185824273282663,0.00018292844886870895,0.00011544777025357248,0.001218270327976642,112,4
0,retrieval_frozen,sgd,7000,13634.677401213725,15,16,0.0012196850117987509,0.0012185823006357292,0.000182908118022754,0.00011544001408080552,0.001218270327976642,112,4
0,retrieval_frozen,sgd,7000,13634.677401213725,15,64,0.0012196850117987133,0.0012185823006357153,0.0001829081180204663,0.00011544001407993289,0.001218270327976642,112,4
0,retrieval_frozen,sgd,7000,13634.677401213725,16,0,0.0012177962974220166,0.0012173910245675934,6.730370587980722e-05,4.247393851188612e-05,0.0012172763220442296,112,4
0,retrieval_frozen,sgd,7000,13634.677401213725,16,16,0.0012177962524891116,0.001217391007435156,6.73009535090766e-05,4.247288863134427e-05,0.0012172763220442296,112,4
0,retrieval_frozen,sgd,7000,13634.677401213725,16,64,0.0012177962524891066,0.0012173910074351538,6.730095350876688e-05,4.247288863122606e-05,0.0012172763220442296,112,4
0,retrieval_frozen,sgd,7000,13634.677401213725,17,0,0.0012171020096730203,0.0012169529813641285,2.476074480316373e-05,1.5625705273529574e-05,0.0012169107998692005,112,4
0,retrieval_frozen,sgd,7000,13634.677401213725,17,16,0.0012171020035950523,0.0012169529790461782,2.476037226596859e-05,1.562556317785388e-05,0.0012169107998692005,112,4
0,retrieval_frozen,sgd,7000,13634.677401213725,17,64,0.0012171020035950518,0.0012169529790461782,2.4760372265926662e-05,1.562556317783789e-05,0.0012169107998692005,112,4
0,retrieval_frozen,sgd,7000,13634.677401213725,18,0,0.0012168466839077214,0.0012167918680135574,9.109117175549036e-06,5.748432094412303e-06,0.0012167763523661872,112,4
0,retrieval_frozen,sgd,7000,13634.677401213725,18,16,0.0012168466830853092,0.0012167918676998905,9.109066755915232e-06,5.7484128633660746e-06,0.0012167763523661872,112,4
0,retrieval_frozen,sgd,7000,13634.677401213725,18,64,0.0012168466830853092,0.0012167918676998905,9.109066755909555e-06,5.7484128633639096e-06,0.0012167763523661872,112,4
0,retrieval_frozen,sgd,7000,13634.677401213725,19,0,0.0012167527667721805,0.0012167326022896054,3.3510769952050574e-06,2.114737615521132e-06,0.0012167268946803409,112,4
0,retrieval_frozen,sgd,7000,13634.677401213725,19,16,0.0012167527666608867,0.0012167326022471574,3.351070171539751e-06,2.1147350128577613e-06,0.0012167268946803409,112,4
0,retrieval_frozen,sgd,7000,13634.677401213725,19,64,0.0012167527666608867,0.0012167326022471574,3.351070171538983e-06,2.114735012857468e-06,0.0012167268946803409,112,4
0,retrieval_frozen,sgd,7000,13634.677401213725,20,0,0.0012167182182079082,0.0012167108002660318,1.232795047045484e-06,7.779695247023789e-07,0.0012167087005916044,112,4
0,retrieval_frozen,sgd,7000,13634.677401213725,20,16,0.0012167182181928463,0.0012167108002602864,1.2327941235573359e-06,7.779691724689852e-07,0.0012167087005916044,112,4
0,retrieval_frozen,sgd,7000,13634.677401213725,20,64,0.0012167182181928463,0.0012167108002602864,1.232794123557232e-06,7.779691724689465e-07,0.0012167087005916044,112,4
0,retrieval_frozen,sgd,7000,13634.677401213725,21,0,0.001216705508720501,0.0012167027798333958,4.535203203855108e-07,2.861991337271831e-07,0.0012167020074114407,112,4
0,retrieval_frozen,sgd,7000,13634.677401213725,21,16,0.0012167055087184628,0.0012167027798326187,4.5352019540470823e-07,2.8619908605751674e-07,0.0012167020074114407,112,4
0,retrieval_frozen,sgd,7000,13634.677401213725,21,64,0.0012167055087184628,0.0012167027798326187,4.535201954046942e-07,2.8619908605751166e-07,0.0012167020074114407,112,4
0,retrieval_frozen,sgd,7000,13634.677401213725,22,0,0.001216700833191029,0.0012166998292924354,1.668408517454873e-07,1.0528679628988899e-07,0.0012166995451349683,112,4
0,retrieval_frozen,sgd,7000,13634.677401213725,22,16,0.0012167008331907532,0.001216699829292331,1.668408348311614e-07,1.0528678983849836e-07,0.0012166995451349683,112,4
0,retrieval_frozen,sgd,7000,13634.677401213725,22,64,0.0012167008331907532,0.001216699829292331,1.6684083483115948e-07,1.0528678983849762e-07,0.0012166995451349683,112,4
0,retrieval_frozen,sgd,7000,13634.677401213725,23,0,0.0012166991131638727,0.001216698743850607,6.137732603386432e-08,3.873285034112536e-08,0.0012166986393150109,112,4
0,retrieval_frozen,sgd,7000,13634.677401213725,23,16,0.0012166991131638356,0.001216698743850594,6.137732374475859e-08,3.873284946802448e-08,0.0012166986393150109,112,4
0,retrieval_frozen,sgd,7000,13634.677401213725,23,64,0.0012166991131638356,0.001216698743850594,6.137732374475833e-08,3.8732849468024344e-08,0.0012166986393150109,112,4
0,retrieval_frozen,sgd,7000,13634.677401213725,24,0,0.001216698480401787,0.0012166983445390815,2.257945731262935e-08,1.424901968482986e-08,0.0012166983060825974,112,4
0,retrieval_frozen,sgd,7000,13634.677401213725,24,16,0.001216698480401782,0.0012166983445390804,2.2579457002832548e-08,1.4249019566668461e-08,0.0012166983060825974,112,4
0,retrieval_frozen,sgd,7000,13634.677401213725,24,64,0.001216698480401782,0.0012166983445390804,2.2579457002832495e-08,1.4249019566668461e-08,0.0012166983060825974,112,4
0,retrieval_frozen,sgd,8000,14640.148099390584,1,0,0.9990480595328225,0.9990480595328225,1.0,1.0,0.7746149531977081,112,4
0,retrieval_frozen,sgd,8000,14640.148099390584,1,16,0.86272103446875,0.86272103446875,0.6321205849979562,0.6321205849979562,0.7746149531977081,112,4
0,retrieval_frozen,sgd,8000,14640.148099390584,1,64,0.8627209913504901,0.8627209913504901,0.6321205588285578,0.6321205588285577,0.7746149531977081,112,4
0,retrieval_frozen,sgd,8000,14640.148099390584,2,0,0.998941739402565,0.9988827252027753,0.992400257306096,0.9884768899681845,0.7628591399209611,112,4
0,retrieval_frozen,sgd,8000,14640.148099390584,2,16,0.8576217667665238,0.8549230502406935,0.6290749992753698,0.6274966202649503,0.7628591399209611,112,4
0,retrieval_frozen,sgd,8000,14640.148099390584,2,64,0.8576217227392924,0.8549230057432359,0.6290749733575064,0.62749659447701,0.7628591399209611,112,4
0,retrieval_frozen,sgd,8000,14640.148099390584,3,0,0.9985974210627664,0.9983047103879005,0.9723457269978377,0.9584641978433056,0.7298620070233678,112,4
0,retrieval_frozen,sgd,8000,14640.148099390584,3,16,0.8432118501672882,0.8325206400851889,0.6209519025096312,0.615266321333058,0.7298620070233678,112,4
0,retrieval_frozen,sgd,8000,14640.148099390584,3,64,0.8432118037348983,0.8325205919935523,0.6209518772564481,0.6152662965405672,0.7298620070233678,112,4
0,retrieval_frozen,sgd,8000,14640.148099390584,4,0,0.9971150736468791,0.9953284463738864,0.9218678952267272,0.8853894605340923,0.6353835193152689,112,4
0,retrieval_frozen,sgd,8000,14640.148099390584,4,16,0.8002453194142058,0.7636718351470605,0.5999381903241753,0.5843090430790416,0.6353835193152689,112,4
0,retrieval_frozen,sgd,8000,14640.148099390584,4,64,0.8002452671200212,0.7636717790042139,0.599938166748764,0.5843090207186663,0.6353835193152689,112,4
0,retrieval_frozen,sgd,8000,14640.148099390584,5,0,0.9850305658616154,0.9625663590937916,0.8085635116181455,0.7333961496808072,0.3955435498584358,112,4
0,retrieval_frozen,sgd,8000,14640.148099390584,5,16,0.6644287543706427,0.5485655150100205,0.5496291141839803,0.5140076840095522,0.3955435498584358,112,4
0,retrieval_frozen,sgd,8000,14640.148099390584,5,64,0.6644286938165023,0.5485654553958667,0.5496290943835223,0.5140076667060864,0.3955435498584358,112,4
0,retrieval_frozen,sgd,8000,14640.148099390584,6,0,0.7954656370484413,0.5001772120950522,0.6078435876522212,0.5000509518931382,0.10588871476012525,112,4
0,retrieval_frozen,sgd,8000,14640.148099390584,6,16,0.33347757438873554,0.17257775702935987,0.4483977097337177,0.3873307437676701,0.10588871476012525,112,4
0,retrieval_frozen,sgd,8000,14640.148099390584,6,64,0.3334775341480412,0.17257773751012204,0.4483976965147942,0.38733073394209866,0.10588871476012525,112,4
0,retrieval_frozen,sgd,8000,14640.148099390584,7,0,0.15130864547828468,0.038212071806194445,0.36473213030723883,0.26814141153145754,0.01570347204159868,112,4
0,retrieval_frozen,sgd,8000,14640.148099390584,7,16,0.06364227641803596,0.023448981987662376,0.3000759015042748,0.2319457971570593,0.01570347204159868,112,4
0,retrieval_frozen,sgd,8000,14640.148099390584,7,64,0.06364227110629102,0.023448980865181726,0.30007589553327285,0.23194579363361909,0.01570347204159868,112,4
0,retrieval_frozen,sgd,8000,14640.148099390584,8,0,0.011813696062145987,0.004937658771864171,0.17539777670559437,0.11861187153947413,0.0035651243737104808,112,4
0,retrieval_frozen,sgd,8000,14640.148099390584,8,16,0.009128687694453796,0.004440813445052361,0.15874310232694308,0.11095286841419351,0.0035651243737104808,112,4
0,retrieval_frozen,sgd,8000,14640.148099390584,8,64,0.009128687458711204,0.0044408133954624155,0.15874310063487104,0.11095286760794121,0.0035651243737104808,112,4
0,retrieval_frozen,sgd,8000,14640.148099390584,9,0,0.002670954521924261,0.00183264866040178,0.07284540906335867,0.04714575501980042,0.0016353443897349166,112,4
0,retrieval_frozen,sgd,8000,14640.148099390584,9,16,0.002551636365893003,0.0018008852787793914,0.06977736699066636,0.04588672746538072,0.0016353443897349166,112,4
0,retrieval_frozen,sgd,8000,14640.148099390584,9,64,0.002551636353395175,0.0018008852753306195,0.06977736666042576,0.045886727327479504,0.0016353443897349166,112,4
0,retrieval_frozen,sgd,8000,14640.148099390584,10,0,0.0014120772324762289,0.0012203400684086675,0.0281412368715501,0.017872990708471474,0.001171746549646303,112,4
0,retrieval_frozen,sgd,8000,14640.148099390584,10,16,0.0014025491831376256,0.0012172240845843665,0.027669109922838435,0.017688995734198555,0.001171746549646303,112,4
0,retrieval_frozen,sgd,8000,14640.148099390584,10,64,0.0014025491820884397,0.0012172240842377605,0.027669109870632876,0.017688995713705812,0.001171746549646303,112,4
0,retrieval_frozen,sgd,8000,14640.148099390584,11,0,0.0011027532689642558,0.0010441118940502372,0.010547542112862716,0.006649724391480993,0.001028827159091043,112,4
0,retrieval_frozen,sgd,8000,14640.148099390584,11,16,0.0011017116293514275,0.0010437399783642695,0.010480387589383652,0.006624089270219171,0.001028827159091043,112,4
0,retrieval_frozen,sgd,8000,14640.148099390584,11,64,0.0011017116292350517,0.0010437399783225839,0.01048038758187646,0.006624089267345444,0.001028827159091043,112,4
0,retrieval_frozen,sgd,8000,14640.148099390584,12,0,0.0010051322078667379,0.0009850035446745545,0.003907321793906691,0.002456552839190116,0.0009797024334672584,112,4
0,retrieval_frozen,sgd,8000,14640.148099390584,12,16,0.0010050022484480192,0.0009849555349076798,0.003898062158112998,0.0024530458265964645,0.0009797024334672584,112,4
0,retrieval_frozen,sgd,8000,14640.148099390584,12,64,0.0010050022484334314,0.0009849555349022848,0.003898062157073534,0.0024530458262023666,0.0009797024334672584,112,4
0,retrieval_frozen,sgd,8000,14640.148099390584,13,0,0.0009712086768271719,0.0009639914683069605,0.0014411272531962267,0.0009051112491378458,0.0009620834766884631,112,4
0,retrieval_frozen,sgd,8000,14640.148099390584,13,16,0.0009711916138012885,0.0009639850838095849,0.0014398653970627022,0.0009046347295329964,0.0009620834766884631,112,4
0,retrieval_frozen,sgd,8000,14640.148099390584,13,64,0.0009711916137993698,0.0009639850838088665,0.0014398653969208285,0.0009046347294793998,0.0009620834766884631,112,4
0,retrieval_frozen,sgd,8000,14640.148099390584,14,0,0.0009589887346285548,0.000956358698983946,0.0005306641989102598,0.00033316114305249493,0.0009556624289116831,112,4
0,retrieval_frozen,sgd,8000,14640.148099390584,14,16,0.0009589864511248441,0.0009563578405079331,0.0005304929888132097,0.0003330965582935915,0.0009556624289116831,112,4
0,retrieval_frozen,sgd,8000,14640.148099390584,14,64,0.0009589864511245872,0.0009563578405078364,0.0005304929887939491,0.0003330965582863249,0.0009556624289116831,112,4
0,retrieval_frozen,sgd,8000,14640.148099390584,15,0,0.000954527975260481,0.0009535638076319374,0.0001952886296506682,0.0001225887770750975,0.0009533084242547765,112,4
0,retrieval_frozen,sgd,8000,14640.148099390584,15,16,0.0009545276674951047,0.0009535636917263291,0.00019526543709451005,0.0001225800317492457,0.0009533084242547765,112,4
0,retrieval_frozen,sgd,8000,14640.148099390584,15,64,0.00095452766749507,0.0009535636917263166,0.0001952654370919004,0.00012258003174826163,0.0009533084242547765,112,4
0,retrieval_frozen,sgd,8000,14640.148099390584,16,0,0.0009528916279521552,0.0009525373854449488,7.185190379184932e-05,4.5101362057890336e-05,0.0009524435378492864,112,4
0,retrieval_frozen,sgd,8000,14640.148099390584,16,16,0.0009528915863638937,0.0009525373697725795,7.184876393476894e-05,4.5100178271152586e-05,0.0009524435378492864,112,4
0,retrieval_frozen,sgd,8000,14640.148099390584,16,64,0.0009528915863638888,0.0009525373697725775,7.184876393441561e-05,4.510017827101937e-05,0.0009524435378492864,112,4
0,retrieval_frozen,sgd,8000,14640.148099390584,17,0,0.0009522902809015315,0.0009521600238895755,2.6434087837761155e-05,1.659233370248228e-05,0.0009521255131790089,112,4
0,retrieval_frozen,sgd,8000,14640.148099390584,17,16,0.0009522902752763188,0.000952160021769235,2.6433662850228647e-05,1.6592173482637262e-05,0.0009521255131790089,112,4
0,retrieval_frozen,sgd,8000,14640.148099390584,17,64,0.0009522902752763182,0.000952160021769234,2.6433662850180823e-05,1.6592173482619224e-05,0.0009521255131790089,112,4
0,retrieval_frozen,sgd,8000,14640.148099390584,18,0,0.0009520691430906662,0.0009520212325379303,9.724726591206769e-06,6.10404203758409e-06,0.0009520085386364751,112,4
0,retrieval_frozen,sgd,8000,14640.148099390584,18,16,0.0009520691423295332,0.0009520212322510076,9.724669072705568e-06,6.104020353601852e-06,0.0009520085386364751,112,4
0,retrieval_frozen,sgd,8000,14640.148099390584,18,64,0.0009520691423295332,0.0009520212322510076,9.724669072699095e-06,6.104020353599411e-06,0.0009520085386364751,112,4
0,retrieval_frozen,sgd,8000,14640.148099390584,19,0,0.0009519878025920595,0.0009519701784111139,3.577549873684451e-06,2.2455601794127878e-06,0.0009519655088400776,112,4
0,retrieval_frozen,sgd,8000,14640.148099390584,19,16,0.0009519878024890592,0.0009519701783722847,3.5775420892677104e-06,2.2455572447758268e-06,0.0009519655088400776,112,4
0,retrieval_frozen,sgd,8000,14640.148099390584,19,64,0.0009519878024890592,0.0009519701783722847,3.5775420892668354e-06,2.2455572447754956e-06,0.0009519655088400776,112,4
0,retrieval_frozen,sgd,8000,14640.148099390584,20,0,0.0009519578806586399,0.0009519513972372413,1.3161101461152456e-06,8.260965885854985e-07,0.0009519496794324783,112,4
0,retrieval_frozen,sgd,8000,14640.148099390584,20,16,0.0009519578806447008,0.0009519513972319865,1.316109092602325e-06,8.260961914241257e-07,0.0009519496794324783,112,4
0,retrieval_frozen,sgd,8000,14640.148099390584,20,64,0.0009519578806447008,0.0009519513972319865,1.3161090926022065e-06,8.260961914240816e-07,0.0009519496794324783,112,4
0,retrieval_frozen,sgd,8000,14640.148099390584,21,0,0.0009519468732061187,0.0009519444881093077,4.841702843188647e-07,3.039041089832131e-07,0.0009519438561689101,112,4
0,retrieval_frozen,sgd,8000,14640.148099390584,21,16,0.0009519468732042323,0.0009519444881085972,4.841701417410627e-07,3.0390405523319427e-07,0.0009519438561689101,112,4
0,retrieval_frozen,sgd,8000,14640.148099390584,21,64,0.0009519468732042323,0.0009519444881085972,4.841701417410466e-07,3.0390405523318834e-07,0.0009519438561689101,112,4
0,retrieval_frozen,sgd,8000,14640.148099390584,22,0,0.0009519428238192765,0.0009519419463939862,1.7811635036587784e-07,1.1180009511411279e-07,0.0009519417139167357,112,4
0,retrieval_frozen,sgd,8000,14640.148099390584,22,16,0.000951942823819021,0.0009519419463938908,1.7811633107005403e-07,1.1180008783983525e-07,0.0009519417139167357,112,4
0,retrieval_frozen,sgd,8000,14640.148099390584,22,64,0.000951942823819021,0.0009519419463938908,1.7811633107005184e-07,1.1180008783983446e-07,0.0009519417139167357,112,4
0,retrieval_frozen,sgd,8000,14640.148099390584,23,0,0.0009519413341369838,0.000951941011350636,6.552535111486574e-08,4.1128959400421274e-08,0.00095194092582712,112,4
0,retrieval_frozen,sgd,8000,14640.148099390584,23,16,0.0009519413341369491,0.0009519410113506233,6.552534850345913e-08,4.112895841595476e-08,0.00095194092582712,112,4
0,retrieval_frozen,sgd,8000,14640.148099390584,23,64,0.0009519413341369491,0.0009519410113506233,6.552534850345884e-08,4.112895841595462e-08,0.00095194092582712,112,4
0,retrieval_frozen,sgd,8000,14640.148099390584,24,0,0.0009519407861140189,0.0009519406673676083,2.410543058990807e-08,1.5130498990893172e-08,0.0009519406359052774,112,4
0,retrieval_frozen,sgd,8000,14640.148099390584,24,16,0.0009519407861140142,0.0009519406673676067,2.4105430236492573e-08,1.5130498857660058e-08,0.0009519406359052774,112,4
0,retrieval_frozen,sgd,8000,14640.148099390584,24,64,0.0009519407861140142,0.0009519406673676067,2.4105430236492536e-08,1.5130498857660058e-08,0.0009519406359052774,112,4
0,retrieval_frozen,sgd,9000,15564.976118559222,1,0,0.9992112579547143,0.9992112579547143,1.0,1.0,0.7850848288177089,112,4
0,retrieval_frozen,sgd,9000,15564.976118559222,1,16,0.8685060239914382,0.8685060239914382,0.6321205849979562,0.6321205849979562,0.7850848288177089,112,4
0,retrieval_frozen,sgd,9000,15564.976118559222,1,64,0.8685059812881725,0.8685059812881726,0.6321205588285578,0.6321205588285577,0.7850848288177089,112,4
0,retrieval_frozen,sgd,9000,15564.976118559222,2,0,0.9991249445802354,0.9990766283225597,0.9927436704511002,0.9889612944960686,0.7739140009184577,112,4
0,retrieval_frozen,sgd,9000,15564.976118559222,2,16,0.8636848828462002,0.8611090918371798,0.6292130009959617,0.6276917934820306,0.7739140009184577,112,4
0,retrieval_frozen,sgd,9000,15564.976118559222,2,64,0.8636848392279933,0.8611090477403448,0.6292129750667277,0.627691767678046,0.7739140009184577,112,4
0,retrieval_frozen,sgd,9000,15564.976118559222,3,0,0.9988460511597725,0.9986071534855009,0.973570257219388,0.9601590330678837,0.7424621321410215,112,4
0,retrieval_frozen,sgd,9000,15564.976118559222,3,16,0.8500500063590752,0.8398299028677033,0.6214514403787643,0.6159642757864677,0.7424621321410215,112,4
0,retrieval_frozen,sgd,9000,15564.976118559222,3,64,0.8500499603057333,0.8398298551074805,0.6214514150849608,0.6159642509376961,0.7424621321410215,112,4
0,retrieval_frozen,sgd,9000,15564.976118559222,4,0,0.9976506845184291,0.9961986048865492,0.9251512332856825,0.8897227438993551,0.6515100992718742,112,4
0,retrieval_frozen,sgd,9000,15564.976118559222,4,16,0.8092728570898683,0.7740944205113529,0.6013296949648821,0.5861931754663902,0.6515100992718742,112,4
0,retrieval_frozen,sgd,9000,15564.976118559222,4,64,0.8092728049848278,0.7740943642791731,0.6013296712801812,0.586193152961578,0.6515100992718742,112,4
0,retrieval_frozen,sgd,9000,15564.976118559222,5,0,0.9878943842998051,0.9693791976513282,0.8156419001282268,0.7418000987164022,0.4134960682377649,112,4
0,retrieval_frozen,sgd,9000,15564.976118559222,5,16,0.6787174148833147,0.5643737761183988,0.5529030195309326,0.5181216361721142,0.4134960682377649,112,4
0,retrieval_frozen,sgd,9000,15564.976118559222,5,64,0.6787173533359103,0.5643737143556271,0.5529029994948751,0.5181216185905572,0.4134960682377649,112,4
0,retrieval_frozen,sgd,9000,15564.976118559222,6,0,0.8226514314742575,0.5388757154476592,0.6188374068195218,0.510905039338128,0.11125250209779013,112,4
0,retrieval_frozen,sgd,9000,15564.976118559222,6,16,0.34800666947147324,0.17986169709975436,0.45437975624482746,0.39381125041008846,0.11125250209779013,112,4
0,retrieval_frozen,sgd,9000,15564.976118559222,6,64,0.34800662628766743,0.1798616756913413,0.45437974267339126,0.39381124025297937,0.11125250209779013,112,4
0,retrieval_frozen,sgd,9000,15564.976118559222,7,0,0.16618971923703968,0.03954573498407439,0.37558380334357766,0.2767481437031634,0.015533100467888588,112,4
0,retrieval_frozen,sgd,9000,15564.976118559222,7,16,0.06580391085871654,0.023237212549000352,0.3074020445914843,0.2383579798016447,0.015533100467888588,112,4
0,retrieval_frozen,sgd,9000,15564.976118559222,7,64,0.06580390495617656,0.023237211342256783,0.30740203832754787,0.23835797608069947,0.015533100467888588,112,4
0,retrieval_frozen,sgd,9000,15564.976118559222,8,0,0.011678657589181555,0.004570540280949677,0.18228027278308895,0.1232271690970002,0.0032507431034925847,112,4
0,retrieval_frozen,sgd,9000,15564.976118559222,8,16,0.008766371365998452,0.004064607599655197,0.16436172458005885,0.11498125032640316,0.0032507431034925847,112,4
0,retrieval_frozen,sgd,9000,15564.976118559222,8,64,0.00876637111540929,0.004064607549572657,0.1643617227664516,0.11498124946054263,0.0032507431034925847,112,4
0,retrieval_frozen,sgd,9000,15564.976118559222,9,0,0.0023905972106079945,0.0015903495791971907,0.07609203013818612,0.04913526289594348,0.001412965419000217,112,4
0,retrieval_frozen,sgd,9000,15564.976118559222,9,16,0.0022707599980599214,0.0015596579890259626,0.07274990772772467,0.04776927305261511,0.001412965419000217,112,4
0,retrieval_frozen,sgd,9000,15564.976118559222,9,64,0.002270759985575144,0.0015596579857006588,0.07274990736868595,0.047769272903166744,0.001412965419000217,112,4
0,retrieval_frozen,sgd,9000,15564.976118559222,10,0,0.0012057166521702082,0.0010293678255067092,0.029462200803060813,0.018651394269974097,0.000987044235856794,112,4
0,retrieval_frozen,sgd,9000,15564.976118559222,10,16,0.0011965373688200911,0.0010264292872412895,0.028944867007574565,0.018451113415803026,0.000987044235856794,112,4
0,retrieval_frozen,sgd,9000,15564.976118559222,10,64,0.0011965373678107026,0.001026429286914619,0.02894486695041793,0.018451113393506406,0.000987044235856794,112,4
0,retrieval_frozen,sgd,9000,15564.976118559222,11,0,0.0009240704749534261,0.0008709282091501215,0.011052586794793743,0.006942788188146111,0.0008577864868839469,112,4
0,retrieval_frozen,sgd,9000,15564.976118559222,11,16,0.0009230845451592203,0.000870580890463596,0.010978825215753139,0.0069148484625256215,0.0008577864868839469,112,4
0,retrieval_frozen,sgd,9000,15564.976118559222,11,64,0.0009230845450491128,0.0008705808904246753,0.010978825207510022,0.0069148484593940735,0.0008577864868839469,112,4
0,retrieval_frozen,sgd,9000,15564.976118559222,12,0,0.0008363044238332466,0.0008181651845379275,0.004095809458126173,0.0025652942178606094,0.000813629790391552,112,4
0,retrieval_frozen,sgd,9000,15564.976118559222,12,16,0.0008361822548350092,0.0008181205167649672,0.004085629439660546,0.0025614700933361163,0.000813629790391552,112,4
0,retrieval_frozen,sgd,9000,15564.976118559222,12,64,0.0008361822548212978,0.0008181205167599481,0.004085629438517902,0.0025614700929064114,0.000813629790391552,112,4
0,retrieval_frozen,sgd,9000,15564.976118559222,13,0,0.0008059489787275433,0.000799458602985889,0.0015108379678764894,0.0009452418351822386,0.0007978292194174898,112,4
0,retrieval_frozen,sgd,9000,15564.976118559222,13,16,0.0008059329796947737,0.0007994526711625832,0.0015094502095476458,0.0009447221353462344,0.0007978292194174898,112,4
0,retrieval_frozen,sgd,9000,15564.976118559222,13,64,0.0008059329796929751,0.0007994526711619163,0.0015094502093916235,0.0009447221352877821,0.0007978292194174898,112,4
0,retrieval_frozen,sgd,9000,15564.976118559222,14,0,0.0007950333447738479,0.0007926699916689723,0.000556359694004111,0.00034794158615642195,0.0007920757977191867,112,4
0,retrieval_frozen,sgd,9000,15564.976118559222,14,16,0.000795031205698268,0.0007926691944700483,0.000556171377394365,0.00034787114438015,0.0007920757977191867,112,4
0,retrieval_frozen,sgd,9000,15564.976118559222,14,64,0.0007950312056980272,0.0007926691944699583,0.0005561713773731804,0.00034787114437222455,0.0007920757977191867,112,4
0,retrieval_frozen,sgd,9000,15564.976118559222,15,0,0.0007910512621630373,0.0007901851051332662,0.00020474830329842786,0.00012802853223224244,0.0007899672168514289,112,4
0,retrieval_frozen,sgd,9000,15564.976118559222,15,16,0.0007910509739645187,0.0007901849975212355,0.0002047227922539325,0.00012801899358629362,0.0007899672168514289,112,4
0,retrieval_frozen,sgd,9000,15564.976118559222,15,64,0.0007910509739644863,0.0007901849975212236,0.000204722792251062,0.00012801899358522016,0.0007899672168514289,112,4
0,retrieval_frozen,sgd,9000,15564.976118559222,16,0,0.0007895908531087933,0.0007892726535815087,7.53328482011481e-05,4.710285215763697e-05,0.0007891925919973463,112,4
0,retrieval_frozen,sgd,9000,15564.976118559222,16,16,0.0007895908141696292,0.0007892726390315825,7.532939440259519e-05,4.7101560973864605e-05,0.0007891925919973463,112,4
0,retrieval_frozen,sgd,9000,15564.976118559222,16,64,0.0007895908141696248,0.0007892726390315805,7.532939440220651e-05,4.7101560973719275e-05,0.0007891925919973463,112,4
0,retrieval_frozen,sgd,9000,15564.976118559222,17,0,0.0007890542088038641,0.000788937209487021,2.7714780936235216e-05,1.7328683536432883e-05,0.0007889077693294748,112,4
0,retrieval_frozen,sgd,9000,15564.976118559222,17,16,0.0007890542035372181,0.0007889372075185879,2.771431345296627e-05,1.7328508780344536e-05,0.0007889077693294748,112,4
0,retrieval_frozen,sgd,9000,15564.976118559222,17,64,0.0007890542035372174,0.0007889372075185879,2.771431345291367e-05,1.7328508780324868e-05,0.0007889077693294748,112,4
0,retrieval_frozen,sgd,9000,15564.976118559222,18,0,0.000788856870914386,0.0007888138373546021,1.0195884200284533e-05,6.374935792254074e-06,0.0007888030086649873,112,4
0,retrieval_frozen,sgd,9000,15564.976118559222,18,16,0.0007888568702017822,0.0007888138370882381,1.0195820930193595e-05,6.374912140923806e-06,0.0007888030086649873,112,4
0,retrieval_frozen,sgd,9000,15564.976118559222,18,64,0.000788856870201782,0.0007888138370882375,1.0195820930186476e-05,6.374912140921145e-06,0.0007888030086649873,112,4
0,retrieval_frozen,sgd,9000,15564.976118559222,19,0,0.0007887842855264848,0.0007887684554584236,3.750881365325347e-06,2.3452172060044854e-06,0.0007887644720414794,112,4
0,retrieval_frozen,sgd,9000,15564.976118559222,19,16,0.000788784285430052,0.0007887684554223769,3.750872802494806e-06,2.345214005111866e-06,0.0007887644720414794,112,4
0,retrieval_frozen,sgd,9000,15564.976118559222,19,64,0.000788784285430052,0.0007887684554223769,3.750872802493843e-06,2.3452140051115075e-06,0.0007887644720414794,112,4
0,retrieval_frozen,sgd,9000,15564.976118559222,20,0,0.0007887575843653651,0.0007887517609568055,1.3798755488217456e-06,8.627584658738375e-07,0.0007887502955714542,112,4
0,retrieval_frozen,sgd,9000,15564.976118559222,20,16,0.0007887575843523148,0.0007887517609519271,1.379874389960939e-06,8.627580326784783e-07,0.0007887502955714542,112,4
0,retrieval_frozen,sgd,9000,15564.976118559222,20,64,0.0007887575843523148,0.0007887517609519271,1.3798743899608088e-06,8.627580326784293e-07,0.0007887502955714542,112,4
0,retrieval_frozen,sgd,9000,15564.976118559222,21,0,0.0007887477617615935,0.0007887456194693408,5.076283070441737e-07,3.1739127426293e-07,0.0007887450803885069,112,4
0,retrieval_frozen,sgd,9000,15564.976118559222,21,16,0.0007887477617598273,0.0007887456194686808,5.076281502090346e-07,3.173912156362315e-07,0.0007887450803885069,112,4
0,retrieval_frozen,sgd,9000,15564.976118559222,21,64,0.0007887477617598273,0.0007887456194686808,5.076281502090168e-07,3.173912156362248e-07,0.0007887450803885069,112,4
0,retrieval_frozen,sgd,9000,15564.976118559222,22,0,0.0007887441482552774,0.0007887433601527121,1.8674608034271014e-07,1.1676174788234483e-07,0.0007887431618365393,112,4
0,retrieval_frozen,sgd,9000,15564.976118559222,22,16,0.0007887441482550383,0.0007887433601526225,1.86746059117363e-07,1.1676173994807983e-07,0.0007887431618365393,112,4
0,retrieval_frozen,sgd,9000,15564.976118559222,22,64,0.0007887441482550383,0.0007887433601526225,1.8674605911736065e-07,1.1676173994807898e-07,0.0007887431618365393,112,4
0,retrieval_frozen,sgd,9000,15564.976118559222,23,0,0.0007887428189243378,0.0007887425289979733,6.8700052125674e-08,4.2954249710925716e-08,0.0007887424560416093,112,4
0,retrieval_frozen,sgd,9000,15564.976118559222,23,16,0.0007887428189243055,0.0007887425289979614,6.87000492531347e-08,4.295424863713949e-08,0.0007887424560416093,112,4
0,retrieval_frozen,sgd,9000,15564.976118559222,23,64,0.0007887428189243055,0.0007887425289979614,6.870004925313439e-08,4.295424863713949e-08,0.0007887424560416093,112,4
0,retrieval_frozen,sgd,9000,15564.976118559222,24,0,0.0007887423298913214,0.0007887422232334228,2.5273337927787205e-08,1.5801985805868757e-08,0.0007887421963942864,112,4
0,retrieval_frozen,sgd,9000,15564.976118559222,24,16,0.0007887423298913173,0.0007887422232334206,2.527333753903124e-08,1.5801985660547632e-08,0.0007887421963942864,112,4
0,retrieval_frozen,sgd,9000,15564.976118559222,24,64,0.0007887423298913173,0.0007887422232334206,2.5273337539031186e-08,1.5801985660547576e-08,0.0007887421963942864,112,4
0,retrieval_frozen,sgd,10000,16422.80840538935,1,0,0.9993220318380276,0.9993220318380276,1.0,1.0,0.793339942866817,112,4
0,retrieval_frozen,sgd,10000,16422.80840538935,1,16,0.8730093459844068,0.8730093459844067,0.6321205849979562,0.6321205849979562,0.793339942866817,112,4
0,retrieval_frozen,sgd,10000,16422.80840538935,1,64,0.87300930365099,0.8730093036509898,0.6321205588285578,0.6321205588285577,0.793339942866817,112,4
0,retrieval_frozen,sgd,10000,16422.80840538935,2,0,0.9992489660156508,0.9992077988441416,0.9929975488224435,0.9893205142069166,0.7826218144252243,112,4
0,retrieval_frozen,sgd,10000,16422.80840538935,2,16,0.8683977523906431,0.8659160011250698,0.6293149998717855,0.627836482926388,0.7826218144252243,112,4
0,retrieval_frozen,sgd,10000,16422.80840538935,2,64,0.8683977091390765,0.8659159573891143,0.6293149739341458,0.627836457110506,0.7826218144252243,112,4
0,retrieval_frozen,sgd,10000,16422.80840538935,3,0,0.9990132718625798,0.9988101934120331,0.974477000621965,0.9614186740883836,0.7523735002692924,112,4
0,retrieval_frozen,sgd,10000,16422.80840538935,3,16,0.8553475525470242,0.8454889305515492,0.6218210409596503,0.616482439868245,0.7523735002692924,112,4
0,retrieval_frozen,sgd,10000,16422.80840538935,3,64,0.8553475068414513,0.8454888831053153,0.6218210156357709,0.616482414977649,0.7523735002692924,112,4
0,retrieval_frozen,sgd,10000,16422.80840538935,4,0,0.9980063921945577,0.9967759088698406,0.9275924004180072,0.8929609026119361,0.6642351050772887,112,4
0,retrieval_frozen,sgd,10000,16422.80840538935,4,16,0.8162308121825632,0.7821379985066194,0.6023620165631274,0.5875970599257592,0.6642351050772887,112,4
0,retrieval_frozen,sgd,10000,16422.80840538935,4,64,0.8162307602927512,0.7821379422832474,0.6023619927971812,0.5875970373130236,0.6642351050772887,112,4
0,retrieval_frozen,sgd,10000,16422.80840538935,5,0,0.9897835608075651,0.9739388796426254,0.8209526591769567,0.748152205410148,0.4280603388389984,112,4
0,retrieval_frozen,sgd,10000,16422.80840538935,5,16,0.6897718501403862,0.5767686378924208,0.5553474209950783,0.5212125545250532,0.4280603388389984,112,4
0,retrieval_frozen,sgd,10000,16422.80840538935,5,64,0.689771787917639,0.5767685745197557,0.5553474007822002,0.5212125367331006,0.4280603388389984,112,4
0,retrieval_frozen,sgd,10000,16422.80840538935,6,0,0.8423314043432519,0.5697853129591043,0.6272191960732959,0.5192561410180758,0.11580523767281765,112,4
0,retrieval_frozen,sgd,10000,16422.80840538935,6,16,0.35966398469383964,0.18583262685001362,0.45890363090203273,0.39875453596735233,0.11580523767281765,112,4
0,retrieval_frozen,sgd,10000,16422.80840538935,6,64,0.35966393915168865,0.18583260385997705,0.4589036170609579,0.3987545255536502,0.11580523767281765,112,4
0,retrieval_frozen,sgd,10000,16422.80840538935,7,0,0.17907596495364977,0.0407305244695447,0.38402277415700903,0.28349025020962465,0.01542752292618531,112,4
0,retrieval_frozen,sgd,10000,16422.80840538935,7,16,0.06761327130937154,0.02308967780542933,0.3130479905923903,0.24334246562562645,0.01542752292618531,112,4
0,retrieval_frozen,sgd,10000,16422.80840538935,7,64,0.06761326490283358,0.02308967652898723,0.31304798409800394,0.24334246174743093,0.01542752292618531,112,4
0,retrieval_frozen,sgd,10000,16422.80840538935,8,0,0.0116053145868903,0.0043023216157498,0.187719589567345,0.1268853581523799,0.0030236358407029805,112,4
0,retrieval_frozen,sgd,10000,16422.80840538935,8,16,0.008500208089689541,0.0037899480938359156,0.16877318889918985,0.1181599198598145,0.0030236358407029805,112,4
0,retrieval_frozen,sgd,10000,16422.80840538935,8,64,0.008500207826972733,0.003789948043460652,0.16877318698724544,0.11815991894541861,0.0030236358407029805,112,4
0,retrieval_frozen,sgd,10000,16422.80840538935,9,0,0.002190175460302081,0.001420058660268154,0.07868141915572394,0.05072116124082838,0.001257457746458629,112,4
0,retrieval_frozen,sgd,10000,16422.80840538935,9,16,0.0020701810614407227,0.0013902837162952071,0.07511269425806244,0.04926687544742595,0.001257457746458629,112,4
0,retrieval_frozen,sgd,10000,16422.80840538935,9,64,0.00207018104899567,0.0013902837130748643,0.07511269387527716,0.04926687528846005,0.001257457746458629,112,4
0,retrieval_frozen,sgd,10000,16422.80840538935,10,0,0.0010625051353984453,0.0008979427591595706,0.03052007424981205,0.01927333284935427,0.0008601573608294563,112,4
0,retrieval_frozen,sgd,10000,16422.80840538935,10,16,0.0010536246626679166,0.0008951485662432407,0.02996506820860941,0.019059548949968027,0.0008601573608294563,112,4
0,retrieval_frozen,sgd,10000,16422.80840538935,10,64,0.0010536246616924968,0.0008951485659327674,0.029965068147331558,0.01905954892617667,0.0008601573608294563,112,4
0,retrieval_frozen,sgd,10000,16422.80840538935,11,0,0.0008017483231261032,0.0007527631685596012,0.011457704040281807,0.007177153789595313,0.0007411567409774943,112,4
0,retrieval_frozen,sgd,10000,16422.80840538935,11,16,0.000800808383415092,0.0007524355748470788,0.011378418668524229,0.007147299976043846,0.0007411567409774943,112,4
0,retrieval_frozen,sgd,10000,16422.80840538935,11,64,0.0008008083833101551,0.0007524355748103734,0.01137841865966612,0.007147299972698218,0.0007411567409774943,112,4
0,retrieval_frozen,sgd,10000,16422.80840538935,12,0,0.0007213442513619607,0.0007047014893749367,0.004247096763317643,0.002652284745172455,0.0007007125181557423,112,4
0,retrieval_frozen,sgd,10000,16422.80840538935,12,16,0.0007212284427518794,0.0007046594882451619,0.004236146301524834,0.0026481970735265296,0.0007007125181557423,112,4
0,retrieval_frozen,sgd,10000,16422.80840538935,12,64,0.0007212284427388831,0.0007046594882404425,0.004236146300295834,0.00264819707306723,0.0007007125181557423,112,4
0,retrieval_frozen,sgd,10000,16422.80840538935,13,0,0.0006936438592319381,0.0006876992103353705,0.0015668032953119668,0.000977349332221568,0.0006862683525462539,112,4
0,retrieval_frozen,sgd,10000,16422.80840538935,13,16,0.0006936287255236804,0.0006876936390537533,0.0015653100962032644,0.0009767937373338974,0.0006862683525462539,112,4
0,retrieval_frozen,sgd,10000,16422.80840538935,13,64,0.000693628725521979,0.0006876936390531265,0.0015653100960353937,0.0009767937372714094,0.0006862683525462539,112,4
0,retrieval_frozen,sgd,10000,16422.80840538935,14,0,0.0006836973629570717,0.0006815341062080074,0.0005769903687803323,0.00035976759627523626,0.0006810126084451753,112,4
0,retrieval_frozen,sgd,10000,16422.80840538935,14,16,0.0006836953411773686,0.0006815333577820181,0.0005767877233004463,0.00035969228522198096,0.0006810126084451753,112,4
0,retrieval_frozen,sgd,10000,16422.80840538935,14,64,0.0006836953411771412,0.0006815333577819334,0.0005767877232776498,0.00035969228521350776,0.0006810126084451753,112,4
0,retrieval_frozen,sgd,10000,16422.80840538935,15,0,0.0006800707592876517,0.0006792781227672576,0.00021234362552679625,0.0001323810189112252,0.0006790869322569064,112,4
0,retrieval_frozen,sgd,10000,16422.80840538935,15,16,0.000680070486972009,0.0006792780217548106,0.0002123161723308678,0.0001323708207109896,0.0006790869322569064,112,4
0,retrieval_frozen,sgd,10000,16422.80840538935,15,64,0.0006800704869719782,0.0006792780217547991,0.00021231617232777875,0.00013237082070984205,0.0006790869322569064,112,4
0,retrieval_frozen,sgd,10000,16422.80840538935,16,0,0.0006787409810715288,0.0006784498158975866,7.812778599073477e-05,4.8704305287940123e-05,0.0006783795696949687,112,4
0,retrieval_frozen,sgd,10000,16422.80840538935,16,16,0.0006787409442822939,0.00067844980224076,7.812406920349413e-05,4.870292481483468e-05,0.0006783795696949687,112,4
0,retrieval_frozen,sgd,10000,16422.80840538935,16,64,0.00067874094428229,0.0006784498022407581,7.81240692030759e-05,4.870292481467939e-05,0.0006783795696949687,112,4
0,retrieval_frozen,sgd,10000,16422.80840538935,17,0,0.0006782523738303247,0.0006781453182256081,2.874308598975293e-05,1.7917860786168863e-05,0.0006781194881088007,112,4
0,retrieval_frozen,sgd,10000,16422.80840538935,17,16,0.0006782523688546604,0.0006781453163780407,2.8742582907509154e-05,1.7917673944670627e-05,0.0006781194881088007,112,4
0,retrieval_frozen,sgd,10000,16422.80840538935,17,64,0.0006782523688546599,0.0006781453163780407,2.8742582907452535e-05,1.791767394464959e-05,0.0006781194881088007,112,4
0,retrieval_frozen,sgd,10000,16422.80840538935,18,0,0.0006780727051700237,0.0006780333294713041,1.0574190687130283e-05,6.591686803418634e-06,0.0006780238287282717,112,4
0,retrieval_frozen,sgd,10000,16422.80840538935,18,16,0.0006780727044968009,0.0006780333292212969,1.0574122598877176e-05,6.591661516435664e-06,0.0006780238287282717,112,4
0,retrieval_frozen,sgd,10000,16422.80840538935,18,64,0.0006780727044968007,0.0006780333292212969,1.0574122598869515e-05,6.591661516432819e-06,0.0006780238287282717,112,4
0,retrieval_frozen,sgd,10000,16422.80840538935,19,0,0.0006780066195737307,0.0006779921351269372,3.890054465919707e-06,2.42495609835425e-06,0.0006779886402189205,112,4
0,retrieval_frozen,sgd,10000,16422.80840538935,19,16,0.0006780066194826279,0.0006779921350931039,3.890045251003661e-06,2.4249526760966057e-06,0.0006779886402189205,112,4
0,retrieval_frozen,sgd,10000,16422.80840538935,19,64,0.0006780066194826279,0.0006779921350931039,3.890045251002623e-06,2.4249526760962225e-06,0.0006779886402189205,112,4
0,retrieval_frozen,sgd,10000,16422.80840538935,20,0,0.0006779823095043278,0.0006779769811180242,1.4310747313615898e-06,8.920928532013104e-07,0.0006779756954429922,112,4
0,retrieval_frozen,sgd,10000,16422.80840538935,20,16,0.0006779823094919988,0.0006779769811134454,1.4310734842497016e-06,8.920923900472788e-07,0.0006779756954429922,112,4
0,retrieval_frozen,sgd,10000,16422.80840538935,20,64,0.0006779823094919988,0.0006779769811134454,1.4310734842495612e-06,8.920923900472279e-07,0.0006779756954429922,112,4
0,retrieval_frozen,sgd,10000,16422.80840538935,21,0,0.0006779733665275461,0.0006779714063432433,5.264634689018109e-07,3.281828042126453e-07,0.0006779709333738606,112,4
0,retrieval_frozen,sgd,10000,16422.80840538935,21,16,0.0006779733665258775,0.0006779714063426235,5.264633001231415e-07,3.2818274153147205e-07,0.0006779709333738606,112,4
0,retrieval_frozen,sgd,10000,16422.80840538935,21,64,0.0006779733665258775,0.0006779714063426235,5.264633001231225e-07,3.28182741531465e-07,0.0006779709333738606,112,4
0,retrieval_frozen,sgd,10000,16422.80840538935,22,0,0.0006779700766170365,0.0006779693555081658,1.9367515392460167e-07,1.2073173150453147e-07,0.0006779691815129996,112,4
0,retrieval_frozen,sgd,10000,16422.80840538935,22,16,0.0006779700766168106,0.0006779693555080821,1.9367513108287129e-07,1.2073172302155262e-07,0.0006779691815129996,112,4
0,retrieval_frozen,sgd,10000,16422.80840538935,22,64,0.0006779700766168106,0.0006779693555080821,1.9367513108286872e-07,1.2073172302155154e-07,0.0006779691815129996,112,4
0,retrieval_frozen,sgd,10000,16422.80840538935,23,0,0.0006779688663302224,0.0006779686010494507,7.124911648746324e-08,4.441472528586862e-08,0.0006779685370402798,112,4
0,retrieval_frozen,sgd,10000,16422.80840538935,23,16,0.0006779688663301919,0.0006779686010494391,7.124911339617011e-08,4.4414724137822077e-08,0.0006779685370402798,112,4
0,retrieval_frozen,sgd,10000,16422.80840538935,23,64,0.0006779688663301919,0.0006779686010494391,7.124911339616975e-08,4.441472413782192e-08,0.0006779685370402798,112,4
0,retrieval_frozen,sgd,10000,16422.80840538935,24,0,0.0006779684210910763,0.0006779683234997824,2.6211086387955774e-08,1.6339264773801248e-08,0.0006779682999521347,112,4
0,retrieval_frozen,sgd,10000,16422.80840538935,24,16,0.0006779684210910722,0.0006779683234997811,2.6211085969594693e-08,1.6339264618429994e-08,0.0006779682999521347,112,4
0,retrieval_frozen,sgd,10000,16422.80840538935,24,64,0.0006779684210910722,0.0006779683234997811,2.6211085969594647e-08,1.6339264618429994e-08,0.0006779682999521347,112,4
0,retrieval_frozen,sgd,11000,17223.98011750906,1,0,0.9994022494251313,0.9994022494251315,1.0,1.0,0.8000771134876075,112,4
0,retrieval_frozen,sgd,11000,17223.98011750906,1,16,0.8766550855791458,0.8766550855791458,0.6321205849979562,0.6321205849979562,0.8000771134876075,112,4
0,retrieval_frozen,sgd,11000,17223.98011750906,1,64,0.8766550435762257,0.8766550435762257,0.6321205588285578,0.6321205588285577,0.8000771134876075,112,4
0,retrieval_frozen,sgd,11000,17223.98011750906,2,0,0.9993385965572568,0.9993025456407532,0.9931950208183525,0.9896005992760977,0.789723667498093,112,4
0,retrieval_frozen,sgd,11000,17223.98011750906,2,16,0.8722089452969364,0.8698023371807128,0.6293943232473967,0.627949271239966,0.789723667498093,112,4
0,retrieval_frozen,sgd,11000,17223.98011750906,2,64,0.8722089023742041,0.8698022937694426,0.6293942973032192,0.6279492454148076,0.789723667498093,112,4
0,retrieval_frozen,sgd,11000,17223.98011750906,3,0,0.9991335317900438,0.9989560103200955,0.9751831536703496,0.962402483006571,0.7604497384235884,112,4
0,retrieval_frozen,sgd,11000,17223.98011750906,3,16,0.8596208339133301,0.8500517058612881,0.6221087024025244,0.6168867993715105,0.7604497384235884,112,4
0,retrieval_frozen,sgd,11000,17223.98011750906,3,64,0.8596207885241972,0.8500516587063224,0.6221086770552241,0.6168867744482515,0.7604497384235884,112,4
0,retrieval_frozen,sgd,11000,17223.98011750906,4,0,0.998259748944135,0.9971867638211804,0.9294994088248139,0.8955004712863595,0.6746316641318684,112,4
0,retrieval_frozen,sgd,11000,17223.98011750906,4,16,0.8218216163233553,0.7886074450686867,0.6031671123568437,0.5886956410500304,0.6746316641318684,112,4
0,retrieval_frozen,sgd,11000,17223.98011750906,4,64,0.8218215646525484,0.7886073889042,0.6031670885274366,0.5886956183526614,0.6746316641318684,112,4
0,retrieval_frozen,sgd,11000,17223.98011750906,5,0,0.9911214284006847,0.9772023817792497,0.8251301855469829,0.7531777040085551,0.44022663837966075,112,4
0,retrieval_frozen,sgd,11000,17223.98011750906,5,16,0.6986785073011988,0.5868598478669782,0.5572630754155901,0.5236466912691128,0.44022663837966075,112,4
0,retrieval_frozen,sgd,11000,17223.98011750906,5,64,0.6986784445973478,0.5868597832363923,0.5572630550635924,0.5236466733105902,0.44022663837966075,112,4
0,retrieval_frozen,sgd,11000,17223.98011750906,6,0,0.8572797307845141,0.5951418398022875,0.6338945629060658,0.5259550340009158,0.11975008626737674,112,4
0,retrieval_frozen,sgd,11000,17223.98011750906,6,16,0.36932798666449995,0.19086941081874725,0.46248391546608963,0.4026932345966852,0.11975008626737674,112,4
0,retrieval_frozen,sgd,11000,17223.98011750906,6,64,0.369327939172508,0.1908693864724367,0.4624839014097527,0.40269322397624435,0.11975008626737674,112,4
0,retrieval_frozen,sgd,11000,17223.98011750906,7,0,0.19040513809036547,0.041793098388957284,0.39084884481833565,0.28897583935915255,0.015358736063453737,112,4
0,retrieval_frozen,sgd,11000,17223.98011750906,7,16,0.06916336427622936,0.02298053594412879,0.3175824231426797,0.24737329424120125,0.015358736063453737,112,4
0,retrieval_frozen,sgd,11000,17223.98011750906,7,64,0.06916335743081996,0.022980534608460713,0.31758241646025304,0.2473732902334614,0.015358736063453737,112,4
0,retrieval_frozen,sgd,11000,17223.98011750906,8,0,0.011566730146607295,0.004095672095130467,0.19217618947090015,0.1298899542172401,0.0028502247491133783,112,4
0,retrieval_frozen,sgd,11000,17223.98011750906,8,16,0.008294146395666575,0.00357851667185145,0.17236874765368695,0.1207612581731226,0.0028502247491133783,112,4
0,retrieval_frozen,sgd,11000,17223.98011750906,8,64,0.008294146122745467,0.003578516621300313,0.17236874565969945,0.12076125721802192,0.0028502247491133783,112,4
0,retrieval_frozen,sgd,11000,17223.98011750906,9,0,0.002038534515286486,0.0012930760456228015,0.08081866249554374,0.05202969273696905,0.0011419551592075613,112,4
0,retrieval_frozen,sgd,11000,17223.98011750906,9,16,0.001918574783523546,0.0012640930219676547,0.07705757866292043,0.05050053326520259,0.0011419551592075613,112,4
0,retrieval_frozen,sgd,11000,17223.98011750906,9,64,0.0019185747711299456,0.001264093018837605,0.07705757826002022,0.050500533098175926,0.0011419551592075613,112,4
0,retrieval_frozen,sgd,11000,17223.98011750906,10,0,0.0009568347117640204,0.000801659828601324,0.03139613115317193,0.019787467977360494,0.000767325431265825,112,4
0,retrieval_frozen,sgd,11000,17223.98011750906,10,16,0.0009482124694832443,0.0007989857998697259,0.030808940361526562,0.01956219281359284,0.000767325431265825,112,4
0,retrieval_frozen,sgd,11000,17223.98011750906,10,64,0.0009482124685371018,0.0007989857995727256,0.030808940296731046,0.019562192788530077,0.000767325431265825,112,4
0,retrieval_frozen,sgd,11000,17223.98011750906,11,0,0.0007125274844782473,0.0006668174221361055,0.01179363938760085,0.007371036633497035,0.000656368428402758,112,4
0,retrieval_frozen,sgd,11000,17223.98011750906,11,16,0.0007116262226242322,0.00066650606757434,0.011709622333863023,0.007339551636680326,0.000656368428402758,112,4
0,retrieval_frozen,sgd,11000,17223.98011750906,11,64,0.0007116262225236408,0.0006665060675394598,0.0117096223244783,0.0073395516331522855,0.000656368428402758,112,4
0,retrieval_frozen,sgd,11000,17223.98011750906,12,0,0.0006378708769003949,0.0006224022101741038,0.004372611972952659,0.0027242686790644594,0.000618823811896058,112,4
0,retrieval_frozen,sgd,11000,17223.98011750906,12,16,0.0006377603723997807,0.0006223623957949981,0.004361000876200389,0.0027199562951547205,0.000618823811896058,112,4
0,retrieval_frozen,sgd,11000,17223.98011750906,12,64,0.0006377603723873809,0.0006223623957905251,0.0043610008748973484,0.0027199562946701944,0.000618823811896058,112,4
0,retrieval_frozen,sgd,11000,17223.98011750906,13,0,0.0006122364598870344,0.0006067193138707135,0.0016132435304381718,0.0010039206920516156,0.0006054374398404612,112,4
0,retrieval_frozen,sgd,11000,17223.98011750906,13,16,0.0006122220456440152,0.0006067140378227619,0.0016116598841246668,0.0010033344854579339,0.0006054374398404612,112,4
0,retrieval_frozen,sgd,11000,17223.98011750906,13,64,0.0006122220456423946,0.000606714037822169,0.001611659883946633,0.001003334485392003,0.0006054374398404612,112,4
0,retrieval_frozen,sgd,11000,17223.98011750906,14,0,0.000603043154718437,0.0006010365570477079,0.0005941109658136295,0.0003695548690982357,0.0006005695891025702,112,4
0,retrieval_frozen,sgd,11000,17223.98011750906,14,16,0.0006030412303573111,0.0006010358485389548,0.0005938960272785421,0.00036947540517248933,0.0006005695891025702,112,4
0,retrieval_frozen,sgd,11000,17223.98011750906,14,64,0.0006030412303570946,0.0006010358485388748,0.000593896027254363,0.00036947540516354895,0.0006005695891025702,112,4
0,retrieval_frozen,sgd,11000,17223.98011750906,15,0,0.0005996926959276465,0.0005989576078745415,0.00021864684996671934,0.00013598321071456803,0.0005987864401192887,112,4
0,retrieval_frozen,sgd,11000,17223.98011750906,15,16,0.0005996924367980731,0.0005989575122623453,0.00021861773046925168,0.00013597244998374367,0.0005987864401192887,112,4
0,retrieval_frozen,sgd,11000,17223.98011750906,15,64,0.0005996924367980438,0.0005989575122623347,0.00021861773046597517,0.00013597244998253278,0.0005987864401192887,112,4
0,retrieval_frozen,sgd,11000,17223.98011750906,16,0,0.0005984643780716376,0.0005981943725094205,8.044727755823079e-05,5.0029701727806544e-05,0.0005981314871728808,112,4
0,retrieval_frozen,sgd,11000,17223.98011750906,16,16,0.0005984643430670273,0.0005981943595833398,8.044333513108794e-05,5.002824509952987e-05,0.0005981314871728808,112,4
0,retrieval_frozen,sgd,11000,17223.98011750906,16,64,0.0005984643430670236,0.0005981943595833382,8.044333513064428e-05,5.0028245099366e-05,0.0005981314871728808,112,4
0,retrieval_frozen,sgd,11000,17223.98011750906,17,0,0.0005980130787025796,0.0005979138057551762,2.9596469261087927e-05,1.8405477226053265e-05,0.0005978906828603202,112,4
0,retrieval_frozen,sgd,11000,17223.98011750906,17,16,0.000598013073968442,0.0005979138040064998,2.9595935635302678e-05,1.8405280076831547e-05,0.0005978906828603202,112,4
0,retrieval_frozen,sgd,11000,17223.98011750906,17,64,0.0005980130739684414,0.0005979138040064993,2.9595935635242623e-05,1.8405280076809348e-05,0.0005978906828603202,112,4
0,retrieval_frozen,sgd,11000,17223.98011750906,18,0,0.0005978471324974541,0.0005978106196713848,1.0888145030952474e-05,6.771074972927302e-06,0.0005978021147663589,112,4
0,retrieval_frozen,sgd,11000,17223.98011750906,18,16,0.0005978471318569186,0.0005978106194347605,1.0888072808756779e-05,6.771048290883823e-06,0.0005978021147663589,112,4
0,retrieval_frozen,sgd,11000,17223.98011750906,18,64,0.0005978471318569183,0.0005978106194347605,1.088807280874865e-05,6.771048290880815e-06,0.0005978021147663589,112,4
0,retrieval_frozen,sgd,11000,17223.98011750906,19,0,0.000597786094793003,0.0005977726635101862,4.005553463317298e-06,2.4909498736188216e-06,0.0005977695349378739,112,4
0,retrieval_frozen,sgd,11000,17223.98011750906,19,16,0.0005977860947063238,0.0005977726634781638,4.0055436889168404e-06,2.4909462625571923e-06,0.0005977695349378739,112,4
0,retrieval_frozen,sgd,11000,17223.98011750906,19,64,0.0005977860947063238,0.0005977726634781638,4.00554368891574e-06,2.4909462625567853e-06,0.0005977695349378739,112,4
0,retrieval_frozen,sgd,11000,17223.98011750906,20,0,0.0005977636416962843,0.0005977587007435641,1.4735646611295638e-06,9.163706815746554e-07,0.0005977575498341976,112,4
0,retrieval_frozen,sgd,11000,17223.98011750906,20,16,0.0005977636416845539,0.0005977587007392307,1.4735633382988925e-06,9.163701928686302e-07,0.0005977575498341976,112,4
0,retrieval_frozen,sgd,11000,17223.98011750906,20,64,0.0005977636416845539,0.0005977587007392307,1.4735633382987434e-06,9.163701928685749e-07,0.0005977575498341976,112,4
0,retrieval_frozen,sgd,11000,17223.98011750906,21,0,0.0005977553818557634,0.0005977535641997978,5.420946707204357e-07,3.371141283258451e-07,0.0005977531408077017,112,4
0,retrieval_frozen,sgd,11000,17223.98011750906,21,16,0.0005977553818541762,0.000597753564199211,5.420944916943033e-07,3.3711406218657833e-07,0.0005977531408077017,112,4
0,retrieval_frozen,sgd,11000,17223.98011750906,21,64,0.0005977553818541762,0.000597753564199211,5.42094491694283e-07,3.371140621865706e-07,0.0005977531408077017,112,4
0,retrieval_frozen,sgd,11000,17223.98011750906,22,0,0.0005977523432562533,0.0005977516745805584,1.994255558016322e-07,1.2401738340570899e-07,0.0005977515188238245,112,4
0,retrieval_frozen,sgd,11000,17223.98011750906,22,16,0.0005977523432560384,0.0005977516745804794,1.9942553157305648e-07,1.2401737445472778e-07,0.0005977515188238245,112,4
0,retrieval_frozen,sgd,11000,17223.98011750906,22,64,0.0005977523432560384,0.0005977516745804794,1.9942553157305373e-07,1.2401737445472667e-07,0.0005977515188238245,112,4
0,retrieval_frozen,sgd,11000,17223.98011750906,23,0,0.0005977512254214829,0.000597750979429789,7.336457166963333e-08,4.5623449257581216e-08,0.0005977509221301581,112,4
0,retrieval_frozen,sgd,11000,17223.98011750906,23,16,0.0005977512254214537,0.0005977509794297784,7.336456839065102e-08,4.562344804619745e-08,0.0005977509221301581,112,4
0,retrieval_frozen,sgd,11000,17223.98011750906,23,64,0.0005977512254214537,0.0005977509794297784,7.336456839065067e-08,4.5623448046197284e-08,0.0005977509221301581,112,4
0,retrieval_frozen,sgd,11000,17223.98011750906,24,0,0.0005977508141935285,0.0005977507236982892,2.6989318933054705e-08,1.678392949827506e-08,0.0005977507026189424,112,4
0,retrieval_frozen,sgd,11000,17223.98011750906,24,16,0.0005977508141935245,0.0005977507236982876,2.6989318489292648e-08,1.6783929334332117e-08,0.0005977507026189424,112,4
0,retrieval_frozen,sgd,11000,17223.98011750906,24,64,0.0005977508141935245,0.0005977507236982876,2.6989318489292602e-08,1.6783929334332054e-08,0.0005977507026189424,112,4
0,retrieval_frozen,sgd,12000,17976.52238260868,1,0,0.9994631065048856,0.9994631065048858,1.0,1.0,0.8057188640668916,112,4
0,retrieval_frozen,sgd,12000,17976.52238260868,1,16,0.8796921019529915,0.8796921019529916,0.6321205849979562,0.6321205849979562,0.8057188640668916,112,4
0,retrieval_frozen,sgd,12000,17976.52238260868,1,64,0.8796920602472397,0.8796920602472398,0.6321205588285578,0.6321205588285577,0.8057188640668916,112,4
0,retrieval_frozen,sgd,12000,17976.52238260868,2,0,0.9994064875371612,0.9993742820391511,0.9933543162944709,0.9898269805746173,0.7956679083925113,112,4
0,retrieval_frozen,sgd,12000,17976.52238260868,2,16,0.8753810761082251,0.8730364301464788,0.629458302711155,0.628040416368791,0.7956679083925113,112,4
0,retrieval_frozen,sgd,12000,17976.52238260868,2,64,0.8753810334819244,0.8730363870285459,0.6294582767617032,0.6280403905361351,0.7956679083925113,112,4
0,retrieval_frozen,sgd,12000,17976.52238260868,3,0,0.999224272204058,0.9990659138373265,0.9757533442463416,0.9631987224077145,0.7672054294134045,112,4
0,retrieval_frozen,sgd,12000,17976.52238260868,3,16,0.8631706082932832,0.8538406176604612,0.6223408652805605,0.6172138478779132,0.7672054294134045,112,4
0,retrieval_frozen,sgd,12000,17976.52238260868,3,64,0.8631705631922476,0.8538405707741484,0.6223408399143501,0.6172138229282208,0.7672054294134045,112,4
0,retrieval_frozen,sgd,12000,17976.52238260868,4,0,0.998449455441522,0.9974941949344441,0.9310430161496465,0.8975626302988547,0.6833483464135381,112,4
0,retrieval_frozen,sgd,12000,17976.52238260868,4,16,0.8264515451470739,0.793969219444341,0.6038179287868594,0.5895861322852867,0.6833483464135381,112,4
0,retrieval_frozen,sgd,12000,17976.52238260868,4,64,0.826451493689996,0.7939691633651773,0.6038179049060898,0.5895861095191994,0.6833483464135381,112,4
0,retrieval_frozen,sgd,12000,17976.52238260868,5,0,0.992118268491237,0.9796540738700539,0.8285303438688505,0.7572871164732845,0.4506160977154275,112,4
0,retrieval_frozen,sgd,12000,17976.52238260868,5,16,0.7060700546957948,0.5953054353706838,0.5588176314727014,0.5256297703284881,0.4506160977154275,112,4
0,retrieval_frozen,sgd,12000,17976.52238260868,5,64,0.706069991637661,0.5953053697261855,0.5588176110074546,0.5256297522336882,0.4506160977154275,112,4
0,retrieval_frozen,sgd,12000,17976.52238260868,6,0,0.8690497889154878,0.6163895787964484,0.6393820580997515,0.5314942715628904,0.12322367580380167,112,4
0,retrieval_frozen,sgd,12000,17976.52238260868,6,16,0.37753641912420555,0.19521040813738783,0.4654122201313223,0.40593238279455185,0.12322367580380167,112,4
0,retrieval_frozen,sgd,12000,17976.52238260868,6,64,0.37753636998169526,0.195210382606619,0.4654122058976977,0.40593237200256826,0.12322367580380167,112,4
0,retrieval_frozen,sgd,12000,17976.52238260868,7,0,0.2004894413773444,0.04275504125823757,0.39653151942897624,0.29356485168438495,0.015312520430404963,112,4
0,retrieval_frozen,sgd,12000,17976.52238260868,7,16,0.07051564484353834,0.02289628918868646,0.3213354273534689,0.2507284294500757,0.015312520430404963,112,4
0,retrieval_frozen,sgd,12000,17976.52238260868,7,64,0.07051563760987255,0.02289628780166201,0.3213354205134151,0.25072842533288436,0.015312520430404963,112,4
0,retrieval_frozen,sgd,12000,17976.52238260868,8,0,0.01154917461553571,0.003930305848170773,0.19592573996064797,0.13242314859818774,0.0027124716842418495,112,4
0,retrieval_frozen,sgd,12000,17976.52238260868,8,16,0.008128545803877585,0.0034094753380857247,0.17538079121791617,0.12294790069544566,0.0027124716842418495,112,4
0,retrieval_frozen,sgd,12000,17976.52238260868,8,64,0.00812854552217877,0.0034094752874312584,0.17538078915389263,0.12294789970544354,0.0027124716842418495,112,4
0,retrieval_frozen,sgd,12000,17976.52238260868,9,0,0.0019190496718349988,0.001194280645407164,0.08262787022779074,0.05313714035863629,0.0010523786099479262,112,4
0,retrieval_frozen,sgd,12000,17976.52238260868,9,16,0.0017992308216739836,0.0011659895052928092,0.07870020407988647,0.05154318916641205,0.0010523786099479262,112,4
0,retrieval_frozen,sgd,12000,17976.52238260868,9,64,0.0017992308093365413,0.0011659895022413903,0.07870020365959787,0.051543188992417166,0.0010523786099479262,112,4
0,retrieval_frozen,sgd,12000,17976.52238260868,10,0,0.000875357913697491,0.0007278812060923006,0.03213978788286698,0.020223282941885034,0.0006962685596147068,112,4
0,retrieval_frozen,sgd,12000,17976.52238260868,10,16,0.0008669611964295534,0.0007253091466637283,0.03152457568164969,0.019988034207339425,0.0006962685596147068,112,4
0,retrieval_frozen,sgd,12000,17976.52238260868,10,64,0.0008669611955089289,0.0007253091463781537,0.031524575613793904,0.01998803418117362,0.0006962685596147068,112,4
0,retrieval_frozen,sgd,12000,17976.52238260868,11,0,0.0006444172839690078,0.0006013680695249234,0.012079121605477893,0.007535484535260597,0.0005918251299652015,112,4
0,retrieval_frozen,sgd,12000,17976.52238260868,11,16,0.0006435490913657629,0.0006010703711424553,0.011990975797454648,0.007502582141483827,0.0005918251299652015,112,4
0,retrieval_frozen,sgd,12000,17976.52238260868,11,64,0.0006435490912688857,0.0006010703711091083,0.011990975787610556,0.007502582137797312,0.0005918251299652015,112,4
0,retrieval_frozen,sgd,12000,17976.52238260868,12,0,0.0005743963876008954,0.0005598782406110946,0.004479321549363154,0.002785338038464872,0.0005566203215435188,112,4
0,retrieval_frozen,sgd,12000,17976.52238260868,12,16,0.0005742903873672631,0.0005598402592158188,0.004467133504612419,0.0027808303078731248,0.0005566203215435188,112,4
0,retrieval_frozen,sgd,12000,17976.52238260868,12,64,0.0005742903873553697,0.0005598402592115513,0.004467133503244728,0.0027808303073666666,0.0005566203215435188,112,4
0,retrieval_frozen,sgd,12000,17976.52238260868,13,0,0.000550423600621775,0.0005452520944258166,0.001652731959592349,0.0010264650648676781,0.0005440863870515891,112,4
0,retrieval_frozen,sgd,12000,17976.52238260868,13,16,0.0005504097958726697,0.0005452470655567068,0.0016510692982978407,0.0010258522425978952,0.0005440863870515891,112,4
0,retrieval_frozen,sgd,12000,17976.52238260868,13,64,0.0005504097958711179,0.0005452470655561414,0.0016510692981109292,0.0010258522425289727,0.0005440863870515891,112,4
0,retrieval_frozen,sgd,12000,17976.52238260868,14,0,0.0005418354360449948,0.0005399554368625652,0.000608669566486418,0.000377859102818346,0.00053953097036833,112,4
0,retrieval_frozen,sgd,12000,17976.52238260868,14,16,0.0005418335941390467,0.0005399547617592514,0.0006084438874226307,0.0003777760279161114,0.00053953097036833,112,4
0,retrieval_frozen,sgd,12000,17976.52238260868,14,64,0.0005418335941388394,0.0005399547617591757,0.0006084438873972436,0.0003777760279067646,0.00053953097036833,112,4
0,retrieval_frozen,sgd,12000,17976.52238260868,15,0,0.0005387067554574279,0.0005380181648053536,0.00022400694902383853,0.00013903960705216327,0.0005378626008299286,112,4
0,retrieval_frozen,sgd,12000,17976.52238260868,15,16,0.0005387065074849435,0.0005380180737117314,0.00022397637360329405,0.00013902835718287152,0.0005378626008299286,112,4
0,retrieval_frozen,sgd,12000,17976.52238260868,15,64,0.0005387065074849157,0.000538018073711721,0.0002239763735998537,0.00013902835718160574,0.0005378626008299286,112,4
0,retrieval_frozen,sgd,12000,17976.52238260868,16,0,0.0005375599110156731,0.0005373070006416666,8.241972877776291e-05,5.115428201053495e-05,0.0005372498513353279,112,4
0,retrieval_frozen,sgd,12000,17976.52238260868,16,16,0.0005375598775209024,0.0005373069883269904,8.241558919564739e-05,5.115275916234436e-05,0.0005372498513353279,112,4
0,retrieval_frozen,sgd,12000,17976.52238260868,16,64,0.0005375598775208986,0.0005373069883269889,8.241558919518157e-05,5.1152759162173e-05,0.0005372498513353279,112,4
0,retrieval_frozen,sgd,12000,17976.52238260868,17,0,0.0005371385685588358,0.0005370455831915312,3.0322172164470524e-05,1.8819213574363643e-05,0.0005370245698851322,112,4
0,retrieval_frozen,sgd,12000,17976.52238260868,17,16,0.0005371385640290272,0.0005370455815255925,3.0321611850822276e-05,1.881900746214448e-05,0.0005370245698851322,112,4
0,retrieval_frozen,sgd,12000,17976.52238260868,17,64,0.0005371385640290267,0.0005370455815255925,3.032161185075923e-05,1.881900746212128e-05,0.0005370245698851322,112,4
0,retrieval_frozen,sgd,12000,17976.52238260868,18,0,0.0005369836407894574,0.0005369494408469184,1.1155126854993904e-05,6.9232836402316925e-06,0.0005369417119377418,112,4
0,retrieval_frozen,sgd,12000,17976.52238260868,18,16,0.0005369836401765744,0.0005369494406214918,1.115505102069795e-05,6.923255745123315e-06,0.0005369417119377418,112,4
0,retrieval_frozen,sgd,12000,17976.52238260868,18,64,0.0005369836401765744,0.0005369494406214918,1.1155051020689419e-05,6.923255745120168e-06,0.0005369417119377418,112,4
0,retrieval_frozen,sgd,12000,17976.52238260868,19,0,0.0005369266562572212,0.0005369140758112694,4.103772028320183e-06,2.5469447963409257e-06,0.00053691123270127,112,4
0,retrieval_frozen,sgd,12000,17976.52238260868,19,16,0.0005369266561742844,0.0005369140757807628,4.103761765060636e-06,2.5469410211060733e-06,0.00053691123270127,112,4
0,retrieval_frozen,sgd,12000,17976.52238260868,19,64,0.0005369266561742844,0.0005369140757807628,4.103761765059482e-06,2.546941021105648e-06,0.00053691123270127,112,4
0,retrieval_frozen,sgd,12000,17976.52238260868,20,0,0.0005369056942008245,0.0005369010662500531,1.509697446925774e-06,9.369701278558216e-07,0.0005369000203549668,112,4
0,retrieval_frozen,sgd,12000,17976.52238260868,20,16,0.0005369056941896007,0.0005369010662459248,1.5096960579344981e-06,9.369696169312286e-07,0.0005369000203549668,112,4
0,retrieval_frozen,sgd,12000,17976.52238260868,20,64,0.0005369056941896007,0.0005369010662459248,1.5096960579343418e-06,9.36969616931172e-07,0.0005369000203549668,112,4
0,retrieval_frozen,sgd,12000,17976.52238260868,21,0,0.0005368979828781865,0.0005368962803687366,5.553872061563308e-07,3.4469224996339114e-07,0.0005368958956090409,112,4
0,retrieval_frozen,sgd,12000,17976.52238260868,21,16,0.0005368979828766676,0.000536896280368178,5.553870181762982e-07,3.446921808171614e-07,0.0005368958956090409,112,4
0,retrieval_frozen,sgd,12000,17976.52238260868,21,64,0.0005368979828766676,0.000536896280368178,5.553870181762771e-07,3.446921808171534e-07,0.0005368958956090409,112,4
0,retrieval_frozen,sgd,12000,17976.52238260868,22,0,0.0005368951460664249,0.0005368945197507031,2.0431560988094073e-07,1.2680521975673813e-07,0.0005368943782060084,112,4
0,retrieval_frozen,sgd,12000,17976.52238260868,22,16,0.0005368951460662195,0.0005368945197506273,2.0431558444058465e-07,1.2680521039880828e-07,0.0005368943782060084,112,4
0,retrieval_frozen,sgd,12000,17976.52238260868,22,64,0.0005368951460662195,0.0005368945197506273,2.0431558444058174e-07,1.2680521039880738e-07,0.0005368943782060084,112,4
0,retrieval_frozen,sgd,12000,17976.52238260868,23,0,0.0005368941024651235,0.000536893872056784,7.516352251496429e-08,4.664903709859081e-08,0.0005368938199854673,112,4
0,retrieval_frozen,sgd,12000,17976.52238260868,23,16,0.0005368941024650957,0.0005368938720567745,7.516351907198524e-08,4.6649035832132444e-08,0.0005368938199854673,112,4
0,retrieval_frozen,sgd,12000,17976.52238260868,23,64,0.0005368941024650957,0.0005368938720567745,7.516351907198486e-08,4.664903583213227e-08,0.0005368938199854673,112,4
0,retrieval_frozen,sgd,12000,17976.52238260868,24,0,0.0005368937185461234,0.0005368936337836781,2.76511160301425e-08,1.7161222202037874e-08,0.0005368936146277199,112,4
0,retrieval_frozen,sgd,12000,17976.52238260868,24,16,0.0005368937185461195,0.0005368936337836772,2.7651115564185893e-08,1.716122203064135e-08,0.0005368936146277199,112,4
0,retrieval_frozen,sgd,12000,17976.52238260868,24,64,0.0005368937185461195,0.0005368936337836772,2.7651115564185847e-08,1.716122203064135e-08,0.0005368936146277199,112,4
0,retrieval_frozen,adam,0,0.0,1,0,0.5,0.5,1.0,1.0,,112,4
0,retrieval_frozen,adam,0,0.0,1,16,0.5,0.5,0.6321205849979562,0.6321205849979562,,112,4
0,retrieval_frozen,adam,0,0.0,1,64,0.5,0.5,0.6321205588285578,0.6321205588285577,,112,4
0,retrieval_frozen,adam,0,0.0,2,0,0.5,0.5,0.2689414213690497,0.2689414213610862,,112,4
0,retrieval_frozen,adam,0,0.0,2,16,0.5,0.5,0.2325441614757657,0.23254416146981183,,112,4
0,retrieval_frozen,adam,0,0.0,2,64,0.5,0.5,0.23254415793412278,0.23254415792816893,,112,4
0,retrieval_frozen,adam,0,0.0,3,0,0.5,0.5,0.09003057316998572,0.09003057316666072,,112,4
0,retrieval_frozen,adam,0,0.0,3,16,0.5,0.5,0.08554821534770156,0.08554821534469942,,112,4
0,retrieval_frozen,adam,0,0.0,3,64,0.5,0.5,0.08554821486839234,0.08554821486539019,,112,4
0,retrieval_frozen,adam,0,0.0,4,0,0.5,0.5,0.03205860327993539,0.032058603278675366,,112,4
0,retrieval_frozen,adam,0,0.0,4,16,0.5,0.5,0.03147142954385305,0.03147142954263874,,112,4
0,retrieval_frozen,adam,0,0.0,4,64,0.5,0.5,0.0314714294789856,0.0314714294777713,,112,4
0,retrieval_frozen,adam,0,0.0,5,0,0.5,0.5,0.011656230955984061,0.0116562309555162,,112,4
0,retrieval_frozen,adam,0,0.0,5,16,0.5,0.5,0.01157769189837277,0.011577691897911182,,112,4
0,retrieval_frozen,adam,0,0.0,5,64,0.5,0.5,0.011577691889593913,0.011577691889132331,,112,4
0,retrieval_frozen,adam,0,0.0,6,0,0.5,0.5,0.004269778545261609,0.004269778545088934,,112,4
0,retrieval_frozen,adam,0,0.0,6,16,0.5,0.5,0.004259194823586798,0.0042591948234149786,,112,4
0,retrieval_frozen,adam,0,0.0,6,64,0.5,0.5,0.004259194822398709,0.004259194822226892,,112,4
0,retrieval_frozen,adam,0,0.0,7,0,0.5,0.5,0.0015683003158789223,0.0015683003158153256,,112,4
0,retrieval_frozen,adam,0,0.0,7,16,0.5,0.5,0.001566870211265096,0.0015668702112016156,,112,4
0,retrieval_frozen,adam,0,0.0,7,64,0.5,0.5,0.001566870211104306,0.001566870211040825,,112,4
0,retrieval_frozen,adam,0,0.0,8,0,0.5,0.5,0.0005766127696842267,0.0005766127696608212,,112,4
0,retrieval_frozen,adam,0,0.0,8,16,0.5,0.5,0.0005764193376709881,0.0005764193376475979,,112,4
0,retrieval_frozen,adam,0,0.0,8,64,0.5,0.5,0.0005764193376492274,0.0005764193376258372,,112,4
0,retrieval_frozen,adam,0,0.0,9,0,0.5,0.5,0.00021207899644221169,0.00021207899643359976,,112,4
0,retrieval_frozen,adam,0,0.0,9,16,0.5,0.5,0.00021205282381775504,0.0002120528238091451,,112,4
0,retrieval_frozen,adam,0,0.0,9,64,0.5,0.5,0.0002120528238148101,0.00021205282380620046,,112,4
0,retrieval_frozen,adam,0,0.0,10,0,0.5,0.5,7.80134161274313e-05,7.801341612426298e-05,,112,4
0,retrieval_frozen,adam,0,0.0,10,16,0.5,0.5,7.800987432421721e-05,7.800987432104913e-05,,112,4
0,retrieval_frozen,adam,0,0.0,10,64,0.5,0.5,7.800987432381864e-05,7.800987432065062e-05,,112,4
0,retrieval_frozen,adam,0,0.0,11,0,0.5,0.5,2.8698708289339755e-05,2.8698708288174173e-05,,112,4
0,retrieval_frozen,adam,0,0.0,11,16,0.5,0.5,2.869822897215476e-05,2.8698228970989198e-05,,112,4
0,retrieval_frozen,adam,0,0.0,11,64,0.5,0.5,2.8698228972100827e-05,2.869822897093526e-05,,112,4
0,retrieval_frozen,adam,0,0.0,12,0,0.5,0.5,1.0557553304715978e-05,1.0557553304287181e-05,,112,4
0,retrieval_frozen,adam,0,0.0,12,16,0.5,0.5,1.0557488436873857e-05,1.055748843644506e-05,,112,4
0,retrieval_frozen,adam,0,0.0,12,64,0.5,0.5,1.0557488436866557e-05,1.0557488436437765e-05,,112,4
0,retrieval_frozen,adam,0,0.0,13,0,0.5,0.5,3.883891725203109e-06,3.8838917250453626e-06,,112,4
0,retrieval_frozen,adam,0,0.0,13,16,0.5,0.5,3.883882946329418e-06,3.883882946171673e-06,,112,4
0,retrieval_frozen,adam,0,0.0,13,64,0.5,0.5,3.883882946328426e-06,3.88388294617068e-06,,112,4
0,retrieval_frozen,adam,0,0.0,14,0,0.5,0.5,1.4288018759603902e-06,1.4288018759023587e-06,,112,4
0,retrieval_frozen,adam,0,0.0,14,16,0.5,0.5,1.4288006878707313e-06,1.4288006878127e-06,,112,4
0,retrieval_frozen,adam,0,0.0,14,64,0.5,0.5,1.4288006878705968e-06,1.4288006878125653e-06,,112,4
0,retrieval_frozen,adam,0,0.0,15,0,0.5,0.5,5.256265593895918e-07,5.256265593682431e-07,,112,4
0,retrieval_frozen,adam,0,0.0,15,16,0.5,0.5,5.256263985992252e-07,5.256263985778766e-07,,112,4
0,retrieval_frozen,adam,0,0.0,15,64,0.5,0.5,5.256263985992075e-07,5.256263985778588e-07,,112,4
0,retrieval_frozen,adam,0,0.0,16,0,0.5,0.5,1.9336716754224223e-07,1.9336716753438852e-07,,112,4
0,retrieval_frozen,adam,0,0.0,16,16,0.5,0.5,1.9336714578163672e-07,1.93367145773783e-07,,112,4
0,retrieval_frozen,adam,0,0.0,16,64,0.5,0.5,1.9336714578163428e-07,1.933671457737806e-07,,112,4
0,retrieval_frozen,adam,0,0.0,17,0,0.5,0.5,7.113580047604236e-08,7.113580047315297e-08,,112,4
0,retrieval_frozen,adam,0,0.0,17,16,0.5,0.5,7.113579753106472e-08,7.113579752817534e-08,,112,4
0,retrieval_frozen,adam,0,0.0,17,64,0.5,0.5,7.113579753106447e-08,7.113579752817508e-08,,112,4
0,retrieval_frozen,adam,0,0.0,18,0,0.5,0.5,2.6169397841572313e-08,2.616939784050938e-08,,112,4
0,retrieval_frozen,adam,0,0.0,18,16,0.5,0.5,2.616939744301294e-08,2.6169397441950013e-08,,112,4
0,retrieval_frozen,adam,0,0.0,18,64,0.5,0.5,2.616939744301285e-08,2.616939744194992e-08,,112,4
0,retrieval_frozen,adam,0,0.0,19,0,0.5,0.5,9.627183361068068e-09,9.627183360677038e-09,,112,4
0,retrieval_frozen,adam,0,0.0,19,16,0.5,0.5,9.627183307128918e-09,9.62718330673789e-09,,112,4
0,retrieval_frozen,adam,0,0.0,19,64,0.5,0.5,9.627183307128918e-09,9.62718330673789e-09,,112,4
0,retrieval_frozen,adam,0,0.0,20,0,0.5,0.5,3.54164282238151e-09,3.5416428222376583e-09,,112,4
0,retrieval_frozen,adam,0,0.0,20,16,0.5,0.5,3.541642815081642e-09,3.5416428149377907e-09,,112,4
0,retrieval_frozen,adam,0,0.0,20,64,0.5,0.5,3.541642815081642e-09,3.5416428149377907e-09,,112,4
0,retrieval_frozen,adam,0,0.0,21,0,0.5,0.5,1.3028975806290122e-09,1.302897580576092e-09,,112,4
0,retrieval_frozen,adam,0,0.0,21,16,0.5,0.5,1.3028975796410827e-09,1.3028975795881626e-09,,112,4
0,retrieval_frozen,adam,0,0.0,21,64,0.5,0.5,1.3028975796410827e-09,1.3028975795881626e-09,,112,4
0,retrieval_frozen,adam,0,0.0,22,0,0.5,0.5,4.793092336356896e-10,4.793092336162214e-10,,112,4
0,retrieval_frozen,adam,0,0.0,22,16,0.5,0.5,4.793092335019871e-10,4.793092334825188e-10,,112,4
0,retrieval_frozen,adam,0,0.0,22,64,0.5,0.5,4.793092335019871e-10,4.793092334825188e-10,,112,4
0,retrieval_frozen,adam,0,0.0,23,0,0.5,0.5,1.7632801298711732e-10,1.7632801297995536e-10,,112,4
0,retrieval_frozen,adam,0,0.0,23,16,0.5,0.5,1.7632801296902313e-10,1.7632801296186117e-10,,112,4
0,retrieval_frozen,adam,0,0.0,23,64,0.5,0.5,1.7632801296902313e-10,1.7632801296186117e-10,,112,4
0,retrieval_frozen,adam,0,0.0,24,0,0.5,0.5,6.486745087636398e-11,6.486745087372924e-11,,112,4
0,retrieval_frozen,adam,0,0.0,24,16,0.5,0.5,6.486745087391515e-11,6.486745087128042e-11,,112,4
0,retrieval_frozen,adam,0,0.0,24,64,0.5,0.5,6.486745087391515e-11,6.486745087128042e-11,,112,4
0,retrieval_frozen,adam,3,0.0,1,0,0.5037494153031236,0.5037494153031237,1.0,1.0,0.49861730031570584,112,4
0,retrieval_frozen,adam,3,0.0,1,16,0.5009907671611477,0.5009907671611475,0.6321205849979562,0.6321205849979562,0.49861730031570584,112,4
0,retrieval_frozen,adam,3,0.0,1,64,0.5009907669649047,0.5009907669649047,0.6321205588285578,0.6321205588285577,0.49861730031570584,112,4
0,retrieval_frozen,adam,3,0.0,2,0,0.4982687872441825,0.4982687145225417,0.26913904124696614,0.2691293435816559,0.4975233544553235,112,4
0,retrieval_frozen,adam,3,0.0,2,16,0.4979954749761603,0.49799542061703755,0.23269189630515988,0.2326846473112246,0.4975233544553235,112,4
0,retrieval_frozen,adam,3,0.0,2,64,0.49799547494956825,0.49799542059044716,0.23269189275901558,0.23268464376530124,0.4975233544553235,112,4
0,retrieval_frozen,adam,3,0.0,3,0,0.4969263086736348,0.496926278300261,0.09011310004295815,0.09010904955110138,0.4968146429226981,112,4
0,retrieval_frozen,adam,3,0.0,3,16,0.496892636773454,0.4968926093516787,0.08562272583990115,0.08561906896033308,0.4968146429226981,112,4
0,retrieval_frozen,adam,3,0.0,3,64,0.49689263676985357,0.4968926093480786,0.08562272535975661,0.08561906848022956,0.4968146429226981,112,4
0,retrieval_frozen,adam,3,0.0,4,0,0.49649121309524674,0.49649120158380017,0.032089879382986776,0.032088344237251425,0.49647498619272534,112,4
0,retrieval_frozen,adam,3,0.0,4,16,0.4964868015970517,0.49648679050381356,0.03150156991638554,0.03150009054200404,0.49647498619272534,112,4
0,retrieval_frozen,adam,3,0.0,4,64,0.49648680159656433,0.49648679050332634,0.03150156985139378,0.03150009047701839,0.49647498619272534,112,4
0,retrieval_frozen,adam,3,0.0,5,0,0.49633807671994895,0.49633807244542505,0.011667844472311796,0.011667274427009256,0.4963356865687574,112,4
0,retrieval_frozen,adam,3,0.0,5,16,0.49633748661924815,0.49633748240218895,0.011589149362478504,0.011588586980591044,0.4963356865687574,112,4
0,retrieval_frozen,adam,3,0.0,5,64,0.4963374866191822,0.4963374824021229,0.011589149353682267,0.011588586971795666,0.4963356865687574,112,4
0,retrieval_frozen,adam,3,0.0,6,0,0.49628263399822486,0.496282632420618,0.004274064744432039,0.00427385435635683,0.49628225165853157,112,4
0,retrieval_frozen,adam,3,0.0,6,16,0.4962825544763704,0.4962825529065826,0.004263459789623102,0.004263250444279487,0.49628225165853157,112,4
0,retrieval_frozen,adam,3,0.0,6,64,0.4962825544763615,0.4962825529065736,0.004263459788432634,0.004263250443089135,0.49628225165853157,112,4
0,retrieval_frozen,adam,3,0.0,7,0,0.49626235651398415,0.4962623559329384,0.0015698789553475995,0.0015698014676287016,0.49626228377396825,112,4
0,retrieval_frozen,adam,3,0.0,7,16,0.4962623457686803,0.49626234518869483,0.0015684459715335428,0.001568368625209144,0.49626228377396825,112,4
0,retrieval_frozen,adam,3,0.0,7,64,0.4962623457686791,0.49626234518869367,0.0015684459713724286,0.0015683686250480453,0.49626228377396825,112,4
0,retrieval_frozen,adam,3,0.0,8,0,0.496254912813168,0.4962549125993225,0.0005771937652387893,0.0005771652469705236,0.4962548952784682,112,4
0,retrieval_frozen,adam,3,0.0,8,16,0.4962549113597844,0.49625491114608233,0.0005769999432899798,0.0005769714441710763,0.4962548952784682,112,4
0,retrieval_frozen,adam,3,0.0,8,64,0.4962549113597842,0.4962549111460821,0.0005769999432681754,0.0005769714441492743,0.4962548952784682,112,4
0,retrieval_frozen,adam,3,0.0,9,0,0.49625217658472576,0.4962521765060441,0.0002122927660406881,0.00021228227311887292,0.49625217138420336,112,4
0,retrieval_frozen,adam,3,0.0,9,16,0.4962521763880732,0.49625217630941093,0.00021226654063035864,0.00021225605030080884,0.49625217138420336,112,4
0,retrieval_frozen,adam,3,0.0,9,64,0.4962521763880732,0.49625217630941093,0.00021226654062740769,0.00021225605029785797,0.49625217138420336,112,4
0,retrieval_frozen,adam,3,0.0,10,0,0.49625117027407323,0.49625117024512627,7.809206206723224e-05,7.808820171565983e-05,0.4962511685301792,112,4
0,retrieval_frozen,adam,3,0.0,10,16,0.49625117024746135,0.4962511702185169,7.808851311953876e-05,7.80846531188252e-05,0.4962511685301792,112,4
0,retrieval_frozen,adam,3,0.0,10,64,0.49625117024746135,0.4962511702185169,7.80885131191394e-05,7.808465311842588e-05,0.4962511685301792,112,4
0,retrieval_frozen,adam,3,0.0,11,0,0.49625080011251554,0.49625080010186634,2.8727641122429852e-05,2.8726220948503785e-05,0.49625079949388545,112,4
0,retrieval_frozen,adam,3,0.0,11,16,0.49625080010891415,0.4962508000982652,2.8727160838310485e-05,2.8725740711869655e-05,0.49625079949388545,112,4
0,retrieval_frozen,adam,3,0.0,11,64,0.49625080010891415,0.4962508000982652,2.8727160838256435e-05,2.872574071181561e-05,0.49625079949388545,112,4
0,retrieval_frozen,adam,3,0.0,12,0,0.4962506639430259,0.4962506639391083,1.056819718155319e-05,1.0567674724710554e-05,0.49625066371854576,112,4
0,retrieval_frozen,adam,3,0.0,12,16,0.49625066394253853,0.496250663938621,1.056813218284901e-05,1.0567609732432883e-05,0.49625066371854576,112,4
0,retrieval_frozen,adam,3,0.0,12,64,0.49625066394253853,0.496250663938621,1.0568132182841691e-05,1.0567609732425562e-05,0.49625066371854576,112,4
0,retrieval_frozen,adam,3,0.0,13,0,0.4962506138497926,0.4962506138483513,3.887807399812699e-06,3.887615198132995e-06,0.4962506137676305,112,4
0,retrieval_frozen,adam,3,0.0,13,16,0.4962506138497266,0.49625061384828534,3.88779860322867e-06,3.887606402418705e-06,0.4962506137676305,112,4
0,retrieval_frozen,adam,3,0.0,13,64,0.4962506138497266,0.49625061384828534,3.88779860322768e-06,3.887606402417712e-06,0.4962506137676305,112,4
0,retrieval_frozen,adam,3,0.0,14,0,0.49625059542161953,0.4962505954210893,1.430242373656108e-06,1.43017166653537e-06,0.49625059539145067,112,4
0,retrieval_frozen,adam,3,0.0,14,16,0.4962505954216106,0.4962505954210804,1.4302411831696106e-06,1.4301704761665795e-06,0.49625059539145067,112,4
0,retrieval_frozen,adam,3,0.0,14,64,0.4962505954216106,0.4962505954210804,1.4302411831694763e-06,1.4301704761664447e-06,0.49625059539145067,112,4
0,retrieval_frozen,adam,3,0.0,15,0,0.49625058864228677,0.49625058864209176,5.261564890810571e-07,5.261304773749491e-07,0.496250588631196,112,4
0,retrieval_frozen,adam,3,0.0,15,16,0.4962505886422856,0.49625058864209054,5.26156327966314e-07,5.26130316276136e-07,0.496250588631196,112,4
0,retrieval_frozen,adam,3,0.0,15,64,0.4962505886422856,0.49625058864209054,5.261563279662958e-07,5.261303162761173e-07,0.496250588631196,112,4
0,retrieval_frozen,adam,3,0.0,16,0,0.49625058614831147,0.49625058614823975,1.9356211780862818e-07,1.9355254863536186e-07,0.49625058614423245,112,4
0,retrieval_frozen,adam,3,0.0,16,16,0.49625058614831136,0.4962505861482395,1.93562096004123e-07,1.9355252683301266e-07,0.49625058614423245,112,4
0,retrieval_frozen,adam,3,0.0,16,64,0.49625058614831136,0.4962505861482395,1.9356209600412055e-07,1.9355252683301025e-07,0.49625058614423245,112,4
0,retrieval_frozen,adam,3,0.0,17,0,0.4962505852308294,0.49625058523080307,7.120751867483583e-08,7.120399837253839e-08,0.49625058522932897,112,4
0,retrieval_frozen,adam,3,0.0,17,16,0.4962505852308294,0.49625058523080295,7.120751572391717e-08,7.120399542191127e-08,0.49625058522932897,112,4
0,retrieval_frozen,adam,3,0.0,17,64,0.4962505852308294,0.49625058523080295,7.120751572391681e-08,7.1203995421911e-08,0.49625058522932897,112,4
0,retrieval_frozen,adam,3,0.0,18,0,0.4962505848933067,0.496250584893297,2.619578149297231e-08,2.6194486446105405e-08,0.49625058489275475,112,4
0,retrieval_frozen,adam,3,0.0,18,16,0.49625058489330665,0.496250584893297,2.6195781093608905e-08,2.619448604678155e-08,0.49625058489275475,112,4
0,retrieval_frozen,adam,3,0.0,18,64,0.49625058489330665,0.496250584893297,2.619578109360886e-08,2.6194486046781457e-08,0.49625058489275475,112,4
0,retrieval_frozen,adam,3,0.0,19,0,0.496250584769139,0.49625058476913547,9.636889364069671e-09,9.636412942948642e-09,0.49625058476893597,112,4
0,retrieval_frozen,adam,3,0.0,19,16,0.496250584769139,0.49625058476913547,9.636889310021713e-09,9.636412888906018e-09,0.49625058476893597,112,4
0,retrieval_frozen,adam,3,0.0,19,64,0.496250584769139,0.49625058476913547,9.636889310021707e-09,9.636412888906018e-09,0.49625058476893597,112,4
0,retrieval_frozen,adam,3,0.0,20,0,0.4962505847234603,0.496250584723459,3.5452134613510102e-09,3.5450381958147898e-09,0.4962505847233855,112,4
0,retrieval_frozen,adam,3,0.0,20,16,0.4962505847234603,0.496250584723459,3.5452134540364154e-09,3.545038188500909e-09,0.4962505847233855,112,4
0,retrieval_frozen,adam,3,0.0,20,64,0.4962505847234603,0.496250584723459,3.5452134540364154e-09,3.545038188500909e-09,0.4962505847233855,112,4
0,retrieval_frozen,adam,3,0.0,21,0,0.496250584706656,0.49625058470665556,1.3042111452989921e-09,1.3041466687114103e-09,0.49625058470662853,112,4
0,retrieval_frozen,adam,3,0.0,21,16,0.496250584706656,0.49625058470665556,1.3042111443090705e-09,1.3041466677215839e-09,0.49625058470662853,112,4
0,retrieval_frozen,adam,3,0.0,21,64,0.496250584706656,0.49625058470665556,1.3042111443090705e-09,1.3041466677215839e-09,0.49625058470662853,112,4
0,retrieval_frozen,adam,3,0.0,22,0,0.49625058470047406,0.4962505847004739,4.797924670725945e-10,4.797687474615765e-10,0.49625058470046407,112,4
0,retrieval_frozen,adam,3,0.0,22,16,0.49625058470047406,0.4962505847004739,4.79792466938623e-10,4.797687473276179e-10,0.49625058470046407,112,4
0,retrieval_frozen,adam,3,0.0,22,64,0.49625058470047406,0.4962505847004739,4.797924669386229e-10,4.797687473276179e-10,0.49625058470046407,112,4
0,retrieval_frozen,adam,3,0.0,23,0,0.4962505846981998,0.49625058469819977,1.765057846338644e-10,1.764970586766172e-10,0.49625058469819616,112,4
0,retrieval_frozen,adam,3,0.0,23,16,0.4962505846981998,0.49625058469819977,1.7650578461573339e-10,1.7649705865848814e-10,0.49625058469819616,112,4
0,retrieval_frozen,adam,3,0.0,23,64,0.4962505846981998,0.49625058469819977,1.7650578461573339e-10,1.7649705865848814e-10,0.49625058469819616,112,4
0,retrieval_frozen,adam,3,0.0,24,0,0.4962505846973633,0.49625058469736316,6.493284941042847e-11,6.492963931015254e-11,0.49625058469736183,112,4
0,retrieval_frozen,adam,3,0.0,24,16,0.4962505846973633,0.49625058469736316,6.493284940797468e-11,6.492963930769906e-11,0.49625058469736183,112,4
0,retrieval_frozen,adam,3,0.0,24,64,0.4962505846973633,0.49625058469736316,6.493284940797468e-11,6.492963930769906e-11,0.49625058469736183,112,4
0,retrieval_frozen,adam,1000,11.328690783793768,1,0,0.72565155865382,0.7256515586538199,1.0,1.0,0.5170601422419295,112,4
0,retrieval_frozen,adam,1000,11.328690783793768,1,16,0.5639035311983807,0.5639035311983807,0.6321205849979562,0.6321205849979562,0.5170601422419295,112,4
0,retrieval_frozen,adam,1000,11.328690783793768,1,64,0.5639035186791662,0.5639035186791662,0.6321205588285578,0.6321205588285577,0.5170601422419295,112,4
0,retrieval_frozen,adam,1000,11.328690783793768,2,0,0.5908401927022874,0.5818537597548565,0.6889022932540951,0.6698353944194313,0.4628235613985251,112,4
0,retrieval_frozen,adam,1000,11.328690783793768,2,16,0.4959752007832818,0.49122517807860455,0.4917238384201165,0.48195541307311907,0.4628235613985251,112,4
0,retrieval_frozen,adam,1000,11.328690783793768,2,64,0.49597519308158905,0.49122517068238514,0.49172382258249836,0.48195539786037345,0.4628235613985251,112,4
0,retrieval_frozen,adam,1000,11.328690783793768,3,0,0.4387677244500117,0.42899814987710566,0.37344310145656806,0.3530130680606308,0.39004358907839853,112,4
0,retrieval_frozen,adam,1000,11.328690783793768,3,16,0.4071013191758683,0.4005965320822891,0.30672629693788933,0.2928486681013823,0.39004358907839853,112,4
0,retrieval_frozen,adam,1000,11.328690783793768,3,64,0.40710131628049595,0.400596529458658,0.3067262907721339,0.29284866248469316,0.39004358907839853,112,4
0,retrieval_frozen,adam,1000,11.328690783793768,4,0,0.3432333055432242,0.33799875891032827,0.1664095062798588,0.15444367757466362,0.33009152882542214,112,4
0,retrieval_frozen,adam,1000,11.328690783793768,4,16,0.3368078624624638,0.33247704314006016,0.15169464306772154,0.14170670838028687,0.33009152882542214,112,4
0,retrieval_frozen,adam,1000,11.328690783793768,4,64,0.3368078618064657,0.332477042572256,0.15169464155842802,0.1417067070651386,0.33009152882542214,112,4
0,retrieval_frozen,adam,1000,11.328690783793768,5,0,0.3007929000269977,0.29862121573464795,0.06638346672632764,0.06106834578682063,0.2973690471426808,112,4
0,retrieval_frozen,adam,1000,11.328690783793768,5,16,0.29978130209862053,0.2977679525008177,0.06390910442675458,0.0589724444258416,0.2973690471426808,112,4
0,retrieval_frozen,adam,1000,11.328690783793768,5,64,0.299781301989139,0.2977679524081675,0.06390910415870263,0.05897244419807391,0.2973690471426808,112,4
0,retrieval_frozen,adam,1000,11.328690783793768,6,0,0.2842168350199438,0.283385444709749,0.025203729998956013,0.023101759039114135,0.28320589915920513,112,4
0,retrieval_frozen,adam,1000,11.328690783793768,6,16,0.28407230885869056,0.2832643852801974,0.024838520630841816,0.022795283650652615,0.28320589915920513,112,4
0,retrieval_frozen,adam,1000,11.328690783793768,6,64,0.28407230884266504,0.28326438526675635,0.024838520590339887,0.02279528361662089,0.28320589915920513,112,4
0,retrieval_frozen,adam,1000,11.328690783793768,7,0,0.27799709954643836,0.2776869602767507,0.009382570446784819,0.008588099285164089,0.277662141923828,112,4
0,retrieval_frozen,adam,1000,11.328690783793768,7,16,0.2779771536968795,0.2776702953538949,0.0093314882930246,0.008545388806576177,0.277662141923828,112,4
0,retrieval_frozen,adam,1000,11.328690783793768,7,64,0.27797715369464715,0.27767029535202886,0.009331488287307435,0.008545388801793643,0.277662141923828,112,4
0,retrieval_frozen,adam,1000,11.328690783793768,8,0,0.2756931436876032,0.27557847631075205,0.003466874416366154,0.0031716640737037443,0.275575091292164,112,4
0,retrieval_frozen,adam,1000,11.328690783793768,8,16,0.27569042498153273,0.27557620691360263,0.0034598757981238403,0.003165820493316529,0.275575091292164,112,4
0,retrieval_frozen,adam,1000,11.328690783793768,8,64,0.27569042498122737,0.2755762069133478,0.0034598757973378436,0.0031658204926601347,0.275575091292164,112,4
0,retrieval_frozen,adam,1000,11.328690783793768,9,0,0.2748434574024165,0.27480119638153877,0.0012774640810797055,0.0011684606235262,0.27480073693734264,112,4
0,retrieval_frozen,adam,1000,11.328690783793768,9,16,0.27484308850179334,0.274800888552216,0.0012765126136521307,0.0011676665906403061,0.27480073693734264,112,4
0,retrieval_frozen,adam,1000,11.328690783793768,9,64,0.2748430885017519,0.2748008885521814,0.0012765126135451373,0.0011676665905510108,0.27480073693734264,112,4
0,retrieval_frozen,adam,1000,11.328690783793768,10,0,0.27453059182759604,0.2745150344309419,0.000470233848594039,0.0004300791776177002,0.27451497217778575,112,4
0,retrieval_frozen,adam,1000,11.328690783793768,10,16,0.27453054185431813,0.27451499273592256,0.00047010486599332197,0.0004299715574415742,0.27451497217778575,112,4
0,retrieval_frozen,adam,1000,11.328690783793768,10,64,0.27453054185431247,0.27451499273591784,0.0004701048659788108,0.0004299715574294662,0.27451497217778575,112,4
0,retrieval_frozen,adam,1000,11.328690783793768,11,0,0.2744154567472689,0.2744097320894803,0.00017302743626309032,0.00015824796799533382,0.27440972365788885,112,4
0,retrieval_frozen,adam,1000,11.328690783793768,11,16,0.2744154499817307,0.2744097264449377,0.00017300996961883773,0.0001582333952343164,0.27440972365788885,112,4
0,retrieval_frozen,adam,1000,11.328690783793768,11,64,0.2744154499817299,0.2744097264449371,0.0001730099696168723,0.00015823339523267656,0.27440972365788885,112,4
0,retrieval_frozen,adam,1000,11.328690783793768,12,0,0.27437309574405,0.27437098956917666,6.365839044396757e-05,5.822032728469743e-05,0.2743709884267107,112,4
0,retrieval_frozen,adam,1000,11.328690783793768,12,16,0.2743730948283149,0.2743709888051845,6.365602605528793e-05,5.8218354679723183e-05,0.2743709884267107,112,4
0,retrieval_frozen,adam,1000,11.328690783793768,12,64,0.27437309482831485,0.2743709888051844,6.365602605502186e-05,5.821835467950116e-05,0.2743709884267107,112,4
0,retrieval_frozen,adam,1000,11.328690783793768,13,0,0.27435751130184155,0.2743567364575642,2.341931068240079e-05,2.1418623602709876e-05,0.27435673630249413,112,4
0,retrieval_frozen,adam,1000,11.328690783793768,13,16,0.27435751117790436,0.2743567363541648,2.3418990670525152e-05,2.1418356619925465e-05,0.27435673630249413,112,4
0,retrieval_frozen,adam,1000,11.328690783793768,13,64,0.2743575111779043,0.2743567363541648,2.3418990670489143e-05,2.141835661989541e-05,0.27435673630249413,112,4
0,retrieval_frozen,adam,1000,11.328690783793768,14,0,0.27435177801122573,0.27435149295844874,8.6155773375142e-06,7.879547361246157e-06,0.2743514929372978,112,4
0,retrieval_frozen,adam,1000,11.328690783793768,14,16,0.2743517779944523,0.27435149294445493,8.615534027288732e-06,7.879511228072964e-06,0.2743514929372978,112,4
0,retrieval_frozen,adam,1000,11.328690783793768,14,64,0.2743517779944523,0.27435149294445493,8.615534027283857e-06,7.879511228068891e-06,0.2743514929372978,112,4
0,retrieval_frozen,adam,1000,11.328690783793768,15,0,0.27434966883865886,0.27434956397312926,3.1695065536330045e-06,2.898733776332029e-06,0.2743495639702064,112,4
0,retrieval_frozen,adam,1000,11.328690783793768,15,16,0.2743496688363888,0.27434956397123533,3.169500692165272e-06,2.898728886189885e-06,0.2743495639702064,112,4
0,retrieval_frozen,adam,1000,11.328690783793768,15,64,0.2743496688363888,0.27434956397123533,3.169500692164612e-06,2.8987288861893337e-06,0.2743495639702064,112,4
0,retrieval_frozen,adam,1000,11.328690783793768,16,0,0.2743488929156988,0.2743488543377623,1.1659980289740995e-06,1.0663859552138282e-06,0.27434885433734446,112,4
0,retrieval_frozen,adam,1000,11.328690783793768,16,16,0.27434889291539155,0.27434885433750594,1.1659972357074129e-06,1.066385293402621e-06,0.27434885433734446,112,4
0,retrieval_frozen,adam,1000,11.328690783793768,16,64,0.27434889291539155,0.27434885433750594,1.1659972357073237e-06,1.066385293402547e-06,0.27434885433734446,112,4
0,retrieval_frozen,adam,1000,11.328690783793768,17,0,0.274348607469359,0.27434859327732064,4.2894693733289495e-07,3.9230165786340537e-07,0.2743485932772559,112,4
0,retrieval_frozen,adam,1000,11.328690783793768,17,16,0.2743486074693174,0.27434859327728595,4.289468299757591e-07,3.9230156829687653e-07,0.2743485932772559,112,4
0,retrieval_frozen,adam,1000,11.328690783793768,17,64,0.2743486074693174,0.27434859327728595,4.28946829975747e-07,3.923015682968668e-07,0.2743485932772559,112,4
0,retrieval_frozen,adam,1000,11.328690783793768,18,0,0.2743485024594873,0.274348497238527,1.578007912703476e-07,1.443197401878126e-07,0.27434849723851523,112,4
0,retrieval_frozen,adam,1000,11.328690783793768,18,16,0.27434850245948167,0.2743484972385223,1.578007767411311e-07,1.4431972806629518e-07,0.27434849723851523,112,4
0,retrieval_frozen,adam,1000,11.328690783793768,18,64,0.27434850245948167,0.2743484972385223,1.5780077674112948e-07,1.4431972806629365e-07,0.27434849723851523,112,4
0,retrieval_frozen,adam,1000,11.328690783793768,19,0,0.27434846382851,0.2743484619078259,5.8051671195303325e-08,5.309226882438127e-08,0.27434846190782325,112,4
0,retrieval_frozen,adam,1000,11.328690783793768,19,16,0.2743484638285093,0.2743484619078253,5.805166922898733e-08,5.30922671839121e-08,0.27434846190782325,112,4
0,retrieval_frozen,adam,1000,11.328690783793768,19,64,0.2743484638285093,0.2743484619078253,5.8051669228987105e-08,5.3092267183911915e-08,0.27434846190782325,112,4
0,retrieval_frozen,adam,1000,11.328690783793768,20,0,0.27434844961696714,0.27434844891038696,2.1356016938491933e-08,1.9531554653096538e-08,0.2743484489103862,112,4
0,retrieval_frozen,adam,1000,11.328690783793768,20,16,0.274348449616967,0.27434844891038684,2.135601667237996e-08,1.95315544310831e-08,0.2743484489103862,112,4
0,retrieval_frozen,adam,1000,11.328690783793768,20,64,0.274348449616967,0.27434844891038684,2.1356016672379926e-08,1.95315544310831e-08,0.2743484489103862,112,4
0,retrieval_frozen,adam,1000,11.328690783793768,21,0,0.2743484443888326,0.2743484441288963,7.856439655487607e-09,7.1852574742543174e-09,0.27434844412889603,112,4
0,retrieval_frozen,adam,1000,11.328690783793768,21,16,0.2743484443888326,0.27434844412889625,7.856439619473271e-09,7.1852574442080835e-09,0.27434844412889603,112,4
0,retrieval_frozen,adam,1000,11.328690783793768,21,64,0.2743484443888326,0.27434844412889625,7.85643961947327e-09,7.1852574442080835e-09,0.27434844412889603,112,4
0,retrieval_frozen,adam,1000,11.328690783793768,22,0,0.2743484424655094,0.2743484423698842,2.8902226406827674e-09,2.64330851286343e-09,0.2743484423698841,112,4
0,retrieval_frozen,adam,1000,11.328690783793768,22,16,0.2743484424655094,0.2743484423698842,2.8902226358087566e-09,2.6433085087971154e-09,0.2743484423698841,112,4
0,retrieval_frozen,adam,1000,11.328690783793768,22,64,0.2743484424655094,0.2743484423698842,2.8902226358087562e-09,2.6433085087971154e-09,0.2743484423698841,112,4
0,retrieval_frozen,adam,1000,11.328690783793768,23,0,0.27434844175795836,0.2743484417227798,1.0632534913533341e-09,9.72418859714625e-10,0.2743484417227797,112,4
0,retrieval_frozen,adam,1000,11.328690783793768,23,16,0.27434844175795836,0.2743484417227798,1.0632534906937103e-09,9.724188591643116e-10,0.2743484417227797,112,4
0,retrieval_frozen,adam,1000,11.328690783793768,23,64,0.27434844175795836,0.2743484417227798,1.06325349069371e-09,9.724188591643116e-10,0.2743484417227797,112,4
0,retrieval_frozen,adam,1000,11.328690783793768,24,0,0.27434844149766485,0.27434844148472337,3.911491004172512e-10,3.5773290685320374e-10,0.27434844148472337,112,4
0,retrieval_frozen,adam,1000,11.328690783793768,24,16,0.27434844149766485,0.27434844148472337,3.9114910032798054e-10,3.5773290677872636e-10,0.27434844148472337,112,4
0,retrieval_frozen,adam,1000,11.328690783793768,24,64,0.27434844149766485,0.27434844148472337,3.9114910032798054e-10,3.5773290677872636e-10,0.27434844148472337,112,4
0,retrieval_frozen,adam,2000,18.94890040505393,1,0,0.8516440767453288,0.851644076745329,1.0,1.0,0.6064656555767856,112,4
0,retrieval_frozen,adam,2000,18.94890040505393,1,16,0.6134353661810438,0.6134353661810439,0.6321205849979562,0.6321205849979562,0.6064656555767856,112,4
0,retrieval_frozen,adam,2000,18.94890040505393,1,64,0.6134353444917516,0.6134353444917517,0.6321205588285578,0.6321205588285577,0.6064656555767856,112,4
0,retrieval_frozen,adam,2000,18.94890040505393,2,0,0.8385451585521148,0.8353983970571878,0.9713707509607143,0.9647582621886247,0.5948170233559166,112,4
0,retrieval_frozen,adam,2000,18.94890040505393,2,16,0.6038083716495013,0.6015462620495674,0.6205574440980828,0.6178538530351213,0.5948170233559166,112,4
0,retrieval_frozen,adam,2000,18.94890040505393,2,64,0.6038083505622149,0.6015462411049207,0.6205574188772116,0.6178538280336601,0.5948170233559166,112,4
0,retrieval_frozen,adam,2000,18.94890040505393,3,0,0.8025395938326222,0.7907742541178159,0.9013305780484456,0.8804169784774154,0.5651802482308687,112,4
0,retrieval_frozen,adam,2000,18.94890040505393,3,16,0.5790063375050628,0.5712824877744872,0.5911895709502618,0.5821392418481496,0.5651802482308687,112,4
0,retrieval_frozen,adam,2000,18.94890040505393,3,64,0.5790063180044855,0.5712824687754993,0.591189548058699,0.582139219653534,0.5651802482308687,112,4
0,retrieval_frozen,adam,2000,18.94890040505393,4,0,0.7081420442092655,0.6767238574545499,0.7539968247514144,0.7113686426839317,0.49804785904141535,112,4
0,retrieval_frozen,adam,2000,18.94890040505393,4,16,0.5208959377803434,0.5026995845606246,0.5239378409953449,0.5030895871037313,0.49804785904141535,112,4
0,retrieval_frozen,adam,2000,18.94890040505393,4,64,0.520895922098564,0.5026995700771558,0.5239378230086779,0.5030895705275482,0.49804785904141535,112,4
0,retrieval_frozen,adam,2000,18.94890040505393,5,0,0.5198094996397561,0.47155474720714874,0.5227635656432201,0.4674104563087996,0.38385555462555704,112,4
0,retrieval_frozen,adam,2000,18.94890040505393,5,16,0.41406134597548994,0.3862126916279025,0.4005608994014636,0.36745470459517504,0.38385555462555704,112,4
0,retrieval_frozen,adam,2000,18.94890040505393,5,64,0.4140613370461682,0.3862126843012321,0.40056088887097097,0.3674546957521368,0.38385555462555704,112,4
0,retrieval_frozen,adam,2000,18.94890040505393,6,0,0.32129454229199084,0.2886247050833241,0.28561696750880017,0.2419042069605313,0.26703096260668807,112,4
0,retrieval_frozen,adam,2000,18.94890040505393,6,16,0.29079631776705117,0.2676824705498716,0.2446596873428463,0.21205110194130924,0.26703096260668807,112,4
0,retrieval_frozen,adam,2000,18.94890040505393,6,64,0.2907963149144021,0.26768246853217886,0.2446596833987543,0.21205109899637936,0.26703096260668807,112,4
0,retrieval_frozen,adam,2000,18.94890040505393,7,0,0.21427773510906523,0.2007239042886723,0.12803580010436072,0.10465434669094949,0.19726179649578754,112,4
0,retrieval_frozen,adam,2000,18.94890040505393,7,16,0.20901416791635027,0.19737607748173208,0.11905990945109553,0.09864616534657342,0.19726179649578754,112,4
0,retrieval_frozen,adam,2000,18.94890040505393,7,64,0.20901416737130935,0.1973760771288565,0.11905990851259919,0.09864616470925819,0.19726179649578754,112,4
0,retrieval_frozen,adam,2000,18.94890040505393,8,0,0.17245605844304332,0.1674684285208436,0.051235940853980595,0.041165561617823816,0.16698292377738264,112,4
0,retrieval_frozen,adam,2000,18.94890040505393,8,16,0.17170423979925648,0.16699961532229937,0.049731246945148744,0.040202416435633305,0.16698292377738264,112,4
0,retrieval_frozen,adam,2000,18.94890040505393,8,64,0.17170423971732632,0.16699961527083343,0.049731246780863915,0.04020241632978152,0.16698292377738264,112,4
0,retrieval_frozen,adam,2000,18.94890040505393,9,0,0.15716856226179235,0.15535004691324983,0.01947877289540825,0.01553973605854636,0.15528387147651473,112,4
0,retrieval_frozen,adam,2000,18.94890040505393,9,16,0.157065737974624,0.1552861825161513,0.01925696201285823,0.015400457960511715,0.15528387147651473,112,4
0,retrieval_frozen,adam,2000,18.94890040505393,9,64,0.1570657379631899,0.15528618250902992,0.01925696198818563,0.015400457944978498,0.15528387147651473,112,4
0,retrieval_frozen,adam,2000,18.94890040505393,10,0,0.151588884172597,0.15092303995904427,0.0072551368970064836,0.005772244695509014,0.1509140693262295,112,4
0,retrieval_frozen,adam,2000,18.94890040505393,10,16,0.15157493713822948,0.15091438447023897,0.007224126828641431,0.005752918848595824,0.1509140693262295,112,4
0,retrieval_frozen,adam,2000,18.94890040505393,10,64,0.1515749371366668,0.15091438446926816,0.007224126825166879,0.005752918846428266,0.1509140693262295,112,4
0,retrieval_frozen,adam,2000,18.94890040505393,11,0,0.1495439480211518,0.14929947273388391,0.0026813114068650152,0.0021311007085987057,0.1492982581133403,112,4
0,retrieval_frozen,adam,2000,18.94890040505393,11,16,0.14954205939363563,0.1492983008907638,0.0026770635630901395,0.002128460883215662,0.1492982581133403,112,4
0,retrieval_frozen,adam,2000,18.94890040505393,11,64,0.1495420593934234,0.1492983008906321,0.002677063562612878,0.002128460882918955,0.1492982581133403,112,4
0,retrieval_frozen,adam,2000,18.94890040505393,12,0,0.14879279046568347,0.14870291979559305,0.0009880740786788378,0.0007850231705565333,0.14870275538383235,112,4
0,retrieval_frozen,adam,2000,18.94890040505393,12,16,0.1487925348215701,0.14870276118459852,0.0009874966191001562,0.0007846646846091093,0.14870275538383235,112,4
0,retrieval_frozen,adam,2000,18.94890040505393,12,64,0.14879253482154134,0.1487027611845807,0.00098749661903521,0.0007846646845687857,0.14870275538383235,112,4
0,retrieval_frozen,adam,2000,18.94890040505393,13,0,0.14851661276274025,0.14848356034933208,0.00036371932716051144,0.0002889342148339974,0.14848353809522297,112,4
0,retrieval_frozen,adam,2000,18.94890040505393,13,16,0.14851657816293404,0.1484835388827666,0.00036364104762021295,0.00028888563785775507,0.14848353809522297,112,4
0,retrieval_frozen,adam,2000,18.94890040505393,13,64,0.14851657816293015,0.1484835388827642,0.00036364104761140565,0.00028888563785228944,0.14848353809522297,112,4
0,retrieval_frozen,adam,2000,18.94890040505393,14,0,0.14841503423177724,0.14840287617401562,0.00013383563604243515,0.0001063119616523382,0.14840287316137288,112,4
0,retrieval_frozen,adam,2000,18.94890040505393,14,16,0.1484150295490992,0.14840287326878812,0.00013382503563063658,0.00010630538442356632,0.14840287316137288,112,4
0,retrieval_frozen,adam,2000,18.94890040505393,14,64,0.1484150295490987,0.14840287326878773,0.00013382503562944377,0.00010630538442282618,0.14840287316137288,112,4
0,retrieval_frozen,adam,2000,18.94890040505393,15,0,0.14837766850861747,0.1483731959780039,4.923954503317439e-05,3.911255760544897e-05,0.14837319556998274,112,4
0,retrieval_frozen,adam,2000,18.94890040505393,15,16,0.14837766787488077,0.14837319558482195,4.9238110103201443e-05,3.911166732240944e-05,0.14837319556998274,112,4
0,retrieval_frozen,adam,2000,18.94890040505393,15,64,0.14837766787488071,0.1483731955848219,4.9238110103039965e-05,3.9111667322309254e-05,0.14837319556998274,112,4
0,retrieval_frozen,adam,2000,18.94890040505393,16,0,0.14836392282435534,0.14836227749516348,1.8114780188593194e-05,1.438905402454012e-05,0.14836227743983274,112,4
0,retrieval_frozen,adam,2000,18.94890040505393,16,16,0.14836392273858814,0.14836227744195196,1.81145859759913e-05,1.4388933530267764e-05,0.14836227743983274,112,4
0,retrieval_frozen,adam,2000,18.94890040505393,16,64,0.1483639227385881,0.14836227744195193,1.8114585975969448e-05,1.4388933530254215e-05,0.14836227743983274,112,4
0,retrieval_frozen,adam,2000,18.94890040505393,17,0,0.1483588661234787,0.14835826084379106,6.664131528654925e-06,5.293484277466887e-06,0.14835826083626205,112,4
0,retrieval_frozen,adam,2000,18.94890040505393,17,16,0.14835886611187135,0.14835826083658965,6.66410524404338e-06,5.293467969963738e-06,0.14835826083626205,112,4
0,retrieval_frozen,adam,2000,18.94890040505393,17,64,0.14835886611187135,0.14835826083658965,6.664105244040422e-06,5.2934679699619046e-06,0.14835826083626205,112,4
0,retrieval_frozen,adam,2000,18.94890040505393,18,0,0.14835700587446418,0.14835678320492998,2.4516073110575376e-06,1.947370415452866e-06,0.148356783203896,112,4
0,retrieval_frozen,adam,2000,18.94890040505393,18,16,0.14835700587289333,0.14835678320395537,2.4516037537826562e-06,1.9473682084535544e-06,0.148356783203896,112,4
0,retrieval_frozen,adam,2000,18.94890040505393,18,64,0.14835700587289333,0.14835678320395537,2.4516037537822556e-06,1.9473682084533054e-06,0.148356783203896,112,4
0,retrieval_frozen,adam,2000,18.94890040505393,19,0,0.14835632152808134,0.14835623961259423,9.018973253692141e-07,7.163984033099238e-07,0.14835623961244876,112,4
0,retrieval_frozen,adam,2000,18.94890040505393,19,16,0.14835632152786873,0.1483562396124623,9.018968439424411e-07,7.163981046241127e-07,0.14835623961244876,112,4
0,retrieval_frozen,adam,2000,18.94890040505393,19,64,0.14835632152786873,0.1483562396124623,9.01896843942387e-07,7.163981046240794e-07,0.14835623961244876,112,4
0,retrieval_frozen,adam,2000,18.94890040505393,20,0,0.14835606977124974,0.14835603963623378,3.3178967322366213e-07,2.6354836107645874e-07,0.14835603963621208,112,4
0,retrieval_frozen,adam,2000,18.94890040505393,20,16,0.14835606977122096,0.14835603963621594,3.3178960806953536e-07,2.635483206536832e-07,0.14835603963621208,112,4
0,retrieval_frozen,adam,2000,18.94890040505393,20,64,0.14835606977122096,0.14835603963621594,3.317896080695279e-07,2.635483206536785e-07,0.14835603963621208,112,4
0,retrieval_frozen,adam,2000,18.94890040505393,21,0,0.14835597715510526,0.1483559660690535,1.2205862517375334e-07,9.695403960307456e-08,0.14835596606904977,112,4
0,retrieval_frozen,adam,2000,18.94890040505393,21,16,0.14835597715510138,0.14835596606905108,1.2205861635609636e-07,9.695403413244445e-08,0.14835596606904977,112,4
0,retrieval_frozen,adam,2000,18.94890040505393,21,64,0.14835597715510138,0.14835596606905108,1.2205861635609536e-07,9.69540341324441e-08,0.14835596606904977,112,4
0,retrieval_frozen,adam,2000,18.94890040505393,22,0,0.14835594308353223,0.14835593900520183,4.490286228389981e-08,3.5667400047957165e-08,0.1483559390052011,112,4
0,retrieval_frozen,adam,2000,18.94890040505393,22,16,0.1483559430835317,0.1483559390052015,4.490286109055944e-08,3.566739930758783e-08,0.1483559390052011,112,4
0,retrieval_frozen,adam,2000,18.94890040505393,22,64,0.1483559430835317,0.1483559390052015,4.4902861090559304e-08,3.56673993075877e-08,0.1483559390052011,112,4
0,retrieval_frozen,adam,2000,18.94890040505393,23,0,0.14835593054930132,0.14835592904896744,1.6518840352912306e-08,1.3121303487225707e-08,0.14835592904896724,112,4
0,retrieval_frozen,adam,2000,18.94890040505393,23,16,0.14835593054930124,0.14835592904896738,1.6518840191411264e-08,1.3121303387027609e-08,0.14835592904896724,112,4
0,retrieval_frozen,adam,2000,18.94890040505393,23,64,0.14835593054930124,0.14835592904896738,1.6518840191411244e-08,1.3121303387027609e-08,0.14835592904896724,112,4
0,retrieval_frozen,adam,2000,18.94890040505393,24,0,0.1483559259382155,0.14835592538627349,6.076941821290158e-09,4.8270578335071645e-09,0.14835592538627346,112,4
0,retrieval_frozen,adam,2000,18.94890040505393,24,16,0.1483559259382155,0.14835592538627349,6.076941799433368e-09,4.827057819946831e-09,0.14835592538627346,112,4
0,retrieval_frozen,adam,2000,18.94890040505393,24,64,0.1483559259382155,0.14835592538627349,6.0769417994333665e-09,4.827057819946831e-09,0.14835592538627346,112,4
0,retrieval_frozen,adam,3000,24.84174707475492,1,0,0.9056630620865745,0.9056630620865745,1.0,1.0,0.6418549405183654,112,4
0,retrieval_frozen,adam,3000,24.84174707475492,1,16,0.6451205926752568,0.6451205926752568,0.6321205849979562,0.6321205849979562,0.6418549405183654,112,4
0,retrieval_frozen,adam,3000,24.84174707475492,1,64,0.6451205655734281,0.6451205655734281,0.6321205588285578,0.6321205588285577,0.6418549405183654,112,4
0,retrieval_frozen,adam,3000,24.84174707475492,2,0,0.9015788677839461,0.9003482552039007,0.9896359504625423,0.986582680732156,0.636288914313442,112,4
0,retrieval_frozen,adam,3000,24.84174707475492,2,16,0.6408031072661725,0.6395212550608854,0.6279631463184607,0.6267327462788658,0.636288914313442,112,4
0,retrieval_frozen,adam,3000,24.84174707475492,2,64,0.6408030803755125,0.6395212282336177,0.6279631204921353,0.6267327205536725,0.636288914313442,112,4
0,retrieval_frozen,adam,3000,24.84174707475492,3,0,0.890134047507034,0.8853457161058321,0.9625419163320539,0.9518661654486286,0.621452788574283,112,4
0,retrieval_frozen,adam,3000,24.84174707475492,3,16,0.6292435309523146,0.6245926589007808,0.6169395052944593,0.6125407297878491,0.621452788574283,112,4
0,retrieval_frozen,adam,3000,24.84174707475492,3,64,0.6292435046462017,0.6245926328364484,0.6169394803666114,0.6125407052145302,0.621452788574283,112,4
0,retrieval_frozen,adam,3000,24.84174707475492,4,0,0.8569122037569203,0.8413286623464165,0.8959997268654973,0.8687663408855895,0.5833527700271405,112,4
0,retrieval_frozen,adam,3000,24.84174707475492,4,16,0.5991614998161602,0.5862341284842776,0.5888782334849504,0.5770226819983681,0.5833527700271405,112,4
0,retrieval_frozen,adam,3000,24.84174707475492,4,64,0.5991614751467497,0.5862341045572607,0.5888782107710505,0.5770226601921855,0.5833527700271405,112,4
0,retrieval_frozen,adam,3000,24.84174707475492,5,0,0.7591931077530365,0.7138997011513349,0.7547771500024968,0.7021403855733179,0.4960393214112936,112,4
0,retrieval_frozen,adam,3000,24.84174707475492,5,16,0.5273850397529807,0.49825442961140476,0.5242633297422774,0.49845646678877753,0.4960393214112936,112,4
0,retrieval_frozen,adam,3000,24.84174707475492,5,64,0.5273850194661867,0.49825441120935476,0.5242633117292627,0.49845645051649984,0.4960393214112936,112,4
0,retrieval_frozen,adam,3000,24.84174707475492,6,0,0.532953879617235,0.45659578573020326,0.5294378488258886,0.4615228204170486,0.3495971923418548,112,4
0,retrieval_frozen,adam,3000,24.84174707475492,6,16,0.393738340837715,0.3506723581104663,0.40434755347039225,0.36380613053828714,0.3495971923418548,112,4
0,retrieval_frozen,adam,3000,24.84174707475492,6,64,0.3937383292414495,0.35067234918188467,0.4043475427296354,0.3638061218699877,0.3495971923418548,112,4
0,retrieval_frozen,adam,3000,24.84174707475492,7,0,0.28261791939344655,0.23488641493763948,0.2930512369877203,0.2389413069486218,0.2117431606479112,112,4
0,retrieval_frozen,adam,3000,24.84174707475492,7,16,0.24450599759831348,0.21200580702877939,0.24997183714946022,0.20977092698893984,0.2117431606479112,112,4
0,retrieval_frozen,adam,3000,24.84174707475492,7,64,0.24450599412012847,0.21200580485087706,0.24997183302065035,0.20977092410700285,0.2117431606479112,112,4
0,retrieval_frozen,adam,3000,24.84174707475492,8,0,0.15981399738396376,0.14257330481716415,0.13260181441604055,0.10339469731874608,0.13931797095041631,112,4
0,retrieval_frozen,adam,3000,24.84174707475492,8,16,0.15395861459350665,0.13935877864580407,0.1229466252002734,0.09752622278576038,0.13931797095041631,112,4
0,retrieval_frozen,adam,3000,24.84174707475492,8,64,0.1539586139934448,0.13935877830783547,0.12294662419416846,0.09752622216283403,0.13931797095041631,112,4
0,retrieval_frozen,adam,3000,24.84174707475492,9,0,0.11710954332702492,0.11127319148596518,0.05331772449011991,0.04067411859881717,0.11084756797722105,112,4
0,retrieval_frozen,adam,3000,24.84174707475492,9,16,0.11633865506608301,0.11085313768418531,0.0516783939615106,0.03973356989167835,0.11084756797722105,112,4
0,retrieval_frozen,adam,3000,24.84174707475492,9,64,0.11633865498233167,0.11085313763808395,0.051678393782827334,0.03973356978828109,0.11084756797722105,112,4
0,retrieval_frozen,adam,3000,24.84174707475492,10,0,0.10249260367048445,0.10044087291538123,0.020311363118944038,0.015354834707290745,0.10038455297745287,112,4
0,retrieval_frozen,adam,3000,24.84174707475492,10,16,0.1023911438162735,0.10038530184749804,0.020068322261362875,0.015218836820536276,0.10038455297745287,112,4
0,retrieval_frozen,adam,3000,24.84174707475492,10,64,0.10239114380500149,0.10038530184130127,0.020068322234347735,0.015218836805367283,0.10038455297745287,112,4
0,retrieval_frozen,adam,3000,24.84174707475492,11,0,0.09730508536407613,0.09656449888653013,0.0075712124654890136,0.005703650084570883,0.09655695138154195,112,4
0,retrieval_frozen,adam,3000,24.84174707475492,11,16,0.09729153513933356,0.09655705233966849,0.007537157057125056,0.005684780076068336,0.09655695138154195,112,4
0,retrieval_frozen,adam,3000,24.84174707475492,11,64,0.09729153513781583,0.09655705233883331,0.007537157053310315,0.0056847800739518225,0.09655695138154195,112,4
0,retrieval_frozen,adam,3000,24.84174707475492,12,0,0.09542440359293111,0.09515394218965224,0.00279895341434043,0.0021057877107143147,0.09515292465497163,112,4
0,retrieval_frozen,adam,3000,24.84174707475492,12,16,0.09542257950056239,0.0951529383013474,0.002794284389797139,0.0021032101861247917,0.09515292465497163,112,4
0,retrieval_frozen,adam,3000,24.84174707475492,12,64,0.09542257950035747,0.09515293830123457,0.0027942843892726104,0.002103210185835085,0.09515292465497163,112,4
0,retrieval_frozen,adam,3000,24.84174707475492,13,0,0.09473638621717907,0.09463716078052865,0.00103153886196064,0.0007757003777562448,0.09463702326841404,112,4
0,retrieval_frozen,adam,3000,24.84174707475492,13,16,0.09473613985107354,0.09463702511647852,0.0010309039427644085,0.0007753503539796838,0.09463702326841404,112,4
0,retrieval_frozen,adam,3000,24.84174707475492,13,64,0.09473613985104586,0.09463702511646327,0.0010309039426930032,0.0007753503539403119,0.09463702326841404,112,4
0,retrieval_frozen,adam,3000,24.84174707475492,14,0,0.0944838042016408,0.09444733813452139,0.00037973449956020734,0.00028550310597372187,0.09444731953333696,112,4
0,retrieval_frozen,adam,3000,24.84174707475492,14,16,0.09448377088465341,0.09444731978428714,0.00037964842068648506,0.0002854556757608628,0.09444731953333696,112,4
0,retrieval_frozen,adam,3000,24.84174707475492,14,64,0.09448377088464967,0.09444731978428507,0.0003796484206768005,0.0002854556757555259,0.09444731953333696,112,4
0,retrieval_frozen,adam,3000,24.84174707475492,15,0,0.09439095581965337,0.09437754570895161,0.00013973072767613763,0.00010504953156527795,0.09437754319171963,112,4
0,retrieval_frozen,adam,3000,24.84174707475492,15,16,0.09439095131194063,0.09437754322601154,0.00013971907059016157,0.0001050431096104891,0.09437754319171963,112,4
0,retrieval_frozen,adam,3000,24.84174707475492,15,64,0.09439095131194011,0.09437754322601123,0.00013971907058884982,0.00010504310960976632,0.09437754319171963,112,4
0,retrieval_frozen,adam,3000,24.84174707475492,16,0,0.09435680847666614,0.09435187585046075,5.1408693721330814e-05,3.864810904302625e-05,0.09435187550969285,112,4
0,retrieval_frozen,adam,3000,24.84174707475492,16,16,0.09435680786667595,0.09435187551445597,5.140711572878778e-05,3.864723977784269e-05,0.09435187550969285,112,4
0,retrieval_frozen,adam,3000,24.84174707475492,16,64,0.09435680786667586,0.09435187551445591,5.1407115728610205e-05,3.864723977774487e-05,0.09435187550969285,112,4
0,retrieval_frozen,adam,3000,24.84174707475492,17,0,0.09434424768020902,0.09434243316018966,1.8912828430630222e-05,1.421818936197998e-05,0.09434243311402793,112,4
0,retrieval_frozen,adam,3000,24.84174707475492,17,16,0.09434424759765891,0.09434243311471756,1.891261485376247e-05,1.4218071712354705e-05,0.09434243311402793,112,4
0,retrieval_frozen,adam,3000,24.84174707475492,17,64,0.09434424759765891,0.09434243311471756,1.8912614853738434e-05,1.4218071712341469e-05,0.09434243311402793,112,4
0,retrieval_frozen,adam,3000,24.84174707475492,18,0,0.09433962699861083,0.09433895948641842,6.957725601442392e-06,5.230626195702706e-06,0.0943389594801546,112,4
0,retrieval_frozen,adam,3000,24.84174707475492,18,16,0.09433962698743903,0.09433895948026448,6.9576966960204205e-06,5.230610273190122e-06,0.0943389594801546,112,4
0,retrieval_frozen,adam,3000,24.84174707475492,18,64,0.09433962698743903,0.09433895948026448,6.957696696017168e-06,5.230610273188329e-06,0.0943389594801546,112,4
0,retrieval_frozen,adam,3000,24.84174707475492,19,0,0.09433792716882725,0.09433768160649561,2.5596156891280283e-06,1.9242461537969434e-06,0.09433768160564182,112,4
0,retrieval_frozen,adam,3000,24.84174707475492,19,16,0.09433792716731533,0.09433768160566276,2.55961177715795e-06,1.9242439989009075e-06,0.09433768160564182,112,4
0,retrieval_frozen,adam,3000,24.84174707475492,19,64,0.09433792716731533,0.09433768160566276,2.5596117771575095e-06,1.924243998900665e-06,0.09433768160564182,112,4
0,retrieval_frozen,adam,3000,24.84174707475492,20,0,0.09433730183964187,0.09433721150253599,9.416315434010418e-07,7.078914539678301e-07,0.0943372115024182,112,4
0,retrieval_frozen,adam,3000,24.84174707475492,20,16,0.09433730183943725,0.09433721150242327,9.416310139711423e-07,7.078911623334536e-07,0.0943372115024182,112,4
0,retrieval_frozen,adam,3000,24.84174707475492,20,64,0.09433730183943725,0.09433721150242327,9.416310139710828e-07,7.078911623334209e-07,0.0943372115024182,112,4
0,retrieval_frozen,adam,3000,24.84174707475492,21,0,0.09433707179432983,0.09433703856119662,3.4640709629690007e-07,2.604188281037421e-07,0.0943370385611798,112,4
0,retrieval_frozen,adam,3000,24.84174707475492,21,16,0.09433707179430215,0.09433703856118136,3.464070246462395e-07,2.6041878863527635e-07,0.0943370385611798,112,4
0,retrieval_frozen,adam,3000,24.84174707475492,21,64,0.09433707179430215,0.09433703856118136,3.4640702464623145e-07,2.604187886352717e-07,0.0943370385611798,112,4
0,retrieval_frozen,adam,3000,24.84174707475492,22,0,0.09433698716544844,0.09433697493966614,1.274360774674186e-07,9.58027485991798e-08,0.09433697493966355,112,4
0,retrieval_frozen,adam,3000,24.84174707475492,22,16,0.0943369871654447,0.09433697493966405,1.2743606777055035e-07,9.580274325770139e-08,0.09433697493966355,112,4
0,retrieval_frozen,adam,3000,24.84174707475492,22,64,0.0943369871654447,0.09433697493966405,1.2743606777054924e-07,9.580274325770105e-08,0.09433697493966355,112,4
0,retrieval_frozen,adam,3000,24.84174707475492,23,0,0.0943369560322309,0.09433695153461748,4.688111681596466e-08,3.524386373479072e-08,0.09433695153461706,112,4
0,retrieval_frozen,adam,3000,24.84174707475492,23,16,0.0943369560322304,0.0943369515346172,4.6881115503636045e-08,3.524386301190013e-08,0.09433695153461706,112,4
0,retrieval_frozen,adam,3000,24.84174707475492,23,64,0.0943369560322304,0.0943369515346172,4.68811155036359e-08,3.524386301190013e-08,0.09433695153461706,112,4
0,retrieval_frozen,adam,3000,24.84174707475492,24,0,0.09433694457896133,0.0943369429243819,1.7246599577084857e-08,1.29654931820412e-08,0.09433694292438179,112,4
0,retrieval_frozen,adam,3000,24.84174707475492,24,16,0.09433694457896125,0.09433694292438183,1.7246599399480465e-08,1.2965493084208572e-08,0.09433694292438179,112,4
0,retrieval_frozen,adam,3000,24.84174707475492,24,64,0.09433694457896125,0.09433694292438183,1.7246599399480448e-08,1.2965493084208572e-08,0.09433694292438179,112,4
0,retrieval_frozen,adam,4000,29.71272255340369,1,0,0.9325094227171833,0.9325094227171832,1.0,1.0,0.6646845882889091,112,4
0,retrieval_frozen,adam,4000,29.71272255340369,1,16,0.6668269583437506,0.6668269583437506,0.6321205849979562,0.6321205849979562,0.6646845882889091,112,4
0,retrieval_frozen,adam,4000,29.71272255340369,1,64,0.6668269278097656,0.6668269278097657,0.6321205588285578,0.6321205588285577,0.6646845882889091,112,4
0,retrieval_frozen,adam,4000,29.71272255340369,2,0,0.930531970230334,0.929870130283404,0.9940991189000429,0.9921559704764786,0.6610166729919165,112,4
0,retrieval_frozen,adam,4000,29.71272255340369,2,16,0.6640638678295492,0.6631492975039682,0.6297574612082766,0.6289772249941536,0.6610166729919165,112,4
0,retrieval_frozen,adam,4000,29.71272255340369,2,64,0.6640638373987596,0.6631492671077727,0.6297574352341659,0.6289771990843743,0.6610166729919165,112,4
0,retrieval_frozen,adam,4000,29.71272255340369,3,0,0.925005403019452,0.9224359568494598,0.9784144416289592,0.9714425965956672,0.6511334052661961,112,4
0,retrieval_frozen,adam,4000,29.71272255340369,3,16,0.6566025468510969,0.6532384677661207,0.6234246017051565,0.6205885678905941,0.6511334052661961,112,4
0,retrieval_frozen,adam,4000,29.71272255340369,3,64,0.6566025167099194,0.6532384377599328,0.6234245762506883,0.6205885426673224,0.6511334052661961,112,4
0,retrieval_frozen,adam,4000,29.71272255340369,4,0,0.9089157470803613,0.9004231535822215,0.9382361024167161,0.9192738636663781,0.6249560274045333,112,4
0,retrieval_frozen,adam,4000,29.71272255340369,4,16,0.6367082491843978,0.6269795997560612,0.6068526743017516,0.5988770747042036,0.6249560274045333,112,4
0,retrieval_frozen,adam,4000,29.71272255340369,4,64,0.6367082198887225,0.626979570904987,0.6068526501816185,0.5988770512149482,0.6249560274045333,112,4
0,retrieval_frozen,adam,4000,29.71272255340369,5,0,0.8585766704454831,0.8301868887844275,0.8443201075433814,0.8021740423747737,0.5594527057705666,112,4
0,retrieval_frozen,adam,4000,29.71272255340369,5,16,0.585805206016539,0.5612286230667589,0.5660505837179294,0.546869772881833,0.5594527057705666,112,4
0,retrieval_frozen,adam,4000,29.71272255340369,5,64,0.5858051792937661,0.5612285977360962,0.5660505627267499,0.5468697532951131,0.5594527057705666,112,4
0,retrieval_frozen,adam,4000,29.71272255340369,6,0,0.7019905375787078,0.6232571887484417,0.6646560656863404,0.5958525029523593,0.4238312161504823,112,4
0,retrieval_frozen,adam,4000,29.71272255340369,6,16,0.47247110498184924,0.42498435801990314,0.47895995899649757,0.44243004566951677,0.4238312161504823,112,4
0,retrieval_frozen,adam,4000,29.71272255340369,6,64,0.47247108532633764,0.4249843415670038,0.47895994394733077,0.44243003284966204,0.4238312161504823,112,4
0,retrieval_frozen,adam,4000,29.71272255340369,7,0,0.400511804831653,0.3134125852790873,0.4223592433499986,0.3506767825052538,0.25003718543950526,112,4
0,retrieval_frozen,adam,4000,29.71272255340369,7,16,0.3006369066096961,0.2504212140592584,0.33850218101719687,0.2912390568575587,0.25003718543950526,112,4
0,retrieval_frozen,adam,4000,29.71272255340369,7,64,0.30063689823423356,0.25042120858294553,0.33850217346584116,0.2912390513024429,0.25003718543950526,112,4
0,retrieval_frozen,adam,4000,29.71272255340369,8,0,0.18227667199078817,0.14722206767678933,0.2127632224778637,0.16553126377883182,0.137822299426464,112,4
0,retrieval_frozen,adam,4000,29.71272255340369,8,16,0.164030175246718,0.13788772631190238,0.18897333239148553,0.15098597975435024,0.137822299426464,112,4
0,retrieval_frozen,adam,4000,29.71272255340369,8,64,0.16403017350673618,0.13788772537980065,0.18897333001816263,0.15098597826132504,0.137822299426464,112,4
0,retrieval_frozen,adam,4000,29.71272255340369,9,0,0.10459029610028622,0.09373171354709811,0.09069755795016017,0.06797548608421898,0.0925753752184202,112,4
0,retrieval_frozen,adam,4000,29.71272255340369,9,16,0.10228294622393871,0.09258405256463197,0.08604495333856073,0.06538869963941846,0.0925753752184202,112,4
0,retrieval_frozen,adam,4000,29.71272255340369,9,64,0.10228294598068624,0.09258405244108028,0.0860449528424789,0.06538869935939184,0.0925753752184202,112,4
0,retrieval_frozen,adam,4000,29.71272255340369,10,0,0.08022446578700301,0.07665465641221046,0.03544713245858521,0.02612413933201637,0.07650822508443016,112,4
0,retrieval_frozen,adam,4000,29.71272255340369,10,16,0.07993685495335694,0.07650935559538852,0.034710513350522866,0.02573290552934196,0.07650822508443016,112,4
0,retrieval_frozen,adam,4000,29.71272255340369,10,64,0.0799368549217443,0.07650935557929595,0.0347105132694002,0.025732905485973748,0.07650822508443016,112,4
0,retrieval_frozen,adam,4000,29.71272255340369,11,0,0.07204255856415656,0.07079274280551325,0.01334734565859058,0.009771148241769242,0.07077350795119826,112,4
0,retrieval_frozen,adam,4000,29.71272255340369,11,16,0.07200520827674213,0.07077365798487416,0.013241340312311825,0.009715898010111801,0.07077350795119826,112,4
0,retrieval_frozen,adam,4000,29.71272255340369,11,64,0.07200520827257453,0.07077365798273887,0.013241340300480233,0.009715898003929361,0.07077350795119826,112,4
0,retrieval_frozen,adam,4000,29.71272255340369,12,0,0.06914684348303926,0.0686958964517958,0.0049531668584482215,0.0036168413459753516,0.06869332376333094,112,4
0,retrieval_frozen,adam,4000,29.71272255340369,12,16,0.06914187331640645,0.0686933439100684,0.004938484604890425,0.003609244185885556,0.06869332376333094,112,4
0,retrieval_frozen,adam,4000,29.71272255340369,12,64,0.06914187331584887,0.06869334390978177,0.004938484603243214,0.003609244185032404,0.06869332376333094,112,4
0,retrieval_frozen,adam,4000,29.71272255340369,13,0,0.06809738768626364,0.06793270051493722,0.0018280533844237824,0.0013335965191689783,0.06793235388110012,112,4
0,retrieval_frozen,adam,4000,29.71272255340369,13,16,0.06809671937543273,0.06793235660130473,0.0018260492060865159,0.001332562288229827,0.06793235388110012,112,4
0,retrieval_frozen,adam,4000,29.71272255340369,13,64,0.0680967193753576,0.06793235660126604,0.0018260492058612308,0.0013325622881135302,0.06793235388110012,112,4
0,retrieval_frozen,adam,4000,29.71272255340369,14,0,0.06771347173659943,0.0676530506035592,0.0006733033633064585,0.0004910147600948863,0.06765300376835098,112,4
0,retrieval_frozen,adam,4000,29.71272255340369,14,16,0.06771338150811733,0.06765300413683069,0.0006730312653888971,0.0004908744882326344,0.06765300376835098,112,4
0,retrieval_frozen,adam,4000,29.71272255340369,14,64,0.06771338150810717,0.06765300413682546,0.0006730312653582894,0.0004908744882168534,0.06765300376835098,112,4
0,retrieval_frozen,adam,4000,29.71272255340369,15,0,0.0675725297016749,0.06755032421613609,0.00024780292975937624,0.0001806900601823956,0.067550317881258,112,4
0,retrieval_frozen,adam,4000,29.71272255340369,15,16,0.06757251750144691,0.06755031793138665,0.000247766062253292,0.0001806710612843555,0.067550317881258,112,4
0,retrieval_frozen,adam,4000,29.71272255340369,15,64,0.06757251750144554,0.06755031793138595,0.0002477660622491438,0.0001806710612822178,0.067550317881258,112,4
0,retrieval_frozen,adam,4000,29.71272255340369,16,0,0.06752071968323368,0.06751255374835782,9.117629151269833e-05,6.647971660166849e-05,0.06751255289111405,112,4
0,retrieval_frozen,adam,4000,29.71272255340369,16,16,0.0675207180326542,0.06751255289800075,9.117129989191706e-05,6.647714462472933e-05,0.06751255289111405,112,4
0,retrieval_frozen,adam,4000,29.71272255340369,16,64,0.06752071803265403,0.06751255289800066,9.117129989135535e-05,6.647714462443991e-05,0.06751255289111405,112,4
0,retrieval_frozen,adam,4000,29.71272255340369,17,0,0.06750166521175342,0.067498661539178,3.3543871453186056e-05,2.445754404784279e-05,0.06749866142313414,112,4
0,retrieval_frozen,adam,4000,29.71272255340369,17,16,0.06750166498839878,0.06749866142410421,3.354319580386107e-05,2.445719593098001e-05,0.06749866142313414,112,4
0,retrieval_frozen,adam,4000,29.71272255340369,17,64,0.06750166498839874,0.06749866142410421,3.354319580378503e-05,2.4457195930940824e-05,0.06749866142313414,112,4
0,retrieval_frozen,adam,4000,29.71272255340369,18,0,0.06749465619016558,0.06749355125585955,1.2340369792370767e-05,8.997566100132209e-06,0.0674935512401412,112,4
0,retrieval_frozen,adam,4000,29.71272255340369,18,16,0.06749465615993916,0.06749355124028648,1.2340278347854227e-05,8.997518985764034e-06,0.0674935512401412,112,4
0,retrieval_frozen,adam,4000,29.71272255340369,18,64,0.06749465615993915,0.06749355124028648,1.2340278347843937e-05,8.997518985758728e-06,0.0674935512401412,112,4
0,retrieval_frozen,adam,4000,29.71272255340369,19,0,0.067492077813578,0.06749167133841773,4.539804763921416e-06,3.310038328195766e-06,0.06749167133628532,112,4
0,retrieval_frozen,adam,4000,29.71272255340369,19,16,0.06749207780948734,0.06749167133631015,4.539792387986793e-06,3.3100319518661005e-06,0.06749167133628532,112,4
0,retrieval_frozen,adam,4000,29.71272255340369,19,64,0.06749207780948734,0.06749167133631015,4.539792387985399e-06,3.310031951865383e-06,0.06749167133628532,112,4
0,retrieval_frozen,adam,4000,29.71272255340369,20,0,0.06749112929515126,0.06749097976230534,1.6701057686614987e-06,1.2176975865511126e-06,0.06749097976201486,112,4
0,retrieval_frozen,adam,4000,29.71272255340369,20,16,0.06749112929459765,0.06749097976202015,1.670104093747683e-06,1.217696723604085e-06,0.06749097976201486,112,4
0,retrieval_frozen,adam,4000,29.71272255340369,20,64,0.06749112929459765,0.06749097976202015,1.6701040937474947e-06,1.2176967236039877e-06,0.06749097976201486,112,4
0,retrieval_frozen,adam,4000,29.71272255340369,21,0,0.06749078035652402,0.06749072534660076,6.143982439539719e-07,4.47966250883517e-07,0.06749072534656077,112,4
0,retrieval_frozen,adam,4000,29.71272255340369,21,16,0.06749078035644909,0.06749072534656216,6.143980172783796e-07,4.479661340961059e-07,0.06749072534656077,112,4
0,retrieval_frozen,adam,4000,29.71272255340369,21,64,0.06749078035644909,0.06749072534656216,6.143980172783542e-07,4.4796613409609235e-07,0.06749072534656077,112,4
0,retrieval_frozen,adam,4000,29.71272255340369,22,0,0.06749065198942063,0.06749063175241929,2.260245729223156e-07,1.6479762048950422e-07,0.06749063175241361,112,4
0,retrieval_frozen,adam,4000,29.71272255340369,22,16,0.0674906519894105,0.06749063175241407,2.260245422450773e-07,1.6479760468403536e-07,0.06749063175241361,112,4
0,retrieval_frozen,adam,4000,29.71272255340369,22,64,0.0674906519894105,0.06749063175241407,2.2602454224507384e-07,1.6479760468403333e-07,0.06749063175241361,112,4
0,retrieval_frozen,adam,4000,29.71272255340369,23,0,0.06749060476583538,0.06749059732106112,8.314980579572608e-08,6.062566281849796e-08,0.06749059732106027,112,4
0,retrieval_frozen,adam,4000,29.71272255340369,23,16,0.067490604765834,0.06749059732106041,8.314980164401185e-08,6.06256606794598e-08,0.06749059732106027,112,4
0,retrieval_frozen,adam,4000,29.71272255340369,23,64,0.067490604765834,0.06749059732106041,8.314980164401137e-08,6.062566067945958e-08,0.06749059732106027,112,4
0,retrieval_frozen,adam,4000,29.71272255340369,24,0,0.06749058739325368,0.06749058465447463,3.058910574317948e-08,2.23029358090941e-08,0.06749058465447447,112,4
0,retrieval_frozen,adam,4000,29.71272255340369,24,16,0.0674905873932535,0.06749058465447452,3.058910518130598e-08,2.230293551960677e-08,0.06749058465447447,112,4
0,retrieval_frozen,adam,4000,29.71272255340369,24,64,0.0674905873932535,0.06749058465447452,3.05891051813059e-08,2.230293551960669e-08,0.06749058465447447,112,4
0,retrieval_frozen,adam,5000,33.89887827553162,1,0,0.9491159435549716,0.9491159435549715,1.0,1.0,0.6826438010007942,112,4
0,retrieval_frozen,adam,5000,33.89887827553162,1,16,0.6842050901035209,0.684205090103521,0.6321205849979562,0.6321205849979562,0.6826438010007942,112,4
0,retrieval_frozen,adam,5000,33.89887827553162,1,64,0.6842050570142861,0.6842050570142861,0.6321205588285578,0.6321205588285577,0.6826438010007942,112,4
0,retrieval_frozen,adam,5000,33.89887827553162,2,0,0.9480017001616867,0.9476013770519447,0.9960989578247839,0.9947149850812552,0.6799657760413227,112,4
0,retrieval_frozen,adam,5000,33.89887827553162,2,16,0.6822278116167634,0.6815236359267149,0.6305595100330762,0.6300047037849703,0.6799657760413227,112,4
0,retrieval_frozen,adam,5000,33.89887827553162,2,64,0.6822277785803791,0.6815236029094461,0.6305594839927681,0.6300046777904709,0.6799657760413227,112,4
0,retrieval_frozen,adam,5000,33.89887827553162,3,0,0.9448994833198429,0.9433535633825042,0.9856516848387901,0.9806271386901201,0.6727171767580946,112,4
0,retrieval_frozen,adam,5000,33.89887827553162,3,16,0.6768699312369909,0.6742651843763832,0.6263559714739146,0.6243240814387967,0.6727171767580946,112,4
0,retrieval_frozen,adam,5000,33.89887827553162,3,64,0.6768698983506685,0.6742651515660592,0.6263559457795752,0.624324055910958,0.6727171767580946,112,4
0,retrieval_frozen,adam,5000,33.89887827553162,4,0,0.9359298032260447,0.9308536298245443,0.9583610319242429,0.9442742782821809,0.6532660367200436,112,4
0,retrieval_frozen,adam,5000,33.89887827553162,4,16,0.6624413141544438,0.6547836914637546,0.6152160647125644,0.6093878713397122,0.6532660367200436,112,4
0,retrieval_frozen,adam,5000,33.89887827553162,4,64,0.6624412817200388,0.6547836592921886,0.6152160399235643,0.6093878470187087,0.6532660367200436,112,4
0,retrieval_frozen,adam,5000,33.89887827553162,5,0,0.907766320857947,0.8903200079722144,0.8914586022064299,0.8578310595941104,0.602638315381949,112,4
0,retrieval_frozen,adam,5000,33.89887827553162,5,16,0.6244029452094441,0.6040535785807556,0.586896832097786,0.5721781773073458,0.602638315381949,112,4
0,retrieval_frozen,adam,5000,33.89887827553162,5,64,0.6244029142665106,0.6040535485704864,0.5868968095352578,0.572178155865782,0.602638315381949,112,4
0,retrieval_frozen,adam,5000,33.89887827553162,6,0,0.8101487384755394,0.7490838710855043,0.7499870025461206,0.6869000683884592,0.4853502891445301,112,4
0,retrieval_frozen,adam,5000,33.89887827553162,6,16,0.5318936379119835,0.48643716565070977,0.5218808851557973,0.4907271025778095,0.4853502891445301,112,4
0,retrieval_frozen,adam,5000,33.89887827553162,6,64,0.5318936119654484,0.48643714259407866,0.5218808673008676,0.4907270868062743,0.4853502891445301,112,4
0,retrieval_frozen,adam,5000,33.89887827553162,7,0,0.5363080226454303,0.4210266380932651,0.525387058421915,0.445563500052299,0.2978149767107417,112,4
0,retrieval_frozen,adam,5000,33.89887827553162,7,16,0.3609456238318642,0.2982883922146152,0.40182656792034255,0.35381627014537537,0.2978149767107417,112,4
0,retrieval_frozen,adam,5000,33.89887827553162,7,64,0.36094560949766713,0.2982883821720181,0.4018265572998467,0.35381626194659066,0.2978149767107417,112,4
0,retrieval_frozen,adam,5000,33.89887827553162,8,0,0.22944337750925775,0.1690615054651185,0.2907026186082137,0.22790441639662495,0.1481475795851532,112,4
0,retrieval_frozen,adam,5000,33.89887827553162,8,16,0.1875747108431796,0.14824000527271175,0.2481115448841116,0.20121610843548446,0.1481475795851532,112,4
0,retrieval_frozen,adam,5000,33.89887827553162,8,64,0.18757470713533683,0.14824000331339984,0.24811154080224987,0.20121610578381507,0.1481475795851532,112,4
0,retrieval_frozen,adam,5000,33.89887827553162,9,0,0.10437180142473243,0.08682255007917263,0.1315897637341854,0.09790176716121599,0.08439303829326969,112,4
0,retrieval_frozen,adam,5000,33.89887827553162,9,16,0.09910205091184274,0.08440503163201137,0.12201520708404066,0.09262435191755677,0.08439303829326969,112,4
0,retrieval_frozen,adam,5000,33.89887827553162,9,64,0.09910205037717554,0.08440503137790385,0.12201520608680386,0.09262435135567591,0.08439303829326969,112,4
0,retrieval_frozen,adam,5000,33.89887827553162,10,0,0.0681872237641605,0.06289322294524016,0.0529316666152626,0.03838413196777098,0.06260307245401978,112,4
0,retrieval_frozen,adam,5000,33.89887827553162,10,16,0.06757343043627245,0.0626045692697173,0.051301919878874516,0.03754541734704627,0.06260307245401978,112,4
0,retrieval_frozen,adam,5000,33.89887827553162,10,64,0.06757343036972811,0.06260456923801155,0.05130191970129476,0.03754541725472372,0.06260307245401978,112,4
0,retrieval_frozen,adam,5000,33.89887827553162,11,0,0.05690734208512276,0.05513282991263508,0.020168453453744763,0.014470757105365845,0.0550958067514157,112,4
0,retrieval_frozen,adam,5000,33.89887827553162,11,16,0.056830838857502446,0.05509600074853753,0.01992651700783814,0.014349907314357795,0.0550958067514157,112,4
0,retrieval_frozen,adam,5000,33.89887827553162,11,64,0.05683083884900665,0.05509600074442886,0.01992651698094993,0.014349907300871522,0.0550958067514157,112,4
0,retrieval_frozen,adam,5000,33.89887827553162,12,0,0.053052999767577415,0.05242404491888721,0.007518591323174855,0.005372485619936841,0.05241915139060553,112,4
0,retrieval_frozen,adam,5000,33.89887827553162,12,16,0.0530429994959457,0.05241917717903181,0.007484671970352135,0.0053557400357076715,0.05241915139060553,112,4
0,retrieval_frozen,adam,5000,33.89887827553162,12,64,0.053042999494825716,0.05241917717848578,0.007484671966552872,0.005355740033829079,0.05241915139060553,112,4
0,retrieval_frozen,adam,5000,33.89887827553162,13,0,0.05167559876643492,0.051447461519295926,0.0027795929223661453,0.0019831410459397883,0.05144680516766857,112,4
0,retrieval_frozen,adam,5000,33.89887827553162,13,16,0.05167426341462179,0.05144680863519445,0.0027749415580584536,0.001980854858616478,0.05144680516766857,112,4
0,retrieval_frozen,adam,5000,33.89887827553162,13,64,0.05167426341447179,0.05144680863512105,0.00277494155753592,0.001980854858359498,0.05144680516766857,112,4
0,retrieval_frozen,adam,5000,33.89887827553162,14,0,0.0511743860344745,0.05109089840841979,0.0010244164501905684,0.0007304696935801694,0.05109080987649592,112,4
0,retrieval_frozen,adam,5000,33.89887827553162,14,16,0.05117420622019938,0.051090810345168616,0.0010237838818818303,0.0007301592909647895,0.05109080987649592,112,4
0,retrieval_frozen,adam,5000,33.89887827553162,14,64,0.051174206220179166,0.051090810345158715,0.0010237838818106897,0.0007301592909298733,0.05109080987649592,112,4
0,retrieval_frozen,adam,5000,33.89887827553162,15,0,0.05099074595942859,0.050960092067674184,0.00037711431042518855,0.00026884853826004756,0.05096008010073274,112,4
0,retrieval_frozen,adam,5000,33.89887827553162,15,16,0.05099072166945928,0.05096008016432582,0.000377028547727884,0.0002688064798387515,0.05096008010073274,112,4
0,retrieval_frozen,adam,5000,33.89887827553162,15,64,0.050990721669456555,0.05096008016432448,0.000377028547718235,0.00026880647983401927,0.05096008010073274,112,4
0,retrieval_frozen,adam,5000,33.89887827553162,16,0,0.05092328951864833,0.0509120206343648,0.00013876681448642334,9.892060906558621e-05,0.05091201901546847,112,4
0,retrieval_frozen,adam,5000,33.89887827553162,16,16,0.050923286233613745,0.050912019024155035,0.00013875520009102798,9.891491458501082e-05,0.05091201901546847,112,4
0,retrieval_frozen,adam,5000,33.89887827553162,16,64,0.05092328623361337,0.05091201902415485,0.00013875520008972103,9.891491458437007e-05,0.05091201901546847,112,4
0,retrieval_frozen,adam,5000,33.89887827553162,17,0,0.05089848734711922,0.05089434284608659,5.105408997487681e-05,3.639312700000334e-05,0.05089434262699885,112,4
0,retrieval_frozen,adam,5000,33.89887827553162,17,16,0.050898486902650475,0.050894342628204914,5.105251775492368e-05,3.639235621172491e-05,0.05089434262699885,112,4
0,retrieval_frozen,adam,5000,33.89887827553162,17,64,0.05089848690265042,0.050894342628204886,5.105251775474675e-05,3.6392356211638155e-05,0.05089434262699885,112,4
0,retrieval_frozen,adam,5000,33.89887827553162,18,0,0.05088936498772386,0.05088784045849423,1.87823770173597e-05,1.3388590273296692e-05,0.050887840428834506,112,4
0,retrieval_frozen,adam,5000,33.89887827553162,18,16,0.05088936492757715,0.05088784042900899,1.878216422148032e-05,1.3388485952265276e-05,0.050887840428834506,112,4
0,retrieval_frozen,adam,5000,33.89887827553162,18,64,0.05088936492757715,0.05088784042900897,1.8782164221456374e-05,1.3388485952253528e-05,0.050887840428834506,112,4
0,retrieval_frozen,adam,5000,33.89887827553162,19,0,0.050886009309568644,0.05088544848656892,6.90973521050269e-06,4.925428663823479e-06,0.05088544848255087,112,4
0,retrieval_frozen,adam,5000,33.89887827553162,19,16,0.050886009301428954,0.05088544848257862,6.909706410763705e-06,4.925414545199362e-06,0.05088544848255087,112,4
0,retrieval_frozen,adam,5000,33.89887827553162,19,64,0.05088600930142895,0.05088544848257862,6.909706410760465e-06,4.925414545197779e-06,0.05088544848255087,112,4
0,retrieval_frozen,adam,5000,33.89887827553162,20,0,0.05088477485844167,0.05088456854589143,2.541961011211718e-06,1.81196956843643e-06,0.05088456854534611,112,4
0,retrieval_frozen,adam,5000,33.89887827553162,20,16,0.0508847748573401,0.0508845685453514,2.5419571135436653e-06,1.811967657673113e-06,0.05088456854534611,112,4
0,retrieval_frozen,adam,5000,33.89887827553162,20,64,0.0508847748573401,0.0508845685453514,2.541957113543227e-06,1.8119676576728974e-06,0.05088456854534611,112,4
0,retrieval_frozen,adam,5000,33.89887827553162,21,0,0.05088432073383576,0.050884244836055664,9.351367503937615e-07,6.665871133929356e-07,0.050884244835981314,112,4
0,retrieval_frozen,adam,5000,33.89887827553162,21,16,0.050884320733686685,0.050884244835982605,9.351362228994016e-07,6.665868547984782e-07,0.050884244835981314,112,4
0,retrieval_frozen,adam,5000,33.89887827553162,21,64,0.050884320733686685,0.050884244835982605,9.351362228993424e-07,6.665868547984497e-07,0.050884244835981314,112,4
0,retrieval_frozen,adam,5000,33.89887827553162,22,0,0.050884153671350005,0.05088412575016657,3.440177954800951e-07,2.4522379777591456e-07,0.0508841257501563,112,4
0,retrieval_frozen,adam,5000,33.89887827553162,22,16,0.05088415367132983,0.05088412575015668,3.4401772409137927e-07,2.4522376277892224e-07,0.0508841257501563,112,4
0,retrieval_frozen,adam,5000,33.89887827553162,22,64,0.05088415367132983,0.05088412575015668,3.4401772409137133e-07,2.452237627789183e-07,0.0508841257501563,112,4
0,retrieval_frozen,adam,5000,33.89887827553162,23,0,0.05088409221258009,0.05088408194095741,1.2655710281885098e-07,9.021280762847999e-08,0.05088408194095595,112,4
0,retrieval_frozen,adam,5000,33.89887827553162,23,16,0.05088409221257736,0.05088408194095608,1.2655709315743315e-07,9.021280289215055e-08,0.05088408194095595,112,4
0,retrieval_frozen,adam,5000,33.89887827553162,23,64,0.05088409221257736,0.05088408194095608,1.2655709315743204e-07,9.02128028921499e-08,0.05088408194095595,112,4
0,retrieval_frozen,adam,5000,33.89887827553162,24,0,0.05088406960317352,0.050884065824455614,4.6557760113541897e-08,3.318743914354629e-08,0.050884065824455385,112,4
0,retrieval_frozen,adam,5000,33.89887827553162,24,16,0.05088406960317314,0.05088406582445545,4.6557758806010905e-08,3.3187438502553706e-08,0.050884065824455385,112,4
0,retrieval_frozen,adam,5000,33.89887827553162,24,64,0.05088406960317314,0.05088406582445545,4.655775880601075e-08,3.3187438502553586e-08,0.050884065824455385,112,4
0,retrieval_frozen,adam,6000,37.589893042687706,1,0,0.9604947229037072,0.9604947229037072,1.0,1.0,0.6979481642935512,112,4
0,retrieval_frozen,adam,6000,37.589893042687706,1,16,0.6991381836773859,0.699138183677386,0.6321205849979562,0.6321205849979562,0.6979481642935512,112,4
0,retrieval_frozen,adam,6000,37.589893042687706,1,64,0.6991381485470273,0.6991381485470272,0.6321205588285578,0.6321205588285577,0.6979481642935512,112,4
0,retrieval_frozen,adam,6000,37.589893042687706,2,0,0.9598206326469236,0.9595645204416255,0.997239674974621,0.9962014777359461,0.6959050244177155,112,4
0,retrieval_frozen,adam,6000,37.589893042687706,2,16,0.697653839789208,0.6970938725238187,0.6310164640963658,0.630600661078428,0.6959050244177155,112,4
0,retrieval_frozen,adam,6000,37.589893042687706,2,64,0.6976538046834632,0.6970938374275625,0.6310164380183048,0.6306006350347261,0.6959050244177155,112,4
0,retrieval_frozen,adam,6000,37.589893042687706,3,0,0.957950541501635,0.956966760514574,0.9898153801462104,0.9860203697206227,0.6903619976947508,112,4
0,retrieval_frozen,adam,6000,37.589893042687706,3,16,0.6936246307969157,0.691547392758859,0.6280352197600129,0.6265057782522168,0.6903619976947508,112,4
0,retrieval_frozen,adam,6000,37.589893042687706,3,64,0.6936245957624507,0.6915473577632802,0.628035193927747,0.6265057525456526,0.6903619976947508,112,4
0,retrieval_frozen,adam,6000,37.589893042687706,4,0,0.9525872093904864,0.9493915522153875,0.9701995965123995,0.9593684929325453,0.6753864893007089,112,4
0,retrieval_frozen,adam,6000,37.589893042687706,4,16,0.6827191484392123,0.6765606131933513,0.620076625665656,0.6156388313659442,0.6753864893007089,112,4
0,retrieval_frozen,adam,6000,37.589893042687706,4,64,0.6827191136295153,0.67656057852731,0.6200766004836632,0.6156388065434233,0.6753864893007089,112,4
0,retrieval_frozen,adam,6000,37.589893042687706,5,0,0.9359393154490648,0.9250225408294057,0.9207169925661491,0.8937040706180341,0.635575417172092,112,4
0,retrieval_frozen,adam,6000,37.589893042687706,5,16,0.6535186484680165,0.6367070345471458,0.599459247105783,0.5879187648885426,0.635575417172092,112,4
0,retrieval_frozen,adam,6000,37.589893042687706,5,64,0.6535186144725601,0.6367070011288807,0.5994592235686415,0.5879187422510397,0.635575417172092,112,4
0,retrieval_frozen,adam,6000,37.589893042687706,6,0,0.8765344426139522,0.8345067719872586,0.8091267747900928,0.7535103993597625,0.5369472021195807,112,4
0,retrieval_frozen,adam,6000,37.589893042687706,6,16,0.5788675022397702,0.5379121044358028,0.5499382157046547,0.523807485362281,0.5369472021195807,112,4
0,retrieval_frozen,adam,6000,37.589893042687706,6,64,0.5788674714806052,0.5379120759300887,0.5499381958857468,0.5238074673927278,0.5369472021195807,112,4
0,retrieval_frozen,adam,6000,37.589893042687706,7,0,0.6654987616484094,0.544960695118428,0.6099818534269785,0.5282558867760685,0.3509820260865641,112,4
0,retrieval_frozen,adam,6000,37.589893042687706,7,16,0.42087761284677494,0.3515084036089342,0.4496962642434378,0.4040406305611451,0.3509820260865641,112,4
0,retrieval_frozen,adam,6000,37.589893042687706,7,64,0.42087759225393134,0.3515083880549104,0.4496962509596347,0.4040406198695141,0.3509820260865641,112,4
0,retrieval_frozen,adam,6000,37.589893042687706,8,0,0.3028849697245427,0.20898266091738285,0.3669539903765985,0.2914348688863743,0.16774924019766474,112,4
0,retrieval_frozen,adam,6000,37.589893042687706,8,16,0.22182160530337955,0.16787197002574444,0.3017252536940577,0.2491730542022657,0.16774924019766474,112,4
0,retrieval_frozen,adam,6000,37.589893042687706,8,64,0.22182159857145414,0.1678719664006184,0.30172524767168335,0.24917305013599741,0.16774924019766474,112,4
0,retrieval_frozen,adam,6000,37.589893042687706,9,0,0.11406990798379064,0.08685283197728128,0.17674497995853392,0.13135827803141328,0.08222976561304757,112,4
0,retrieval_frozen,adam,6000,37.589893042687706,9,16,0.10325995912102182,0.08224567897523602,0.159905806087177,0.1220294386842676,0.08222976561304757,112,4
0,retrieval_frozen,adam,6000,37.589893042687706,9,64,0.10325995807577741,0.08224567850542697,0.1599058043766888,0.12202943770900157,0.08222976561304757,112,4
0,retrieval_frozen,adam,6000,37.589893042687706,10,0,0.0618718297557879,0.05443632894192165,0.07346245448847474,0.05268932056549451,0.05392177219971659,112,4
0,retrieval_frozen,adam,6000,37.589893042687706,10,16,0.06069987351236118,0.05392366026103765,0.07035608799770464,0.0511217263107483,0.05392177219971659,112,4
0,retrieval_frozen,adam,6000,37.589893042687706,10,64,0.060699873387584584,0.05392366020531022,0.07035608766338923,0.05112172613958725,0.05392177219971659,112,4
0,retrieval_frozen,adam,6000,37.589893042687706,11,0,0.04700917479865106,0.044657098600075065,0.02838922143972537,0.020049608273178126,0.04459394056342544,112,4
0,retrieval_frozen,adam,6000,37.589893042687706,11,16,0.046870845084075054,0.044594177567629574,0.027910832814860138,0.019818359652404357,0.04459394056342544,112,4
0,retrieval_frozen,adam,6000,37.589893042687706,11,64,0.046870845068807156,0.0445941775606351,0.02791083276196643,0.019818359626680906,0.04459394056342544,112,4
0,retrieval_frozen,adam,6000,37.589893042687706,12,0,0.042167902680831405,0.041354562745541085,0.010641913562879033,0.0074703055224200916,0.041346350854411455,112,4
0,retrieval_frozen,adam,6000,37.589893042687706,12,16,0.04215027070266574,0.04134638191620801,0.01057384535643996,0.007437968631596346,0.041346350854411455,112,4
0,retrieval_frozen,adam,6000,37.589893042687706,12,64,0.04215027070069523,0.04134638191529146,0.010573845348830883,0.0074379686279730595,0.041346350854411455,112,4
0,retrieval_frozen,adam,6000,37.589893042687706,13,0,0.04047159832786029,0.040179387545915914,0.003942481487123227,0.0027611815555896716,0.040178293096597394,112,4
0,retrieval_frozen,adam,6000,37.589893042687706,13,16,0.04046926746232153,0.04017829724938558,0.0039330946056072,0.002756751612420349,0.040178293096597394,112,4
0,retrieval_frozen,adam,6000,37.589893042687706,13,64,0.04046926746205989,0.040178297249263084,0.003933094604553466,0.0027567516119226254,0.040178293096597394,112,4
0,retrieval_frozen,adam,6000,37.589893042687706,14,0,0.0398589828608275,0.03975242986047266,0.0014541225383989428,0.0010175540248870925,0.03975228258771497,112,4
0,retrieval_frozen,adam,6000,37.589893042687706,14,16,0.03985867018753275,0.039752283147586144,0.0014528432767012317,0.0010169517934853595,0.03975228258771497,112,4
0,retrieval_frozen,adam,6000,37.589893042687706,14,64,0.0398586701874976,0.03975228314756965,0.0014528432765574019,0.0010169517934176281,0.03975228258771497,112,4
0,retrieval_frozen,adam,6000,37.589893042687706,15,0,0.03963515690724869,0.03959608607419556,0.0005354531647015527,0.00037457760600000133,0.03959606618496385,112,4
0,retrieval_frozen,adam,6000,37.589893042687706,15,16,0.03963511473000693,0.03959606626078119,0.0005352795897089308,0.0003744959675953524,0.03959606618496385,112,4
0,retrieval_frozen,adam,6000,37.589893042687706,15,64,0.03963511473000219,0.03959606626077894,0.000535279589689404,0.00037449596758616725,0.03959606618496385,112,4
0,retrieval_frozen,adam,6000,37.589893042687706,16,0,0.039553024564863794,0.039538668502090604,0.00019705151285270261,0.0001378319635545846,0.03953866581240956,112,4
0,retrieval_frozen,adam,6000,37.589893042687706,16,16,0.03955301886369554,0.03953866582272948,0.00019702799977721505,0.00013782090825274125,0.03953866581240956,112,4
0,retrieval_frozen,adam,6000,37.589893042687706,16,64,0.039553018863694896,0.03953866582272918,0.00019702799977456935,0.00013782090825149724,0.03953866581240956,112,4
0,retrieval_frozen,adam,6000,37.589893042687706,17,0,0.03952283799092472,0.039517559030696786,7.250058412175299e-05,5.070995410038159e-05,0.039517558666768406,112,4
0,retrieval_frozen,adam,6000,37.589893042687706,17,16,0.039522837219699174,0.039517558668188894,7.249740086388349e-05,5.0708457591936276e-05,0.039517558666768406,112,4
0,retrieval_frozen,adam,6000,37.589893042687706,17,64,0.039522837219699083,0.03951755866818887,7.249740086352527e-05,5.0708457591767934e-05,0.039517558666768406,112,4
0,retrieval_frozen,adam,6000,37.589893042687706,18,0,0.0395117367905843,0.0395097950863322,2.667274455030384e-05,1.8655746255553104e-05,0.03950979503707616,112,4
0,retrieval_frozen,adam,6000,37.589893042687706,18,16,0.03951173668622739,0.0395097950372773,2.667231368795677e-05,1.8655543708424475e-05,0.03950979503707616,112,4
0,retrieval_frozen,adam,6000,37.589893042687706,18,64,0.03951173668622738,0.039509795037277286,2.6672313687908275e-05,1.8655543708401672e-05,0.03950979503707616,112,4
0,retrieval_frozen,adam,6000,37.589893042687706,19,0,0.039507653404114884,0.03950693913389783,9.81252627138244e-06,6.8631462624208524e-06,0.03950693912722874,112,4
0,retrieval_frozen,adam,6000,37.589893042687706,19,16,0.03950765338999256,0.03950693912725923,9.81246795775395e-06,6.863118849814601e-06,0.03950693912722874,112,4
0,retrieval_frozen,adam,6000,37.589893042687706,19,64,0.03950765338999256,0.03950693912725923,9.812467957747388e-06,6.863118849811517e-06,0.03950693912722874,112,4
0,retrieval_frozen,adam,6000,37.589893042687706,20,0,0.03950615128013734,0.03950588852060922,3.609849947497253e-06,2.5248213409134423e-06,0.03950588851970548,112,4
0,retrieval_frozen,adam,6000,37.589893042687706,20,16,0.03950615127822614,0.039505888519710805,3.609842055468866e-06,2.5248176309791258e-06,0.03950588851970548,112,4
0,retrieval_frozen,adam,6000,37.589893042687706,20,64,0.03950615127822614,0.039505888519710805,3.609842055467978e-06,2.5248176309787086e-06,0.03950588851970548,112,4
0,retrieval_frozen,adam,6000,37.589893042687706,21,0,0.03950559868907523,0.039505502026031834,1.3279927301784247e-06,9.288313430702948e-07,0.03950550202590909,112,4
0,retrieval_frozen,adam,6000,37.589893042687706,21,16,0.03950559868881658,0.03950550202591024,1.32799166210171e-06,9.288308409832181e-07,0.03950550202590909,112,4
0,retrieval_frozen,adam,6000,37.589893042687706,21,64,0.03950559868881658,0.03950550202591024,1.3279916621015896e-06,9.288308409831621e-07,0.03950550202590909,112,4
0,retrieval_frozen,adam,6000,37.589893042687706,22,0,0.039505395403465364,0.0395053598432252,4.885416496003018e-07,3.4169815560841866e-07,0.03950535984320844,112,4
0,retrieval_frozen,adam,6000,37.589893042687706,22,16,0.03950539540343036,0.03950535984320876,4.885415050514974e-07,3.4169808765821913e-07,0.03950535984320844,112,4
0,retrieval_frozen,adam,6000,37.589893042687706,22,64,0.03950539540343036,0.03950535984320876,4.88541505051481e-07,3.4169808765821124e-07,0.03950535984320844,112,4
0,retrieval_frozen,adam,6000,37.589893042687706,23,0,0.03950532061904222,0.039505307537175315,1.7972448671612474e-07,1.2570375362559718e-07,0.03950530753717299,112,4
0,retrieval_frozen,adam,6000,37.589893042687706,23,16,0.03950532061903748,0.03950530753717307,1.797244671535544e-07,1.2570374442953244e-07,0.03950530753717299,112,4
0,retrieval_frozen,adam,6000,37.589893042687706,23,64,0.03950532061903748,0.03950530753717307,1.797244671535522e-07,1.2570374442953154e-07,0.03950530753717299,112,4
0,retrieval_frozen,adam,6000,37.589893042687706,24,0,0.03950529310741387,0.039505288294865944,6.611695154303812e-08,4.624383030331464e-08,0.039505288294865604,112,4
0,retrieval_frozen,adam,6000,37.589893042687706,24,16,0.03950529310741324,0.03950528829486564,6.611694889553132e-08,4.624382905876241e-08,0.039505288294865604,112,4
0,retrieval_frozen,adam,6000,37.589893042687706,24,64,0.03950529310741324,0.03950528829486564,6.611694889553102e-08,4.6243829058762244e-08,0.039505288294865604,112,4
0,retrieval_frozen,adam,7000,40.904032203641215,1,0,0.9687305167156828,0.968730516715683,1.0,1.0,0.7115067284133052,112,4
0,retrieval_frozen,adam,7000,40.904032203641215,1,16,0.712433162334773,0.712433162334773,0.6321205849979562,0.6321205849979562,0.7115067284133052,112,4
0,retrieval_frozen,adam,7000,40.904032203641215,1,64,0.7124331255198433,0.7124331255198433,0.6321205588285578,0.6321205588285577,0.7115067284133052,112,4
0,retrieval_frozen,adam,7000,40.904032203641215,2,0,0.9683066792403865,0.9681377391135662,0.9979760975494357,0.9971759721439856,0.7099152967909368,112,4
0,retrieval_frozen,adam,7000,40.904032203641215,2,16,0.7112932102364672,0.7108414502885483,0.6313112558970081,0.6309909964863524,0.7099152967909368,112,4
0,retrieval_frozen,adam,7000,40.904032203641215,2,64,0.7112931734291866,0.7108414134844409,0.6313112297945767,0.6309909704103989,0.7099152967909368,112,4
0,retrieval_frozen,adam,7000,40.904032203641215,3,0,0.9671345655713063,0.9664887754493839,0.9925172743110987,0.9895794618386868,0.7055920975390578,112,4
0,retrieval_frozen,adam,7000,40.904032203641215,3,16,0.708195848621794,0.7065173501483127,0.6291221006348305,0.6279407601545904,0.7055920975390578,112,4
0,retrieval_frozen,adam,7000,40.904032203641215,3,64,0.7081958118382546,0.7065173133791455,0.6291220747130917,0.627940734330132,0.7055920975390578,112,4
0,retrieval_frozen,adam,7000,40.904032203641215,4,0,0.9637991772478364,0.9617249712948708,0.977986826711579,0.9695030549071364,0.6938671864760779,112,4
0,retrieval_frozen,adam,7000,40.904032203641215,4,16,0.6997889552583337,0.6947889986176458,0.6232501743137507,0.6197964576011348,0.6938671864760779,112,4
0,retrieval_frozen,adam,7000,40.904032203641215,4,64,0.6997889185605876,0.6947889619829593,0.6232501488734676,0.6197964324422114,0.6938671864760779,112,4
0,retrieval_frozen,adam,7000,40.904032203641215,5,0,0.9536070299541505,0.9466463904380225,0.9406263166605948,0.9188313404474724,0.6623122456442234,112,4
0,retrieval_frozen,adam,7000,40.904032203641215,5,16,0.6770799031428746,0.663218049501884,0.6078478319499497,0.5986892319335644,0.6623122456442234,112,4
0,retrieval_frozen,adam,7000,40.904032203641215,5,64,0.677079866824574,0.6632180134980112,0.6078478077503614,0.5986892084590418,0.6623122456442234,112,4
0,retrieval_frozen,adam,7000,40.904032203641215,6,0,0.9174834856905061,0.890036062526102,0.8525007340419882,0.8045295809726563,0.580774883921444,112,4
0,retrieval_frozen,adam,7000,40.904032203641215,6,16,0.6172552391658404,0.5816013301739582,0.5696964589192275,0.5479635155788143,0.580774883921444,112,4
0,retrieval_frozen,adam,7000,40.904032203641215,6,64,0.6172552047401625,0.581601297314519,0.5696964376553373,0.5479634959136688,0.580774883921444,112,4
0,retrieval_frozen,adam,7000,40.904032203641215,7,0,0.7715427839133862,0.6670953641065983,0.6806516698980908,0.6012244878755283,0.40678595620477787,112,4
0,retrieval_frozen,adam,7000,40.904032203641215,7,16,0.4780448648339286,0.40732744361577944,0.4871363190325564,0.44538492316239814,0.40678595620477787,112,4
0,retrieval_frozen,adam,7000,40.904032203641215,7,64,0.47804483828849875,0.4073274220794998,0.48713630345936687,0.4453849101707304,0.40678595620477787,112,4
0,retrieval_frozen,adam,7000,40.904032203641215,8,0,0.4031939884213707,0.2716991894425512,0.44146716458657487,0.3564054923957354,0.19664062912083735,112,4
0,retrieval_frozen,adam,7000,40.904032203641215,8,16,0.26581860936189033,0.1967963843557838,0.3505139013746887,0.2951794647944252,0.19664062912083735,112,4
0,retrieval_frozen,adam,7000,40.904032203641215,8,64,0.2658185984054917,0.19679637816199747,0.3505138932647866,0.2951794590879732,0.19664062912083735,112,4
0,retrieval_frozen,adam,7000,40.904032203641215,9,0,0.13542294946421832,0.09348896320567368,0.22673420004367267,0.1691622024275988,0.08501070740181722,112,4
0,retrieval_frozen,adam,7000,40.904032203641215,9,16,0.11433539719328072,0.08503158331420209,0.19978889060848398,0.15400103879561441,0.08501070740181722,112,4
0,retrieval_frozen,adam,7000,40.904032203641215,9,64,0.1143353952688273,0.08503158248439938,0.19978888794368047,0.15400103724236502,0.08501070740181722,112,4
0,retrieval_frozen,adam,7000,40.904032203641215,10,0,0.05984172502915308,0.049503072288367804,0.09783563743634141,0.06966876185012506,0.04863095096504239,112,4
0,retrieval_frozen,adam,7000,40.904032203641215,10,16,0.057693866474540466,0.04863329817986109,0.09239949670306931,0.06695406946482947,0.04863095096504239,112,4
0,retrieval_frozen,adam,7000,40.904032203641215,10,64,0.05769386625135304,0.048633298086583614,0.09239949612640341,0.066954069171235,0.04863095096504239,112,4
0,retrieval_frozen,adam,7000,40.904032203641215,11,0,0.040390087727455955,0.03735352019809062,0.03845775921317658,0.026808374857654485,0.03725168254020544,112,4
0,retrieval_frozen,adam,7000,40.904032203641215,11,16,0.040153273167413746,0.03725196536873508,0.03758310833756174,0.026396540053065444,0.03725168254020544,112,4
0,retrieval_frozen,adam,7000,40.904032203641215,11,64,0.04015327314148675,0.037251965357496884,0.03758310824146165,0.026396540007431503,0.03725168254020544,112,4
0,retrieval_frozen,adam,7000,40.904032203641215,12,0,0.034440560267927085,0.033424915173959714,0.014515085684549118,0.010031972831459762,0.033411962982323205,112,4
0,retrieval_frozen,adam,7000,40.904032203641215,12,16,0.034411391563416,0.03341199934663427,0.014388346787527312,0.009973742394628126,0.033411962982323205,112,4
0,retrieval_frozen,adam,7000,40.904032203641215,12,64,0.034411391560165136,0.033411999345189486,0.01438834677339475,0.009973742388113188,0.033411962982323205,112,4
0,retrieval_frozen,adam,7000,40.904032203641215,13,0,0.03241146590487091,0.03205132742975654,0.005391369560177424,0.0037140702057888845,0.032049616120498274,112,4
0,retrieval_frozen,adam,7000,40.904032203641215,13,16,0.03240766372663618,0.03204962094458419,0.005373768352157825,0.0037060595502726736,0.032049616120498274,112,4
0,retrieval_frozen,adam,7000,40.904032203641215,13,64,0.03240766372620979,0.03204962094439257,0.005373768350183832,0.0037060595493731354,0.032049616120498274,112,4
0,retrieval_frozen,adam,7000,40.904032203641215,14,0,0.03168628639802955,0.03155561179422219,0.001990449794978149,0.0013695400966167322,0.03155538226683585,112,4
0,retrieval_frozen,adam,7000,40.904032203641215,14,16,0.03168577908990465,0.031555382915138944,0.001988044737453937,0.0013684493872441058,0.03155538226683585,112,4
0,retrieval_frozen,adam,7000,40.904032203641215,14,64,0.031685779089847634,0.03155538291511319,0.0019880447371836254,0.001368449387121461,0.03155538226683585,112,4
0,retrieval_frozen,adam,7000,40.904032203641215,15,0,0.03142236978435183,0.03137454192473945,0.0007332080571008613,0.0005042614723450189,0.03137451096473228,112,4
0,retrieval_frozen,adam,7000,40.904032203641215,15,16,0.03142230148948204,0.03137451105236349,0.0007328814111232237,0.0005041135309546539,0.03137451096473228,112,4
0,retrieval_frozen,adam,7000,40.904032203641215,15,64,0.03142230148947436,0.031374511052360006,0.0007328814110864817,0.0005041135309380097,0.03137451096473228,112,4
0,retrieval_frozen,adam,7000,40.904032203641215,16,0,0.03132566666789417,0.03130810485394601,0.00026986267560300106,0.00018556648122730225,0.031308100669056364,112,4
0,retrieval_frozen,adam,7000,40.904032203641215,16,16,0.031325657443207915,0.03130810068095518,0.0002698184110579344,0.00018554644307285022,0.031308100669056364,112,4
0,retrieval_frozen,adam,7000,40.904032203641215,16,64,0.03132565744320688,0.03130810068095472,0.00026981841105295395,0.00018554644307059557,0.031308100669056364,112,4
0,retrieval_frozen,adam,7000,40.904032203641215,17,0,0.03129014382210963,0.031283687665846424,9.929460450110036e-05,6.827408879162393e-05,0.03128368709972032,112,4
0,retrieval_frozen,adam,7000,40.904032203641215,17,16,0.03129014257458133,0.031283687101348996,9.92886110635964e-05,6.82713761018938e-05,0.03128368709972032,112,4
0,retrieval_frozen,adam,7000,40.904032203641215,17,64,0.03129014257458119,0.03128368710134894,9.928861106292197e-05,6.827137610158858e-05,0.03128368709972032,112,4
0,retrieval_frozen,adam,7000,40.904032203641215,18,0,0.031277082765315836,0.03127470828356231,3.6530836168740155e-05,2.5117715861201094e-05,0.03127470820695123,112,4
0,retrieval_frozen,adam,7000,40.904032203641215,18,16,0.03127708259652591,0.0312747082071786,3.653002490157838e-05,2.5117348697708884e-05,0.03127470820695123,112,4
0,retrieval_frozen,adam,7000,40.904032203641215,18,64,0.031277082596525896,0.031274708207178585,3.653002490148711e-05,2.5117348697667525e-05,0.03127470820695123,112,4
0,retrieval_frozen,adam,7000,40.904032203641215,19,0,0.0312722788274522,0.031271405386359745,1.3439267422555855e-05,9.240437747064594e-06,0.03127140537598963,112,4
0,retrieval_frozen,adam,7000,40.904032203641215,19,16,0.03127227880461119,0.03127140537602296,1.343915762233394e-05,9.240388054854871e-06,0.03127140537598963,112,4
0,retrieval_frozen,adam,7000,40.904032203641215,19,64,0.03127227880461119,0.03127140537602296,1.3439157622321583e-05,9.240388054849274e-06,0.03127140537598963,112,4
0,retrieval_frozen,adam,7000,40.904032203641215,20,0,0.031270511686905623,0.03127019037697217,4.944074015931172e-06,3.399386897902516e-06,0.03127019037556783,112,4
0,retrieval_frozen,adam,7000,40.904032203641215,20,16,0.03127051168381454,0.03127019037557328,4.944059155730996e-06,3.3993801726919383e-06,0.03127019037556783,112,4
0,retrieval_frozen,adam,7000,40.904032203641215,20,64,0.03127051168381454,0.03127019037557328,4.944059155729323e-06,3.3993801726911836e-06,0.03127019037556783,112,4
0,retrieval_frozen,adam,7000,40.904032203641215,21,0,0.03126986160974504,0.0312697434079268,1.8188291174743102e-06,1.2505672351436718e-06,0.031269743407736396,112,4
0,retrieval_frozen,adam,7000,40.904032203641215,21,16,0.03126986160932672,0.031269743407737485,1.8188271063471852e-06,1.2505663249803506e-06,0.031269743407736396,112,4
0,retrieval_frozen,adam,7000,40.904032203641215,21,64,0.03126986160932672,0.031269743407737485,1.8188271063469592e-06,1.2505663249802483e-06,0.031269743407736396,112,4
0,retrieval_frozen,adam,7000,40.904032203641215,22,0,0.03126962246209303,0.03126957897827726,6.691106420519843e-07,4.600583386929383e-07,0.03126957897825136,112,4
0,retrieval_frozen,adam,7000,40.904032203641215,22,16,0.03126962246203641,0.031269578978251646,6.691103698746421e-07,4.6005821551547634e-07,0.03126957897825136,112,4
0,retrieval_frozen,adam,7000,40.904032203641215,22,64,0.03126962246203641,0.031269578978251646,6.691103698746116e-07,4.6005821551546247e-07,0.03126957897825136,112,4
0,retrieval_frozen,adam,7000,40.904032203641215,23,0,0.03126953448490926,0.0312695184881349,2.461521577177175e-07,1.6924605368233905e-07,0.03126951848813136,112,4
0,retrieval_frozen,adam,7000,40.904032203641215,23,16,0.0312695344849016,0.03126951848813144,2.4615212088247585e-07,1.6924603701206983e-07,0.03126951848813136,112,4
0,retrieval_frozen,adam,7000,40.904032203641215,23,64,0.0312695344849016,0.03126951848813144,2.4615212088247167e-07,1.6924603701206803e-07,0.03126951848813136,112,4
0,retrieval_frozen,adam,7000,40.904032203641215,24,0,0.03126950211995549,0.0312694962350748,9.055433292687103e-08,6.226215029920042e-08,0.03126949623507428,112,4
0,retrieval_frozen,adam,7000,40.904032203641215,24,16,0.03126950211995445,0.03126949623507432,9.055432794176102e-08,6.226214804312423e-08,0.03126949623507428,112,4
0,retrieval_frozen,adam,7000,40.904032203641215,24,64,0.03126950211995445,0.03126949623507432,9.055432794176044e-08,6.226214804312402e-08,0.03126949623507428,112,4
0,retrieval_frozen,adam,8000,43.92044429817172,1,0,0.9748899186470162,0.9748899186470162,1.0,1.0,0.7237675514072266,112,4
0,retrieval_frozen,adam,8000,43.92044429817172,1,16,0.7244957844582783,0.7244957844582784,0.6321205849979562,0.6321205849979562,0.7237675514072266,112,4
0,retrieval_frozen,adam,8000,43.92044429817172,1,64,0.7244957462324574,0.7244957462324575,0.6321205588285578,0.6321205588285577,0.7237675514072266,112,4
0,retrieval_frozen,adam,8000,43.92044429817172,2,0,0.9746173065494551,0.9745038447753568,0.9984865679248064,0.9978608755563851,0.7225162190336772,112,4
0,retrieval_frozen,adam,8000,43.92044429817172,2,16,0.7236110224836099,0.723244516790645,0.6315155025499439,0.6312651681193118,0.7225162190336772,112,4
0,retrieval_frozen,adam,8000,43.92044429817172,2,64,0.7236109842551635,0.72324447856121,0.6315154764306204,0.6312651420206928,0.7225162190336772,112,4
0,retrieval_frozen,adam,8000,43.92044429817172,3,0,0.973865494794777,0.9734336521298943,0.9943966229537661,0.9920921147735886,0.7191143510102511,112,4
0,retrieval_frozen,adam,8000,43.92044429817172,3,16,0.7212057239083747,0.7198427530926425,0.6298767944677529,0.6289515612592013,0.7191143510102511,112,4
0,retrieval_frozen,adam,8000,43.92044429817172,3,64,0.7212056856747538,0.7198427148571453,0.6298767684837943,0.6289515353515363,0.7191143510102511,112,4
0,retrieval_frozen,adam,8000,43.92044429817172,4,0,0.9717413113511046,0.9703690442598348,0.9834531022491546,0.97674286113117,0.7098675208539974,112,4
0,retrieval_frozen,adam,8000,43.92044429817172,4,16,0.7146668049601553,0.7105956879840012,0.6254667144196688,0.6227473849469931,0.7098675208539974,112,4
0,retrieval_frozen,adam,8000,43.92044429817172,4,64,0.7146667667267529,0.7105956497592882,0.6254666887981867,0.6227473595479298,0.7098675208539974,112,4
0,retrieval_frozen,adam,8000,43.92044429817172,5,0,0.9653550248537154,0.9608484033467263,0.9549316688136482,0.9373226576201771,0.6847987850753278,112,4
0,retrieval_frozen,adam,8000,43.92044429817172,5,16,0.6969132300447523,0.685522698641402,0.613796971595756,0.6064851006268271,0.6847987850753278,112,4
0,retrieval_frozen,adam,8000,43.92044429817172,5,64,0.6969131919130527,0.6855226606360941,0.6137969469206892,0.6064850765369744,0.6847987850753278,112,4
0,retrieval_frozen,adam,8000,43.92044429817172,6,0,0.9432325846795072,0.9256866681348049,0.8854017285974302,0.8446580245077571,0.6182607989311306,112,4
0,retrieval_frozen,adam,8000,43.92044429817172,6,16,0.64927565030439,0.6189511162914542,0.5842432517159776,0.5662874167419368,0.6182607989311306,112,4
0,retrieval_frozen,adam,8000,43.92044429817172,6,64,0.6492756131004184,0.6189510800418139,0.584243229355355,0.5662873957395962,0.6182607989311306,112,4
0,retrieval_frozen,adam,8000,43.92044429817172,7,0,0.8492038045650964,0.7708249250814257,0.7400854215424918,0.6657497622964619,0.46265504627956544,112,4
0,retrieval_frozen,adam,8000,43.92044429817172,7,16,0.5308628421913545,0.4631774007048644,0.5169770575527551,0.4798366595645275,0.46265504627956544,112,4
0,retrieval_frozen,adam,8000,43.92044429817172,7,64,0.5308628104229441,0.4631773732665247,0.5169770400246488,0.4798366444852432,0.46265504627956544,112,4
0,retrieval_frozen,adam,8000,43.92044429817172,8,0,0.52369534556218,0.36188292179736575,0.5136382948508784,0.42249351093215337,0.2353319888811432,112,4
0,retrieval_frozen,adam,8000,43.92044429817172,8,16,0.31830671839856556,0.23552090625445907,0.3947222854432844,0.33911215494767927,0.2353319888811432,112,4
0,retrieval_frozen,adam,8000,43.92044429817172,8,64,0.3183067020810097,0.23552089633073636,0.3947222751779399,0.3391121474161946,0.2353319888811432,112,4
0,retrieval_frozen,adam,8000,43.92044429817172,9,0,0.17298302236741198,0.1083339435549372,0.28177539861948675,0.21196482769631272,0.09291618476614132,112,4
0,retrieval_frozen,adam,8000,43.92044429817172,9,16,0.13320652105855252,0.09294358033917016,0.24140344997938099,0.18868848447034586,0.09291618476614132,112,4
0,retrieval_frozen,adam,8000,43.92044429817172,9,64,0.13320651765351305,0.09294357890057922,0.24140344609824949,0.1886884821385814,0.09291618476614132,112,4
0,retrieval_frozen,adam,8000,43.92044429817172,10,0,0.06200414985117353,0.047414800767996056,0.12689294368078968,0.09002461052062806,0.04595228644267527,112,4
0,retrieval_frozen,adam,8000,43.92044429817172,10,16,0.05808736633450973,0.045955215380138525,0.11789889650983729,0.0855428316262639,0.04595228644267527,112,4
0,retrieval_frozen,adam,8000,43.92044429817172,10,64,0.0580873659406241,0.045955215226371346,0.11789889557168527,0.08554283114701498,0.04595228644267527,112,4
0,retrieval_frozen,adam,8000,43.92044429817172,11,0,0.036138945001053475,0.03223028484857029,0.050922487026722044,0.03511391734401951,0.032069820777390186,112,4
0,retrieval_frozen,adam,8000,43.92044429817172,11,16,0.03574060945790706,0.032070156375239446,0.0493975859438739,0.03441071781920133,0.032069820777390186,112,4
0,retrieval_frozen,adam,8000,43.92044429817172,11,64,0.035740609414772896,0.0320701563576227,0.0493975857776225,0.0344107177416514,0.032069820777390186,112,4
0,retrieval_frozen,adam,8000,43.92044429817172,12,0,0.028839293935855343,0.027588530593195385,0.019384655600694686,0.01321054678877108,0.027568707567930822,112,4
0,retrieval_frozen,adam,8000,43.92044429817172,12,16,0.028792408127543283,0.027568749639549153,0.019158626486561463,0.01310975597417468,0.027568707567930822,112,4
0,retrieval_frozen,adam,8000,43.92044429817172,12,64,0.02879240812233678,0.027568749637340857,0.019158626461435773,0.013109755962918714,0.027568707567930822,112,4
0,retrieval_frozen,adam,8000,43.92044429817172,13,0,0.026438823680256986,0.026003138728861647,0.007223819874903776,0.0049007621024687075,0.026000550010762888,112,4
0,retrieval_frozen,adam,8000,43.92044429817172,13,16,0.02643282879314948,0.02600055553393269,0.0071921485378434995,0.004886824248975163,0.026000550010762888,112,4
0,retrieval_frozen,adam,8000,43.92044429817172,13,64,0.026432828792478047,0.026000555533642826,0.007192148534295755,0.004886824247411126,0.026000550010762888,112,4
0,retrieval_frozen,adam,8000,43.92044429817172,14,0,0.02559312642333152,0.025436105199926912,0.0026702622781751345,0.0018084850901951182,0.025435759527097094,112,4
0,retrieval_frozen,adam,8000,43.92044429817172,14,16,0.02559233250492261,0.025435760266264713,0.0026659200843021443,0.0018065836679686102,0.025435759527097094,112,4
0,retrieval_frozen,adam,8000,43.92044429817172,14,64,0.02559233250483342,0.025435760266225942,0.0026659200838143287,0.001806583667754858,0.025435759527097094,112,4
0,retrieval_frozen,adam,8000,43.92044429817172,15,0,0.025287006112963254,0.025229679606644042,0.0009840744322530597,0.0006660649669451699,0.025229633057217964,112,4
0,retrieval_frozen,adam,8000,43.92044429817172,15,16,0.025286899532922482,0.02522963315693302,0.000983483955002144,0.0006658068773940075,0.025229633057217964,112,4
0,retrieval_frozen,adam,8000,43.92044429817172,15,64,0.0252868995329105,0.0252296331569278,0.0009834839549357364,0.0006658068773649746,0.025229633057217964,112,4
0,retrieval_frozen,adam,8000,43.92044429817172,16,0,0.025175063278439824,0.02515403323191357,0.00036225681332158124,0.0002451346889416378,0.025154026943660618,112,4
0,retrieval_frozen,adam,8000,43.92044429817172,16,16,0.02517504889744692,0.02515402695717446,0.0003621767595147909,0.000245099722362556,0.025154026943660618,112,4
0,retrieval_frozen,adam,8000,43.92044429817172,16,64,0.025175048897445308,0.025154026957173763,0.00036217675950578413,0.00024509972235862147,0.025154026943660618,112,4
0,retrieval_frozen,adam,8000,43.92044429817172,17,0,0.02513397265852693,0.02512624414160247,0.00013329881138815554,9.019397092089625e-05,0.02512624329114095,112,4
0,retrieval_frozen,adam,8000,43.92044429817172,17,16,0.02513397071441389,0.025126243292983616,0.00013328797022994887,9.018923681712296e-05,0.02512624329114095,112,4
0,retrieval_frozen,adam,8000,43.92044429817172,17,64,0.02513397071441367,0.025126243292983522,0.00013328797022872896,9.018923681659032e-05,0.02512624329114095,112,4
0,retrieval_frozen,adam,8000,43.92044429817172,18,0,0.025118868550599617,0.02511602647112301,4.904222139754591e-05,3.318239710254844e-05,0.025116026356048777,112,4
0,retrieval_frozen,adam,8000,43.92044429817172,18,16,0.0251188682875992,0.02511602635630356,4.904075385490113e-05,3.318175631704253e-05,0.025116026356048777,112,4
0,retrieval_frozen,adam,8000,43.92044429817172,18,64,0.025118868287599173,0.02511602635630354,4.904075385473599e-05,3.318175631697038e-05,0.025116026356048777,112,4
0,retrieval_frozen,adam,8000,43.92044429817172,19,0,0.02511331372217015,0.02511226832611381,1.8042210963324593e-05,1.220737743646893e-05,0.025112268310539622,112,4
0,retrieval_frozen,adam,8000,43.92044429817172,19,16,0.025113313686582223,0.02511226831057611,1.804201233552391e-05,1.2207290710888788e-05,0.025112268310539622,112,4
0,retrieval_frozen,adam,8000,43.92044429817172,19,64,0.025113313686582213,0.02511226831057611,1.804201233550156e-05,1.2207290710879028e-05,0.025112268310539622,112,4
0,retrieval_frozen,adam,8000,43.92044429817172,20,0,0.025111270439945748,0.02511088588006177,6.63743779169138e-06,4.4908778002754284e-06,0.02511088587795336,112,4
0,retrieval_frozen,adam,8000,43.92044429817172,20,16,0.02511127043512971,0.025110885877959035,6.637410909470297e-06,4.490866063010852e-06,0.02511088587795336,112,4
0,retrieval_frozen,adam,8000,43.92044429817172,20,64,0.02511127043512971,0.025110885877959035,6.6374109094672715e-06,4.490866063009527e-06,0.02511088587795336,112,4
0,retrieval_frozen,adam,8000,43.92044429817172,21,0,0.02511051878886605,0.0251103773198749,2.4417876385674205e-06,1.6521062996434337e-06,0.025110377319589292,112,4
0,retrieval_frozen,adam,8000,43.92044429817172,21,16,0.025110518788214287,0.025110377319590323,2.4417840004110317e-06,1.6521047111657759e-06,0.025110377319589292,112,4
0,retrieval_frozen,adam,8000,43.92044429817172,21,64,0.025110518788214287,0.025110377319590323,2.441784000410622e-06,1.652104711165597e-06,0.025110377319589292,112,4
0,retrieval_frozen,adam,8000,43.92044429817172,22,0,0.02511024227600688,0.025110190232836716,8.982849244914937e-07,6.077765761963057e-07,0.025110190232797962,112,4
0,retrieval_frozen,adam,8000,43.92044429817172,22,16,0.025110242275918675,0.02511019023279821,8.982844321184076e-07,6.077763612186524e-07,0.025110190232797962,112,4
0,retrieval_frozen,adam,8000,43.92044429817172,22,64,0.025110242275918675,0.02511019023279821,8.982844321183523e-07,6.077763612186287e-07,0.025110190232797962,112,4
0,retrieval_frozen,adam,8000,43.92044429817172,23,0,0.025110140553168347,0.02511012140760514,3.3046075261719314e-07,2.235885930010913e-07,0.025110121407599866,112,4
0,retrieval_frozen,adam,8000,43.92044429817172,23,16,0.02511014055315641,0.025110121407599936,3.3046068598163454e-07,2.2358856390700088e-07,0.025110121407599866,112,4
0,retrieval_frozen,adam,8000,43.92044429817172,23,64,0.02511014055315641,0.025110121407599936,3.30460685981627e-07,2.235885639069977e-07,0.025110121407599866,112,4
0,retrieval_frozen,adam,8000,43.92044429817172,24,0,0.025110103131502803,0.025110096088250374,1.2156974360648246e-07,8.225365825636325e-08,0.025110096088249635,112,4
0,retrieval_frozen,adam,8000,43.92044429817172,24,16,0.025110103131501194,0.025110096088249673,1.2156973458833496e-07,8.225365431890476e-08,0.025110096088249635,112,4
0,retrieval_frozen,adam,8000,43.92044429817172,24,64,0.025110103131501194,0.025110096088249673,1.2156973458833395e-07,8.225365431890447e-08,0.025110096088249635,112,4
0,retrieval_frozen,adam,9000,46.69492835567756,1,0,0.9795978528591223,0.9795978528591225,1.0,1.0,0.7349841529962268,112,4
0,retrieval_frozen,adam,9000,46.69492835567756,1,16,0.7355585378526034,0.7355585378526033,0.6321205849979562,0.6321205849979562,0.7349841529962268,112,4
0,retrieval_frozen,adam,9000,46.69492835567756,1,64,0.7355584984386468,0.7355584984386468,0.6321205588285578,0.6321205588285577,0.7349841529962268,112,4
0,retrieval_frozen,adam,9000,46.69492835567756,2,0,0.9794200238903478,0.9793429730558235,0.9988559582493904,0.9983629578180888,0.7339970259399391,112,4
0,retrieval_frozen,adam,9000,46.69492835567756,2,16,0.7348691451108716,0.7345715871222107,0.6316632519445131,0.631466067347775,0.7339970259399391,112,4
0,retrieval_frozen,adam,9000,46.69492835567756,2,64,0.7348691056883133,0.7345715476960082,0.631663225812967,0.6314660412325417,0.7339970259399391,112,4
0,retrieval_frozen,adam,9000,46.69492835567756,3,0,0.9789307917124989,0.9786386497413535,0.9957598934550315,0.9939399825289417,0.7313122914373338,112,4
0,retrieval_frozen,adam,9000,46.69492835567756,3,16,0.732994414304904,0.7318872952133184,0.6304235755882898,0.6296937345141095,0.7313122914373338,112,4
0,retrieval_frozen,adam,9000,46.69492835567756,3,64,0.7329943748602502,0.7318872557563492,0.6304235495592047,0.6296937085452655,0.7313122914373338,112,4
0,retrieval_frozen,adam,9000,46.69492835567756,4,0,0.9775572397083767,0.9766379066352443,0.9874442295563336,0.9821127836439499,0.7240054608922935,112,4
0,retrieval_frozen,adam,9000,46.69492835567756,4,16,0.7278933635199072,0.7245813996075031,0.6270793051159471,0.6249259316166101,0.7240054608922935,112,4
0,retrieval_frozen,adam,9000,46.69492835567756,4,64,0.7278933240246118,0.724581360085321,0.627079279362224,0.6249259060395299,0.7240054608922935,112,4
0,retrieval_frozen,adam,9000,46.69492835567756,5,0,0.9734910054468753,0.9705376002893589,0.9655544073138801,0.951341016161876,0.7041106813092831,112,4
0,retrieval_frozen,adam,9000,46.69492835567756,5,16,0.7140033626788728,0.7046872471172563,0.6181728388821496,0.6123232162128673,0.7041106813092831,112,4
0,retrieval_frozen,adam,9000,46.69492835567756,5,64,0.7140033231138004,0.7046872075493164,0.6181728138543292,0.6123231916569972,0.7041106813092831,112,4
0,retrieval_frozen,adam,9000,46.69492835567756,6,0,0.9598114479373565,0.9486606944870899,0.9108469066954876,0.876674809557189,0.650407159942852,112,4
0,retrieval_frozen,adam,9000,46.69492835567756,6,16,0.6763163284942048,0.6509728347697586,0.5952416999846488,0.5805008183689017,0.650407159942852,112,4
0,retrieval_frozen,adam,9000,46.69492835567756,6,64,0.6763162892016261,0.650972795943,0.595241676776214,0.5805007962990432,0.650407159942852,112,4
0,retrieval_frozen,adam,9000,46.69492835567756,7,0,0.9017181785442937,0.8485186498833389,0.7900368334706356,0.7225272716766091,0.5162512598021604,112,4
0,retrieval_frozen,adam,9000,46.69492835567756,7,16,0.5783404063473803,0.5167284626349572,0.5409714405006402,0.5086450729705999,0.5162512598021604,112,4
0,retrieval_frozen,adam,9000,46.69492835567756,7,64,0.5783403703096867,0.516728429871732,0.5409714213164281,0.5086450560263027,0.5162512598021604,112,4
0,retrieval_frozen,adam,9000,46.69492835567756,8,0,0.648857461944467,0.47846375092855126,0.5825068752754081,0.48886758560422594,0.28380084862103694,112,4
0,retrieval_frozen,adam,9000,46.69492835567756,8,16,0.3770285034381751,0.28401837658239043,0.43437457902338955,0.3805869708919597,0.28380084862103694,112,4
0,retrieval_frozen,adam,9000,46.69492835567756,8,64,0.37702848097502173,0.2840183616455237,0.4343745666113478,0.3805869614055535,0.28380084862103694,112,4
0,retrieval_frozen,adam,9000,46.69492835567756,9,0,0.23347418476476675,0.135047583066933,0.3416213955490171,0.26016448921443835,0.10694590182420241,112,4
0,retrieval_frozen,adam,9000,46.69492835567756,9,16,0.16139230358581536,0.10698193203712424,0.2841553819341011,0.22595302023082284,0.10694590182420241,112,4
0,retrieval_frozen,adam,9000,46.69492835567756,9,64,0.16139229778190176,0.1069819295636331,0.2841553765706638,0.22595301688710065,0.10694590182420241,112,4
0,retrieval_frozen,adam,9000,46.69492835567756,10,0,0.06934744182318532,0.04812049017262772,0.16146228322797654,0.1145255259041771,0.045641294301796365,112,4
0,retrieval_frozen,adam,9000,46.69492835567756,10,16,0.062100934137554034,0.04564500471052092,0.14719007053542996,0.10736923930994612,0.045641294301796365,112,4
0,retrieval_frozen,adam,9000,46.69492835567756,10,64,0.06210093343986559,0.045645004455857646,0.1471900690754865,0.10736923855493452,0.045641294301796365,112,4
0,retrieval_frozen,adam,9000,46.69492835567756,11,0,0.0338508567631343,0.028752872201811695,0.06644497006035342,0.045416314863760625,0.028500664725817443,112,4
0,retrieval_frozen,adam,9000,46.69492835567756,11,16,0.03317683907460143,0.028501065290225305,0.06386926185396681,0.04424681687598382,0.028500664725817443,112,4
0,retrieval_frozen,adam,9000,46.69492835567756,11,64,0.033176839002714245,0.028501065262735555,0.06386926157582311,0.04424681674776316,0.028500664725817443,112,4
0,retrieval_frozen,adam,9000,46.69492835567756,12,0,0.024780541219615326,0.023241181621421452,0.025567384999072216,0.017201075861019707,0.02321118469987867,112,4
0,retrieval_frozen,adam,9000,46.69492835567756,12,16,0.02470574010076914,0.02321123329507962,0.02517461821914118,0.017030589031634367,0.02321118469987867,112,4
0,retrieval_frozen,adam,9000,46.69492835567756,12,64,0.024705740092503307,0.02321123329174489,0.025174618175653782,0.017030589012638757,0.02321118469987867,112,4
0,retrieval_frozen,adam,9000,46.69492835567756,13,0,0.02193952596222203,0.021416032552855218,0.009568028271946366,0.006397415881388211,0.021412175832132146,112,4
0,retrieval_frozen,adam,9000,46.69492835567756,13,16,0.021930208960799297,0.02141218212323592,0.009512363298703011,0.0063736857150369286,0.021412175832132146,112,4
0,retrieval_frozen,adam,9000,46.69492835567756,13,64,0.02193020895975752,0.021412182122804244,0.009512363292477108,0.006373685712376355,0.021412175832132146,112,4
0,retrieval_frozen,adam,9000,46.69492835567756,14,0,0.02095799340298737,0.020771054247399705,0.0035423976510702312,0.0023630245854903502,0.020770542326163714,112,4
0,retrieval_frozen,adam,9000,46.69492835567756,14,16,0.020956772178994117,0.0207705431634685,0.003534732744737651,0.002359779357659499,0.020770542326163714,112,4
0,retrieval_frozen,adam,9000,46.69492835567756,14,64,0.020956772178857004,0.02077054316341107,0.003534732743877047,0.002359779357294798,0.020770542326163714,112,4
0,retrieval_frozen,adam,9000,46.69492835567756,15,0,0.020605325940516415,0.02053731088937437,0.0013062507639470023,0.0008706073635123506,0.02053724210614399,112,4
0,retrieval_frozen,adam,9000,46.69492835567756,15,16,0.020605162632342362,0.020537242218831308,0.0013052067602215254,0.0008701664735247292,0.02053724210614399,112,4
0,retrieval_frozen,adam,9000,46.69492835567756,15,64,0.020605162632324,0.02053724221882359,0.0013052067601041371,0.0008701664734751392,0.02053724210614399,112,4
0,retrieval_frozen,adam,9000,46.69492835567756,16,0,0.020476716269760855,0.02045179685831831,0.00048096044239865867,0.00032045473755108435,0.020451787574248047,112,4
0,retrieval_frozen,adam,9000,46.69492835567756,16,16,0.020476694266120112,0.020451787589494473,0.00048081881735463313,0.000320394984792538,0.020451787574248047,112,4
0,retrieval_frozen,adam,9000,46.69492835567756,16,64,0.02047669426611764,0.02045178758949343,0.00048081881733870024,0.0003203949847858153,0.020451787574248047,112,4
0,retrieval_frozen,adam,9000,46.69492835567756,17,0,0.020429555773766078,0.020420402209570664,0.00017699205127215382,0.00011791257205926363,0.02042040095432897,112,4
0,retrieval_frozen,adam,9000,46.69492835567756,17,16,0.020429552800758626,0.020420400956402164,0.00017697286770933135,0.00011790448117519673,0.02042040095432897,112,4
0,retrieval_frozen,adam,9000,46.69492835567756,17,64,0.020429552800758293,0.020420400956402022,0.0001769728677071728,0.0001179044811742862,0.02042040095432897,112,4
0,retrieval_frozen,adam,9000,46.69492835567756,18,0,0.020412226991503076,0.020408861446691223,6.511939940990692e-05,4.338084142000301e-05,0.020408861276869812,112,4
0,retrieval_frozen,adam,9000,46.69492835567756,18,16,0.020412226589392242,0.020408861277154553,6.511680236488851e-05,4.337974622732333e-05,0.020408861276869812,112,4
0,retrieval_frozen,adam,9000,46.69492835567756,18,64,0.020412226589392204,0.020408861277154532,6.511680236459625e-05,4.3379746227200115e-05,0.020408861276869812,112,4
0,retrieval_frozen,adam,9000,46.69492835567756,19,0,0.02040585487471728,0.020404617012090426,2.39571254464864e-05,1.595935691774514e-05,0.02040461698910908,112,4
0,retrieval_frozen,adam,9000,46.69492835567756,19,16,0.020405854820309544,0.020404616989149187,2.395677393322029e-05,1.5959208689046717e-05,0.02040461698910908,112,4
0,retrieval_frozen,adam,9000,46.69492835567756,19,64,0.020405854820309537,0.020404616989149187,2.395677393318073e-05,1.595920868903005e-05,0.02040461698910908,112,4
0,retrieval_frozen,adam,9000,46.69492835567756,20,0,0.02040351108093084,0.02040305573083745,8.813474297435166e-06,5.871178477677212e-06,0.020403055727726844,112,4
0,retrieval_frozen,adam,9000,46.69492835567756,20,16,0.020403511073568154,0.020403055727732853,8.81342672322414e-06,5.871158416582171e-06,0.020403055727726844,112,4
0,retrieval_frozen,adam,9000,46.69492835567756,20,64,0.020403511073568154,0.020403055727732853,8.813426723218788e-06,5.871158416579918e-06,0.020403055727726844,112,4
0,retrieval_frozen,adam,9000,46.69492835567756,21,0,0.020402648898397536,0.0204024813890769,3.242314997596146e-06,2.1598938657343275e-06,0.020402481388655712,112,4
0,retrieval_frozen,adam,9000,46.69492835567756,21,16,0.020402648897401128,0.020402481388656732,3.2423085590240795e-06,2.1598911507343544e-06,0.020402481388655712,112,4
0,retrieval_frozen,adam,9000,46.69492835567756,21,64,0.020402648897401128,0.020402481388656732,3.242308559023355e-06,2.1598911507340474e-06,0.020402481388655712,112,4
0,retrieval_frozen,adam,9000,46.69492835567756,22,0,0.020402331726072982,0.020402270103462586,1.1927836005763672e-06,7.945816321335989e-07,0.020402270103405507,112,4
0,retrieval_frozen,adam,9000,46.69492835567756,22,16,0.02040233172593814,0.020402270103405718,1.1927827292052773e-06,7.945812646970142e-07,0.020402270103405507,112,4
0,retrieval_frozen,adam,9000,46.69492835567756,22,64,0.02040233172593814,0.020402270103405718,1.192782729205179e-06,7.945812646969718e-07,0.020402270103405507,112,4
0,retrieval_frozen,adam,9000,46.69492835567756,23,0,0.02040221504582981,0.020402192376222903,4.388009123880964e-07,2.923103934734403e-07,0.020402192376215156,112,4
0,retrieval_frozen,adam,9000,46.69492835567756,23,16,0.02040221504581156,0.02040219237621521,4.3880079446058836e-07,2.923103437462416e-07,0.020402192376215156,112,4
0,retrieval_frozen,adam,9000,46.69492835567756,23,64,0.02040221504581156,0.02040219237621521,4.388007944605752e-07,2.9231034374623595e-07,0.020402192376215156,112,4
0,retrieval_frozen,adam,9000,46.69492835567756,24,0,0.020402172121693613,0.020402163782022736,1.6142588152747034e-07,1.0753500405047654e-07,0.02040216378202167,112,4
0,retrieval_frozen,adam,9000,46.69492835567756,24,16,0.020402172121691146,0.02040216378202169,1.61425865567705e-07,1.0753499732062903e-07,0.02040216378202167,112,4
0,retrieval_frozen,adam,9000,46.69492835567756,24,64,0.020402172121691146,0.02040216378202169,1.6142586556770323e-07,1.0753499732062825e-07,0.02040216378202167,112,4
0,retrieval_frozen,adam,10000,49.26842521616799,1,0,0.9832547368674068,0.9832547368674069,1.0,1.0,0.7453191571102311,112,4
0,retrieval_frozen,adam,10000,49.26842521616799,1,16,0.7457721035146339,0.7457721035146339,0.6321205849979562,0.6321205849979562,0.7453191571102311,112,4
0,retrieval_frozen,adam,10000,49.26842521616799,1,64,0.7457720630997672,0.7457720630997673,0.6321205588285578,0.6321205588285577,0.7453191571102311,112,4
0,retrieval_frozen,adam,10000,49.26842521616799,2,0,0.983137688306647,0.9830849965770427,0.9991303739063222,0.9987406269420337,0.7445406805539245,112,4
0,retrieval_frozen,adam,10000,49.26842521616799,2,16,0.7452348966932588,0.744993815701492,0.6317729864760872,0.6316171359557615,0.7445406805539245,112,4
0,retrieval_frozen,adam,10000,49.26842521616799,2,64,0.7452348562666684,0.7449937752696867,0.6317729603354609,0.6316171098280314,0.7445406805539245,112,4
0,retrieval_frozen,adam,10000,49.26842521616799,3,0,0.98281634493151,0.9826172262234711,0.9967744672696173,0.9953332717981644,0.7424229666625695,112,4
0,retrieval_frozen,adam,10000,49.26842521616799,3,16,0.7437738057994245,0.7428765962621262,0.6308301351874105,0.6302526635498048,0.7424229666625695,112,4
0,retrieval_frozen,adam,10000,49.26842521616799,3,64,0.7437737653417942,0.7428765557859379,0.6308301091247456,0.6302526375348393,0.7424229666625695,112,4
0,retrieval_frozen,adam,10000,49.26842521616799,4,0,0.9819191450876777,0.9812979557007157,0.9904288146684384,0.9861875354735642,0.7366555069410442,112,4
0,retrieval_frozen,adam,10000,49.26842521616799,4,16,0.7397964816524161,0.7371103439840626,0.6282820227733206,0.6265732619468689,0.7366555069410442,112,4
0,retrieval_frozen,adam,10000,49.26842521616799,4,64,0.7397964411165098,0.7371103033994258,0.6282819969207404,0.6265732362347665,0.7366555069410442,112,4
0,retrieval_frozen,adam,10000,49.26842521616799,5,0,0.9793001326296807,0.9773456946905631,0.9735988217239674,0.9621555352642353,0.720914499587661,112,4
0,retrieval_frozen,adam,10000,49.26842521616799,5,16,0.7289496309318321,0.7213716284834808,0.6214631177805642,0.6167853282281572,0.720914499587661,112,4
0,retrieval_frozen,adam,10000,49.26842521616799,5,64,0.7289495902275972,0.721371587692476,0.6214630924858131,0.6167853033130969,0.720914499587661,112,4
0,retrieval_frozen,adam,10000,49.26842521616799,6,0,0.9707543763806952,0.963652248291028,0.9307259177077718,0.9023811773475792,0.6779871619232484,112,4
0,retrieval_frozen,adam,10000,49.26842521616799,6,16,0.6993298145226633,0.6784436770710627,0.6036852102047595,0.5916614368300177,0.6779871619232484,112,4
0,retrieval_frozen,adam,10000,49.26842521616799,6,64,0.6993297736744025,0.6784436363302846,0.6036851863345396,0.5916614139033782,0.6779871619232484,112,4
0,retrieval_frozen,adam,10000,49.26842521616799,7,0,0.9355851120073507,0.9016458935759858,0.8317854446877649,0.772008598455586,0.5657424386893334,112,4
0,retrieval_frozen,adam,10000,49.26842521616799,7,16,0.6200343177058253,0.5661589678722698,0.5603061505841047,0.5326801958846782,0.5657424386893334,112,4
0,retrieval_frozen,adam,10000,49.26842521616799,7,64,0.6200342783955851,0.5661589306918708,0.560306130010496,0.532680177301201,0.5657424386893334,112,4
0,retrieval_frozen,adam,10000,49.26842521616799,8,0,0.760229381953849,0.608835089103114,0.6469698886458375,0.5543143942329115,0.3407536186651345,112,4
0,retrieval_frozen,adam,10000,49.26842521616799,8,16,0.43875340262274926,0.3409894754984062,0.46943892712065777,0.4191102526253038,0.3407536186651345,112,4
0,retrieval_frozen,adam,10000,49.26842521616799,8,64,0.4387533738314887,0.34098945444114825,0.46943891264181076,0.419110241121262,0.3407536186651345,112,4
0,retrieval_frozen,adam,10000,49.26842521616799,9,0,0.32331773859698043,0.1799372756102095,0.4054774326261463,0.3137902568080233,0.12876924904643341,112,4
0,retrieval_frozen,adam,10000,49.26842521616799,9,16,0.20045527201757046,0.1288164644128306,0.32716288758962037,0.2653351273803321,0.12876924904643341,112,4
0,retrieval_frozen,adam,10000,49.26842521616799,9,64,0.20045526255359708,0.12881646019797738,0.3271628804984913,0.26533512276945675,0.12876924904643341,112,4
0,retrieval_frozen,adam,10000,49.26842521616799,10,0,0.08426954890125694,0.05215285069028522,0.2022567920137935,0.14397367734169747,0.04784387112981325,112,4
0,retrieval_frozen,adam,10000,49.26842521616799,10,16,0.07056621583996493,0.04784867682359004,0.18038707907373733,0.13284286443745824,0.04784387112981325,112,4
0,retrieval_frozen,adam,10000,49.26842521616799,10,64,0.07056621459217383,0.0478486763946819,0.18038707688596486,0.1328428632816911,0.04784387112981325,112,4
0,retrieval_frozen,adam,10000,49.26842521616799,11,0,0.03347112223225509,0.026644498656284304,0.08580259787311204,0.05826355651142575,0.02624331471497238,112,4
0,retrieval_frozen,adam,10000,49.26842521616799,11,16,0.03230421632976965,0.026243799842854208,0.08155335612545023,0.056352745970591485,0.02624331471497238,112,4
0,retrieval_frozen,adam,10000,49.26842521616799,11,64,0.03230421620792904,0.02624379979956107,0.08155335567194759,0.05635274576261029,0.02624331471497238,112,4
0,retrieval_frozen,adam,10000,49.26842521616799,12,0,0.021918627212049395,0.020006446508367116,0.03346810179605837,0.022252929482828046,0.019961004282813603,112,4
0,retrieval_frozen,adam,10000,49.26842521616799,12,16,0.021798406769107468,0.019961060724442734,0.03279674277866622,0.0219684233485529,0.019961004282813603,112,4
0,retrieval_frozen,adam,10000,49.26842521616799,12,64,0.021798406755911666,0.019961060719406145,0.03279674270470866,0.02196842331694529,0.019961004282813603,112,4
0,retrieval_frozen,adam,10000,49.26842521616799,13,0,0.018525653246273078,0.017896002961022825,0.012592735942114729,0.008303105469104838,0.01789028025731782,112,4
0,retrieval_frozen,adam,10000,49.26842521616799,13,16,0.01851119711390886,0.01789028743000874,0.012496184535146409,0.008263176038843223,0.01789028025731782,112,4
0,retrieval_frozen,adam,10000,49.26842521616799,13,64,0.01851119711229605,0.01789028742936873,0.01249618452436895,0.008263176034371367,0.01789028025731782,112,4
0,retrieval_frozen,adam,10000,49.26842521616799,14,0,0.017384151546113277,0.017162098284840475,0.004671833757752936,0.0030706464563122382,0.017161344760545223,112,4
0,retrieval_frozen,adam,10000,49.26842521616799,14,16,0.017382283338659037,0.017161345708176467,0.004658463800548298,0.0030651688631185866,0.017161344760545223,112,4
0,retrieval_frozen,adam,10000,49.26842521616799,14,64,0.017382283338449444,0.01716134570809193,0.004658463799048261,0.0030651688625032633,0.017161344760545223,112,4
0,retrieval_frozen,adam,10000,49.26842521616799,15,0,0.01697814818245008,0.01689773534600589,0.0017240454154382964,0.0011318229798257839,0.01689763440491411,112,4
0,retrieval_frozen,adam,10000,49.26842521616799,15,16,0.016977899695663403,0.01689763453207011,0.0017222205083267334,0.0011310779449631582,0.01689763440491411,112,4
0,retrieval_frozen,adam,10000,49.26842521616799,15,64,0.016977899695635474,0.016897634532058777,0.001722220508121597,0.001131077944879371,0.01689763440491411,112,4
0,retrieval_frozen,adam,10000,49.26842521616799,16,0,0.016830647312861612,0.016801236724730183,0.0006349714287415962,0.00041667229415594026,0.016801223115348533,112,4
0,retrieval_frozen,adam,10000,49.26842521616799,16,16,0.01683061389943081,0.016801223132524114,0.0006347236764211601,0.00041657127831103906,0.016801223115348533,112,4
0,retrieval_frozen,adam,10000,49.26842521616799,16,64,0.01683061389942705,0.0168012231325226,0.0006347236763932908,0.000416571278299674,0.016801223115348533,112,4
0,retrieval_frozen,adam,10000,49.26842521616799,17,0,0.016776635114099808,0.016765838740251834,0.0002336919705597307,0.00015332552505892944,0.016765836900976876,112,4
0,retrieval_frozen,adam,10000,49.26842521616799,17,16,0.01677663060280179,0.016765836903307522,0.0002336584020601537,0.00015331184475569844,0.016765836900976876,112,4
0,retrieval_frozen,adam,10000,49.26842521616799,17,64,0.01677663060280128,0.016765836903307317,0.00023365840205637664,0.00015331184475415887,0.016765836900976876,112,4
0,retrieval_frozen,adam,10000,49.26842521616799,18,0,0.01675679895102262,0.01675283032109059,8.598388285832309e-05,5.641077180800776e-05,0.01675283007229606,112,4
0,retrieval_frozen,adam,10000,49.26842521616799,18,16,0.016756798341018158,0.016752830072614668,8.597933791826765e-05,5.6408919917183735e-05,0.01675283007229606,112,4
0,retrieval_frozen,adam,10000,49.26842521616799,18,64,0.01675679834101809,0.016752830072614636,8.597933791775626e-05,5.640891991697532e-05,0.01675283007229606,112,4
0,retrieval_frozen,adam,10000,49.26842521616799,19,0,0.016749506207467263,0.016748046654122956,3.1633518210904086e-05,2.0753102688329448e-05,0.016748046620457396,112,4
0,retrieval_frozen,adam,10000,49.26842521616799,19,16,0.01674950612493868,0.016748046620501746,3.163290302363864e-05,2.0752852039097236e-05,0.016748046620457396,112,4
0,retrieval_frozen,adam,10000,49.26842521616799,19,64,0.01674950612493867,0.01674804662050173,3.163290302356941e-05,2.0752852039069033e-05,0.016748046620457396,112,4
0,retrieval_frozen,adam,10000,49.26842521616799,20,0,0.0167468239757742,0.01674628709348358,1.163756671457842e-05,7.634739902108588e-06,0.016746287088927315,112,4
0,retrieval_frozen,adam,10000,49.26842521616799,20,16,0.016746823964606493,0.016746287088933748,1.1637483453229532e-05,7.634705979275397e-06,0.016746287088927315,112,4
0,retrieval_frozen,adam,10000,49.26842521616799,20,64,0.016746823964606493,0.016746287088933748,1.1637483453220162e-05,7.634705979271587e-06,0.016746287088927315,112,4
0,retrieval_frozen,adam,10000,49.26842521616799,21,0,0.01674583732160589,0.01674563982141379,4.2812547941914745e-06,2.8086773936204736e-06,0.01674563982079702,112,4
0,retrieval_frozen,adam,10000,49.26842521616799,21,16,0.016745837320094572,0.01674563982079806,4.281243525753949e-06,2.8086728026070636e-06,0.01674563982079702,112,4
0,retrieval_frozen,adam,10000,49.26842521616799,21,64,0.016745837320094572,0.01674563982079806,4.281243525752681e-06,2.8086728026065447e-06,0.01674563982079702,112,4
0,retrieval_frozen,adam,10000,49.26842521616799,22,0,0.01674547436315278,0.016745401707943343,1.574990121776064e-06,1.0332565031168145e-06,0.016745401707859812,112,4
0,retrieval_frozen,adam,10000,49.26842521616799,22,16,0.016745474362948248,0.016745401707860003,1.5749885967469654e-06,1.0332558817878665e-06,0.016745401707859812,112,4
0,retrieval_frozen,adam,10000,49.26842521616799,22,64,0.016745474362948248,0.016745401707860003,1.5749885967467939e-06,1.0332558817877968e-06,0.016745401707859812,112,4
0,retrieval_frozen,adam,10000,49.26842521616799,23,0,0.01674534083973334,0.016745314111517716,5.794070949388157e-07,3.8011407303990413e-07,0.01674531411150638,112,4
0,retrieval_frozen,adam,10000,49.26842521616799,23,16,0.016745340839705657,0.016745314111506423,5.794068885479774e-07,3.8011398895203295e-07,0.01674531411150638,112,4
0,retrieval_frozen,adam,10000,49.26842521616799,23,64,0.016745340839705657,0.016745314111506423,5.794068885479543e-07,3.8011398895202347e-07,0.01674531411150638,112,4
0,retrieval_frozen,adam,10000,49.26842521616799,24,0,0.016745291719419943,0.016745281886678155,2.1315204072825814e-07,1.398361863462117e-07,0.01674528188667662,112,4
0,retrieval_frozen,adam,10000,49.26842521616799,24,16,0.016745291719416196,0.016745281886676632,2.1315201279626613e-07,1.3983617496614897e-07,0.01674528188667662,112,4
0,retrieval_frozen,adam,10000,49.26842521616799,24,64,0.016745291719416196,0.016745281886676632,2.1315201279626292e-07,1.398361749661475e-07,0.01674528188667662,112,4
0,retrieval_frozen,adam,11000,51.67194035252699,1,0,0.9861323589868911,0.986132358986891,1.0,1.0,0.754888871391215,112,4
0,retrieval_frozen,adam,11000,51.67194035252699,1,16,0.7552452366097013,0.7552452366097014,0.6321205849979562,0.6321205849979562,0.754888871391215,112,4
0,retrieval_frozen,adam,11000,51.67194035252699,1,64,0.7552451953540188,0.7552451953540188,0.6321205588285578,0.6321205588285577,0.754888871391215,112,4
0,retrieval_frozen,adam,11000,51.67194035252699,2,0,0.9860548627418398,0.9860186677319085,0.9993374500925128,0.9990291118358223,0.7542763847918815,112,4
0,retrieval_frozen,adam,11000,51.67194035252699,2,16,0.7548275193428774,0.7546329131756784,0.6318557778891004,0.6317325023561347,0.7542763847918815,112,4
0,retrieval_frozen,adam,11000,51.67194035252699,2,64,0.7548274780742431,0.7546328719010418,0.6318557517416227,0.631732476218859,0.7542763847918815,112,4
0,retrieval_frozen,adam,11000,51.67194035252699,3,0,0.9858424869380816,0.9857061007715472,0.9975411027610163,0.9963994665211579,0.7526100786603434,112,4
0,retrieval_frozen,adam,11000,51.67194035252699,3,16,0.7536913566208953,0.7529670412875173,0.6311371335272096,0.6306799885104809,0.7526100786603434,112,4
0,retrieval_frozen,adam,11000,51.67194035252699,3,64,0.7536913153175815,0.7529669999624345,0.631137107439173,0.6306799624602261,0.7526100786603434,112,4
0,retrieval_frozen,adam,11000,51.67194035252699,4,0,0.9852523624367515,0.9848300915294427,0.992692208741005,0.9893208129453614,0.7480707172644553,112,4
0,retrieval_frozen,adam,11000,51.67194035252699,4,16,0.7505980110963607,0.7484287918716722,0.6291923009534551,0.6278366032387177,0.7480707172644553,112,4
0,retrieval_frozen,adam,11000,51.67194035252699,4,64,0.7505979697026547,0.7484287504173853,0.6291922750259253,0.6278365774228255,0.7480707172644553,112,4
0,retrieval_frozen,adam,11000,51.67194035252699,5,0,0.9835509803303433,0.982247296694712,0.9797579997213415,0.9705776898020793,0.7356671992960928,112,4
0,retrieval_frozen,adam,11000,51.67194035252699,5,16,0.7421561474345146,0.7360277957181767,0.6239687055808826,0.6202354804753302,0.7356671992960928,112,4
0,retrieval_frozen,adam,11000,51.67194035252699,5,64,0.7421561058235563,0.7360277539706849,0.6239686800818843,0.6202354552807522,0.7356671992960928,112,4
0,retrieval_frozen,adam,11000,51.67194035252699,6,0,0.9781590674128895,0.9736067195045497,0.9463182724463648,0.9230419003901806,0.7016463596950007,112,4
0,retrieval_frozen,adam,11000,51.67194035252699,6,16,0.719025759645274,0.70201023805666,0.610218210179125,0.6004739855995634,0.7016463596950007,112,4
0,retrieval_frozen,adam,11000,51.67194035252699,6,64,0.7190257176491465,0.7020101959260312,0.6102181857903254,0.6004739619848724,0.7016463596950007,112,4
0,retrieval_frozen,adam,11000,51.67194035252699,7,0,0.9569816397083712,0.9360157045234941,0.8663752228577403,0.8145929098419326,0.609982312381254,112,4
0,retrieval_frozen,adam,11000,51.67194035252699,7,16,0.6559704814443262,0.6103326253092571,0.5758507577935725,0.5526132911610658,0.609982312381254,112,4
0,retrieval_frozen,adam,11000,51.67194035252699,7,64,0.6559704397704981,0.6103325847427111,0.5758507360671875,0.552613271160765,0.609982312381254,112,4
0,retrieval_frozen,adam,11000,51.67194035252699,8,0,0.8458215575473149,0.731317703183303,0.7059876146081226,0.6174089785732866,0.40334296732872166,112,4
0,retrieval_frozen,adam,11000,51.67194035252699,8,16,0.49984263066553314,0.40358243764235624,0.4999332707663187,0.45420509297467393,0.40334296732872166,112,4
0,retrieval_frozen,adam,11000,51.67194035252699,8,64,0.49984259604059605,0.4035824099058713,0.49993325436094055,0.45420507946335087,0.40334296732872166,112,4
0,retrieval_frozen,adam,11000,51.67194035252699,9,0,0.44292280802284234,0.2519223129610331,0.4719855537420972,0.37238194811444814,0.16050050162976065,112,4
0,retrieval_frozen,adam,11000,51.67194035252699,9,16,0.25118522764847434,0.16056138582745713,0.36935170794866107,0.30605454338787824,0.16050050162976065,112,4
0,retrieval_frozen,adam,11000,51.67194035252699,9,64,0.2511852130454749,0.16056137877577942,0.3693516989331152,0.3060545372532034,0.16050050162976065,112,4
0,retrieval_frozen,adam,11000,51.67194035252699,10,0,0.11133007885483946,0.06085408075402309,0.24972696022579616,0.17913428466368295,0.05310826140737259,112,4
0,retrieval_frozen,adam,11000,51.67194035252699,10,16,0.0849791465011308,0.053114645335527316,0.2172847168894864,0.16222229132188848,0.05310826140737259,112,4
0,retrieval_frozen,adam,11000,51.67194035252699,10,64,0.08497914425583275,0.053114644596266816,0.2172847137242752,0.16222228959837393,0.05310826140737259,112,4
0,retrieval_frozen,adam,11000,51.67194035252699,11,0,0.03531528288389143,0.025818989363764092,0.10986948871167411,0.07430945253395607,0.025165776710213857,112,4
0,retrieval_frozen,adam,11000,51.67194035252699,11,16,0.03322182587719146,0.025166377144744047,0.1029992944674495,0.07122905478863757,0.025165776710213857,112,4
0,retrieval_frozen,adam,11000,51.67194035252699,11,64,0.03322182566502938,0.025166377075220757,0.10299929374465824,0.07122905445635445,0.025165776710213857,112,4
0,retrieval_frozen,adam,11000,51.67194035252699,12,0,0.02006108210931995,0.017643163138242685,0.043597552470460765,0.028683494209457656,0.017573617582978603,112,4
0,retrieval_frozen,adam,11000,51.67194035252699,12,16,0.019864129965290123,0.017573683876327822,0.04246306262568346,0.02821253881136198,0.017573617582978603,112,4
0,retrieval_frozen,adam,11000,51.67194035252699,12,64,0.019864129943874462,0.017573683868652226,0.04246306250151281,0.028212538759233123,0.017573617582978603,112,4
0,retrieval_frozen,adam,11000,51.67194035252699,13,0,0.01594113131054074,0.01517852728880066,0.016519374641873426,0.010746812656433976,0.015170005821416433,112,4
0,retrieval_frozen,adam,11000,51.67194035252699,13,16,0.015918532979311405,0.015170014042713963,0.016353111777408343,0.010680015631439856,0.015170005821416433,112,4
0,retrieval_frozen,adam,11000,51.67194035252699,13,64,0.015918532976797857,0.015170014041762145,0.016353111758897372,0.010680015623969563,0.015170005821416433,112,4
0,retrieval_frozen,adam,11000,51.67194035252699,14,0,0.014604049217002979,0.014339635792140626,0.006145062376863039,0.003980557184833767,0.01433852577648773,112,4
0,retrieval_frozen,adam,11000,51.67194035252699,14,16,0.014601184776352668,0.014338526852010973,0.006121868913376823,0.003971357173351879,0.01433852577648773,112,4
0,retrieval_frozen,adam,11000,51.67194035252699,14,64,0.014601184776031654,0.014338526851886465,0.0061218689107772,0.003971357172318947,0.01433852577648773,112,4
0,retrieval_frozen,adam,11000,51.67194035252699,15,0,0.014135048083871896,0.014039906106669537,0.002269984593192676,0.0014680569767591652,0.014039758013706582,112,4
0,retrieval_frozen,adam,11000,51.67194035252699,15,16,0.014134669908649204,0.014039758157464666,0.002266810056686305,0.001466803776475255,0.014039758013706582,112,4
0,retrieval_frozen,adam,11000,51.67194035252699,15,64,0.01413466990860671,0.01403975815744803,0.0022668100563295887,0.0014668037763343456,0.014039758013706582,112,4
0,retrieval_frozen,adam,11000,51.67194035252699,16,0,0.013965544018885641,0.013930828884980482,0.0008363526391647104,0.0005405693388957408,0.013930808948472125,112,4
0,retrieval_frozen,adam,11000,51.67194035252699,16,16,0.013965493307398479,0.01393080896785484,0.0008359212154701572,0.0005403993299537732,0.013930808948472125,112,4
0,retrieval_frozen,adam,11000,51.67194035252699,16,64,0.013965493307392777,0.013930808967852596,0.0008359212154216335,0.0005403993299346471,0.013930808948472125,112,4
0,retrieval_frozen,adam,11000,51.67194035252699,17,0,0.013903594004448534,0.013890861545351147,0.00030784946615170064,0.00019893228401583084,0.01389085885248686,112,4
0,retrieval_frozen,adam,11000,51.67194035252699,17,16,0.013903587164682913,0.013890858855112518,0.0003077909894266098,0.00019890925550711844,0.01389085885248686,112,4
0,retrieval_frozen,adam,11000,51.67194035252699,17,64,0.013903587164682143,0.013890858855112213,0.0003077909894200305,0.00019890925550452727,0.01389085885248686,112,4
0,retrieval_frozen,adam,11000,51.67194035252699,18,0,0.013880858792633729,0.013876179989872497,0.00011327485728397451,7.319229614084611e-05,0.01387617962569187,112,4
0,retrieval_frozen,adam,11000,51.67194035252699,18,16,0.013880857868130429,0.013876179626049598,0.00011326693883746264,7.31891785594692e-05,0.01387617962569187,112,4
0,retrieval_frozen,adam,11000,51.67194035252699,18,64,0.013880857868130326,0.01387617962604955,0.00011326693883657162,7.318917855911847e-05,0.01387617962569187,112,4
0,retrieval_frozen,adam,11000,51.67194035252699,19,0,0.013872502400777134,0.013870781869817437,4.167465462111112e-05,2.6927186120488445e-05,0.01387078182054301,112,4
0,retrieval_frozen,adam,11000,51.67194035252699,19,16,0.01387250227571687,0.01387078182059237,4.167358275260595e-05,2.6926764151346752e-05,0.01387078182054301,112,4
0,retrieval_frozen,adam,11000,51.67194035252699,19,64,0.013872502275716856,0.01387078182059236,4.1673582752485345e-05,2.6926764151299257e-05,0.01387078182054301,112,4
0,retrieval_frozen,adam,11000,51.67194035252699,20,0,0.013869429260492934,0.013868796407836772,1.533167682326548e-05,9.906126701399736e-06,0.013868796401168497,112,4
0,retrieval_frozen,adam,11000,51.67194035252699,20,16,0.013869429243570739,0.01386879640117553,1.533153175051753e-05,9.906069591577692e-06,0.013868796401168497,112,4
0,retrieval_frozen,adam,11000,51.67194035252699,20,64,0.013869429243570736,0.01386879640117553,1.5331531750501205e-05,9.906069591571253e-06,0.013868796401168497,112,4
0,retrieval_frozen,adam,11000,51.67194035252699,21,0,0.013868298851284308,0.013868066050701053,5.6402666508577386e-06,3.644283162191904e-06,0.013868066049798507,112,4
0,retrieval_frozen,adam,11000,51.67194035252699,21,16,0.01386829884899428,0.013868066049799588,5.640247016842622e-06,3.6442754330930594e-06,0.013868066049798507,112,4
0,retrieval_frozen,adam,11000,51.67194035252699,21,64,0.01386829884899428,0.013868066049799588,5.640247016840411e-06,3.6442754330921857e-06,0.013868066049798507,112,4
0,retrieval_frozen,adam,11000,51.67194035252699,22,0,0.013867883015370355,0.013867797374567422,2.0749459862225727e-06,1.3406599398104273e-06,0.013867797374445231,112,4
0,retrieval_frozen,adam,11000,51.67194035252699,22,16,0.013867883015060438,0.013867797374445424,2.0749433290200075e-06,1.3406588937844251e-06,0.013867797374445231,112,4
0,retrieval_frozen,adam,11000,51.67194035252699,22,64,0.013867883015060438,0.013867797374445424,2.0749433290197085e-06,1.3406588937843085e-06,0.013867797374445231,112,4
0,retrieval_frozen,adam,11000,51.67194035252699,23,0,0.013867730040376015,0.013867698535121526,7.633310312651881e-07,4.932016471900357e-07,0.01386769853510497,112,4
0,retrieval_frozen,adam,11000,51.67194035252699,23,16,0.013867730040334076,0.013867698535105019,7.63330671650554e-07,4.932015056255004e-07,0.01386769853510497,112,4
0,retrieval_frozen,adam,11000,51.67194035252699,23,64,0.013867730040334076,0.013867698535105019,7.633306716505134e-07,4.932015056254847e-07,0.01386769853510497,112,4
0,retrieval_frozen,adam,11000,51.67194035252699,24,0,0.013867673764357479,0.013867662174254027,2.8081393685483033e-07,1.8143880288699992e-07,0.01386766217425178,112,4
0,retrieval_frozen,adam,11000,51.67194035252699,24,16,0.013867673764351801,0.013867662174251791,2.808138881862137e-07,1.81438783728308e-07,0.01386766217425178,112,4
0,retrieval_frozen,adam,11000,51.67194035252699,24,64,0.013867673764351801,0.013867662174251791,2.8081388818620824e-07,1.8143878372830608e-07,0.01386766217425178,112,4
0,retrieval_frozen,adam,12000,53.929567147825715,1,0,0.9884221627510816,0.9884221627510815,1.0,1.0,0.7637835119685097,112,4
0,retrieval_frozen,adam,12000,53.929567147825715,1,16,0.7640629285754221,0.7640629285754222,0.6321205849979562,0.6321205849979562,0.7637835119685097,112,4
0,retrieval_frozen,adam,12000,53.929567147825715,1,64,0.7640628866171221,0.7640628866171221,0.6321205588285578,0.6321205588285577,0.7637835119685097,112,4
0,retrieval_frozen,adam,12000,53.929567147825715,2,0,0.9883706515160895,0.9883457165661237,0.9994950720609049,0.9992513582876626,0.7633032944246102,112,4
0,retrieval_frozen,adam,12000,53.929567147825715,2,16,0.7637392193250607,0.7635828385503506,0.6319187882080294,0.631821363003521,0.7633032944246102,112,4
0,retrieval_frozen,adam,12000,53.929567147825715,2,64,0.7637391773538068,0.7635827965728598,0.6319187620553367,0.6318213368588917,0.7633032944246102,112,4
0,retrieval_frozen,adam,12000,53.929567147825715,3,0,0.9882297012251152,0.9881359739489639,0.9981252458957667,0.9972219924236422,0.7619968313210246,112,4
0,retrieval_frozen,adam,12000,53.929567147825715,3,16,0.7628587574632688,0.7622767175218949,0.6313709328850974,0.6310094230608635,0.7619968313210246,112,4
0,retrieval_frozen,adam,12000,53.929567147825715,3,64,0.7628587154571308,0.7622766754929227,0.6313709067777301,0.631009396983387,0.7619968313210246,112,4
0,retrieval_frozen,adam,12000,53.929567147825715,4,0,0.9878396417806643,0.987551334182164,0.9944215755941775,0.9917470318656142,0.7584376085209835,112,4
0,retrieval_frozen,adam,12000,53.929567147825715,4,16,0.7604615822597316,0.7587183909321914,0.6298867511534257,0.6288128508189699,0.7584376085209835,112,4
0,retrieval_frozen,adam,12000,53.929567147825715,4,64,0.76046154016119,0.7587183487683322,0.6298867251686417,0.628812824922731,0.7584376085209835,112,4
0,retrieval_frozen,adam,12000,53.929567147825715,5,0,0.9867270770799352,0.9858517085913827,0.984498593388014,0.9771638920485316,0.7487086443686871,112,4
0,retrieval_frozen,adam,12000,53.929567147825715,5,16,0.7539186012180313,0.7489916150601393,0.6258892014992805,0.6229185083781079,0.7487086443686871,112,4
0,retrieval_frozen,adam,12000,53.929567147825715,5,64,0.7539185588861663,0.7489915725668492,0.6258891758431566,0.622918482965084,0.7487086443686871,112,4
0,retrieval_frozen,adam,12000,53.929567147825715,6,0,0.9832933338828708,0.9803508972975066,0.9585473580913187,0.9396068993905152,0.7219489412850293,112,4
0,retrieval_frozen,adam,12000,53.929567147825715,6,16,0.7359655519597786,0.7222360555725715,0.615287573035023,0.6074406006656979,0.7219489412850293,112,4
0,retrieval_frozen,adam,12000,53.929567147825715,6,64,0.7359655091244045,0.722236012454893,0.6152875482398789,0.6074405764998796,0.7219489412850293,112,4
0,retrieval_frozen,adam,12000,53.929567147825715,7,0,0.9704891080446701,0.9576847261148472,0.8947329790429256,0.8507261582650079,0.6485127961420932,112,4
0,retrieval_frozen,adam,12000,53.929567147825715,7,16,0.6865187740269583,0.6487989146479101,0.5882848776009667,0.5690084891797187,0.6485127961420932,112,4
0,retrieval_frozen,adam,12000,53.929567147825715,7,64,0.6865187307408958,0.648798871674863,0.5882848549294142,0.5690084679750561,0.6485127961420932,112,4
0,retrieval_frozen,adam,12000,53.929567147825715,8,0,0.9041497620761598,0.8280333378076681,0.7587561299988093,0.6767198899304302,0.4675966930808467,112,4
0,retrieval_frozen,adam,12000,53.929567147825715,8,16,0.557044052012232,0.467824253841547,0.5259828163083141,0.4855092661812554,0.4675966930808467,112,4
0,retrieval_frozen,adam,12000,53.929567147825715,8,64,0.5570440125768258,0.46782421965733767,0.5259827981615707,0.4855092507433305,0.4675966930808467,112,4
0,retrieval_frozen,adam,12000,53.929567147825715,9,0,0.5805564683967411,0.35918653891848423,0.5393149872867019,0.43491181677824753,0.20413238247351823,112,4
0,retrieval_frozen,adam,12000,53.929567147825715,9,16,0.31269239358809864,0.204208282445833,0.4095940852344232,0.3470663636740589,0.20413238247351823,112,4
0,retrieval_frozen,adam,12000,53.929567147825715,9,64,0.3126923724871539,0.20420827104358463,0.4095940741715823,0.3470663557851138,0.20413238247351823,112,4
0,retrieval_frozen,adam,12000,53.929567147825715,10,0,0.1580431516508983,0.07693025182360455,0.3038817585902163,0.2206210937217313,0.062489632905793104,112,4
0,retrieval_frozen,adam,12000,53.929567147825715,10,16,0.10752432372421945,0.06249831883352066,0.257284098893274,0.1955173809035601,0.062489632905793104,112,4
0,retrieval_frozen,adam,12000,53.929567147825715,10,64,0.10752431970828259,0.062498317528841225,0.25728409446998823,0.19551737839996194,0.062489632905793104,112,4
0,retrieval_frozen,adam,12000,53.929567147825715,11,0,0.040251336378738775,0.02638461985652886,0.13956240856853397,0.09430839698768671,0.02528564546156867,112,4
0,retrieval_frozen,adam,12000,53.929567147825715,11,16,0.03632632027296461,0.02528640947925305,0.12867268736727086,0.08940156660280191,0.02528564546156867,112,4
0,retrieval_frozen,adam,12000,53.929567147825715,11,64,0.036326319891334835,0.02528640936450451,0.12867268624118472,0.08940156607934112,0.02528564546156867,112,4
0,retrieval_frozen,adam,12000,53.929567147825715,12,0,0.019140474831356162,0.016002250808213304,0.056586695319769266,0.0368924799420897,0.01589393352120759,112,4
0,retrieval_frozen,adam,12000,53.929567147825715,12,16,0.01880818051603198,0.015894012656328657,0.054687644637468,0.03611702708831006,0.01589393352120759,112,4
0,retrieval_frozen,adam,12000,53.929567147825715,12,64,0.018808180480380056,0.015894012644443834,0.05468764443131887,0.036117027002878575,0.01589393352120759,112,4
0,retrieval_frozen,adam,12000,53.929567147825715,13,0,0.014015739236716568,0.013081007803183322,0.021636425301613898,0.013895902944327814,0.013068204693475218,112,4
0,retrieval_frozen,adam,12000,53.929567147825715,13,16,0.013979887971588901,0.013068214198881302,0.021351273079323198,0.013784427029598232,0.013068204693475218,112,4
0,retrieval_frozen,adam,12000,53.929567147825715,13,64,0.01397988796761796,0.01306821419745381,0.02135127304768267,0.013784427017153912,0.013068204693475218,112,4
0,retrieval_frozen,adam,12000,53.929567147825715,14,0,0.01243140651181866,0.012114687886117359,0.008076938512012676,0.005157298378292636,0.012113044039265851,112,4
0,retrieval_frozen,adam,12000,53.929567147825715,14,16,0.012426980538295353,0.012113045266518685,0.008036773844890243,0.005141865443549348,0.012113044039265851,112,4
0,retrieval_frozen,adam,12000,53.929567147825715,14,64,0.012426980537800034,0.012113045266334391,0.00803677384039425,0.005141865441817795,0.012113044039265851,112,4
0,retrieval_frozen,adam,12000,53.929567147825715,15,0,0.01188615658882348,0.011773185507916267,0.0029875637020141082,0.0019034667065210506,0.01177296739277561,112,4
0,retrieval_frozen,adam,12000,53.929567147825715,15,16,0.011885578211106067,0.011772967555973336,0.002982046098316727,0.001901360430467109,0.01177296739277561,112,4
0,retrieval_frozen,adam,12000,53.929567147825715,15,64,0.011885578211041109,0.011772967555948834,0.002982046097697026,0.00190136043023034,0.01177296739277561,112,4
0,retrieval_frozen,adam,12000,53.929567147825715,16,0,0.011690499687335149,0.011649412921941927,0.0011012764914003785,0.0007010894656475219,0.011649383618804236,112,4
0,retrieval_frozen,adam,12000,53.929567147825715,16,16,0.011690422427274175,0.011649383640759957,0.0011005256185625436,0.0007008035254101731,0.011649383618804236,112,4
0,retrieval_frozen,adam,12000,53.929567147825715,16,64,0.011690422427265482,0.011649383640756652,0.0011005256184781055,0.0007008035253780074,0.011649383618804236,112,4
0,retrieval_frozen,adam,12000,53.929567147825715,17,0,0.01161918074506369,0.011604129452607873,0.00040543738909414354,0.0002580307032314676,0.011604125497561789,112,4
0,retrieval_frozen,adam,12000,53.929567147825715,17,16,0.01161917033936606,0.011604125500531453,0.00040533556179374406,0.0002579919611354003,0.011604125497561789,112,4
0,retrieval_frozen,adam,12000,53.929567147825715,17,64,0.01161917033936489,0.011604125500531005,0.000405335561782288,0.00025799196113104124,0.011604125497561789,112,4
0,retrieval_frozen,adam,12000,53.929567147825715,18,0,0.01159303279304227,0.011587504334419269,0.0001491927800752933,9.493966943636209e-05,0.01158750379969264,112,4
0,retrieval_frozen,adam,12000,53.929567147825715,18,16,0.01159303138728535,0.011587503800096204,0.00014917898888384376,9.493442405596257e-05,0.01158750379969264,112,4
0,retrieval_frozen,adam,12000,53.929567147825715,18,64,0.011593031387285194,0.011587503800096153,0.00014917898888229192,9.49344240553724e-05,0.01158750379969264,112,4
0,retrieval_frozen,adam,12000,53.929567147825715,19,0,0.011583425500024903,0.011581392857160712,5.4890466894291605e-05,3.492844779528702e-05,0.011581392784819088,112,4
0,retrieval_frozen,adam,12000,53.929567147825715,19,16,0.011583425309900844,0.011581392784874439,5.488859994302022e-05,3.4927737800274054e-05,0.011581392784819088,112,4
0,retrieval_frozen,adam,12000,53.929567147825715,19,64,0.011583425309900822,0.011581392784874429,5.4888599942810126e-05,3.492773780019414e-05,0.011581392784819088,112,4
0,retrieval_frozen,adam,12000,53.929567147825715,20,0,0.01157989279761588,0.011579145187504337,2.0193820138561262e-05,1.2849741441525587e-05,0.011579145177715007,112,4
0,retrieval_frozen,adam,12000,53.929567147825715,20,16,0.011579892771891578,0.011579145177722773,2.019356744846069e-05,1.2849645348673386e-05,0.011579145177715007,112,4
0,retrieval_frozen,adam,12000,53.929567147825715,20,64,0.011579892771891578,0.011579145177722773,2.0193567448432248e-05,1.2849645348662567e-05,0.011579145177715007,112,4
0,retrieval_frozen,adam,12000,53.929567147825715,21,0,0.011578593408652402,0.011578318399563404,7.428992213205584e-06,4.727194081003372e-06,0.011578318398238526,112,4
0,retrieval_frozen,adam,12000,53.929567147825715,21,16,0.011578593405171308,0.011578318398239675,7.428958014038518e-06,4.7271810759773594e-06,0.011578318398238526,112,4
0,retrieval_frozen,adam,12000,53.929567147825715,21,64,0.011578593405171306,0.011578318398239675,7.428958014034668e-06,4.727181075975889e-06,0.011578318398238526,112,4
0,retrieval_frozen,adam,12000,53.929567147825715,22,0,0.011578115419887193,0.0115780142525799,2.7329871656219825e-06,1.7390427110945795e-06,0.011578014252400551,112,4
0,retrieval_frozen,adam,12000,53.929567147825715,22,16,0.011578115419416089,0.011578014252400745,2.7329825372042527e-06,1.7390409510421257e-06,0.011578014252400551,112,4
0,retrieval_frozen,adam,12000,53.929567147825715,22,64,0.011578115419416089,0.011578014252400745,2.7329825372037317e-06,1.739040951041928e-06,0.011578014252400551,112,4
0,retrieval_frozen,adam,12000,53.929567147825715,23,0,0.011577939581669475,0.011577902364687127,1.0054116401495168e-06,6.397587637010912e-07,0.011577902364662843,112,4
0,retrieval_frozen,adam,12000,53.929567147825715,23,16,0.011577939581605717,0.011577902364662884,1.0054110137581178e-06,6.39758525503218e-07,0.011577902364662843,112,4
0,retrieval_frozen,adam,12000,53.929567147825715,23,64,0.011577939581605717,0.011577902364662884,1.005411013758047e-06,6.397585255031908e-07,0.011577902364662843,112,4
0,retrieval_frozen,adam,12000,53.929567147825715,24,0,0.011577874894948532,0.011577861203638665,3.698705225518451e-07,2.3535419161172424e-07,0.011577861203635373,112,4
0,retrieval_frozen,adam,12000,53.929567147825715,24,16,0.011577874894939904,0.011577861203635381,3.698704377788297e-07,2.3535415937511405e-07,0.011577861203635373,112,4
0,retrieval_frozen,adam,12000,53.929567147825715,24,64,0.011577874894939904,0.011577861203635381,3.698704377788201e-07,2.3535415937511029e-07,0.011577861203635373,112,4
